pack,name,tris,sizeX,sizeY,sizeZ,path
KayKit,Containers_Box_Large,278,0.76,0.80,0.76,Assets/KayKit/Packs/Bits/KayKit - Resource Bits (for Unity)/Prefabs/Containers_Box_Large.prefab
KayKit,Containers_Box_Large_Dirty,268,0.75,0.75,0.87,Assets/KayKit/Packs/Bits/KayKit - Resource Bits (for Unity)/Prefabs/Containers_Box_Large_Dirty.prefab
KayKit,Containers_Box_Medium,164,1.05,0.38,0.75,Assets/KayKit/Packs/Bits/KayKit - Resource Bits (for Unity)/Prefabs/Containers_Box_Medium.prefab
KayKit,Containers_Box_Small,152,0.46,0.46,0.45,Assets/KayKit/Packs/Bits/KayKit - Resource Bits (for Unity)/Prefabs/Containers_Box_Small.prefab
KayKit,Containers_Crate_Large,1670,1.57,1.05,1.51,Assets/KayKit/Packs/Bits/KayKit - Resource Bits (for Unity)/Prefabs/Containers_Crate_Large.prefab
KayKit,Containers_Crate_Medium_Grey,1478,1.48,0.70,1.11,Assets/KayKit/Packs/Bits/KayKit - Resource Bits (for Unity)/Prefabs/Containers_Crate_Medium_Grey.prefab
KayKit,Containers_Crate_Medium_Tan,1478,1.48,0.50,1.11,Assets/KayKit/Packs/Bits/KayKit - Resource Bits (for Unity)/Prefabs/Containers_Crate_Medium_Tan.prefab
KayKit,Containers_Crate_Medium_Wood,1048,1.71,0.45,0.91,Assets/KayKit/Packs/Bits/KayKit - Resource Bits (for Unity)/Prefabs/Containers_Crate_Medium_Wood.prefab
KayKit,Containers_Crate_Small_Green,1044,0.81,0.50,0.71,Assets/KayKit/Packs/Bits/KayKit - Resource Bits (for Unity)/Prefabs/Containers_Crate_Small_Green.prefab
KayKit,Containers_Crate_Small_Grey,1044,0.81,0.50,0.71,Assets/KayKit/Packs/Bits/KayKit - Resource Bits (for Unity)/Prefabs/Containers_Crate_Small_Grey.prefab
KayKit,Containers_Pile_Large,5370,1.83,1.75,1.73,Assets/KayKit/Packs/Bits/KayKit - Resource Bits (for Unity)/Prefabs/Containers_Pile_Large.prefab
KayKit,Containers_Pile_Medium,3906,1.70,1.52,1.55,Assets/KayKit/Packs/Bits/KayKit - Resource Bits (for Unity)/Prefabs/Containers_Pile_Medium.prefab
KayKit,Containers_Pile_Small,646,1.30,1.17,1.41,Assets/KayKit/Packs/Bits/KayKit - Resource Bits (for Unity)/Prefabs/Containers_Pile_Small.prefab
KayKit,Copper_Bar,108,0.40,0.25,0.80,Assets/KayKit/Packs/Bits/KayKit - Resource Bits (for Unity)/Prefabs/Copper_Bar.prefab
KayKit,Copper_Bars,936,1.27,0.79,0.91,Assets/KayKit/Packs/Bits/KayKit - Resource Bits (for Unity)/Prefabs/Copper_Bars.prefab
KayKit,Copper_Bars_Stack_Large,5184,1.66,1.50,1.68,Assets/KayKit/Packs/Bits/KayKit - Resource Bits (for Unity)/Prefabs/Copper_Bars_Stack_Large.prefab
KayKit,Copper_Bars_Stack_Medium,1296,0.80,1.50,0.80,Assets/KayKit/Packs/Bits/KayKit - Resource Bits (for Unity)/Prefabs/Copper_Bars_Stack_Medium.prefab
KayKit,Copper_Bars_Stack_Small,648,0.80,0.75,0.80,Assets/KayKit/Packs/Bits/KayKit - Resource Bits (for Unity)/Prefabs/Copper_Bars_Stack_Small.prefab
KayKit,Copper_Nugget_Large,100,0.43,0.47,0.39,Assets/KayKit/Packs/Bits/KayKit - Resource Bits (for Unity)/Prefabs/Copper_Nugget_Large.prefab
KayKit,Copper_Nugget_Medium,40,0.26,0.28,0.28,Assets/KayKit/Packs/Bits/KayKit - Resource Bits (for Unity)/Prefabs/Copper_Nugget_Medium.prefab
KayKit,Copper_Nugget_Small,40,0.14,0.12,0.15,Assets/KayKit/Packs/Bits/KayKit - Resource Bits (for Unity)/Prefabs/Copper_Nugget_Small.prefab
KayKit,Copper_Nuggets,360,0.93,0.47,0.85,Assets/KayKit/Packs/Bits/KayKit - Resource Bits (for Unity)/Prefabs/Copper_Nuggets.prefab
KayKit,Food_Apple_Green,212,0.45,0.50,0.45,Assets/KayKit/Packs/Bits/KayKit - Resource Bits (for Unity)/Prefabs/Food_Apple_Green.prefab
KayKit,Food_Apple_Red,212,0.45,0.50,0.45,Assets/KayKit/Packs/Bits/KayKit - Resource Bits (for Unity)/Prefabs/Food_Apple_Red.prefab
KayKit,Food_Barrel_Empty,800,1.25,1.18,1.25,Assets/KayKit/Packs/Bits/KayKit - Resource Bits (for Unity)/Prefabs/Food_Barrel_Empty.prefab
KayKit,Food_Barrel_Fish,2040,1.29,1.71,1.25,Assets/KayKit/Packs/Bits/KayKit - Resource Bits (for Unity)/Prefabs/Food_Barrel_Fish.prefab
KayKit,Food_Basket_A_Berries,1114,0.85,0.68,0.83,Assets/KayKit/Packs/Bits/KayKit - Resource Bits (for Unity)/Prefabs/Food_Basket_A_Berries.prefab
KayKit,Food_Basket_A_Empty,384,0.85,0.68,0.83,Assets/KayKit/Packs/Bits/KayKit - Resource Bits (for Unity)/Prefabs/Food_Basket_A_Empty.prefab
KayKit,Food_Basket_B_Berries,1114,0.94,0.58,0.93,Assets/KayKit/Packs/Bits/KayKit - Resource Bits (for Unity)/Prefabs/Food_Basket_B_Berries.prefab
KayKit,Food_Basket_B_Empty,384,0.94,0.58,0.93,Assets/KayKit/Packs/Bits/KayKit - Resource Bits (for Unity)/Prefabs/Food_Basket_B_Empty.prefab
KayKit,Food_Berry_Blue,110,0.23,0.26,0.25,Assets/KayKit/Packs/Bits/KayKit - Resource Bits (for Unity)/Prefabs/Food_Berry_Blue.prefab
KayKit,Food_Berry_Orange,110,0.23,0.26,0.25,Assets/KayKit/Packs/Bits/KayKit - Resource Bits (for Unity)/Prefabs/Food_Berry_Orange.prefab
KayKit,Food_Cheese,322,0.91,0.28,0.89,Assets/KayKit/Packs/Bits/KayKit - Resource Bits (for Unity)/Prefabs/Food_Cheese.prefab
KayKit,Food_Crate_Large_Apples,1852,1.03,0.80,0.77,Assets/KayKit/Packs/Bits/KayKit - Resource Bits (for Unity)/Prefabs/Food_Crate_Large_Apples.prefab
KayKit,Food_Crate_Large_Empty,172,1.03,0.50,0.77,Assets/KayKit/Packs/Bits/KayKit - Resource Bits (for Unity)/Prefabs/Food_Crate_Large_Empty.prefab
KayKit,Food_Crate_Small_Berries,552,0.55,0.46,0.38,Assets/KayKit/Packs/Bits/KayKit - Resource Bits (for Unity)/Prefabs/Food_Crate_Small_Berries.prefab
KayKit,Food_Crate_Small_Empty,172,0.55,0.33,0.38,Assets/KayKit/Packs/Bits/KayKit - Resource Bits (for Unity)/Prefabs/Food_Crate_Small_Empty.prefab
KayKit,Food_Flour,324,0.60,0.61,0.43,Assets/KayKit/Packs/Bits/KayKit - Resource Bits (for Unity)/Prefabs/Food_Flour.prefab
KayKit,Food_Pile_Large,4538,1.99,1.75,1.92,Assets/KayKit/Packs/Bits/KayKit - Resource Bits (for Unity)/Prefabs/Food_Pile_Large.prefab
KayKit,Food_Pile_Medium,2920,1.60,0.72,1.46,Assets/KayKit/Packs/Bits/KayKit - Resource Bits (for Unity)/Prefabs/Food_Pile_Medium.prefab
KayKit,Food_Pile_Small,1300,1.09,0.61,0.98,Assets/KayKit/Packs/Bits/KayKit - Resource Bits (for Unity)/Prefabs/Food_Pile_Small.prefab
KayKit,Fuel_A_Barrel,868,0.75,1.01,0.75,Assets/KayKit/Packs/Bits/KayKit - Resource Bits (for Unity)/Prefabs/Fuel_A_Barrel.prefab
KayKit,Fuel_A_Barrel_Dirty,1140,0.75,1.01,0.75,Assets/KayKit/Packs/Bits/KayKit - Resource Bits (for Unity)/Prefabs/Fuel_A_Barrel_Dirty.prefab
KayKit,Fuel_A_Barrels,4400,1.51,1.01,1.51,Assets/KayKit/Packs/Bits/KayKit - Resource Bits (for Unity)/Prefabs/Fuel_A_Barrels.prefab
KayKit,Fuel_A_Jerrycan,640,0.40,0.78,0.72,Assets/KayKit/Packs/Bits/KayKit - Resource Bits (for Unity)/Prefabs/Fuel_A_Jerrycan.prefab
KayKit,Fuel_B_Barrel,868,0.75,1.01,0.75,Assets/KayKit/Packs/Bits/KayKit - Resource Bits (for Unity)/Prefabs/Fuel_B_Barrel.prefab
KayKit,Fuel_B_Barrel_Dirty,1140,0.75,1.01,0.75,Assets/KayKit/Packs/Bits/KayKit - Resource Bits (for Unity)/Prefabs/Fuel_B_Barrel_Dirty.prefab
KayKit,Fuel_B_Barrels,4400,1.51,1.01,1.51,Assets/KayKit/Packs/Bits/KayKit - Resource Bits (for Unity)/Prefabs/Fuel_B_Barrels.prefab
KayKit,Fuel_B_Jerrycan,640,0.40,0.78,0.72,Assets/KayKit/Packs/Bits/KayKit - Resource Bits (for Unity)/Prefabs/Fuel_B_Jerrycan.prefab
KayKit,Fuel_C_Barrel,868,0.75,1.01,0.75,Assets/KayKit/Packs/Bits/KayKit - Resource Bits (for Unity)/Prefabs/Fuel_C_Barrel.prefab
KayKit,Fuel_C_Barrel_Dirty,1140,0.75,1.01,0.75,Assets/KayKit/Packs/Bits/KayKit - Resource Bits (for Unity)/Prefabs/Fuel_C_Barrel_Dirty.prefab
KayKit,Fuel_C_Barrels,4400,1.51,1.01,1.51,Assets/KayKit/Packs/Bits/KayKit - Resource Bits (for Unity)/Prefabs/Fuel_C_Barrels.prefab
KayKit,Fuel_C_Jerrycan,640,0.40,0.78,0.72,Assets/KayKit/Packs/Bits/KayKit - Resource Bits (for Unity)/Prefabs/Fuel_C_Jerrycan.prefab
KayKit,Gem_Large,92,0.75,0.75,0.30,Assets/KayKit/Packs/Bits/KayKit - Resource Bits (for Unity)/Prefabs/Gem_Large.prefab
KayKit,Gem_Medium,76,0.45,0.45,0.23,Assets/KayKit/Packs/Bits/KayKit - Resource Bits (for Unity)/Prefabs/Gem_Medium.prefab
KayKit,Gem_Small,20,0.30,0.30,0.14,Assets/KayKit/Packs/Bits/KayKit - Resource Bits (for Unity)/Prefabs/Gem_Small.prefab
KayKit,Gems_Chest,2200,1.55,1.52,1.68,Assets/KayKit/Packs/Bits/KayKit - Resource Bits (for Unity)/Prefabs/Gems_Chest.prefab
KayKit,Gems_Chest_Empty,998,1.55,1.11,2.14,Assets/KayKit/Packs/Bits/KayKit - Resource Bits (for Unity)/Prefabs/Gems_Chest_Empty.prefab
KayKit,Gems_Pile_Large,804,1.35,0.76,1.42,Assets/KayKit/Packs/Bits/KayKit - Resource Bits (for Unity)/Prefabs/Gems_Pile_Large.prefab
KayKit,Gems_Pile_Small,376,1.05,0.65,1.05,Assets/KayKit/Packs/Bits/KayKit - Resource Bits (for Unity)/Prefabs/Gems_Pile_Small.prefab
KayKit,Gems_Sack,2484,1.62,1.37,1.55,Assets/KayKit/Packs/Bits/KayKit - Resource Bits (for Unity)/Prefabs/Gems_Sack.prefab
KayKit,Gold_Bar,108,0.40,0.25,0.80,Assets/KayKit/Packs/Bits/KayKit - Resource Bits (for Unity)/Prefabs/Gold_Bar.prefab
KayKit,Gold_Bars,936,1.27,0.79,0.91,Assets/KayKit/Packs/Bits/KayKit - Resource Bits (for Unity)/Prefabs/Gold_Bars.prefab
KayKit,Gold_Bars_Stack_Large,5184,1.66,1.50,1.68,Assets/KayKit/Packs/Bits/KayKit - Resource Bits (for Unity)/Prefabs/Gold_Bars_Stack_Large.prefab
KayKit,Gold_Bars_Stack_Medium,1296,0.80,1.50,0.80,Assets/KayKit/Packs/Bits/KayKit - Resource Bits (for Unity)/Prefabs/Gold_Bars_Stack_Medium.prefab
KayKit,Gold_Bars_Stack_Small,648,0.80,0.75,0.80,Assets/KayKit/Packs/Bits/KayKit - Resource Bits (for Unity)/Prefabs/Gold_Bars_Stack_Small.prefab
KayKit,Gold_Nugget_Large,100,0.43,0.47,0.39,Assets/KayKit/Packs/Bits/KayKit - Resource Bits (for Unity)/Prefabs/Gold_Nugget_Large.prefab
KayKit,Gold_Nugget_Medium,40,0.26,0.28,0.28,Assets/KayKit/Packs/Bits/KayKit - Resource Bits (for Unity)/Prefabs/Gold_Nugget_Medium.prefab
KayKit,Gold_Nugget_Small,40,0.14,0.12,0.15,Assets/KayKit/Packs/Bits/KayKit - Resource Bits (for Unity)/Prefabs/Gold_Nugget_Small.prefab
KayKit,Gold_Nuggets,360,0.93,0.47,0.85,Assets/KayKit/Packs/Bits/KayKit - Resource Bits (for Unity)/Prefabs/Gold_Nuggets.prefab
KayKit,Iron_Bar,108,0.40,0.25,0.80,Assets/KayKit/Packs/Bits/KayKit - Resource Bits (for Unity)/Prefabs/Iron_Bar.prefab
KayKit,Iron_Bars,936,1.27,0.79,0.91,Assets/KayKit/Packs/Bits/KayKit - Resource Bits (for Unity)/Prefabs/Iron_Bars.prefab
KayKit,Iron_Bars_Stack_Large,5184,1.66,1.50,1.68,Assets/KayKit/Packs/Bits/KayKit - Resource Bits (for Unity)/Prefabs/Iron_Bars_Stack_Large.prefab
KayKit,Iron_Bars_Stack_Medium,1296,0.80,1.50,0.80,Assets/KayKit/Packs/Bits/KayKit - Resource Bits (for Unity)/Prefabs/Iron_Bars_Stack_Medium.prefab
KayKit,Iron_Bars_Stack_Small,648,0.80,0.75,0.80,Assets/KayKit/Packs/Bits/KayKit - Resource Bits (for Unity)/Prefabs/Iron_Bars_Stack_Small.prefab
KayKit,Iron_Nugget_Large,100,0.43,0.47,0.39,Assets/KayKit/Packs/Bits/KayKit - Resource Bits (for Unity)/Prefabs/Iron_Nugget_Large.prefab
KayKit,Iron_Nugget_Medium,40,0.26,0.28,0.28,Assets/KayKit/Packs/Bits/KayKit - Resource Bits (for Unity)/Prefabs/Iron_Nugget_Medium.prefab
KayKit,Iron_Nugget_Small,40,0.14,0.12,0.15,Assets/KayKit/Packs/Bits/KayKit - Resource Bits (for Unity)/Prefabs/Iron_Nugget_Small.prefab
KayKit,Iron_Nuggets,360,0.93,0.47,0.85,Assets/KayKit/Packs/Bits/KayKit - Resource Bits (for Unity)/Prefabs/Iron_Nuggets.prefab
KayKit,Money_Bill,104,0.30,0.02,0.60,Assets/KayKit/Packs/Bits/KayKit - Resource Bits (for Unity)/Prefabs/Money_Bill.prefab
KayKit,Money_Bill_Arched,192,0.30,0.07,0.59,Assets/KayKit/Packs/Bits/KayKit - Resource Bits (for Unity)/Prefabs/Money_Bill_Arched.prefab
KayKit,Money_Bills_Stack_Large,172,0.62,0.62,0.60,Assets/KayKit/Packs/Bits/KayKit - Resource Bits (for Unity)/Prefabs/Money_Bills_Stack_Large.prefab
KayKit,Money_Bills_Stack_Medium,666,0.64,0.56,0.66,Assets/KayKit/Packs/Bits/KayKit - Resource Bits (for Unity)/Prefabs/Money_Bills_Stack_Medium.prefab
KayKit,Money_Bills_Stack_Small,156,0.32,0.12,0.60,Assets/KayKit/Packs/Bits/KayKit - Resource Bits (for Unity)/Prefabs/Money_Bills_Stack_Small.prefab
KayKit,Money_Coins_Stack_Large,308,0.25,0.70,0.25,Assets/KayKit/Packs/Bits/KayKit - Resource Bits (for Unity)/Prefabs/Money_Coins_Stack_Large.prefab
KayKit,Money_Coins_Stack_Medium,260,0.25,0.50,0.25,Assets/KayKit/Packs/Bits/KayKit - Resource Bits (for Unity)/Prefabs/Money_Coins_Stack_Medium.prefab
KayKit,Money_Coins_Stack_Single,164,0.25,0.07,0.25,Assets/KayKit/Packs/Bits/KayKit - Resource Bits (for Unity)/Prefabs/Money_Coins_Stack_Single.prefab
KayKit,Money_Coins_Stack_Small,212,0.25,0.30,0.25,Assets/KayKit/Packs/Bits/KayKit - Resource Bits (for Unity)/Prefabs/Money_Coins_Stack_Small.prefab
KayKit,Money_Pile_Large,3332,1.92,1.44,1.63,Assets/KayKit/Packs/Bits/KayKit - Resource Bits (for Unity)/Prefabs/Money_Pile_Large.prefab
KayKit,Money_Pile_Medium,2086,1.21,0.71,1.04,Assets/KayKit/Packs/Bits/KayKit - Resource Bits (for Unity)/Prefabs/Money_Pile_Medium.prefab
KayKit,Money_Pile_Small,868,0.79,0.30,0.72,Assets/KayKit/Packs/Bits/KayKit - Resource Bits (for Unity)/Prefabs/Money_Pile_Small.prefab
KayKit,Money_Single,232,0.40,0.40,0.10,Assets/KayKit/Packs/Bits/KayKit - Resource Bits (for Unity)/Prefabs/Money_Single.prefab
KayKit,Pallet_Plastic_Blue,560,1.50,0.30,1.50,Assets/KayKit/Packs/Bits/KayKit - Resource Bits (for Unity)/Prefabs/Pallet_Plastic_Blue.prefab
KayKit,Pallet_Plastic_Grey,560,1.50,0.30,1.50,Assets/KayKit/Packs/Bits/KayKit - Resource Bits (for Unity)/Prefabs/Pallet_Plastic_Grey.prefab
KayKit,Pallet_Plastic_Orange,560,1.50,0.30,1.50,Assets/KayKit/Packs/Bits/KayKit - Resource Bits (for Unity)/Prefabs/Pallet_Plastic_Orange.prefab
KayKit,Pallet_Wood,192,1.55,0.30,1.50,Assets/KayKit/Packs/Bits/KayKit - Resource Bits (for Unity)/Prefabs/Pallet_Wood.prefab
KayKit,Pallet_Wood_Covered_A,366,1.72,0.30,1.72,Assets/KayKit/Packs/Bits/KayKit - Resource Bits (for Unity)/Prefabs/Pallet_Wood_Covered_A.prefab
KayKit,Pallet_Wood_Covered_B,366,1.72,0.30,1.72,Assets/KayKit/Packs/Bits/KayKit - Resource Bits (for Unity)/Prefabs/Pallet_Wood_Covered_B.prefab
KayKit,Parts_Cog,192,0.37,0.40,0.15,Assets/KayKit/Packs/Bits/KayKit - Resource Bits (for Unity)/Prefabs/Parts_Cog.prefab
KayKit,Parts_Pile_Large,2736,1.74,0.72,1.57,Assets/KayKit/Packs/Bits/KayKit - Resource Bits (for Unity)/Prefabs/Parts_Pile_Large.prefab
KayKit,Parts_Pile_Medium,1556,1.02,1.47,0.87,Assets/KayKit/Packs/Bits/KayKit - Resource Bits (for Unity)/Prefabs/Parts_Pile_Medium.prefab
KayKit,Parts_Pile_Small,1148,1.16,0.33,0.99,Assets/KayKit/Packs/Bits/KayKit - Resource Bits (for Unity)/Prefabs/Parts_Pile_Small.prefab
KayKit,Silver_Bar,108,0.40,0.25,0.80,Assets/KayKit/Packs/Bits/KayKit - Resource Bits (for Unity)/Prefabs/Silver_Bar.prefab
KayKit,Silver_Bars,936,1.27,0.79,0.91,Assets/KayKit/Packs/Bits/KayKit - Resource Bits (for Unity)/Prefabs/Silver_Bars.prefab
KayKit,Silver_Bars_Stack_Large,5184,1.66,1.50,1.68,Assets/KayKit/Packs/Bits/KayKit - Resource Bits (for Unity)/Prefabs/Silver_Bars_Stack_Large.prefab
KayKit,Silver_Bars_Stack_Medium,1296,0.80,1.50,0.80,Assets/KayKit/Packs/Bits/KayKit - Resource Bits (for Unity)/Prefabs/Silver_Bars_Stack_Medium.prefab
KayKit,Silver_Bars_Stack_Small,648,0.80,0.75,0.80,Assets/KayKit/Packs/Bits/KayKit - Resource Bits (for Unity)/Prefabs/Silver_Bars_Stack_Small.prefab
KayKit,Silver_Nugget_Large,100,0.43,0.47,0.39,Assets/KayKit/Packs/Bits/KayKit - Resource Bits (for Unity)/Prefabs/Silver_Nugget_Large.prefab
KayKit,Silver_Nugget_Medium,40,0.26,0.28,0.28,Assets/KayKit/Packs/Bits/KayKit - Resource Bits (for Unity)/Prefabs/Silver_Nugget_Medium.prefab
KayKit,Silver_Nugget_Small,40,0.14,0.12,0.15,Assets/KayKit/Packs/Bits/KayKit - Resource Bits (for Unity)/Prefabs/Silver_Nugget_Small.prefab
KayKit,Silver_Nuggets,360,0.93,0.47,0.85,Assets/KayKit/Packs/Bits/KayKit - Resource Bits (for Unity)/Prefabs/Silver_Nuggets.prefab
KayKit,Stone_Brick,44,0.45,0.30,0.75,Assets/KayKit/Packs/Bits/KayKit - Resource Bits (for Unity)/Prefabs/Stone_Brick.prefab
KayKit,Stone_Bricks_Stack_Large,1444,1.51,1.23,1.63,Assets/KayKit/Packs/Bits/KayKit - Resource Bits (for Unity)/Prefabs/Stone_Bricks_Stack_Large.prefab
KayKit,Stone_Bricks_Stack_Medium,768,1.51,0.63,1.59,Assets/KayKit/Packs/Bits/KayKit - Resource Bits (for Unity)/Prefabs/Stone_Bricks_Stack_Medium.prefab
KayKit,Stone_Bricks_Stack_Small,282,1.04,0.63,0.82,Assets/KayKit/Packs/Bits/KayKit - Resource Bits (for Unity)/Prefabs/Stone_Bricks_Stack_Small.prefab
KayKit,Stone_Chunks_Large,1578,1.50,1.08,1.35,Assets/KayKit/Packs/Bits/KayKit - Resource Bits (for Unity)/Prefabs/Stone_Chunks_Large.prefab
KayKit,Stone_Chunks_Small,554,1.12,0.58,0.79,Assets/KayKit/Packs/Bits/KayKit - Resource Bits (for Unity)/Prefabs/Stone_Chunks_Small.prefab
KayKit,Textiles_A,424,0.75,0.44,0.95,Assets/KayKit/Packs/Bits/KayKit - Resource Bits (for Unity)/Prefabs/Textiles_A.prefab
KayKit,Textiles_B,828,0.82,0.93,0.80,Assets/KayKit/Packs/Bits/KayKit - Resource Bits (for Unity)/Prefabs/Textiles_B.prefab
KayKit,Textiles_C,840,0.61,0.52,1.55,Assets/KayKit/Packs/Bits/KayKit - Resource Bits (for Unity)/Prefabs/Textiles_C.prefab
KayKit,Textiles_Stack_Large,1676,1.64,0.96,1.66,Assets/KayKit/Packs/Bits/KayKit - Resource Bits (for Unity)/Prefabs/Textiles_Stack_Large.prefab
KayKit,Textiles_Stack_Large_Colored,1916,1.64,0.96,1.66,Assets/KayKit/Packs/Bits/KayKit - Resource Bits (for Unity)/Prefabs/Textiles_Stack_Large_Colored.prefab
KayKit,Textiles_Stack_Small,1668,1.66,0.93,1.59,Assets/KayKit/Packs/Bits/KayKit - Resource Bits (for Unity)/Prefabs/Textiles_Stack_Small.prefab
KayKit,Wood_Log_A,756,0.72,0.73,1.35,Assets/KayKit/Packs/Bits/KayKit - Resource Bits (for Unity)/Prefabs/Wood_Log_A.prefab
KayKit,Wood_Log_B,580,0.55,0.55,1.35,Assets/KayKit/Packs/Bits/KayKit - Resource Bits (for Unity)/Prefabs/Wood_Log_B.prefab
KayKit,Wood_Log_Stack,3576,1.68,1.50,1.50,Assets/KayKit/Packs/Bits/KayKit - Resource Bits (for Unity)/Prefabs/Wood_Log_Stack.prefab
KayKit,Wood_Plank_A,28,0.40,0.15,1.50,Assets/KayKit/Packs/Bits/KayKit - Resource Bits (for Unity)/Prefabs/Wood_Plank_A.prefab
KayKit,Wood_Plank_B,52,0.40,0.15,1.50,Assets/KayKit/Packs/Bits/KayKit - Resource Bits (for Unity)/Prefabs/Wood_Plank_B.prefab
KayKit,Wood_Plank_C,76,0.40,0.15,1.50,Assets/KayKit/Packs/Bits/KayKit - Resource Bits (for Unity)/Prefabs/Wood_Plank_C.prefab
KayKit,Wood_Planks_Stack_Large,1176,1.67,1.22,1.62,Assets/KayKit/Packs/Bits/KayKit - Resource Bits (for Unity)/Prefabs/Wood_Planks_Stack_Large.prefab
KayKit,Wood_Planks_Stack_Medium,704,1.67,0.62,1.62,Assets/KayKit/Packs/Bits/KayKit - Resource Bits (for Unity)/Prefabs/Wood_Planks_Stack_Medium.prefab
KayKit,Wood_Planks_Stack_Small,248,0.85,0.32,1.60,Assets/KayKit/Packs/Bits/KayKit - Resource Bits (for Unity)/Prefabs/Wood_Planks_Stack_Small.prefab
TinyTeacup,Cactus_01,2710,1.22,1.90,1.18,Assets/Tiny Teacup Studio/Low Poly Desert Environment/Prefabs/Cactus_01.prefab
TinyTeacup,Cactus_02,1926,1.09,0.99,1.19,Assets/Tiny Teacup Studio/Low Poly Desert Environment/Prefabs/Cactus_02.prefab
TinyTeacup,Cactus_03,586,0.50,2.77,1.77,Assets/Tiny Teacup Studio/Low Poly Desert Environment/Prefabs/Cactus_03.prefab
TinyTeacup,Cliff_01,332,5.00,5.58,3.16,Assets/Tiny Teacup Studio/Low Poly Desert Environment/Prefabs/Cliff_01.prefab
TinyTeacup,CliffCorner_01,894,7.80,5.56,7.80,Assets/Tiny Teacup Studio/Low Poly Desert Environment/Prefabs/CliffCorner_01.prefab
TinyTeacup,CliffCorner_02,557,5.37,5.58,5.37,Assets/Tiny Teacup Studio/Low Poly Desert Environment/Prefabs/CliffCorner_02.prefab
TinyTeacup,Ground_01,100,5.00,0.17,5.00,Assets/Tiny Teacup Studio/Low Poly Desert Environment/Prefabs/Ground_01.prefab
TinyTeacup,Rock_01,156,1.71,1.23,1.70,Assets/Tiny Teacup Studio/Low Poly Desert Environment/Prefabs/Rock_01.prefab
TinyTeacup,Rock_02,140,3.03,1.34,1.70,Assets/Tiny Teacup Studio/Low Poly Desert Environment/Prefabs/Rock_02.prefab
TinyTeacup,Rock_03,162,2.38,1.40,3.38,Assets/Tiny Teacup Studio/Low Poly Desert Environment/Prefabs/Rock_03.prefab
TinyTeacup,Rock_04,80,0.50,0.50,0.50,Assets/Tiny Teacup Studio/Low Poly Desert Environment/Prefabs/Rock_04.prefab
TinyTeacup,Rock_05,88,0.15,0.15,0.15,Assets/Tiny Teacup Studio/Low Poly Desert Environment/Prefabs/Rock_05.prefab
TinyTeacup,Tree_01,517,2.18,3.44,2.39,Assets/Tiny Teacup Studio/Low Poly Desert Environment/Prefabs/Tree_01.prefab
TinyTeacup,Garage1,682,12.20,6.10,12.40,Assets/Tiny Teacup Studio/Military Base Pack/Prefabs/Buildings/Garage1.prefab
TinyTeacup,Hangar1,674,24.00,6.62,30.00,Assets/Tiny Teacup Studio/Military Base Pack/Prefabs/Buildings/Hangar1.prefab
TinyTeacup,Hangar2,746,38.25,6.62,30.00,Assets/Tiny Teacup Studio/Military Base Pack/Prefabs/Buildings/Hangar2.prefab
TinyTeacup,Hangar4,746,24.00,6.10,30.00,Assets/Tiny Teacup Studio/Military Base Pack/Prefabs/Buildings/Hangar4.prefab
TinyTeacup,Tower1,772,4.72,8.91,4.58,Assets/Tiny Teacup Studio/Military Base Pack/Prefabs/Buildings/Tower1.prefab
TinyTeacup,Block1,114,0.90,0.80,3.00,Assets/Tiny Teacup Studio/Military Base Pack/Prefabs/Ground/Block1.prefab
TinyTeacup,Block2,126,0.90,2.02,3.00,Assets/Tiny Teacup Studio/Military Base Pack/Prefabs/Ground/Block2.prefab
TinyTeacup,Fence,166,0.90,4.22,3.00,Assets/Tiny Teacup Studio/Military Base Pack/Prefabs/Ground/Fence.prefab
TinyTeacup,Tile,76,30.00,0.05,30.00,Assets/Tiny Teacup Studio/Military Base Pack/Prefabs/Ground/Tile.prefab
TinyTeacup,Barrel1,1084,1.10,1.55,1.10,Assets/Tiny Teacup Studio/Military Base Pack/Prefabs/Props/Barrel1.prefab
TinyTeacup,Barrel2,1084,1.10,1.55,1.10,Assets/Tiny Teacup Studio/Military Base Pack/Prefabs/Props/Barrel2.prefab
TinyTeacup,Barrel3,1084,1.10,1.55,1.10,Assets/Tiny Teacup Studio/Military Base Pack/Prefabs/Props/Barrel3.prefab
TinyTeacup,Barrel4,1084,1.10,1.55,1.10,Assets/Tiny Teacup Studio/Military Base Pack/Prefabs/Props/Barrel4.prefab
TinyTeacup,Container1,2106,4.10,3.60,10.35,Assets/Tiny Teacup Studio/Military Base Pack/Prefabs/Props/Container1.prefab
TinyTeacup,Container2,2106,4.10,3.60,10.35,Assets/Tiny Teacup Studio/Military Base Pack/Prefabs/Props/Container2.prefab
TinyTeacup,Container3,2106,4.10,3.60,10.35,Assets/Tiny Teacup Studio/Military Base Pack/Prefabs/Props/Container3.prefab
TinyTeacup,Container4,2106,4.10,3.60,10.35,Assets/Tiny Teacup Studio/Military Base Pack/Prefabs/Props/Container4.prefab
TinyTeacup,Lamp1,80,0.80,8.55,1.62,Assets/Tiny Teacup Studio/Military Base Pack/Prefabs/Props/Lamp1.prefab
TinyTeacup,Toilet,688,1.63,2.37,1.54,Assets/Tiny Teacup Studio/Military Base Pack/Prefabs/Props/Toilet.prefab
Playground,SM_Alcove_01,478,2.77,2.93,2.45,Assets/Playground Low Poly/Prefabs/SM_Alcove_01.prefab
Playground,SM_Archway_01,1934,6.14,6.54,0.67,Assets/Playground Low Poly/Prefabs/SM_Archway_01.prefab
Playground,SM_Ball_01,104,0.35,0.31,0.31,Assets/Playground Low Poly/Prefabs/SM_Ball_01.prefab
Playground,SM_Bench_01,108,2.26,0.43,0.45,Assets/Playground Low Poly/Prefabs/SM_Bench_01.prefab
Playground,SM_Bench_02,284,1.89,0.97,0.59,Assets/Playground Low Poly/Prefabs/SM_Bench_02.prefab
Playground,SM_Bench_03,532,0.91,0.47,2.53,Assets/Playground Low Poly/Prefabs/SM_Bench_03.prefab
Playground,SM_Border_01,28,0.40,0.07,0.07,Assets/Playground Low Poly/Prefabs/SM_Border_01.prefab
Playground,SM_Border_40,56,0.37,0.07,0.37,Assets/Playground Low Poly/Prefabs/SM_Border_40.prefab
Playground,SM_Border_100,28,1.00,0.07,0.07,Assets/Playground Low Poly/Prefabs/SM_Border_100.prefab
Playground,SM_Border_200,44,2.00,0.07,0.07,Assets/Playground Low Poly/Prefabs/SM_Border_200.prefab
Playground,SM_Box_Ground_01,10,31.60,0.20,27.20,Assets/Playground Low Poly/Prefabs/SM_Box_Ground_01.prefab
Playground,SM_Chair_01,168,0.40,0.70,0.43,Assets/Playground Low Poly/Prefabs/SM_Chair_01.prefab
Playground,SM_Chair_02,168,0.40,0.70,0.43,Assets/Playground Low Poly/Prefabs/SM_Chair_02.prefab
Playground,SM_Crossbar_Stairs_01,334,1.95,2.41,1.94,Assets/Playground Low Poly/Prefabs/SM_Crossbar_Stairs_01.prefab
Playground,SM_Flowers_01,712,0.45,0.02,0.40,Assets/Playground Low Poly/Prefabs/SM_Flowers_01.prefab
Playground,SM_Flowers_02,238,0.30,0.30,0.29,Assets/Playground Low Poly/Prefabs/SM_Flowers_02.prefab
Playground,SM_Flowers_03,952,0.47,0.40,0.42,Assets/Playground Low Poly/Prefabs/SM_Flowers_03.prefab
Playground,SM_Game_Piramid_01,1750,2.51,1.60,2.62,Assets/Playground Low Poly/Prefabs/SM_Game_Piramid_01.prefab
Playground,SM_Game_Stairs_01,756,2.60,1.30,0.96,Assets/Playground Low Poly/Prefabs/SM_Game_Stairs_01.prefab
Playground,SM_Grass_01,820,1.41,0.47,1.12,Assets/Playground Low Poly/Prefabs/SM_Grass_01.prefab
Playground,SM_Grass_02,340,0.57,0.33,0.54,Assets/Playground Low Poly/Prefabs/SM_Grass_02.prefab
Playground,SM_Grass_03,140,0.36,0.37,0.30,Assets/Playground Low Poly/Prefabs/SM_Grass_03.prefab
Playground,SM_Lamp_01,270,0.35,2.94,0.35,Assets/Playground Low Poly/Prefabs/SM_Lamp_01.prefab
Playground,SM_Playground_01,1444,3.84,3.23,3.88,Assets/Playground Low Poly/Prefabs/SM_Playground_01.prefab
Playground,SM_Playground_02,2481,3.84,3.24,5.58,Assets/Playground Low Poly/Prefabs/SM_Playground_02.prefab
Playground,SM_Playground_03,1092,3.93,2.56,1.08,Assets/Playground Low Poly/Prefabs/SM_Playground_03.prefab
Playground,SM_Playground_04,560,0.81,2.33,3.62,Assets/Playground Low Poly/Prefabs/SM_Playground_04.prefab
Playground,SM_Playground_05,1318,3.04,1.87,0.67,Assets/Playground Low Poly/Prefabs/SM_Playground_05.prefab
Playground,SM_Railings_01,8,0.02,0.50,0.04,Assets/Playground Low Poly/Prefabs/SM_Railings_01.prefab
Playground,SM_Railings_220,400,2.20,0.93,0.07,Assets/Playground Low Poly/Prefabs/SM_Railings_220.prefab
Playground,SM_Railings_Angle_01,794,2.23,0.93,2.23,Assets/Playground Low Poly/Prefabs/SM_Railings_Angle_01.prefab
Playground,SM_Rings_Crossbar_01,990,0.09,2.53,3.16,Assets/Playground Low Poly/Prefabs/SM_Rings_Crossbar_01.prefab
Playground,SM_Sandbox_01,282,3.31,0.41,3.31,Assets/Playground Low Poly/Prefabs/SM_Sandbox_01.prefab
Playground,SM_Sandbox_02,160,1.64,0.11,1.62,Assets/Playground Low Poly/Prefabs/SM_Sandbox_02.prefab
Playground,SM_Sandbox_03,160,1.64,0.11,1.62,Assets/Playground Low Poly/Prefabs/SM_Sandbox_03.prefab
Playground,SM_Stand_01,68,0.99,1.61,0.03,Assets/Playground Low Poly/Prefabs/SM_Stand_01.prefab
Playground,SM_Stand_02,24,0.17,0.40,0.03,Assets/Playground Low Poly/Prefabs/SM_Stand_02.prefab
Playground,SM_Stone_01,154,0.61,0.16,0.75,Assets/Playground Low Poly/Prefabs/SM_Stone_01.prefab
Playground,SM_Stone_02,84,0.38,0.06,0.45,Assets/Playground Low Poly/Prefabs/SM_Stone_02.prefab
Playground,SM_Swings_01,550,0.45,1.07,2.80,Assets/Playground Low Poly/Prefabs/SM_Swings_01.prefab
Playground,SM_Swings_02,1620,2.47,0.97,2.47,Assets/Playground Low Poly/Prefabs/SM_Swings_02.prefab
Playground,SM_Swings_03,842,3.07,2.53,1.21,Assets/Playground Low Poly/Prefabs/SM_Swings_03.prefab
Playground,SM_Swings_04,742,3.07,2.53,1.21,Assets/Playground Low Poly/Prefabs/SM_Swings_04.prefab
Playground,SM_Table_01,84,1.01,0.73,0.94,Assets/Playground Low Poly/Prefabs/SM_Table_01.prefab
Playground,SM_Table_02,304,1.33,0.66,1.28,Assets/Playground Low Poly/Prefabs/SM_Table_02.prefab
Playground,SM_Toy_01,116,0.24,0.22,0.24,Assets/Playground Low Poly/Prefabs/SM_Toy_01.prefab
Playground,SM_Toy_02,180,0.12,0.02,0.45,Assets/Playground Low Poly/Prefabs/SM_Toy_02.prefab
Playground,SM_Toy_03,70,0.16,0.04,0.17,Assets/Playground Low Poly/Prefabs/SM_Toy_03.prefab
Playground,SM_Toy_04,304,0.24,0.17,0.24,Assets/Playground Low Poly/Prefabs/SM_Toy_04.prefab
Playground,SM_Toy_05,70,0.16,0.04,0.17,Assets/Playground Low Poly/Prefabs/SM_Toy_05.prefab
Playground,SM_Toy_06,70,0.16,0.04,0.17,Assets/Playground Low Poly/Prefabs/SM_Toy_06.prefab
Playground,SM_Toy_07,116,0.24,0.22,0.24,Assets/Playground Low Poly/Prefabs/SM_Toy_07.prefab
Playground,SM_Toy_08,116,0.24,0.22,0.24,Assets/Playground Low Poly/Prefabs/SM_Toy_08.prefab
Playground,SM_Trash_01,196,0.32,0.46,0.23,Assets/Playground Low Poly/Prefabs/SM_Trash_01.prefab
Playground,SM_Trash_02,196,0.32,0.46,0.23,Assets/Playground Low Poly/Prefabs/SM_Trash_02.prefab
Playground,SM_Trash_03,196,0.32,0.46,0.23,Assets/Playground Low Poly/Prefabs/SM_Trash_03.prefab
Playground,SM_Tree_01,508,2.76,5.70,2.74,Assets/Playground Low Poly/Prefabs/SM_Tree_01.prefab
Playground,SM_Tree_02,210,1.68,5.24,1.65,Assets/Playground Low Poly/Prefabs/SM_Tree_02.prefab
Playground,SM_Tree_03,176,2.85,5.59,2.52,Assets/Playground Low Poly/Prefabs/SM_Tree_03.prefab
Playground,SM_Tube_01,136,1.74,0.24,0.07,Assets/Playground Low Poly/Prefabs/SM_Tube_01.prefab
Lux,S_Bush_A,1656,1.68,2.01,2.09,Assets/Vegetation_Stylized_Pack_ByLuxArtStudios/Prefabs/Bushes/S_Bush_A.prefab
Lux,S_Bush_B,2064,1.85,1.56,1.63,Assets/Vegetation_Stylized_Pack_ByLuxArtStudios/Prefabs/Bushes/S_Bush_B.prefab
Lux,S_Bush_C,3684,2.15,2.05,1.80,Assets/Vegetation_Stylized_Pack_ByLuxArtStudios/Prefabs/Bushes/S_Bush_C.prefab
Lux,S_Bush_D,4170,2.15,1.73,2.08,Assets/Vegetation_Stylized_Pack_ByLuxArtStudios/Prefabs/Bushes/S_Bush_D.prefab
Lux,S_Cattail_A,834,0.81,1.14,0.81,Assets/Vegetation_Stylized_Pack_ByLuxArtStudios/Prefabs/Bushes/S_Cattail_A.prefab
Lux,S_Cattail_B,320,0.60,1.00,0.61,Assets/Vegetation_Stylized_Pack_ByLuxArtStudios/Prefabs/Bushes/S_Cattail_B.prefab
Lux,S_Clovers_A,3300,0.75,0.29,0.68,Assets/Vegetation_Stylized_Pack_ByLuxArtStudios/Prefabs/Bushes/S_Clovers_A.prefab
Lux,S_Clovers_B,3300,0.70,0.29,0.76,Assets/Vegetation_Stylized_Pack_ByLuxArtStudios/Prefabs/Bushes/S_Clovers_B.prefab
Lux,S_Fern_A,1596,2.22,0.44,2.04,Assets/Vegetation_Stylized_Pack_ByLuxArtStudios/Prefabs/Bushes/S_Fern_A.prefab
Lux,S_Fern_B,1235,3.00,1.97,2.87,Assets/Vegetation_Stylized_Pack_ByLuxArtStudios/Prefabs/Bushes/S_Fern_B.prefab
Lux,S_Fern_C,1596,1.78,0.59,1.71,Assets/Vegetation_Stylized_Pack_ByLuxArtStudios/Prefabs/Bushes/S_Fern_C.prefab
Lux,S_Fern_D,1045,2.04,1.01,2.04,Assets/Vegetation_Stylized_Pack_ByLuxArtStudios/Prefabs/Bushes/S_Fern_D.prefab
Lux,S_Flowers_A,9929,1.23,1.00,1.23,Assets/Vegetation_Stylized_Pack_ByLuxArtStudios/Prefabs/Bushes/S_Flowers_A.prefab
Lux,S_Flowers_B,9897,1.44,1.13,1.44,Assets/Vegetation_Stylized_Pack_ByLuxArtStudios/Prefabs/Bushes/S_Flowers_B.prefab
Lux,S_Flowers_C,9622,1.12,0.43,1.22,Assets/Vegetation_Stylized_Pack_ByLuxArtStudios/Prefabs/Bushes/S_Flowers_C.prefab
Lux,S_Flowers_D,9622,0.69,0.43,0.66,Assets/Vegetation_Stylized_Pack_ByLuxArtStudios/Prefabs/Bushes/S_Flowers_D.prefab
Lux,S_Flowers_E,1434,0.88,0.86,0.89,Assets/Vegetation_Stylized_Pack_ByLuxArtStudios/Prefabs/Bushes/S_Flowers_E.prefab
Lux,S_Flowers_F,1392,0.88,0.83,0.87,Assets/Vegetation_Stylized_Pack_ByLuxArtStudios/Prefabs/Bushes/S_Flowers_F.prefab
Lux,S_Flowers_G,438,0.78,1.14,0.80,Assets/Vegetation_Stylized_Pack_ByLuxArtStudios/Prefabs/Bushes/S_Flowers_G.prefab
Lux,S_Grass_01A,252,1.18,0.81,1.53,Assets/Vegetation_Stylized_Pack_ByLuxArtStudios/Prefabs/Bushes/S_Grass_01A.prefab
Lux,S_Grass_02A,170,1.32,0.74,1.13,Assets/Vegetation_Stylized_Pack_ByLuxArtStudios/Prefabs/Bushes/S_Grass_02A.prefab
Lux,S_Grass_A,378,0.85,0.72,0.89,Assets/Vegetation_Stylized_Pack_ByLuxArtStudios/Prefabs/Bushes/S_Grass_A.prefab
Lux,S_Grass_B,210,0.86,0.74,0.81,Assets/Vegetation_Stylized_Pack_ByLuxArtStudios/Prefabs/Bushes/S_Grass_B.prefab
Lux,S_Grass_C,210,0.63,0.73,0.66,Assets/Vegetation_Stylized_Pack_ByLuxArtStudios/Prefabs/Bushes/S_Grass_C.prefab
Lux,S_Tree_A,6022,5.21,7.42,5.05,Assets/Vegetation_Stylized_Pack_ByLuxArtStudios/ScenesSetUps/Trees/S_Tree_A.prefab
Lux,S_Tree_B,8078,9.25,9.10,7.46,Assets/Vegetation_Stylized_Pack_ByLuxArtStudios/ScenesSetUps/Trees/S_Tree_B.prefab
Lux,S_Tree_C,7690,7.74,8.24,5.80,Assets/Vegetation_Stylized_Pack_ByLuxArtStudios/ScenesSetUps/Trees/S_Tree_C.prefab
Lux,S_Tree_D,7556,7.03,6.53,7.54,Assets/Vegetation_Stylized_Pack_ByLuxArtStudios/ScenesSetUps/Trees/S_Tree_D.prefab
Lux,S_Tree_E,6785,6.29,7.47,7.88,Assets/Vegetation_Stylized_Pack_ByLuxArtStudios/ScenesSetUps/Trees/S_Tree_E.prefab
Lux,S_Tree_F,7285,3.91,5.07,3.65,Assets/Vegetation_Stylized_Pack_ByLuxArtStudios/ScenesSetUps/Trees/S_Tree_F.prefab
Lux,S_Tree_G,8211,6.49,7.37,5.62,Assets/Vegetation_Stylized_Pack_ByLuxArtStudios/ScenesSetUps/Trees/S_Tree_G.prefab
Lux,S_Tree_H,5709,6.51,8.40,5.80,Assets/Vegetation_Stylized_Pack_ByLuxArtStudios/ScenesSetUps/Trees/S_Tree_H.prefab
Lux,S_Tree_I,7182,7.13,7.04,4.91,Assets/Vegetation_Stylized_Pack_ByLuxArtStudios/ScenesSetUps/Trees/S_Tree_I.prefab
Lux,S_Tree_J,7536,11.20,14.58,14.40,Assets/Vegetation_Stylized_Pack_ByLuxArtStudios/ScenesSetUps/Trees/S_Tree_J.prefab
SyntyGeneric,SM_Gen_Env_Background_Mountain_01,25,95.11,39.73,10.59,Assets/Synty/PolygonGeneric/Prefabs/Environment/SM_Gen_Env_Background_Mountain_01.prefab
SyntyGeneric,SM_Gen_Env_Background_Mountain_02,88,102.62,46.06,16.30,Assets/Synty/PolygonGeneric/Prefabs/Environment/SM_Gen_Env_Background_Mountain_02.prefab
SyntyGeneric,SM_Gen_Env_Background_Mountain_03,102,100.73,50.45,13.35,Assets/Synty/PolygonGeneric/Prefabs/Environment/SM_Gen_Env_Background_Mountain_03.prefab
SyntyGeneric,SM_Gen_Env_Bush_01,400,3.71,1.40,2.90,Assets/Synty/PolygonGeneric/Prefabs/Environment/SM_Gen_Env_Bush_01.prefab
SyntyGeneric,SM_Gen_Env_Bush_02,266,2.55,1.74,2.39,Assets/Synty/PolygonGeneric/Prefabs/Environment/SM_Gen_Env_Bush_02.prefab
SyntyGeneric,SM_Gen_Env_Bush_03,272,2.71,1.72,2.42,Assets/Synty/PolygonGeneric/Prefabs/Environment/SM_Gen_Env_Bush_03.prefab
SyntyGeneric,SM_Gen_Env_Bush_04,296,2.91,1.57,3.05,Assets/Synty/PolygonGeneric/Prefabs/Environment/SM_Gen_Env_Bush_04.prefab
SyntyGeneric,SM_Gen_Env_Bush_Large_01,1190,6.33,2.96,6.01,Assets/Synty/PolygonGeneric/Prefabs/Environment/SM_Gen_Env_Bush_Large_01.prefab
SyntyGeneric,SM_Gen_Env_Bush_Large_02,696,6.30,2.87,4.42,Assets/Synty/PolygonGeneric/Prefabs/Environment/SM_Gen_Env_Bush_Large_02.prefab
SyntyGeneric,SM_Gen_Env_Bush_Large_03,1058,4.93,2.82,5.57,Assets/Synty/PolygonGeneric/Prefabs/Environment/SM_Gen_Env_Bush_Large_03.prefab
SyntyGeneric,SM_Gen_Env_Bush_Large_04,348,4.17,1.75,3.96,Assets/Synty/PolygonGeneric/Prefabs/Environment/SM_Gen_Env_Bush_Large_04.prefab
SyntyGeneric,SM_Gen_Env_Bush_Part_01,30,1.41,1.22,1.31,Assets/Synty/PolygonGeneric/Prefabs/Environment/SM_Gen_Env_Bush_Part_01.prefab
SyntyGeneric,SM_Gen_Env_Bush_Part_02,72,1.55,1.37,1.40,Assets/Synty/PolygonGeneric/Prefabs/Environment/SM_Gen_Env_Bush_Part_02.prefab
SyntyGeneric,SM_Gen_Env_Bush_Part_03,30,1.24,0.96,1.29,Assets/Synty/PolygonGeneric/Prefabs/Environment/SM_Gen_Env_Bush_Part_03.prefab
SyntyGeneric,SM_Gen_Env_Bush_Part_04,64,0.92,1.09,0.93,Assets/Synty/PolygonGeneric/Prefabs/Environment/SM_Gen_Env_Bush_Part_04.prefab
SyntyGeneric,SM_Gen_Env_Bush_Part_05,64,0.97,1.32,1.02,Assets/Synty/PolygonGeneric/Prefabs/Environment/SM_Gen_Env_Bush_Part_05.prefab
SyntyGeneric,SM_Gen_Env_Bush_Part_06,24,0.75,1.00,0.81,Assets/Synty/PolygonGeneric/Prefabs/Environment/SM_Gen_Env_Bush_Part_06.prefab
SyntyGeneric,SM_Gen_Env_Cliff_01,298,9.06,12.88,6.23,Assets/Synty/PolygonGeneric/Prefabs/Environment/SM_Gen_Env_Cliff_01.prefab
SyntyGeneric,SM_Gen_Env_Cliff_02,530,8.49,9.97,6.86,Assets/Synty/PolygonGeneric/Prefabs/Environment/SM_Gen_Env_Cliff_02.prefab
SyntyGeneric,SM_Gen_Env_Cliff_03,410,7.67,12.81,10.82,Assets/Synty/PolygonGeneric/Prefabs/Environment/SM_Gen_Env_Cliff_03.prefab
SyntyGeneric,SM_Gen_Env_Cliff_04,426,14.92,14.45,6.86,Assets/Synty/PolygonGeneric/Prefabs/Environment/SM_Gen_Env_Cliff_04.prefab
SyntyGeneric,SM_Gen_Env_Cliff_Arch_01,408,11.85,6.66,4.71,Assets/Synty/PolygonGeneric/Prefabs/Environment/SM_Gen_Env_Cliff_Arch_01.prefab
SyntyGeneric,SM_Gen_Env_Cliff_Arch_02,398,9.31,8.48,4.80,Assets/Synty/PolygonGeneric/Prefabs/Environment/SM_Gen_Env_Cliff_Arch_02.prefab
SyntyGeneric,SM_Gen_Env_Cliff_Pillar_01,298,3.04,9.56,3.26,Assets/Synty/PolygonGeneric/Prefabs/Environment/SM_Gen_Env_Cliff_Pillar_01.prefab
SyntyGeneric,SM_Gen_Env_Cloud_01,284,41.95,10.37,10.10,Assets/Synty/PolygonGeneric/Prefabs/Environment/SM_Gen_Env_Cloud_01.prefab
SyntyGeneric,SM_Gen_Env_Cloud_02,252,45.81,9.95,16.15,Assets/Synty/PolygonGeneric/Prefabs/Environment/SM_Gen_Env_Cloud_02.prefab
SyntyGeneric,SM_Gen_Env_Cloud_03,490,44.16,7.20,24.42,Assets/Synty/PolygonGeneric/Prefabs/Environment/SM_Gen_Env_Cloud_03.prefab
SyntyGeneric,SM_Gen_Env_Cloud_Ring_01,14456,343.92,30.29,321.56,Assets/Synty/PolygonGeneric/Prefabs/Environment/SM_Gen_Env_Cloud_Ring_01.prefab
SyntyGeneric,SM_Gen_Env_Dirt_Cliff_01,764,11.58,9.15,11.88,Assets/Synty/PolygonGeneric/Prefabs/Environment/SM_Gen_Env_Dirt_Cliff_01.prefab
SyntyGeneric,SM_Gen_Env_Dirt_Cliff_02,826,13.37,10.22,9.35,Assets/Synty/PolygonGeneric/Prefabs/Environment/SM_Gen_Env_Dirt_Cliff_02.prefab
SyntyGeneric,SM_Gen_Env_Dirt_Cliff_03,1092,25.44,10.07,14.11,Assets/Synty/PolygonGeneric/Prefabs/Environment/SM_Gen_Env_Dirt_Cliff_03.prefab
SyntyGeneric,SM_Gen_Env_Dirt_Cliff_04,1712,25.54,9.97,14.10,Assets/Synty/PolygonGeneric/Prefabs/Environment/SM_Gen_Env_Dirt_Cliff_04.prefab
SyntyGeneric,SM_Gen_Env_Dirt_Cliff_05,524,11.92,9.80,14.21,Assets/Synty/PolygonGeneric/Prefabs/Environment/SM_Gen_Env_Dirt_Cliff_05.prefab
SyntyGeneric,SM_Gen_Env_Dirt_Cliff_06,636,12.20,6.10,18.38,Assets/Synty/PolygonGeneric/Prefabs/Environment/SM_Gen_Env_Dirt_Cliff_06.prefab
SyntyGeneric,SM_Gen_Env_Dirt_Cliff_07,862,12.20,8.14,12.03,Assets/Synty/PolygonGeneric/Prefabs/Environment/SM_Gen_Env_Dirt_Cliff_07.prefab
SyntyGeneric,SM_Gen_Env_Dirt_Cliff_08,300,12.78,6.10,12.59,Assets/Synty/PolygonGeneric/Prefabs/Environment/SM_Gen_Env_Dirt_Cliff_08.prefab
SyntyGeneric,SM_Gen_Env_Fern_01,448,1.19,0.72,1.08,Assets/Synty/PolygonGeneric/Prefabs/Environment/SM_Gen_Env_Fern_01.prefab
SyntyGeneric,SM_Gen_Env_Fern_02,248,1.60,0.64,1.61,Assets/Synty/PolygonGeneric/Prefabs/Environment/SM_Gen_Env_Fern_02.prefab
SyntyGeneric,SM_Gen_Env_Fern_03,252,1.70,0.58,1.71,Assets/Synty/PolygonGeneric/Prefabs/Environment/SM_Gen_Env_Fern_03.prefab
SyntyGeneric,SM_Gen_Env_Flowers_01,449,1.04,0.55,1.48,Assets/Synty/PolygonGeneric/Prefabs/Environment/SM_Gen_Env_Flowers_01.prefab
SyntyGeneric,SM_Gen_Env_Flowers_02,240,0.63,0.55,1.00,Assets/Synty/PolygonGeneric/Prefabs/Environment/SM_Gen_Env_Flowers_02.prefab
SyntyGeneric,SM_Gen_Env_Flowers_03,116,0.57,0.55,0.34,Assets/Synty/PolygonGeneric/Prefabs/Environment/SM_Gen_Env_Flowers_03.prefab
SyntyGeneric,SM_Gen_Env_Flowers_04,385,0.82,1.18,0.72,Assets/Synty/PolygonGeneric/Prefabs/Environment/SM_Gen_Env_Flowers_04.prefab
SyntyGeneric,SM_Gen_Env_Flowers_05,346,0.64,1.00,0.64,Assets/Synty/PolygonGeneric/Prefabs/Environment/SM_Gen_Env_Flowers_05.prefab
SyntyGeneric,SM_Gen_Env_Flowers_06,137,0.39,0.97,0.42,Assets/Synty/PolygonGeneric/Prefabs/Environment/SM_Gen_Env_Flowers_06.prefab
SyntyGeneric,SM_Gen_Env_Flowers_07,248,0.49,1.12,0.52,Assets/Synty/PolygonGeneric/Prefabs/Environment/SM_Gen_Env_Flowers_07.prefab
SyntyGeneric,SM_Gen_Env_Flowers_08,351,0.61,1.21,0.67,Assets/Synty/PolygonGeneric/Prefabs/Environment/SM_Gen_Env_Flowers_08.prefab
SyntyGeneric,SM_Gen_Env_Grass_01,66,0.33,0.44,0.77,Assets/Synty/PolygonGeneric/Prefabs/Environment/SM_Gen_Env_Grass_01.prefab
SyntyGeneric,SM_Gen_Env_Grass_02,66,0.33,0.38,0.44,Assets/Synty/PolygonGeneric/Prefabs/Environment/SM_Gen_Env_Grass_02.prefab
SyntyGeneric,SM_Gen_Env_Grass_03,88,0.47,0.72,0.48,Assets/Synty/PolygonGeneric/Prefabs/Environment/SM_Gen_Env_Grass_03.prefab
SyntyGeneric,SM_Gen_Env_Grass_04,238,1.11,0.96,1.29,Assets/Synty/PolygonGeneric/Prefabs/Environment/SM_Gen_Env_Grass_04.prefab
SyntyGeneric,SM_Gen_Env_Grass_05,602,2.81,0.77,2.16,Assets/Synty/PolygonGeneric/Prefabs/Environment/SM_Gen_Env_Grass_05.prefab
SyntyGeneric,SM_Gen_Env_Grass_06,4600,6.74,0.91,7.22,Assets/Synty/PolygonGeneric/Prefabs/Environment/SM_Gen_Env_Grass_06.prefab
SyntyGeneric,SM_Gen_Env_Grass_07,5666,8.08,0.85,7.61,Assets/Synty/PolygonGeneric/Prefabs/Environment/SM_Gen_Env_Grass_07.prefab
SyntyGeneric,SM_Gen_Env_Grass_Tall_01,164,1.00,1.48,0.95,Assets/Synty/PolygonGeneric/Prefabs/Environment/SM_Gen_Env_Grass_Tall_01.prefab
SyntyGeneric,SM_Gen_Env_Grass_Tall_02,164,1.28,1.42,0.74,Assets/Synty/PolygonGeneric/Prefabs/Environment/SM_Gen_Env_Grass_Tall_02.prefab
SyntyGeneric,SM_Gen_Env_Grass_Tall_03,328,1.91,1.61,1.42,Assets/Synty/PolygonGeneric/Prefabs/Environment/SM_Gen_Env_Grass_Tall_03.prefab
SyntyGeneric,SM_Gen_Env_Grass_Tall_04,738,3.83,1.72,3.14,Assets/Synty/PolygonGeneric/Prefabs/Environment/SM_Gen_Env_Grass_Tall_04.prefab
SyntyGeneric,SM_Gen_Env_Ground_Dirt_01,154,4.51,0.09,4.37,Assets/Synty/PolygonGeneric/Prefabs/Environment/SM_Gen_Env_Ground_Dirt_01.prefab
SyntyGeneric,SM_Gen_Env_Ground_Dirt_02,319,7.80,0.09,7.52,Assets/Synty/PolygonGeneric/Prefabs/Environment/SM_Gen_Env_Ground_Dirt_02.prefab
SyntyGeneric,SM_Gen_Env_Ground_Dirt_03,236,9.38,0.38,9.50,Assets/Synty/PolygonGeneric/Prefabs/Environment/SM_Gen_Env_Ground_Dirt_03.prefab
SyntyGeneric,SM_Gen_Env_Ground_Dirt_04,323,6.86,0.30,6.79,Assets/Synty/PolygonGeneric/Prefabs/Environment/SM_Gen_Env_Ground_Dirt_04.prefab
SyntyGeneric,SM_Gen_Env_Ground_Dirt_Large_01,319,10.79,0.09,10.42,Assets/Synty/PolygonGeneric/Prefabs/Environment/SM_Gen_Env_Ground_Dirt_Large_01.prefab
SyntyGeneric,SM_Gen_Env_Ground_Dirt_Large_02,319,22.44,0.13,13.66,Assets/Synty/PolygonGeneric/Prefabs/Environment/SM_Gen_Env_Ground_Dirt_Large_02.prefab
SyntyGeneric,SM_Gen_Env_Ground_Dirt_Large_03,1236,42.09,1.19,42.18,Assets/Synty/PolygonGeneric/Prefabs/Environment/SM_Gen_Env_Ground_Dirt_Large_03.prefab
SyntyGeneric,SM_Gen_Env_Ground_Edge_01,28,1.53,0.22,0.49,Assets/Synty/PolygonGeneric/Prefabs/Environment/SM_Gen_Env_Ground_Edge_01.prefab
SyntyGeneric,SM_Gen_Env_Ground_Edge_02,48,2.74,0.29,0.54,Assets/Synty/PolygonGeneric/Prefabs/Environment/SM_Gen_Env_Ground_Edge_02.prefab
SyntyGeneric,SM_Gen_Env_Ground_Edge_03,37,2.74,0.29,0.63,Assets/Synty/PolygonGeneric/Prefabs/Environment/SM_Gen_Env_Ground_Edge_03.prefab
SyntyGeneric,SM_Gen_Env_Ground_Edge_04,73,2.75,0.37,1.03,Assets/Synty/PolygonGeneric/Prefabs/Environment/SM_Gen_Env_Ground_Edge_04.prefab
SyntyGeneric,SM_Gen_Env_Ground_Edge_05,75,2.74,0.29,1.14,Assets/Synty/PolygonGeneric/Prefabs/Environment/SM_Gen_Env_Ground_Edge_05.prefab
SyntyGeneric,SM_Gen_Env_Ground_Grass_01,154,4.51,0.09,4.37,Assets/Synty/PolygonGeneric/Prefabs/Environment/SM_Gen_Env_Ground_Grass_01.prefab
SyntyGeneric,SM_Gen_Env_Ground_Grass_02,319,7.80,0.09,7.52,Assets/Synty/PolygonGeneric/Prefabs/Environment/SM_Gen_Env_Ground_Grass_02.prefab
SyntyGeneric,SM_Gen_Env_Ground_Grass_03,236,9.38,0.38,9.50,Assets/Synty/PolygonGeneric/Prefabs/Environment/SM_Gen_Env_Ground_Grass_03.prefab
SyntyGeneric,SM_Gen_Env_Ground_Grass_04,321,6.86,0.30,6.79,Assets/Synty/PolygonGeneric/Prefabs/Environment/SM_Gen_Env_Ground_Grass_04.prefab
SyntyGeneric,SM_Gen_Env_Ground_Grass_Large_01,319,10.79,0.09,10.42,Assets/Synty/PolygonGeneric/Prefabs/Environment/SM_Gen_Env_Ground_Grass_Large_01.prefab
SyntyGeneric,SM_Gen_Env_Ground_Grass_Large_02,319,22.44,0.13,13.66,Assets/Synty/PolygonGeneric/Prefabs/Environment/SM_Gen_Env_Ground_Grass_Large_02.prefab
SyntyGeneric,SM_Gen_Env_Ground_Grass_Large_03,1234,42.09,1.51,42.18,Assets/Synty/PolygonGeneric/Prefabs/Environment/SM_Gen_Env_Ground_Grass_Large_03.prefab
SyntyGeneric,SM_Gen_Env_Ground_River_Dirt_01,346,9.78,1.92,4.97,Assets/Synty/PolygonGeneric/Prefabs/Environment/SM_Gen_Env_Ground_River_Dirt_01.prefab
SyntyGeneric,SM_Gen_Env_Ground_River_Dirt_02,480,7.37,3.00,4.73,Assets/Synty/PolygonGeneric/Prefabs/Environment/SM_Gen_Env_Ground_River_Dirt_02.prefab
SyntyGeneric,SM_Gen_Env_Ground_River_Dirt_03,442,11.24,3.64,6.97,Assets/Synty/PolygonGeneric/Prefabs/Environment/SM_Gen_Env_Ground_River_Dirt_03.prefab
SyntyGeneric,SM_Gen_Env_Ground_River_Dirt_04,372,10.36,2.15,7.52,Assets/Synty/PolygonGeneric/Prefabs/Environment/SM_Gen_Env_Ground_River_Dirt_04.prefab
SyntyGeneric,SM_Gen_Env_Ground_River_Dirt_05,370,10.35,2.07,6.77,Assets/Synty/PolygonGeneric/Prefabs/Environment/SM_Gen_Env_Ground_River_Dirt_05.prefab
SyntyGeneric,SM_Gen_Env_Ground_River_Dirt_06,292,4.86,3.33,4.73,Assets/Synty/PolygonGeneric/Prefabs/Environment/SM_Gen_Env_Ground_River_Dirt_06.prefab
SyntyGeneric,SM_Gen_Env_Ground_River_Dirt_07,316,7.63,3.49,7.84,Assets/Synty/PolygonGeneric/Prefabs/Environment/SM_Gen_Env_Ground_River_Dirt_07.prefab
SyntyGeneric,SM_Gen_Env_Ground_River_Dirt_Large_01,922,27.61,5.84,33.31,Assets/Synty/PolygonGeneric/Prefabs/Environment/SM_Gen_Env_Ground_River_Dirt_Large_01.prefab
SyntyGeneric,SM_Gen_Env_Ground_River_Dirt_Large_02,846,28.37,5.76,32.91,Assets/Synty/PolygonGeneric/Prefabs/Environment/SM_Gen_Env_Ground_River_Dirt_Large_02.prefab
SyntyGeneric,SM_Gen_Env_Ground_River_Dirt_Large_03,857,25.86,5.37,31.55,Assets/Synty/PolygonGeneric/Prefabs/Environment/SM_Gen_Env_Ground_River_Dirt_Large_03.prefab
SyntyGeneric,SM_Gen_Env_Ground_River_Grass_01,346,9.78,1.92,4.97,Assets/Synty/PolygonGeneric/Prefabs/Environment/SM_Gen_Env_Ground_River_Grass_01.prefab
SyntyGeneric,SM_Gen_Env_Ground_River_Grass_02,480,7.37,3.00,4.73,Assets/Synty/PolygonGeneric/Prefabs/Environment/SM_Gen_Env_Ground_River_Grass_02.prefab
SyntyGeneric,SM_Gen_Env_Ground_River_Grass_03,442,11.24,3.64,6.97,Assets/Synty/PolygonGeneric/Prefabs/Environment/SM_Gen_Env_Ground_River_Grass_03.prefab
SyntyGeneric,SM_Gen_Env_Ground_River_Grass_04,372,10.36,2.15,7.52,Assets/Synty/PolygonGeneric/Prefabs/Environment/SM_Gen_Env_Ground_River_Grass_04.prefab
SyntyGeneric,SM_Gen_Env_Ground_River_Grass_05,370,10.35,2.07,6.77,Assets/Synty/PolygonGeneric/Prefabs/Environment/SM_Gen_Env_Ground_River_Grass_05.prefab
SyntyGeneric,SM_Gen_Env_Ground_River_Grass_06,292,4.86,3.33,4.73,Assets/Synty/PolygonGeneric/Prefabs/Environment/SM_Gen_Env_Ground_River_Grass_06.prefab
SyntyGeneric,SM_Gen_Env_Ground_River_Grass_07,316,7.63,3.49,7.84,Assets/Synty/PolygonGeneric/Prefabs/Environment/SM_Gen_Env_Ground_River_Grass_07.prefab
SyntyGeneric,SM_Gen_Env_Ground_River_Grass_Large_01,922,27.61,5.84,33.31,Assets/Synty/PolygonGeneric/Prefabs/Environment/SM_Gen_Env_Ground_River_Grass_Large_01.prefab
SyntyGeneric,SM_Gen_Env_Ground_River_Grass_Large_02,846,28.37,5.76,32.91,Assets/Synty/PolygonGeneric/Prefabs/Environment/SM_Gen_Env_Ground_River_Grass_Large_02.prefab
SyntyGeneric,SM_Gen_Env_Ground_River_Grass_Large_03,857,25.86,5.37,31.55,Assets/Synty/PolygonGeneric/Prefabs/Environment/SM_Gen_Env_Ground_River_Grass_Large_03.prefab
SyntyGeneric,SM_Gen_Env_Ground_Slope_Dirt_01,376,12.51,4.98,24.97,Assets/Synty/PolygonGeneric/Prefabs/Environment/SM_Gen_Env_Ground_Slope_Dirt_01.prefab
SyntyGeneric,SM_Gen_Env_Ground_Slope_Dirt_02,422,23.52,4.93,24.95,Assets/Synty/PolygonGeneric/Prefabs/Environment/SM_Gen_Env_Ground_Slope_Dirt_02.prefab
SyntyGeneric,SM_Gen_Env_Ground_Slope_Grass_01,376,12.51,4.98,24.97,Assets/Synty/PolygonGeneric/Prefabs/Environment/SM_Gen_Env_Ground_Slope_Grass_01.prefab
SyntyGeneric,SM_Gen_Env_Ground_Slope_Grass_02,422,23.52,4.93,24.95,Assets/Synty/PolygonGeneric/Prefabs/Environment/SM_Gen_Env_Ground_Slope_Grass_02.prefab
SyntyGeneric,SM_Gen_Env_Hill_01,1008,36.06,7.25,21.41,Assets/Synty/PolygonGeneric/Prefabs/Environment/SM_Gen_Env_Hill_01.prefab
SyntyGeneric,SM_Gen_Env_Hill_02,156,42.97,6.66,28.37,Assets/Synty/PolygonGeneric/Prefabs/Environment/SM_Gen_Env_Hill_02.prefab
SyntyGeneric,SM_Gen_Env_Hill_03,156,24.55,5.46,25.22,Assets/Synty/PolygonGeneric/Prefabs/Environment/SM_Gen_Env_Hill_03.prefab
SyntyGeneric,SM_Gen_Env_Hill_04,163,20.06,5.16,33.90,Assets/Synty/PolygonGeneric/Prefabs/Environment/SM_Gen_Env_Hill_04.prefab
SyntyGeneric,SM_Gen_Env_Hill_05,163,24.54,4.20,31.52,Assets/Synty/PolygonGeneric/Prefabs/Environment/SM_Gen_Env_Hill_05.prefab
SyntyGeneric,SM_Gen_Env_Ivy_01,38,2.39,2.34,0.09,Assets/Synty/PolygonGeneric/Prefabs/Environment/SM_Gen_Env_Ivy_01.prefab
SyntyGeneric,SM_Gen_Env_Ivy_02,38,2.03,1.72,0.11,Assets/Synty/PolygonGeneric/Prefabs/Environment/SM_Gen_Env_Ivy_02.prefab
SyntyGeneric,SM_Gen_Env_Ivy_03,40,1.57,1.63,0.07,Assets/Synty/PolygonGeneric/Prefabs/Environment/SM_Gen_Env_Ivy_03.prefab
SyntyGeneric,SM_Gen_Env_Ivy_04,24,1.17,1.55,0.06,Assets/Synty/PolygonGeneric/Prefabs/Environment/SM_Gen_Env_Ivy_04.prefab
SyntyGeneric,SM_Gen_Env_Ivy_05,24,1.16,1.56,0.08,Assets/Synty/PolygonGeneric/Prefabs/Environment/SM_Gen_Env_Ivy_05.prefab
SyntyGeneric,SM_Gen_Env_Ivy_06,16,1.44,0.68,0.08,Assets/Synty/PolygonGeneric/Prefabs/Environment/SM_Gen_Env_Ivy_06.prefab
SyntyGeneric,SM_Gen_Env_Ivy_07,22,1.10,0.69,0.04,Assets/Synty/PolygonGeneric/Prefabs/Environment/SM_Gen_Env_Ivy_07.prefab
SyntyGeneric,SM_Gen_Env_Ivy_08,132,2.62,2.95,0.12,Assets/Synty/PolygonGeneric/Prefabs/Environment/SM_Gen_Env_Ivy_08.prefab
SyntyGeneric,SM_Gen_Env_Ivy_09,138,3.05,1.67,0.12,Assets/Synty/PolygonGeneric/Prefabs/Environment/SM_Gen_Env_Ivy_09.prefab
SyntyGeneric,SM_Gen_Env_Ivy_10,122,3.30,2.34,0.17,Assets/Synty/PolygonGeneric/Prefabs/Environment/SM_Gen_Env_Ivy_10.prefab
SyntyGeneric,SM_Gen_Env_Ivy_11,138,2.97,1.42,0.09,Assets/Synty/PolygonGeneric/Prefabs/Environment/SM_Gen_Env_Ivy_11.prefab
SyntyGeneric,SM_Gen_Env_Ivy_12,98,0.91,2.12,1.37,Assets/Synty/PolygonGeneric/Prefabs/Environment/SM_Gen_Env_Ivy_12.prefab
SyntyGeneric,SM_Gen_Env_Ivy_13,114,3.50,3.57,0.11,Assets/Synty/PolygonGeneric/Prefabs/Environment/SM_Gen_Env_Ivy_13.prefab
SyntyGeneric,SM_Gen_Env_Ivy_Draped_01,116,3.18,1.49,0.77,Assets/Synty/PolygonGeneric/Prefabs/Environment/SM_Gen_Env_Ivy_Draped_01.prefab
SyntyGeneric,SM_Gen_Env_Ivy_Draped_02,64,0.89,1.78,0.62,Assets/Synty/PolygonGeneric/Prefabs/Environment/SM_Gen_Env_Ivy_Draped_02.prefab
SyntyGeneric,SM_Gen_Env_Ivy_Draped_03,78,3.11,0.53,0.76,Assets/Synty/PolygonGeneric/Prefabs/Environment/SM_Gen_Env_Ivy_Draped_03.prefab
SyntyGeneric,SM_Gen_Env_Leaves_01,182,1.87,0.07,2.06,Assets/Synty/PolygonGeneric/Prefabs/Environment/SM_Gen_Env_Leaves_01.prefab
SyntyGeneric,SM_Gen_Env_Leaves_02,99,1.77,0.05,2.84,Assets/Synty/PolygonGeneric/Prefabs/Environment/SM_Gen_Env_Leaves_02.prefab
SyntyGeneric,SM_Gen_Env_Leaves_03,99,2.82,0.09,2.38,Assets/Synty/PolygonGeneric/Prefabs/Environment/SM_Gen_Env_Leaves_03.prefab
SyntyGeneric,SM_Gen_Env_Leaves_Pile_01,333,2.43,0.31,1.89,Assets/Synty/PolygonGeneric/Prefabs/Environment/SM_Gen_Env_Leaves_Pile_01.prefab
SyntyGeneric,SM_Gen_Env_Leaves_Pile_02,324,2.32,0.28,1.14,Assets/Synty/PolygonGeneric/Prefabs/Environment/SM_Gen_Env_Leaves_Pile_02.prefab
SyntyGeneric,SM_Gen_Env_Lilypads_01,92,0.62,0.10,0.64,Assets/Synty/PolygonGeneric/Prefabs/Environment/SM_Gen_Env_Lilypads_01.prefab
SyntyGeneric,SM_Gen_Env_Lilypads_02,368,1.32,0.11,1.76,Assets/Synty/PolygonGeneric/Prefabs/Environment/SM_Gen_Env_Lilypads_02.prefab
SyntyGeneric,SM_Gen_Env_Lilypads_03,552,2.91,0.14,1.67,Assets/Synty/PolygonGeneric/Prefabs/Environment/SM_Gen_Env_Lilypads_03.prefab
SyntyGeneric,SM_Gen_Env_Log_01,344,1.11,1.55,4.58,Assets/Synty/PolygonGeneric/Prefabs/Environment/SM_Gen_Env_Log_01.prefab
SyntyGeneric,SM_Gen_Env_Log_02,334,0.74,0.67,3.86,Assets/Synty/PolygonGeneric/Prefabs/Environment/SM_Gen_Env_Log_02.prefab
SyntyGeneric,SM_Gen_Env_Mountain_01,1246,162.03,23.27,107.58,Assets/Synty/PolygonGeneric/Prefabs/Environment/SM_Gen_Env_Mountain_01.prefab
SyntyGeneric,SM_Gen_Env_Mountain_02,724,99.55,23.21,107.10,Assets/Synty/PolygonGeneric/Prefabs/Environment/SM_Gen_Env_Mountain_02.prefab
SyntyGeneric,SM_Gen_Env_Mountain_03,406,84.79,22.71,85.78,Assets/Synty/PolygonGeneric/Prefabs/Environment/SM_Gen_Env_Mountain_03.prefab
SyntyGeneric,SM_Gen_Env_Mushroom_01,106,0.61,0.57,0.56,Assets/Synty/PolygonGeneric/Prefabs/Environment/SM_Gen_Env_Mushroom_01.prefab
SyntyGeneric,SM_Gen_Env_Mushroom_02,94,0.43,0.41,0.38,Assets/Synty/PolygonGeneric/Prefabs/Environment/SM_Gen_Env_Mushroom_02.prefab
SyntyGeneric,SM_Gen_Env_Mushroom_03,118,0.57,0.60,0.52,Assets/Synty/PolygonGeneric/Prefabs/Environment/SM_Gen_Env_Mushroom_03.prefab
SyntyGeneric,SM_Gen_Env_Road_01,26,10.00,0.00,10.00,Assets/Synty/PolygonGeneric/Prefabs/Environment/SM_Gen_Env_Road_01.prefab
SyntyGeneric,SM_Gen_Env_Road_Crossing_01,92,5.00,0.00,5.00,Assets/Synty/PolygonGeneric/Prefabs/Environment/SM_Gen_Env_Road_Crossing_01.prefab
SyntyGeneric,SM_Gen_Env_Road_Gravel_Corner_Large_01,328,8.04,0.30,8.12,Assets/Synty/PolygonGeneric/Prefabs/Environment/SM_Gen_Env_Road_Gravel_Corner_Large_01.prefab
SyntyGeneric,SM_Gen_Env_Road_Gravel_Corner_Large_02,301,5.55,0.25,5.41,Assets/Synty/PolygonGeneric/Prefabs/Environment/SM_Gen_Env_Road_Gravel_Corner_Large_02.prefab
SyntyGeneric,SM_Gen_Env_Road_Gravel_Corner_Small_01,95,3.00,0.21,3.08,Assets/Synty/PolygonGeneric/Prefabs/Environment/SM_Gen_Env_Road_Gravel_Corner_Small_01.prefab
SyntyGeneric,SM_Gen_Env_Road_Gravel_Corner_Small_02,159,3.74,0.19,4.08,Assets/Synty/PolygonGeneric/Prefabs/Environment/SM_Gen_Env_Road_Gravel_Corner_Small_02.prefab
SyntyGeneric,SM_Gen_Env_Road_Gravel_End_01,404,9.25,0.33,10.66,Assets/Synty/PolygonGeneric/Prefabs/Environment/SM_Gen_Env_Road_Gravel_End_01.prefab
SyntyGeneric,SM_Gen_Env_Road_Gravel_Straight_01,164,3.20,0.25,3.95,Assets/Synty/PolygonGeneric/Prefabs/Environment/SM_Gen_Env_Road_Gravel_Straight_01.prefab
SyntyGeneric,SM_Gen_Env_Road_Gravel_Straight_02,163,3.15,0.25,6.17,Assets/Synty/PolygonGeneric/Prefabs/Environment/SM_Gen_Env_Road_Gravel_Straight_02.prefab
SyntyGeneric,SM_Gen_Env_Road_Gravel_Straight_03,237,3.34,0.34,8.39,Assets/Synty/PolygonGeneric/Prefabs/Environment/SM_Gen_Env_Road_Gravel_Straight_03.prefab
SyntyGeneric,SM_Gen_Env_Road_Half_01,18,5.00,0.00,10.00,Assets/Synty/PolygonGeneric/Prefabs/Environment/SM_Gen_Env_Road_Half_01.prefab
SyntyGeneric,SM_Gen_Env_Road_Half_02,9,10.00,0.00,5.00,Assets/Synty/PolygonGeneric/Prefabs/Environment/SM_Gen_Env_Road_Half_02.prefab
SyntyGeneric,SM_Gen_Env_Road_Intersection_01,22,5.00,0.00,10.00,Assets/Synty/PolygonGeneric/Prefabs/Environment/SM_Gen_Env_Road_Intersection_01.prefab
SyntyGeneric,SM_Gen_Env_Road_Intersection_02,18,5.00,0.00,5.00,Assets/Synty/PolygonGeneric/Prefabs/Environment/SM_Gen_Env_Road_Intersection_02.prefab
SyntyGeneric,SM_Gen_Env_Road_Parking_01,36,10.00,0.00,10.00,Assets/Synty/PolygonGeneric/Prefabs/Environment/SM_Gen_Env_Road_Parking_01.prefab
SyntyGeneric,SM_Gen_Env_Road_Parking_02,70,10.00,0.00,10.00,Assets/Synty/PolygonGeneric/Prefabs/Environment/SM_Gen_Env_Road_Parking_02.prefab
SyntyGeneric,SM_Gen_Env_Road_Parking_03,110,10.00,0.00,10.00,Assets/Synty/PolygonGeneric/Prefabs/Environment/SM_Gen_Env_Road_Parking_03.prefab
SyntyGeneric,SM_Gen_Env_Road_Parking_04,19,10.00,0.00,10.00,Assets/Synty/PolygonGeneric/Prefabs/Environment/SM_Gen_Env_Road_Parking_04.prefab
SyntyGeneric,SM_Gen_Env_Road_Parking_05,38,10.00,0.00,5.00,Assets/Synty/PolygonGeneric/Prefabs/Environment/SM_Gen_Env_Road_Parking_05.prefab
SyntyGeneric,SM_Gen_Env_Road_Parking_06,31,10.00,0.00,5.00,Assets/Synty/PolygonGeneric/Prefabs/Environment/SM_Gen_Env_Road_Parking_06.prefab
SyntyGeneric,SM_Gen_Env_Road_Ramp_01,44,5.00,3.00,10.00,Assets/Synty/PolygonGeneric/Prefabs/Environment/SM_Gen_Env_Road_Ramp_01.prefab
SyntyGeneric,SM_Gen_Env_Road_Ramp_02,44,5.00,3.00,10.00,Assets/Synty/PolygonGeneric/Prefabs/Environment/SM_Gen_Env_Road_Ramp_02.prefab
SyntyGeneric,SM_Gen_Env_Road_Small_01,2,5.00,0.00,5.00,Assets/Synty/PolygonGeneric/Prefabs/Environment/SM_Gen_Env_Road_Small_01.prefab
SyntyGeneric,SM_Gen_Env_Road_Small_02,2,2.50,0.00,2.50,Assets/Synty/PolygonGeneric/Prefabs/Environment/SM_Gen_Env_Road_Small_02.prefab
SyntyGeneric,SM_Gen_Env_Road_Small_03,9,5.00,0.00,5.00,Assets/Synty/PolygonGeneric/Prefabs/Environment/SM_Gen_Env_Road_Small_03.prefab
SyntyGeneric,SM_Gen_Env_Road_Warning_01,34,5.00,0.00,5.00,Assets/Synty/PolygonGeneric/Prefabs/Environment/SM_Gen_Env_Road_Warning_01.prefab
SyntyGeneric,SM_Gen_Env_Rock_01,196,2.59,1.19,1.99,Assets/Synty/PolygonGeneric/Prefabs/Environment/SM_Gen_Env_Rock_01.prefab
SyntyGeneric,SM_Gen_Env_Rock_02,210,2.07,1.46,2.18,Assets/Synty/PolygonGeneric/Prefabs/Environment/SM_Gen_Env_Rock_02.prefab
SyntyGeneric,SM_Gen_Env_Rock_03,162,1.37,1.04,1.14,Assets/Synty/PolygonGeneric/Prefabs/Environment/SM_Gen_Env_Rock_03.prefab
SyntyGeneric,SM_Gen_Env_Rock_04,110,2.83,2.11,1.96,Assets/Synty/PolygonGeneric/Prefabs/Environment/SM_Gen_Env_Rock_04.prefab
SyntyGeneric,SM_Gen_Env_Rock_05,194,3.88,2.03,1.96,Assets/Synty/PolygonGeneric/Prefabs/Environment/SM_Gen_Env_Rock_05.prefab
SyntyGeneric,SM_Gen_Env_Rock_06,170,3.78,2.31,2.99,Assets/Synty/PolygonGeneric/Prefabs/Environment/SM_Gen_Env_Rock_06.prefab
SyntyGeneric,SM_Gen_Env_Rock_07,370,4.83,1.62,4.06,Assets/Synty/PolygonGeneric/Prefabs/Environment/SM_Gen_Env_Rock_07.prefab
SyntyGeneric,SM_Gen_Env_Rock_08,196,2.12,3.38,2.82,Assets/Synty/PolygonGeneric/Prefabs/Environment/SM_Gen_Env_Rock_08.prefab
SyntyGeneric,SM_Gen_Env_Rock_09,86,2.83,3.29,1.90,Assets/Synty/PolygonGeneric/Prefabs/Environment/SM_Gen_Env_Rock_09.prefab
SyntyGeneric,SM_Gen_Env_Rock_10,214,2.32,2.86,2.83,Assets/Synty/PolygonGeneric/Prefabs/Environment/SM_Gen_Env_Rock_10.prefab
SyntyGeneric,SM_Gen_Env_Rock_Pebbles_01,156,0.80,0.19,0.66,Assets/Synty/PolygonGeneric/Prefabs/Environment/SM_Gen_Env_Rock_Pebbles_01.prefab
SyntyGeneric,SM_Gen_Env_Rock_Pebbles_02,204,1.11,0.30,0.89,Assets/Synty/PolygonGeneric/Prefabs/Environment/SM_Gen_Env_Rock_Pebbles_02.prefab
SyntyGeneric,SM_Gen_Env_Rock_Pebbles_03,168,0.77,0.20,0.99,Assets/Synty/PolygonGeneric/Prefabs/Environment/SM_Gen_Env_Rock_Pebbles_03.prefab
SyntyGeneric,SM_Gen_Env_Rock_Pebbles_04,238,0.96,0.17,0.78,Assets/Synty/PolygonGeneric/Prefabs/Environment/SM_Gen_Env_Rock_Pebbles_04.prefab
SyntyGeneric,SM_Gen_Env_Rock_Pebbles_05,142,1.75,0.22,1.59,Assets/Synty/PolygonGeneric/Prefabs/Environment/SM_Gen_Env_Rock_Pebbles_05.prefab
SyntyGeneric,SM_Gen_Env_Root_01,80,0.39,0.88,1.82,Assets/Synty/PolygonGeneric/Prefabs/Environment/SM_Gen_Env_Root_01.prefab
SyntyGeneric,SM_Gen_Env_Root_02,128,0.43,0.88,1.82,Assets/Synty/PolygonGeneric/Prefabs/Environment/SM_Gen_Env_Root_02.prefab
SyntyGeneric,SM_Gen_Env_Shrub_01,64,0.58,0.61,0.60,Assets/Synty/PolygonGeneric/Prefabs/Environment/SM_Gen_Env_Shrub_01.prefab
SyntyGeneric,SM_Gen_Env_Shrub_02,238,1.61,0.99,0.96,Assets/Synty/PolygonGeneric/Prefabs/Environment/SM_Gen_Env_Shrub_02.prefab
SyntyGeneric,SM_Gen_Env_Shrub_03,186,1.25,0.66,0.80,Assets/Synty/PolygonGeneric/Prefabs/Environment/SM_Gen_Env_Shrub_03.prefab
SyntyGeneric,SM_Gen_Env_Sidewalk_01,24,2.50,0.01,2.50,Assets/Synty/PolygonGeneric/Prefabs/Environment/SM_Gen_Env_Sidewalk_01.prefab
SyntyGeneric,SM_Gen_Env_Sidewalk_Corner_01,124,2.50,0.15,2.50,Assets/Synty/PolygonGeneric/Prefabs/Environment/SM_Gen_Env_Sidewalk_Corner_01.prefab
SyntyGeneric,SM_Gen_Env_Sidewalk_Corner_02,66,2.50,0.15,2.52,Assets/Synty/PolygonGeneric/Prefabs/Environment/SM_Gen_Env_Sidewalk_Corner_02.prefab
SyntyGeneric,SM_Gen_Env_Sidewalk_Edge_01,62,2.50,0.18,2.50,Assets/Synty/PolygonGeneric/Prefabs/Environment/SM_Gen_Env_Sidewalk_Edge_01.prefab
SyntyGeneric,SM_Gen_Env_Sidewalk_Half_01,24,2.50,0.01,1.25,Assets/Synty/PolygonGeneric/Prefabs/Environment/SM_Gen_Env_Sidewalk_Half_01.prefab
SyntyGeneric,SM_Gen_Env_Skydome_01,160,466.40,184.97,466.40,Assets/Synty/PolygonGeneric/Prefabs/Environment/SM_Gen_Env_Skydome_01.prefab
SyntyGeneric,SM_Gen_Env_Skyline_01,384,436.80,38.79,436.80,Assets/Synty/PolygonGeneric/Prefabs/Environment/SM_Gen_Env_Skyline_01.prefab
SyntyGeneric,SM_Gen_Env_Stalactite_01,140,0.70,1.89,0.62,Assets/Synty/PolygonGeneric/Prefabs/Environment/SM_Gen_Env_Stalactite_01.prefab
SyntyGeneric,SM_Gen_Env_Stalactite_02,118,0.84,2.50,0.71,Assets/Synty/PolygonGeneric/Prefabs/Environment/SM_Gen_Env_Stalactite_02.prefab
SyntyGeneric,SM_Gen_Env_Stalactite_03,252,1.17,2.20,1.02,Assets/Synty/PolygonGeneric/Prefabs/Environment/SM_Gen_Env_Stalactite_03.prefab
SyntyGeneric,SM_Gen_Env_Stalactite_04,638,3.10,2.83,1.27,Assets/Synty/PolygonGeneric/Prefabs/Environment/SM_Gen_Env_Stalactite_04.prefab
SyntyGeneric,SM_Gen_Env_Stump_01,122,0.59,1.43,0.58,Assets/Synty/PolygonGeneric/Prefabs/Environment/SM_Gen_Env_Stump_01.prefab
SyntyGeneric,SM_Gen_Env_Stump_02,246,1.89,1.60,1.21,Assets/Synty/PolygonGeneric/Prefabs/Environment/SM_Gen_Env_Stump_02.prefab
SyntyGeneric,SM_Gen_Env_Stump_03,228,0.98,0.62,1.03,Assets/Synty/PolygonGeneric/Prefabs/Environment/SM_Gen_Env_Stump_03.prefab
SyntyGeneric,SM_Gen_Env_Tree_01,688,4.32,8.30,4.43,Assets/Synty/PolygonGeneric/Prefabs/Environment/SM_Gen_Env_Tree_01.prefab
SyntyGeneric,SM_Gen_Env_Tree_02,724,3.34,8.58,3.05,Assets/Synty/PolygonGeneric/Prefabs/Environment/SM_Gen_Env_Tree_02.prefab
SyntyGeneric,SM_Gen_Env_Tree_03,530,2.74,6.15,2.59,Assets/Synty/PolygonGeneric/Prefabs/Environment/SM_Gen_Env_Tree_03.prefab
SyntyGeneric,SM_Gen_Env_Tree_Dead_01,150,1.42,6.36,2.29,Assets/Synty/PolygonGeneric/Prefabs/Environment/SM_Gen_Env_Tree_Dead_01.prefab
SyntyGeneric,SM_Gen_Env_Tree_Dead_02,216,3.77,9.84,4.31,Assets/Synty/PolygonGeneric/Prefabs/Environment/SM_Gen_Env_Tree_Dead_02.prefab
SyntyGeneric,SM_Gen_Env_Tree_Dead_03,524,9.61,11.55,5.97,Assets/Synty/PolygonGeneric/Prefabs/Environment/SM_Gen_Env_Tree_Dead_03.prefab
SyntyGeneric,SM_Gen_Env_Tree_Pine_01,559,1.88,9.47,1.81,Assets/Synty/PolygonGeneric/Prefabs/Environment/SM_Gen_Env_Tree_Pine_01.prefab
SyntyGeneric,SM_Gen_Env_Tree_Pine_02,488,1.78,6.91,1.60,Assets/Synty/PolygonGeneric/Prefabs/Environment/SM_Gen_Env_Tree_Pine_02.prefab
SyntyGeneric,SM_Gen_Env_Tree_Pine_03,374,2.12,6.76,2.24,Assets/Synty/PolygonGeneric/Prefabs/Environment/SM_Gen_Env_Tree_Pine_03.prefab
SyntyGeneric,SM_Gen_Env_Twig_01,28,0.10,0.05,0.54,Assets/Synty/PolygonGeneric/Prefabs/Environment/SM_Gen_Env_Twig_01.prefab
SyntyGeneric,SM_Gen_Env_Twig_02,76,0.16,0.08,0.88,Assets/Synty/PolygonGeneric/Prefabs/Environment/SM_Gen_Env_Twig_02.prefab
SyntyGeneric,SM_Gen_Env_Twig_03,90,0.35,0.10,0.91,Assets/Synty/PolygonGeneric/Prefabs/Environment/SM_Gen_Env_Twig_03.prefab
SyntyGeneric,SM_Gen_Env_Twig_04,110,0.45,0.08,0.68,Assets/Synty/PolygonGeneric/Prefabs/Environment/SM_Gen_Env_Twig_04.prefab
SyntyGeneric,SM_Gen_Env_Vines_01,410,3.46,1.05,0.21,Assets/Synty/PolygonGeneric/Prefabs/Environment/SM_Gen_Env_Vines_01.prefab
SyntyGeneric,SM_Gen_Env_Vines_02,210,3.63,1.47,0.31,Assets/Synty/PolygonGeneric/Prefabs/Environment/SM_Gen_Env_Vines_02.prefab
SyntyGeneric,SM_Gen_Env_Vines_03,280,0.89,1.91,0.26,Assets/Synty/PolygonGeneric/Prefabs/Environment/SM_Gen_Env_Vines_03.prefab
SyntyGeneric,SM_Gen_Env_Vines_04,392,1.17,2.08,0.37,Assets/Synty/PolygonGeneric/Prefabs/Environment/SM_Gen_Env_Vines_04.prefab
SyntyGeneric,SM_Gen_Env_Vines_05,716,1.12,1.98,0.57,Assets/Synty/PolygonGeneric/Prefabs/Environment/SM_Gen_Env_Vines_05.prefab
SyntyGeneric,SM_Gen_Env_Water_Dip_01,56,5.18,1.51,9.03,Assets/Synty/PolygonGeneric/Prefabs/Environment/SM_Gen_Env_Water_Dip_01.prefab
SyntyGeneric,SM_Gen_Env_Water_Plane_01,2048,50.00,0.00,50.00,Assets/Synty/PolygonGeneric/Prefabs/Environment/SM_Gen_Env_Water_Plane_01.prefab
SyntyGeneric,SM_Gen_Env_Waterfall_01,64,5.29,10.42,4.91,Assets/Synty/PolygonGeneric/Prefabs/Environment/SM_Gen_Env_Waterfall_01.prefab
SyntyGeneric,SM_Gen_Env_Waterfall_02,2070,8.50,32.43,4.72,Assets/Synty/PolygonGeneric/Prefabs/Environment/SM_Gen_Env_Waterfall_02.prefab
SyntyGeneric,SM_Gen_Prop_Aircon_01,268,0.82,1.00,0.65,Assets/Synty/PolygonGeneric/Prefabs/Props/SM_Gen_Prop_Aircon_01.prefab
SyntyGeneric,SM_Gen_Prop_Aircon_02,144,0.82,0.79,0.39,Assets/Synty/PolygonGeneric/Prefabs/Props/SM_Gen_Prop_Aircon_02.prefab
SyntyGeneric,SM_Gen_Prop_Aircon_Roof_01,223,1.40,0.88,0.69,Assets/Synty/PolygonGeneric/Prefabs/Props/SM_Gen_Prop_Aircon_Roof_01.prefab
SyntyGeneric,SM_Gen_Prop_Aircon_Roof_02,371,1.60,1.08,0.80,Assets/Synty/PolygonGeneric/Prefabs/Props/SM_Gen_Prop_Aircon_Roof_02.prefab
SyntyGeneric,SM_Gen_Prop_Aircon_Roof_03,340,1.55,1.05,1.00,Assets/Synty/PolygonGeneric/Prefabs/Props/SM_Gen_Prop_Aircon_Roof_03.prefab
SyntyGeneric,SM_Gen_Prop_Barrel_Metal_01,324,0.69,1.05,0.73,Assets/Synty/PolygonGeneric/Prefabs/Props/SM_Gen_Prop_Barrel_Metal_01.prefab
SyntyGeneric,SM_Gen_Prop_Barrel_Metal_02,290,0.73,1.05,0.71,Assets/Synty/PolygonGeneric/Prefabs/Props/SM_Gen_Prop_Barrel_Metal_02.prefab
SyntyGeneric,SM_Gen_Prop_Barrel_Metal_03,324,0.69,1.05,0.73,Assets/Synty/PolygonGeneric/Prefabs/Props/SM_Gen_Prop_Barrel_Metal_03.prefab
SyntyGeneric,SM_Gen_Prop_Barrel_Wood_01,1502,0.71,0.96,0.73,Assets/Synty/PolygonGeneric/Prefabs/Props/SM_Gen_Prop_Barrel_Wood_01.prefab
SyntyGeneric,SM_Gen_Prop_Barrel_Wood_02,1793,0.77,0.97,0.80,Assets/Synty/PolygonGeneric/Prefabs/Props/SM_Gen_Prop_Barrel_Wood_02.prefab
SyntyGeneric,SM_Gen_Prop_Barrel_Wood_03,842,0.73,0.95,0.75,Assets/Synty/PolygonGeneric/Prefabs/Props/SM_Gen_Prop_Barrel_Wood_03.prefab
SyntyGeneric,SM_Gen_Prop_Bottle_01,132,0.13,0.53,0.11,Assets/Synty/PolygonGeneric/Prefabs/Props/SM_Gen_Prop_Bottle_01.prefab
SyntyGeneric,SM_Gen_Prop_Bottle_02,136,0.17,0.38,0.15,Assets/Synty/PolygonGeneric/Prefabs/Props/SM_Gen_Prop_Bottle_02.prefab
SyntyGeneric,SM_Gen_Prop_Bottle_03,136,0.15,0.44,0.13,Assets/Synty/PolygonGeneric/Prefabs/Props/SM_Gen_Prop_Bottle_03.prefab
SyntyGeneric,SM_Gen_Prop_Bottle_04,152,0.11,0.38,0.11,Assets/Synty/PolygonGeneric/Prefabs/Props/SM_Gen_Prop_Bottle_04.prefab
SyntyGeneric,SM_Gen_Prop_Bottle_05,176,0.16,0.41,0.11,Assets/Synty/PolygonGeneric/Prefabs/Props/SM_Gen_Prop_Bottle_05.prefab
SyntyGeneric,SM_Gen_Prop_Button_01,40,0.09,0.03,0.09,Assets/Synty/PolygonGeneric/Prefabs/Props/SM_Gen_Prop_Button_01.prefab
SyntyGeneric,SM_Gen_Prop_Button_02,80,0.13,0.03,0.13,Assets/Synty/PolygonGeneric/Prefabs/Props/SM_Gen_Prop_Button_02.prefab
SyntyGeneric,SM_Gen_Prop_Cardboard_Box_01,52,0.33,0.32,0.51,Assets/Synty/PolygonGeneric/Prefabs/Props/SM_Gen_Prop_Cardboard_Box_01.prefab
SyntyGeneric,SM_Gen_Prop_Cardboard_Box_02,148,0.52,0.42,0.50,Assets/Synty/PolygonGeneric/Prefabs/Props/SM_Gen_Prop_Cardboard_Box_02.prefab
SyntyGeneric,SM_Gen_Prop_Cardboard_Box_03,84,0.61,0.35,0.83,Assets/Synty/PolygonGeneric/Prefabs/Props/SM_Gen_Prop_Cardboard_Box_03.prefab
SyntyGeneric,SM_Gen_Prop_Cardboard_Box_04,76,0.33,0.28,0.47,Assets/Synty/PolygonGeneric/Prefabs/Props/SM_Gen_Prop_Cardboard_Box_04.prefab
SyntyGeneric,SM_Gen_Prop_Cardboard_Box_05,68,0.33,0.28,0.47,Assets/Synty/PolygonGeneric/Prefabs/Props/SM_Gen_Prop_Cardboard_Box_05.prefab
SyntyGeneric,SM_Gen_Prop_Cardboard_Box_Preset_01,276,1.01,0.92,1.04,Assets/Synty/PolygonGeneric/Prefabs/Props/SM_Gen_Prop_Cardboard_Box_Preset_01.prefab
SyntyGeneric,SM_Gen_Prop_Chain_01,896,0.09,2.29,0.08,Assets/Synty/PolygonGeneric/Prefabs/Props/SM_Gen_Prop_Chain_01.prefab
SyntyGeneric,SM_Gen_Prop_Chain_02,1344,2.17,1.19,0.08,Assets/Synty/PolygonGeneric/Prefabs/Props/SM_Gen_Prop_Chain_02.prefab
SyntyGeneric,SM_Gen_Prop_Chain_03,1036,2.19,0.70,0.08,Assets/Synty/PolygonGeneric/Prefabs/Props/SM_Gen_Prop_Chain_03.prefab
SyntyGeneric,SM_Gen_Prop_Chain_Anchor_01,94,0.41,0.41,0.17,Assets/Synty/PolygonGeneric/Prefabs/Props/SM_Gen_Prop_Chain_Anchor_01.prefab
SyntyGeneric,SM_Gen_Prop_Chair_01,276,0.50,1.08,0.64,Assets/Synty/PolygonGeneric/Prefabs/Props/SM_Gen_Prop_Chair_01.prefab
SyntyGeneric,SM_Gen_Prop_Chest_01,2185,0.97,0.76,0.60,Assets/Synty/PolygonGeneric/Prefabs/Props/SM_Gen_Prop_Chest_01.prefab
SyntyGeneric,SM_Gen_Prop_Chest_02,822,1.20,0.58,0.82,Assets/Synty/PolygonGeneric/Prefabs/Props/SM_Gen_Prop_Chest_02.prefab
SyntyGeneric,SM_Gen_Prop_Clock_01,111,0.39,0.37,0.05,Assets/Synty/PolygonGeneric/Prefabs/Props/SM_Gen_Prop_Clock_01.prefab
SyntyGeneric,SM_Gen_Prop_Coin_01,20,0.12,0.02,0.12,Assets/Synty/PolygonGeneric/Prefabs/Props/SM_Gen_Prop_Coin_01.prefab
SyntyGeneric,SM_Gen_Prop_Coin_Pile_01,280,0.66,0.05,0.51,Assets/Synty/PolygonGeneric/Prefabs/Props/SM_Gen_Prop_Coin_Pile_01.prefab
SyntyGeneric,SM_Gen_Prop_Coin_Pile_02,120,0.33,0.04,0.41,Assets/Synty/PolygonGeneric/Prefabs/Props/SM_Gen_Prop_Coin_Pile_02.prefab
SyntyGeneric,SM_Gen_Prop_Coin_Stack_01,332,0.16,0.33,0.14,Assets/Synty/PolygonGeneric/Prefabs/Props/SM_Gen_Prop_Coin_Stack_01.prefab
SyntyGeneric,SM_Gen_Prop_Coin_Stack_02,636,0.30,0.43,0.33,Assets/Synty/PolygonGeneric/Prefabs/Props/SM_Gen_Prop_Coin_Stack_02.prefab
SyntyGeneric,SM_Gen_Prop_Crate_01,288,1.08,0.95,1.46,Assets/Synty/PolygonGeneric/Prefabs/Props/SM_Gen_Prop_Crate_01.prefab
SyntyGeneric,SM_Gen_Prop_Crate_02,220,0.90,0.88,1.37,Assets/Synty/PolygonGeneric/Prefabs/Props/SM_Gen_Prop_Crate_02.prefab
SyntyGeneric,SM_Gen_Prop_Crate_03,967,0.86,0.86,0.86,Assets/Synty/PolygonGeneric/Prefabs/Props/SM_Gen_Prop_Crate_03.prefab
SyntyGeneric,SM_Gen_Prop_Crate_Preset_01,6769,1.73,1.72,1.72,Assets/Synty/PolygonGeneric/Prefabs/Props/SM_Gen_Prop_Crate_Preset_01.prefab
SyntyGeneric,SM_Gen_Prop_Food_Bread_01,172,0.23,0.23,0.55,Assets/Synty/PolygonGeneric/Prefabs/Props/SM_Gen_Prop_Food_Bread_01.prefab
SyntyGeneric,SM_Gen_Prop_Food_Bread_02,104,0.21,0.02,0.22,Assets/Synty/PolygonGeneric/Prefabs/Props/SM_Gen_Prop_Food_Bread_02.prefab
SyntyGeneric,SM_Gen_Prop_Food_Meat_01,90,0.42,0.13,0.22,Assets/Synty/PolygonGeneric/Prefabs/Props/SM_Gen_Prop_Food_Meat_01.prefab
SyntyGeneric,SM_Gen_Prop_Food_Meat_02,90,0.42,0.13,0.22,Assets/Synty/PolygonGeneric/Prefabs/Props/SM_Gen_Prop_Food_Meat_02.prefab
SyntyGeneric,SM_Gen_Prop_Food_Meat_03,82,0.30,0.05,0.14,Assets/Synty/PolygonGeneric/Prefabs/Props/SM_Gen_Prop_Food_Meat_03.prefab
SyntyGeneric,SM_Gen_Prop_Food_Meat_04,92,0.44,0.07,0.21,Assets/Synty/PolygonGeneric/Prefabs/Props/SM_Gen_Prop_Food_Meat_04.prefab
SyntyGeneric,SM_Gen_Prop_Food_Meat_05,354,0.55,0.12,0.24,Assets/Synty/PolygonGeneric/Prefabs/Props/SM_Gen_Prop_Food_Meat_05.prefab
SyntyGeneric,SM_Gen_Prop_Food_Meat_06,192,0.45,0.10,0.25,Assets/Synty/PolygonGeneric/Prefabs/Props/SM_Gen_Prop_Food_Meat_06.prefab
SyntyGeneric,SM_Gen_Prop_Food_Vegetable_01,88,0.14,0.13,0.12,Assets/Synty/PolygonGeneric/Prefabs/Props/SM_Gen_Prop_Food_Vegetable_01.prefab
SyntyGeneric,SM_Gen_Prop_Food_Vegetable_02,264,0.26,0.13,0.23,Assets/Synty/PolygonGeneric/Prefabs/Props/SM_Gen_Prop_Food_Vegetable_02.prefab
SyntyGeneric,SM_Gen_Prop_Food_Vegetable_03,32,0.14,0.02,0.14,Assets/Synty/PolygonGeneric/Prefabs/Props/SM_Gen_Prop_Food_Vegetable_03.prefab
SyntyGeneric,SM_Gen_Prop_Food_Vegetable_04,116,0.12,0.14,0.65,Assets/Synty/PolygonGeneric/Prefabs/Props/SM_Gen_Prop_Food_Vegetable_04.prefab
SyntyGeneric,SM_Gen_Prop_Food_Vegetable_05,464,0.34,0.28,0.70,Assets/Synty/PolygonGeneric/Prefabs/Props/SM_Gen_Prop_Food_Vegetable_05.prefab
SyntyGeneric,SM_Gen_Prop_Food_Vegetable_06,48,0.07,0.07,0.23,Assets/Synty/PolygonGeneric/Prefabs/Props/SM_Gen_Prop_Food_Vegetable_06.prefab
SyntyGeneric,SM_Gen_Prop_Hook_01,40,0.11,0.12,0.27,Assets/Synty/PolygonGeneric/Prefabs/Props/SM_Gen_Prop_Hook_01.prefab
SyntyGeneric,SM_Gen_Prop_Key_01,164,0.23,0.07,0.02,Assets/Synty/PolygonGeneric/Prefabs/Props/SM_Gen_Prop_Key_01.prefab
SyntyGeneric,SM_Gen_Prop_Keypad_01,212,0.20,0.20,0.07,Assets/Synty/PolygonGeneric/Prefabs/Props/SM_Gen_Prop_Keypad_01.prefab
SyntyGeneric,SM_Gen_Prop_Lever_01,166,0.19,0.33,0.32,Assets/Synty/PolygonGeneric/Prefabs/Props/SM_Gen_Prop_Lever_01.prefab
SyntyGeneric,SM_Gen_Prop_Lever_02,382,0.21,0.41,0.27,Assets/Synty/PolygonGeneric/Prefabs/Props/SM_Gen_Prop_Lever_02.prefab
SyntyGeneric,SM_Gen_Prop_Light_Roof_01,2328,1.62,1.92,1.62,Assets/Synty/PolygonGeneric/Prefabs/Props/SM_Gen_Prop_Light_Roof_01.prefab
SyntyGeneric,SM_Gen_Prop_Light_Roof_02,908,1.63,0.80,0.29,Assets/Synty/PolygonGeneric/Prefabs/Props/SM_Gen_Prop_Light_Roof_02.prefab
SyntyGeneric,SM_Gen_Prop_Light_Roof_03,64,0.36,0.09,0.36,Assets/Synty/PolygonGeneric/Prefabs/Props/SM_Gen_Prop_Light_Roof_03.prefab
SyntyGeneric,SM_Gen_Prop_Light_Wall_01,740,0.33,1.04,0.67,Assets/Synty/PolygonGeneric/Prefabs/Props/SM_Gen_Prop_Light_Wall_01.prefab
SyntyGeneric,SM_Gen_Prop_Manhole_01,344,1.47,0.05,1.43,Assets/Synty/PolygonGeneric/Prefabs/Props/SM_Gen_Prop_Manhole_01.prefab
SyntyGeneric,SM_Gen_Prop_Medkit_01,208,0.49,0.18,0.51,Assets/Synty/PolygonGeneric/Prefabs/Props/SM_Gen_Prop_Medkit_01.prefab
SyntyGeneric,SM_Gen_Prop_Mug_01,140,0.20,0.16,0.12,Assets/Synty/PolygonGeneric/Prefabs/Props/SM_Gen_Prop_Mug_01.prefab
SyntyGeneric,SM_Gen_Prop_Papers_01,76,1.15,0.01,1.09,Assets/Synty/PolygonGeneric/Prefabs/Props/SM_Gen_Prop_Papers_01.prefab
SyntyGeneric,SM_Gen_Prop_Papers_02,60,0.99,0.01,1.23,Assets/Synty/PolygonGeneric/Prefabs/Props/SM_Gen_Prop_Papers_02.prefab
SyntyGeneric,SM_Gen_Prop_Papers_03,57,2.04,0.01,1.02,Assets/Synty/PolygonGeneric/Prefabs/Props/SM_Gen_Prop_Papers_03.prefab
SyntyGeneric,SM_Gen_Prop_Papers_04,103,0.98,0.01,0.97,Assets/Synty/PolygonGeneric/Prefabs/Props/SM_Gen_Prop_Papers_04.prefab
SyntyGeneric,SM_Gen_Prop_Papers_05,114,1.34,0.01,1.35,Assets/Synty/PolygonGeneric/Prefabs/Props/SM_Gen_Prop_Papers_05.prefab
SyntyGeneric,SM_Gen_Prop_Papers_06,93,2.05,0.01,1.03,Assets/Synty/PolygonGeneric/Prefabs/Props/SM_Gen_Prop_Papers_06.prefab
SyntyGeneric,SM_Gen_Prop_Plank_01,74,1.70,0.12,0.28,Assets/Synty/PolygonGeneric/Prefabs/Props/SM_Gen_Prop_Plank_01.prefab
SyntyGeneric,SM_Gen_Prop_Plank_02,78,1.77,0.11,0.28,Assets/Synty/PolygonGeneric/Prefabs/Props/SM_Gen_Prop_Plank_02.prefab
SyntyGeneric,SM_Gen_Prop_Plate_01,144,0.47,0.05,0.47,Assets/Synty/PolygonGeneric/Prefabs/Props/SM_Gen_Prop_Plate_01.prefab
SyntyGeneric,SM_Gen_Prop_Plinth_01,176,1.11,0.35,1.11,Assets/Synty/PolygonGeneric/Prefabs/Props/SM_Gen_Prop_Plinth_01.prefab
SyntyGeneric,SM_Gen_Prop_Plinth_02,218,0.81,0.71,0.81,Assets/Synty/PolygonGeneric/Prefabs/Props/SM_Gen_Prop_Plinth_02.prefab
SyntyGeneric,SM_Gen_Prop_Pot_01,206,0.35,0.66,0.35,Assets/Synty/PolygonGeneric/Prefabs/Props/SM_Gen_Prop_Pot_01.prefab
SyntyGeneric,SM_Gen_Prop_Pot_02,246,0.41,0.69,0.41,Assets/Synty/PolygonGeneric/Prefabs/Props/SM_Gen_Prop_Pot_02.prefab
SyntyGeneric,SM_Gen_Prop_Pot_03,228,0.61,0.85,0.59,Assets/Synty/PolygonGeneric/Prefabs/Props/SM_Gen_Prop_Pot_03.prefab
SyntyGeneric,SM_Gen_Prop_Pot_04,262,0.42,0.28,0.42,Assets/Synty/PolygonGeneric/Prefabs/Props/SM_Gen_Prop_Pot_04.prefab
SyntyGeneric,SM_Gen_Prop_Pot_05,198,0.54,0.47,0.54,Assets/Synty/PolygonGeneric/Prefabs/Props/SM_Gen_Prop_Pot_05.prefab
SyntyGeneric,SM_Gen_Prop_Potion_01,254,0.23,0.36,0.23,Assets/Synty/PolygonGeneric/Prefabs/Props/SM_Gen_Prop_Potion_01.prefab
SyntyGeneric,SM_Gen_Prop_Rope_01,40,0.04,3.00,0.04,Assets/Synty/PolygonGeneric/Prefabs/Props/SM_Gen_Prop_Rope_01.prefab
SyntyGeneric,SM_Gen_Prop_Rope_02,372,1.72,0.12,1.87,Assets/Synty/PolygonGeneric/Prefabs/Props/SM_Gen_Prop_Rope_02.prefab
SyntyGeneric,SM_Gen_Prop_Rope_03,216,1.17,0.06,1.19,Assets/Synty/PolygonGeneric/Prefabs/Props/SM_Gen_Prop_Rope_03.prefab
SyntyGeneric,SM_Gen_Prop_Rope_Knot_01,60,0.09,0.09,0.08,Assets/Synty/PolygonGeneric/Prefabs/Props/SM_Gen_Prop_Rope_Knot_01.prefab
SyntyGeneric,SM_Gen_Prop_Sack_01,234,0.33,0.58,0.48,Assets/Synty/PolygonGeneric/Prefabs/Props/SM_Gen_Prop_Sack_01.prefab
SyntyGeneric,SM_Gen_Prop_Sack_02,202,0.38,0.53,0.51,Assets/Synty/PolygonGeneric/Prefabs/Props/SM_Gen_Prop_Sack_02.prefab
SyntyGeneric,SM_Gen_Prop_Sack_03,176,0.31,0.49,0.46,Assets/Synty/PolygonGeneric/Prefabs/Props/SM_Gen_Prop_Sack_03.prefab
SyntyGeneric,SM_Gen_Prop_Sack_04,238,0.67,0.25,0.41,Assets/Synty/PolygonGeneric/Prefabs/Props/SM_Gen_Prop_Sack_04.prefab
SyntyGeneric,SM_Gen_Prop_Sack_05,200,0.65,0.27,0.40,Assets/Synty/PolygonGeneric/Prefabs/Props/SM_Gen_Prop_Sack_05.prefab
SyntyGeneric,SM_Gen_Prop_Sack_Stack_01,1452,1.00,0.96,1.00,Assets/Synty/PolygonGeneric/Prefabs/Props/SM_Gen_Prop_Sack_Stack_01.prefab
SyntyGeneric,SM_Gen_Prop_Sack_Stack_02,1452,0.75,0.80,1.29,Assets/Synty/PolygonGeneric/Prefabs/Props/SM_Gen_Prop_Sack_Stack_02.prefab
SyntyGeneric,SM_Gen_Prop_Screen_01,60,0.71,0.51,0.05,Assets/Synty/PolygonGeneric/Prefabs/Props/SM_Gen_Prop_Screen_01.prefab
SyntyGeneric,SM_Gen_Prop_Shelf_01,112,1.60,0.35,0.44,Assets/Synty/PolygonGeneric/Prefabs/Props/SM_Gen_Prop_Shelf_01.prefab
SyntyGeneric,SM_Gen_Prop_Shelf_02,1132,2.11,2.36,0.90,Assets/Synty/PolygonGeneric/Prefabs/Props/SM_Gen_Prop_Shelf_02.prefab
SyntyGeneric,SM_Gen_Prop_Shelf_03,236,1.86,2.17,0.51,Assets/Synty/PolygonGeneric/Prefabs/Props/SM_Gen_Prop_Shelf_03.prefab
SyntyGeneric,SM_Gen_Prop_Skull_01,78,0.28,0.26,0.29,Assets/Synty/PolygonGeneric/Prefabs/Props/SM_Gen_Prop_Skull_01.prefab
SyntyGeneric,SM_Gen_Prop_Statue_01,1008,1.09,1.80,0.63,Assets/Synty/PolygonGeneric/Prefabs/Props/SM_Gen_Prop_Statue_01.prefab
SyntyGeneric,SM_Gen_Prop_Statue_02,994,0.67,1.79,0.43,Assets/Synty/PolygonGeneric/Prefabs/Props/SM_Gen_Prop_Statue_02.prefab
SyntyGeneric,SM_Gen_Prop_Statue_03,994,0.72,1.78,0.99,Assets/Synty/PolygonGeneric/Prefabs/Props/SM_Gen_Prop_Statue_03.prefab
SyntyGeneric,SM_Gen_Prop_Statue_04,1028,1.10,1.78,0.55,Assets/Synty/PolygonGeneric/Prefabs/Props/SM_Gen_Prop_Statue_04.prefab
SyntyGeneric,SM_Gen_Prop_Statue_05,1748,0.74,2.85,0.75,Assets/Synty/PolygonGeneric/Prefabs/Props/SM_Gen_Prop_Statue_05.prefab
SyntyGeneric,SM_Gen_Prop_Switch_01,278,0.31,0.22,0.23,Assets/Synty/PolygonGeneric/Prefabs/Props/SM_Gen_Prop_Switch_01.prefab
SyntyGeneric,SM_Gen_Prop_Table_01,154,2.10,0.75,1.10,Assets/Synty/PolygonGeneric/Prefabs/Props/SM_Gen_Prop_Table_01.prefab
SyntyDarkFantasy,SM_Env_BackgroundHill_01,1296,22.54,5.53,22.26,Assets/Synty/PolygonDarkFantasy/Prefabs/Environment/SM_Env_BackgroundHill_01.prefab
SyntyDarkFantasy,SM_Env_BackgroundHill_02,390,14.43,5.46,14.45,Assets/Synty/PolygonDarkFantasy/Prefabs/Environment/SM_Env_BackgroundHill_02.prefab
SyntyDarkFantasy,SM_Env_Basalt_01,1142,7.41,11.64,4.83,Assets/Synty/PolygonDarkFantasy/Prefabs/Environment/SM_Env_Basalt_01.prefab
SyntyDarkFantasy,SM_Env_Basalt_02,900,9.55,17.59,5.39,Assets/Synty/PolygonDarkFantasy/Prefabs/Environment/SM_Env_Basalt_02.prefab
SyntyDarkFantasy,SM_Env_Basalt_03,514,4.57,2.73,4.04,Assets/Synty/PolygonDarkFantasy/Prefabs/Environment/SM_Env_Basalt_03.prefab
SyntyDarkFantasy,SM_Env_Basalt_04,564,8.15,5.91,2.78,Assets/Synty/PolygonDarkFantasy/Prefabs/Environment/SM_Env_Basalt_04.prefab
SyntyDarkFantasy,SM_Env_Basalt_05,618,4.00,6.89,3.78,Assets/Synty/PolygonDarkFantasy/Prefabs/Environment/SM_Env_Basalt_05.prefab
SyntyDarkFantasy,SM_Env_Cliff_Basalt_01,2873,18.73,19.95,7.99,Assets/Synty/PolygonDarkFantasy/Prefabs/Environment/SM_Env_Cliff_Basalt_01.prefab
SyntyDarkFantasy,SM_Env_Cliff_Basalt_02,2054,17.80,20.43,11.35,Assets/Synty/PolygonDarkFantasy/Prefabs/Environment/SM_Env_Cliff_Basalt_02.prefab
SyntyDarkFantasy,SM_Env_Cliff_Basalt_03,2638,18.31,22.18,7.97,Assets/Synty/PolygonDarkFantasy/Prefabs/Environment/SM_Env_Cliff_Basalt_03.prefab
SyntyDarkFantasy,SM_Env_Cliff_Basalt_04,1560,9.32,20.45,7.95,Assets/Synty/PolygonDarkFantasy/Prefabs/Environment/SM_Env_Cliff_Basalt_04.prefab
SyntyDarkFantasy,SM_Env_Cloud_01,280,333.92,82.56,80.42,Assets/Synty/PolygonDarkFantasy/Prefabs/Environment/SM_Env_Cloud_01.prefab
SyntyDarkFantasy,SM_Env_Cloud_02,252,364.59,85.26,128.53,Assets/Synty/PolygonDarkFantasy/Prefabs/Environment/SM_Env_Cloud_02.prefab
SyntyDarkFantasy,SM_Env_Cloud_03,490,351.51,99.22,194.37,Assets/Synty/PolygonDarkFantasy/Prefabs/Environment/SM_Env_Cloud_03.prefab
SyntyDarkFantasy,SM_Env_CloudRing_01,17198,2803.15,603.50,2711.27,Assets/Synty/PolygonDarkFantasy/Prefabs/Environment/SM_Env_CloudRing_01.prefab
SyntyDarkFantasy,SM_Env_Ground_Dirt_01,236,9.38,0.38,9.50,Assets/Synty/PolygonDarkFantasy/Prefabs/Environment/SM_Env_Ground_Dirt_01.prefab
SyntyDarkFantasy,SM_Env_Ground_Dirt_Flat_01,128,5.00,0.12,5.00,Assets/Synty/PolygonDarkFantasy/Prefabs/Environment/SM_Env_Ground_Dirt_Flat_01.prefab
SyntyDarkFantasy,SM_Env_Ground_Dirt_Round_01,319,7.80,0.09,7.52,Assets/Synty/PolygonDarkFantasy/Prefabs/Environment/SM_Env_Ground_Dirt_Round_01.prefab
SyntyDarkFantasy,SM_Env_Ground_Dirt_Small_01,116,3.72,0.29,3.68,Assets/Synty/PolygonDarkFantasy/Prefabs/Environment/SM_Env_Ground_Dirt_Small_01.prefab
SyntyDarkFantasy,SM_Env_Ground_Grass_01,236,9.38,0.38,9.50,Assets/Synty/PolygonDarkFantasy/Prefabs/Environment/SM_Env_Ground_Grass_01.prefab
SyntyDarkFantasy,SM_Env_Ground_Grass_Flat_01,128,5.00,0.17,5.00,Assets/Synty/PolygonDarkFantasy/Prefabs/Environment/SM_Env_Ground_Grass_Flat_01.prefab
SyntyDarkFantasy,SM_Env_Ground_Grass_Round_01,319,7.80,0.09,7.52,Assets/Synty/PolygonDarkFantasy/Prefabs/Environment/SM_Env_Ground_Grass_Round_01.prefab
SyntyDarkFantasy,SM_Env_Ground_Grass_Small_01,116,3.72,0.29,3.68,Assets/Synty/PolygonDarkFantasy/Prefabs/Environment/SM_Env_Ground_Grass_Small_01.prefab
SyntyDarkFantasy,SM_Env_Grunge_01,7,3.81,0.00,2.31,Assets/Synty/PolygonDarkFantasy/Prefabs/Environment/SM_Env_Grunge_01.prefab
SyntyDarkFantasy,SM_Env_Grunge_02,7,2.45,0.00,2.31,Assets/Synty/PolygonDarkFantasy/Prefabs/Environment/SM_Env_Grunge_02.prefab
SyntyDarkFantasy,SM_Env_Grunge_03,3,1.19,0.00,2.13,Assets/Synty/PolygonDarkFantasy/Prefabs/Environment/SM_Env_Grunge_03.prefab
SyntyDarkFantasy,SM_Env_Grunge_04,5,1.45,0.00,1.66,Assets/Synty/PolygonDarkFantasy/Prefabs/Environment/SM_Env_Grunge_04.prefab
SyntyDarkFantasy,SM_Env_Grunge_05,8,2.21,0.00,2.23,Assets/Synty/PolygonDarkFantasy/Prefabs/Environment/SM_Env_Grunge_05.prefab
SyntyDarkFantasy,SM_Env_Grunge_06,3,0.83,0.00,0.87,Assets/Synty/PolygonDarkFantasy/Prefabs/Environment/SM_Env_Grunge_06.prefab
SyntyDarkFantasy,SM_Env_Grunge_07,4,3.81,0.00,0.40,Assets/Synty/PolygonDarkFantasy/Prefabs/Environment/SM_Env_Grunge_07.prefab
SyntyDarkFantasy,SM_Env_Grunge_08,5,1.92,0.00,0.40,Assets/Synty/PolygonDarkFantasy/Prefabs/Environment/SM_Env_Grunge_08.prefab
SyntyDarkFantasy,SM_Env_Grunge_09,17,3.88,0.00,4.27,Assets/Synty/PolygonDarkFantasy/Prefabs/Environment/SM_Env_Grunge_09.prefab
SyntyDarkFantasy,SM_Env_Grunge_10,9,1.65,0.00,2.08,Assets/Synty/PolygonDarkFantasy/Prefabs/Environment/SM_Env_Grunge_10.prefab
SyntyDarkFantasy,SM_Env_Grunge_11,8,0.94,0.00,1.31,Assets/Synty/PolygonDarkFantasy/Prefabs/Environment/SM_Env_Grunge_11.prefab
SyntyDarkFantasy,SM_Env_Grunge_12,15,1.95,0.00,3.07,Assets/Synty/PolygonDarkFantasy/Prefabs/Environment/SM_Env_Grunge_12.prefab
SyntyDarkFantasy,SM_Env_Landslide_01,707,69.62,35.89,55.28,Assets/Synty/PolygonDarkFantasy/Prefabs/Environment/SM_Env_Landslide_01.prefab
SyntyDarkFantasy,SM_Env_Moss_01,3,1.90,0.00,1.78,Assets/Synty/PolygonDarkFantasy/Prefabs/Environment/SM_Env_Moss_01.prefab
SyntyDarkFantasy,SM_Env_Moss_02,2,1.34,0.00,0.85,Assets/Synty/PolygonDarkFantasy/Prefabs/Environment/SM_Env_Moss_02.prefab
SyntyDarkFantasy,SM_Env_Moss_03,2,0.79,0.00,0.79,Assets/Synty/PolygonDarkFantasy/Prefabs/Environment/SM_Env_Moss_03.prefab
SyntyDarkFantasy,SM_Env_Moss_04,2,1.24,0.00,0.89,Assets/Synty/PolygonDarkFantasy/Prefabs/Environment/SM_Env_Moss_04.prefab
SyntyDarkFantasy,SM_Env_Moss_05,2,0.51,0.00,0.67,Assets/Synty/PolygonDarkFantasy/Prefabs/Environment/SM_Env_Moss_05.prefab
SyntyDarkFantasy,SM_Env_Plant_Fern_01,448,1.41,0.86,1.29,Assets/Synty/PolygonDarkFantasy/Prefabs/Environment/SM_Env_Plant_Fern_01.prefab
SyntyDarkFantasy,SM_Env_Plant_Fern_02,252,1.62,1.03,1.66,Assets/Synty/PolygonDarkFantasy/Prefabs/Environment/SM_Env_Plant_Fern_02.prefab
SyntyDarkFantasy,SM_Env_Plant_Grass_01,506,0.96,0.70,0.49,Assets/Synty/PolygonDarkFantasy/Prefabs/Environment/SM_Env_Plant_Grass_01.prefab
SyntyDarkFantasy,SM_Env_Plant_Grass_02,238,1.11,0.99,1.29,Assets/Synty/PolygonDarkFantasy/Prefabs/Environment/SM_Env_Plant_Grass_02.prefab
SyntyDarkFantasy,SM_Env_Plant_Grass_Patch_01,602,3.09,0.73,2.57,Assets/Synty/PolygonDarkFantasy/Prefabs/Environment/SM_Env_Plant_Grass_Patch_01.prefab
SyntyDarkFantasy,SM_Env_Rock_01,196,2.93,1.53,1.48,Assets/Synty/PolygonDarkFantasy/Prefabs/Environment/SM_Env_Rock_01.prefab
SyntyDarkFantasy,SM_Env_Rock_02,172,1.89,1.15,1.38,Assets/Synty/PolygonDarkFantasy/Prefabs/Environment/SM_Env_Rock_02.prefab
SyntyDarkFantasy,SM_Env_Rock_03,110,1.34,1.00,0.93,Assets/Synty/PolygonDarkFantasy/Prefabs/Environment/SM_Env_Rock_03.prefab
SyntyDarkFantasy,SM_Env_Rock_Cliff_01,436,9.23,15.37,8.58,Assets/Synty/PolygonDarkFantasy/Prefabs/Environment/SM_Env_Rock_Cliff_01.prefab
SyntyDarkFantasy,SM_Env_Rock_Cliff_02,814,15.05,18.24,12.81,Assets/Synty/PolygonDarkFantasy/Prefabs/Environment/SM_Env_Rock_Cliff_02.prefab
SyntyDarkFantasy,SM_Env_Rock_Cliff_03,442,9.28,10.17,9.89,Assets/Synty/PolygonDarkFantasy/Prefabs/Environment/SM_Env_Rock_Cliff_03.prefab
SyntyDarkFantasy,SM_Env_Rock_Cliff_04,500,5.53,5.68,4.61,Assets/Synty/PolygonDarkFantasy/Prefabs/Environment/SM_Env_Rock_Cliff_04.prefab
SyntyDarkFantasy,SM_Env_Rock_Cliff_05,460,5.26,5.95,5.56,Assets/Synty/PolygonDarkFantasy/Prefabs/Environment/SM_Env_Rock_Cliff_05.prefab
SyntyDarkFantasy,SM_Env_Rock_Cliff_06,1100,10.93,5.96,5.80,Assets/Synty/PolygonDarkFantasy/Prefabs/Environment/SM_Env_Rock_Cliff_06.prefab
SyntyDarkFantasy,SM_Env_Rock_Cliff_Arch_01,1760,24.03,13.59,11.76,Assets/Synty/PolygonDarkFantasy/Prefabs/Environment/SM_Env_Rock_Cliff_Arch_01.prefab
SyntyDarkFantasy,SM_Env_Rock_Stairs_01,132,2.61,2.06,2.30,Assets/Synty/PolygonDarkFantasy/Prefabs/Environment/SM_Env_Rock_Stairs_01.prefab
SyntyDarkFantasy,SM_Env_Rock_Stairs_02,218,2.61,2.84,3.72,Assets/Synty/PolygonDarkFantasy/Prefabs/Environment/SM_Env_Rock_Stairs_02.prefab
SyntyDarkFantasy,SM_Env_Rocks_Small_01,232,2.49,0.28,2.09,Assets/Synty/PolygonDarkFantasy/Prefabs/Environment/SM_Env_Rocks_Small_01.prefab
SyntyDarkFantasy,SM_Env_Rocks_Small_02,154,1.67,0.28,1.07,Assets/Synty/PolygonDarkFantasy/Prefabs/Environment/SM_Env_Rocks_Small_02.prefab
SyntyDarkFantasy,SM_Env_Shoreline_01,707,27.54,4.64,27.75,Assets/Synty/PolygonDarkFantasy/Prefabs/Environment/SM_Env_Shoreline_01.prefab
SyntyDarkFantasy,SM_Env_Skydome_01,12480,7.67,7.81,7.67,Assets/Synty/PolygonDarkFantasy/Prefabs/Environment/SM_Env_Skydome_01.prefab
SyntyDarkFantasy,SM_Env_Tree_Dead_01,671,2.96,3.41,2.15,Assets/Synty/PolygonDarkFantasy/Prefabs/Environment/SM_Env_Tree_Dead_01.prefab
SyntyDarkFantasy,SM_Env_Tree_Dead_02,1068,4.39,7.87,3.02,Assets/Synty/PolygonDarkFantasy/Prefabs/Environment/SM_Env_Tree_Dead_02.prefab
SyntyDarkFantasy,SM_Env_Tree_Dead_03,1065,8.63,7.49,4.89,Assets/Synty/PolygonDarkFantasy/Prefabs/Environment/SM_Env_Tree_Dead_03.prefab
SyntyDarkFantasy,SM_Env_Tree_Dead_04,1489,5.57,13.72,6.46,Assets/Synty/PolygonDarkFantasy/Prefabs/Environment/SM_Env_Tree_Dead_04.prefab
SyntyDarkFantasy,SM_Env_Tree_Trunk_01,748,2.51,1.68,1.79,Assets/Synty/PolygonDarkFantasy/Prefabs/Environment/SM_Env_Tree_Trunk_01.prefab
SyntyDarkFantasy,SM_Env_Vine_01,38,2.39,2.13,0.09,Assets/Synty/PolygonDarkFantasy/Prefabs/Environment/SM_Env_Vine_01.prefab
SyntyDarkFantasy,SM_Env_Vine_02,38,2.03,1.72,0.11,Assets/Synty/PolygonDarkFantasy/Prefabs/Environment/SM_Env_Vine_02.prefab
SyntyDarkFantasy,SM_Env_Vine_03,40,1.57,1.63,0.07,Assets/Synty/PolygonDarkFantasy/Prefabs/Environment/SM_Env_Vine_03.prefab
SyntyDarkFantasy,SM_Env_Vine_04,24,1.30,1.39,0.06,Assets/Synty/PolygonDarkFantasy/Prefabs/Environment/SM_Env_Vine_04.prefab
SyntyDarkFantasy,SM_Env_Vine_05,24,0.96,1.37,0.08,Assets/Synty/PolygonDarkFantasy/Prefabs/Environment/SM_Env_Vine_05.prefab
SyntyDarkFantasy,SM_Env_Vine_06,16,1.33,0.76,0.08,Assets/Synty/PolygonDarkFantasy/Prefabs/Environment/SM_Env_Vine_06.prefab
SyntyDarkFantasy,SM_Env_Vine_07,22,1.10,0.69,0.04,Assets/Synty/PolygonDarkFantasy/Prefabs/Environment/SM_Env_Vine_07.prefab
SyntyDarkFantasy,SM_Env_Vine_08,120,2.54,2.82,0.12,Assets/Synty/PolygonDarkFantasy/Prefabs/Environment/SM_Env_Vine_08.prefab
SyntyDarkFantasy,SM_Env_Vine_09,94,3.05,1.67,0.08,Assets/Synty/PolygonDarkFantasy/Prefabs/Environment/SM_Env_Vine_09.prefab
SyntyDarkFantasy,SM_Env_Vine_10,122,3.30,2.34,0.17,Assets/Synty/PolygonDarkFantasy/Prefabs/Environment/SM_Env_Vine_10.prefab
SyntyDarkFantasy,SM_Env_Vine_11,138,2.97,1.42,0.09,Assets/Synty/PolygonDarkFantasy/Prefabs/Environment/SM_Env_Vine_11.prefab
SyntyDarkFantasy,SM_Env_Vine_12,98,0.91,1.76,1.37,Assets/Synty/PolygonDarkFantasy/Prefabs/Environment/SM_Env_Vine_12.prefab
SyntyDarkFantasy,SM_Env_Vine_13,114,3.50,3.57,0.11,Assets/Synty/PolygonDarkFantasy/Prefabs/Environment/SM_Env_Vine_13.prefab
SyntyDarkFantasy,SM_Env_Vine_Draped_01,116,3.02,1.49,0.77,Assets/Synty/PolygonDarkFantasy/Prefabs/Environment/SM_Env_Vine_Draped_01.prefab
SyntyDarkFantasy,SM_Env_Vine_Draped_02,64,0.89,1.78,0.62,Assets/Synty/PolygonDarkFantasy/Prefabs/Environment/SM_Env_Vine_Draped_02.prefab
SyntyDarkFantasy,SM_Env_Vine_Draped_03,78,3.11,0.53,0.76,Assets/Synty/PolygonDarkFantasy/Prefabs/Environment/SM_Env_Vine_Draped_03.prefab
SyntyDarkFantasy,SM_Env_Vine_Pillar_01,119,0.66,2.24,0.63,Assets/Synty/PolygonDarkFantasy/Prefabs/Environment/SM_Env_Vine_Pillar_01.prefab
SyntyDarkFantasy,SM_Env_Vine_Pillar_02,37,0.60,1.38,0.53,Assets/Synty/PolygonDarkFantasy/Prefabs/Environment/SM_Env_Vine_Pillar_02.prefab
SyntyDarkFantasy,SM_Env_Vine_Pillar_03,76,1.60,2.34,1.09,Assets/Synty/PolygonDarkFantasy/Prefabs/Environment/SM_Env_Vine_Pillar_03.prefab
SyntyDarkFantasy,SM_Env_Vine_Pillar_04,234,1.67,5.71,1.59,Assets/Synty/PolygonDarkFantasy/Prefabs/Environment/SM_Env_Vine_Pillar_04.prefab
SyntyDarkFantasy,SM_Env_Vine_Pillar_Ornate_Rounded_01,304,1.20,3.00,1.26,Assets/Synty/PolygonDarkFantasy/Prefabs/Environment/SM_Env_Vine_Pillar_Ornate_Rounded_01.prefab
SyntyDarkFantasy,SM_Env_Vine_Pillar_Ornate_Rounded_02,169,1.16,2.24,1.26,Assets/Synty/PolygonDarkFantasy/Prefabs/Environment/SM_Env_Vine_Pillar_Ornate_Rounded_02.prefab
SyntyDarkFantasy,SM_Env_Vine_Pillar_Ornate_Rounded_03,135,1.16,1.56,1.26,Assets/Synty/PolygonDarkFantasy/Prefabs/Environment/SM_Env_Vine_Pillar_Ornate_Rounded_03.prefab
SyntyDarkFantasy,SM_Env_Vine_Pillar_Ornate_Square_01,30,0.92,2.68,1.09,Assets/Synty/PolygonDarkFantasy/Prefabs/Environment/SM_Env_Vine_Pillar_Ornate_Square_01.prefab
SyntyDarkFantasy,SM_Env_Vine_Pillar_Square_01,34,0.57,2.13,0.61,Assets/Synty/PolygonDarkFantasy/Prefabs/Environment/SM_Env_Vine_Pillar_Square_01.prefab
SyntyKaiju,SM_Env_Base_City_01,372,3.88,0.34,3.82,Assets/Synty/PolygonKaiju/Prefabs/Diorama/SM_Env_Base_City_01.prefab
SyntyKaiju,SM_Env_Base_Ocean_01,128,3.99,0.28,3.99,Assets/Synty/PolygonKaiju/Prefabs/Diorama/SM_Env_Base_Ocean_01.prefab
SyntyKaiju,SM_Env_Ocean_Waves_01,9248,3.96,0.51,3.96,Assets/Synty/PolygonKaiju/Prefabs/Diorama/SM_Env_Ocean_Waves_01.prefab
SyntyKaiju,SM_Prop_Diorama_Base_01,702,3.61,0.48,3.51,Assets/Synty/PolygonKaiju/Prefabs/Diorama/SM_Prop_Diorama_Base_01.prefab
SyntyKaiju,SM_Env_Cloud_01,280,0.67,0.17,0.16,Assets/Synty/PolygonKaiju/Prefabs/SM_Env_Cloud_01.prefab
SyntyKaiju,SM_Env_Cloud_02,252,0.73,0.17,0.26,Assets/Synty/PolygonKaiju/Prefabs/SM_Env_Cloud_02.prefab
SyntyKaiju,SM_Env_Cloud_03,490,0.70,0.20,0.39,Assets/Synty/PolygonKaiju/Prefabs/SM_Env_Cloud_03.prefab
SyntyKaiju,SM_Env_Cloud_Ring_01,17656,857.76,255.95,810.20,Assets/Synty/PolygonKaiju/Prefabs/SM_Env_Cloud_Ring_01.prefab
SyntyKaiju,SM_Env_Fissure_01,400,2.18,0.29,2.62,Assets/Synty/PolygonKaiju/Prefabs/SM_Env_Fissure_01.prefab
SyntyKaiju,SM_Env_Ocean_Waves_01_Splash_01,5280,1.15,0.47,1.93,Assets/Synty/PolygonKaiju/Prefabs/SM_Env_Ocean_Waves_01_Splash_01.prefab
SyntyKaiju,SM_Env_Ocean_Waves_01_Splash_02,840,0.48,0.28,0.44,Assets/Synty/PolygonKaiju/Prefabs/SM_Env_Ocean_Waves_01_Splash_02.prefab
SyntyKaiju,SM_Prop_Bridge_01,1632,1.51,1.25,0.97,Assets/Synty/PolygonKaiju/Prefabs/SM_Prop_Bridge_01.prefab
SyntyKaiju,SM_Prop_Bridge_Rubble_01,76,0.66,0.16,0.49,Assets/Synty/PolygonKaiju/Prefabs/SM_Prop_Bridge_Rubble_01.prefab
SyntyKaiju,SM_Prop_Bridge_Rubble_02,176,0.84,0.27,0.44,Assets/Synty/PolygonKaiju/Prefabs/SM_Prop_Bridge_Rubble_02.prefab
SyntyKaiju,SM_Prop_Bridge_Rubble_03,108,0.65,0.32,0.44,Assets/Synty/PolygonKaiju/Prefabs/SM_Prop_Bridge_Rubble_03.prefab
SyntyKaiju,SM_Prop_Bus_01,72,0.10,0.11,0.41,Assets/Synty/PolygonKaiju/Prefabs/SM_Prop_Bus_01.prefab
SyntyKaiju,SM_Prop_Car_01,76,0.09,0.07,0.26,Assets/Synty/PolygonKaiju/Prefabs/SM_Prop_Car_01.prefab
SyntyKaiju,SM_Prop_Crane_01,1468,0.54,0.68,0.08,Assets/Synty/PolygonKaiju/Prefabs/SM_Prop_Crane_01.prefab
SyntyKaiju,SM_Prop_Fishing_Boat_01,534,0.12,0.20,0.25,Assets/Synty/PolygonKaiju/Prefabs/SM_Prop_Fishing_Boat_01.prefab
SyntyKaiju,SM_Prop_Jet_01,848,0.21,0.09,0.32,Assets/Synty/PolygonKaiju/Prefabs/SM_Prop_Jet_01.prefab
SyntyKaiju,SM_Prop_Lightpole_01,110,0.03,0.42,0.21,Assets/Synty/PolygonKaiju/Prefabs/SM_Prop_Lightpole_01.prefab
SyntyKaiju,SM_Prop_Missle_01,60,0.02,0.02,0.11,Assets/Synty/PolygonKaiju/Prefabs/SM_Prop_Missle_01.prefab
SyntyKaiju,SM_Prop_Neon_Sign_01,464,0.17,0.09,0.01,Assets/Synty/PolygonKaiju/Prefabs/SM_Prop_Neon_Sign_01.prefab
SyntyKaiju,SM_Prop_Neon_Sign_02,200,0.07,0.09,0.01,Assets/Synty/PolygonKaiju/Prefabs/SM_Prop_Neon_Sign_02.prefab
SyntyKaiju,SM_Prop_Neon_Sign_03,552,0.22,0.09,0.01,Assets/Synty/PolygonKaiju/Prefabs/SM_Prop_Neon_Sign_03.prefab
SyntyKaiju,SM_Prop_Neon_Sign_04,688,0.31,0.09,0.01,Assets/Synty/PolygonKaiju/Prefabs/SM_Prop_Neon_Sign_04.prefab
SyntyKaiju,SM_Prop_Neon_Sign_05,304,0.09,0.31,0.01,Assets/Synty/PolygonKaiju/Prefabs/SM_Prop_Neon_Sign_05.prefab
SyntyKaiju,SM_Prop_Neon_Sign_06,452,0.18,0.11,0.01,Assets/Synty/PolygonKaiju/Prefabs/SM_Prop_Neon_Sign_06.prefab
SyntyKaiju,SM_Prop_Powerlines_01,476,2.15,0.49,0.19,Assets/Synty/PolygonKaiju/Prefabs/SM_Prop_Powerlines_01.prefab
SyntyKaiju,SM_Prop_Powerlines_02,384,1.51,0.49,0.44,Assets/Synty/PolygonKaiju/Prefabs/SM_Prop_Powerlines_02.prefab
SyntyKaiju,SM_Prop_Powerlines_03,376,1.30,0.49,0.52,Assets/Synty/PolygonKaiju/Prefabs/SM_Prop_Powerlines_03.prefab
SyntyKaiju,SM_Prop_Powerpole_01,92,0.19,0.49,0.07,Assets/Synty/PolygonKaiju/Prefabs/SM_Prop_Powerpole_01.prefab
SyntyKaiju,SM_Prop_Rock_01,512,0.94,0.13,0.41,Assets/Synty/PolygonKaiju/Prefabs/SM_Prop_Rock_01.prefab
SyntyKaiju,SM_Prop_Rock_02,370,0.53,0.17,0.49,Assets/Synty/PolygonKaiju/Prefabs/SM_Prop_Rock_02.prefab
SyntyKaiju,SM_Prop_Rock_03,538,0.52,0.20,0.50,Assets/Synty/PolygonKaiju/Prefabs/SM_Prop_Rock_03.prefab
SyntyKaiju,SM_Prop_Rock_04,134,0.49,0.25,0.49,Assets/Synty/PolygonKaiju/Prefabs/SM_Prop_Rock_04.prefab
SyntyKaiju,SM_Prop_Rock_05,80,0.49,0.17,0.49,Assets/Synty/PolygonKaiju/Prefabs/SM_Prop_Rock_05.prefab
SyntyKaiju,SM_Prop_Rock_06,28,0.20,0.09,0.20,Assets/Synty/PolygonKaiju/Prefabs/SM_Prop_Rock_06.prefab
SyntyKaiju,SM_Prop_Rock_07,48,0.39,0.12,0.23,Assets/Synty/PolygonKaiju/Prefabs/SM_Prop_Rock_07.prefab
SyntyKaiju,SM_Prop_Rock_Edge_01,389,0.50,0.16,0.47,Assets/Synty/PolygonKaiju/Prefabs/SM_Prop_Rock_Edge_01.prefab
SyntyKaiju,SM_Prop_Rock_Edge_02,346,0.94,0.19,0.35,Assets/Synty/PolygonKaiju/Prefabs/SM_Prop_Rock_Edge_02.prefab
SyntyKaiju,SM_Prop_Rock_Edge_03,330,0.56,0.21,0.38,Assets/Synty/PolygonKaiju/Prefabs/SM_Prop_Rock_Edge_03.prefab
SyntyKaiju,SM_Prop_Rubble_01,132,0.32,0.12,0.33,Assets/Synty/PolygonKaiju/Prefabs/SM_Prop_Rubble_01.prefab
SyntyKaiju,SM_Prop_Rubble_02,38,0.13,0.05,0.16,Assets/Synty/PolygonKaiju/Prefabs/SM_Prop_Rubble_02.prefab
SyntyKaiju,SM_Prop_Shipwreck_01,689,0.25,0.40,0.55,Assets/Synty/PolygonKaiju/Prefabs/SM_Prop_Shipwreck_01.prefab
SyntyKaiju,SM_Prop_Shipwreck_02,400,0.20,0.16,0.59,Assets/Synty/PolygonKaiju/Prefabs/SM_Prop_Shipwreck_02.prefab
SyntyKaiju,SM_Prop_Taxi_01,86,0.09,0.08,0.26,Assets/Synty/PolygonKaiju/Prefabs/SM_Prop_Taxi_01.prefab
SyntyKaiju,SM_Prop_Tree_01,58,0.23,0.44,0.22,Assets/Synty/PolygonKaiju/Prefabs/SM_Prop_Tree_01.prefab
SyntyKaiju,SM_Prop_Tree_02,78,0.24,0.44,0.22,Assets/Synty/PolygonKaiju/Prefabs/SM_Prop_Tree_02.prefab
SyntyKaiju,SM_Prop_Tree_03,38,0.21,0.42,0.22,Assets/Synty/PolygonKaiju/Prefabs/SM_Prop_Tree_03.prefab
SyntyKaiju,SM_Prop_Yacht_01,684,0.15,0.22,0.50,Assets/Synty/PolygonKaiju/Prefabs/SM_Prop_Yacht_01.prefab
MegaCityNature,SM_Nature_BigRock_01,52,9.30,6.90,8.91,Assets/JC_LP_MegaCity/Prefabs/Nature/SM_Nature_BigRock_01.prefab
MegaCityNature,SM_Nature_BigRock_02,54,10.15,5.70,8.24,Assets/JC_LP_MegaCity/Prefabs/Nature/SM_Nature_BigRock_02.prefab
MegaCityNature,SM_Nature_Grass_01,264,0.47,0.64,0.45,Assets/JC_LP_MegaCity/Prefabs/Nature/SM_Nature_Grass_01.prefab
MegaCityNature,SM_Nature_Grass_02,288,0.42,0.44,0.42,Assets/JC_LP_MegaCity/Prefabs/Nature/SM_Nature_Grass_02.prefab
MegaCityNature,SM_Nature_Landscape_01,1767,100.00,42.33,100.00,Assets/JC_LP_MegaCity/Prefabs/Nature/SM_Nature_Landscape_01.prefab
MegaCityNature,SM_Nature_Landscape_02,4583,100.00,20.55,100.00,Assets/JC_LP_MegaCity/Prefabs/Nature/SM_Nature_Landscape_02.prefab
MegaCityNature,SM_Nature_Landscape_03,312,100.00,11.95,100.00,Assets/JC_LP_MegaCity/Prefabs/Nature/SM_Nature_Landscape_03.prefab
MegaCityNature,SM_Nature_Landscape_04,1933,100.00,22.07,100.00,Assets/JC_LP_MegaCity/Prefabs/Nature/SM_Nature_Landscape_04.prefab
MegaCityNature,SM_Nature_Landscape_05,2153,100.00,21.54,100.00,Assets/JC_LP_MegaCity/Prefabs/Nature/SM_Nature_Landscape_05.prefab
MegaCityNature,SM_Nature_Landscape_06,2430,100.00,29.10,100.00,Assets/JC_LP_MegaCity/Prefabs/Nature/SM_Nature_Landscape_06.prefab
MegaCityNature,SM_Nature_Landscape_07,1545,100.00,37.04,100.00,Assets/JC_LP_MegaCity/Prefabs/Nature/SM_Nature_Landscape_07.prefab
MegaCityNature,SM_Nature_Landscape_08,1711,100.00,23.14,100.00,Assets/JC_LP_MegaCity/Prefabs/Nature/SM_Nature_Landscape_08.prefab
MegaCityNature,SM_Nature_Landscape_09,1821,100.00,29.53,100.00,Assets/JC_LP_MegaCity/Prefabs/Nature/SM_Nature_Landscape_09.prefab
MegaCityNature,SM_Nature_Landscape_10,2042,100.00,40.37,100.00,Assets/JC_LP_MegaCity/Prefabs/Nature/SM_Nature_Landscape_10.prefab
MegaCityNature,SM_Nature_Plant_01,700,1.69,0.81,1.71,Assets/JC_LP_MegaCity/Prefabs/Nature/SM_Nature_Plant_01.prefab
MegaCityNature,SM_Nature_Plant_02,740,0.88,0.55,0.82,Assets/JC_LP_MegaCity/Prefabs/Nature/SM_Nature_Plant_02.prefab
MegaCityNature,SM_Nature_Rock_01,122,0.98,1.17,1.11,Assets/JC_LP_MegaCity/Prefabs/Nature/SM_Nature_Rock_01.prefab
MegaCityNature,SM_Nature_Rock_02,144,1.03,0.64,0.96,Assets/JC_LP_MegaCity/Prefabs/Nature/SM_Nature_Rock_02.prefab
MegaCityNature,SM_Nature_Tree_01,1776,9.40,14.16,6.94,Assets/JC_LP_MegaCity/Prefabs/Nature/SM_Nature_Tree_01.prefab
MegaCityNature,SM_Nature_Tree_02,456,7.87,11.58,6.56,Assets/JC_LP_MegaCity/Prefabs/Nature/SM_Nature_Tree_02.prefab
MegaCityNature,SM_Nature_Tree_03,447,8.58,11.72,8.56,Assets/JC_LP_MegaCity/Prefabs/Nature/SM_Nature_Tree_03.prefab
MegaCityNature,SM_Nature_Tree_04,882,1.46,6.80,1.36,Assets/JC_LP_MegaCity/Prefabs/Nature/SM_Nature_Tree_04.prefab
MegaCityNature,SM_Nature_Tree_05,794,1.01,6.14,1.02,Assets/JC_LP_MegaCity/Prefabs/Nature/SM_Nature_Tree_05.prefab
MegaCityNature,SM_Nature_Tree_06,306,1.20,7.23,1.42,Assets/JC_LP_MegaCity/Prefabs/Nature/SM_Nature_Tree_06.prefab
MegaCityNature,SM_Nature_Tree_07,1411,2.48,5.44,2.16,Assets/JC_LP_MegaCity/Prefabs/Nature/SM_Nature_Tree_07.prefab
MegaCityNature,SM_Nature_Tree_08,1021,2.06,4.42,1.86,Assets/JC_LP_MegaCity/Prefabs/Nature/SM_Nature_Tree_08.prefab
MegaCityNature,SM_Nature_Tree_09,864,10.63,16.68,9.21,Assets/JC_LP_MegaCity/Prefabs/Nature/SM_Nature_Tree_09.prefab
MegaCityNature,SM_Nature_Tree_10,832,11.01,17.35,10.55,Assets/JC_LP_MegaCity/Prefabs/Nature/SM_Nature_Tree_10.prefab
MegaCityNature,SM_Nature_Tree_11,4978,4.32,7.35,4.07,Assets/JC_LP_MegaCity/Prefabs/Nature/SM_Nature_Tree_11.prefab
MegaCityNature,SM_Nature_Tree_12,3546,3.04,5.57,2.94,Assets/JC_LP_MegaCity/Prefabs/Nature/SM_Nature_Tree_12.prefab
MegaCityFloorProps,SM_FloorProps_01,1658,0.36,0.64,0.36,Assets/JC_LP_MegaCity/Prefabs/FloorProps/SM_FloorProps_01.prefab
MegaCityFloorProps,SM_FloorProps_02,222,0.27,0.43,0.27,Assets/JC_LP_MegaCity/Prefabs/FloorProps/SM_FloorProps_02.prefab
MegaCityFloorProps,SM_FloorProps_03,792,1.57,0.67,0.42,Assets/JC_LP_MegaCity/Prefabs/FloorProps/SM_FloorProps_03.prefab
MegaCityFloorProps,SM_FloorProps_04,300,1.56,0.95,0.77,Assets/JC_LP_MegaCity/Prefabs/FloorProps/SM_FloorProps_04.prefab
MegaCityFloorProps,SM_FloorProps_05,308,0.22,0.90,0.22,Assets/JC_LP_MegaCity/Prefabs/FloorProps/SM_FloorProps_05.prefab
MegaCityFloorProps,SM_FloorProps_06,268,4.99,0.03,0.41,Assets/JC_LP_MegaCity/Prefabs/FloorProps/SM_FloorProps_06.prefab
MegaCityFloorProps,SM_FloorProps_07,966,0.87,0.08,0.87,Assets/JC_LP_MegaCity/Prefabs/FloorProps/SM_FloorProps_07.prefab
MegaCityFloorProps,SM_FloorProps_08,1690,4.34,5.34,1.00,Assets/JC_LP_MegaCity/Prefabs/FloorProps/SM_FloorProps_08.prefab
MegaCityFloorProps,SM_FloorProps_09,1212,4.24,5.24,0.84,Assets/JC_LP_MegaCity/Prefabs/FloorProps/SM_FloorProps_09.prefab
MegaCityFloorProps,SM_FloorProps_10,1212,4.24,5.24,0.84,Assets/JC_LP_MegaCity/Prefabs/FloorProps/SM_FloorProps_10.prefab
MegaCityFloorProps,SM_FloorProps_BusStation_01,1936,3.58,2.74,1.53,Assets/JC_LP_MegaCity/Prefabs/FloorProps/SM_FloorProps_BusStation_01.prefab
MegaCityFloorProps,SM_FloorProps_Fence_01,38,2.50,0.77,0.22,Assets/JC_LP_MegaCity/Prefabs/FloorProps/SM_FloorProps_Fence_01.prefab
MegaCityFloorProps,SM_FloorProps_Fence_02,10,2.50,0.77,0.20,Assets/JC_LP_MegaCity/Prefabs/FloorProps/SM_FloorProps_Fence_02.prefab
MegaCityFloorProps,SM_FloorProps_Fence_03,58,0.46,0.94,0.46,Assets/JC_LP_MegaCity/Prefabs/FloorProps/SM_FloorProps_Fence_03.prefab
MegaCityFloorProps,SM_FloorProps_Fence_04,90,2.15,2.27,0.40,Assets/JC_LP_MegaCity/Prefabs/FloorProps/SM_FloorProps_Fence_04.prefab
MegaCityFloorProps,SM_FloorProps_Fence_05,198,2.37,2.42,2.37,Assets/JC_LP_MegaCity/Prefabs/FloorProps/SM_FloorProps_Fence_05.prefab
MegaCityFloorProps,SM_FloorProps_Fence_06,252,5.00,2.29,0.38,Assets/JC_LP_MegaCity/Prefabs/FloorProps/SM_FloorProps_Fence_06.prefab
MegaCityFloorProps,SM_FloorProps_Fence_07,132,2.50,2.25,0.38,Assets/JC_LP_MegaCity/Prefabs/FloorProps/SM_FloorProps_Fence_07.prefab
MegaCityFloorProps,SM_FloorProps_Fence_08,58,0.50,2.00,0.50,Assets/JC_LP_MegaCity/Prefabs/FloorProps/SM_FloorProps_Fence_08.prefab
MegaCityFloorProps,SM_FloorProps_Light_01,476,0.32,5.11,2.48,Assets/JC_LP_MegaCity/Prefabs/FloorProps/SM_FloorProps_Light_01.prefab
MegaCityFloorProps,SM_FloorProps_Light_02,2190,0.99,3.01,0.47,Assets/JC_LP_MegaCity/Prefabs/FloorProps/SM_FloorProps_Light_02.prefab
MegaCityFloorProps,SM_FloorProps_RoadSign_01,614,0.65,2.75,0.06,Assets/JC_LP_MegaCity/Prefabs/FloorProps/SM_FloorProps_RoadSign_01.prefab
MegaCityFloorProps,SM_FloorProps_RoadSign_02,623,0.65,2.75,0.06,Assets/JC_LP_MegaCity/Prefabs/FloorProps/SM_FloorProps_RoadSign_02.prefab
MegaCityFloorProps,SM_FloorProps_RoadSign_03,649,0.65,2.75,0.06,Assets/JC_LP_MegaCity/Prefabs/FloorProps/SM_FloorProps_RoadSign_03.prefab
MegaCityFloorProps,SM_FloorProps_RoadSign_04,653,0.65,2.75,0.06,Assets/JC_LP_MegaCity/Prefabs/FloorProps/SM_FloorProps_RoadSign_04.prefab
MegaCityFloorProps,SM_FloorProps_RoadSign_05,673,0.65,2.75,0.06,Assets/JC_LP_MegaCity/Prefabs/FloorProps/SM_FloorProps_RoadSign_05.prefab
MegaCityFloorProps,SM_FloorProps_RoadSign_06,72,0.83,2.74,0.06,Assets/JC_LP_MegaCity/Prefabs/FloorProps/SM_FloorProps_RoadSign_06.prefab
MegaCityFloorProps,SM_FloorProps_RoadSign_07,316,0.75,2.69,0.06,Assets/JC_LP_MegaCity/Prefabs/FloorProps/SM_FloorProps_RoadSign_07.prefab
MegaCityFloorProps,SM_FloorProps_RoadSign_08,233,0.78,2.90,0.06,Assets/JC_LP_MegaCity/Prefabs/FloorProps/SM_FloorProps_RoadSign_08.prefab
MegaCityFloorProps,SM_FloorProps_RoadSign_09,148,0.68,2.69,0.05,Assets/JC_LP_MegaCity/Prefabs/FloorProps/SM_FloorProps_RoadSign_09.prefab
MegaCityFloorProps,SM_FloorProps_RoadSign_10,62,0.78,2.69,0.06,Assets/JC_LP_MegaCity/Prefabs/FloorProps/SM_FloorProps_RoadSign_10.prefab
MegaCityFloorProps,SM_FloorProps_RoadSign_11,123,0.61,2.63,0.06,Assets/JC_LP_MegaCity/Prefabs/FloorProps/SM_FloorProps_RoadSign_11.prefab
MegaCityFloorProps,SM_FloorProps_RoadSign_12,123,0.61,2.63,0.06,Assets/JC_LP_MegaCity/Prefabs/FloorProps/SM_FloorProps_RoadSign_12.prefab
MegaCityFloorProps,SM_FloorProps_RoadSign_13,123,0.61,2.63,0.06,Assets/JC_LP_MegaCity/Prefabs/FloorProps/SM_FloorProps_RoadSign_13.prefab
MegaCityFloorProps,SM_FloorProps_RoadSign_14,293,0.68,2.69,0.06,Assets/JC_LP_MegaCity/Prefabs/FloorProps/SM_FloorProps_RoadSign_14.prefab
MegaCityFloorProps,SM_FloorProps_RoadSign_15,102,0.78,2.90,0.06,Assets/JC_LP_MegaCity/Prefabs/FloorProps/SM_FloorProps_RoadSign_15.prefab
MegaCityFloorProps,SM_FloorProps_RoadSign_16,161,0.61,2.63,0.06,Assets/JC_LP_MegaCity/Prefabs/FloorProps/SM_FloorProps_RoadSign_16.prefab
MegaCityFloorProps,SM_FloorProps_RoadSign_17,118,0.68,2.69,0.06,Assets/JC_LP_MegaCity/Prefabs/FloorProps/SM_FloorProps_RoadSign_17.prefab
MegaCityFloorProps,SM_FloorProps_RoadSign_18,252,0.83,2.74,0.06,Assets/JC_LP_MegaCity/Prefabs/FloorProps/SM_FloorProps_RoadSign_18.prefab
MegaCityFloorProps,SM_FloorProps_RoadSign_19,376,0.65,2.75,0.06,Assets/JC_LP_MegaCity/Prefabs/FloorProps/SM_FloorProps_RoadSign_19.prefab
MegaCityFloorProps,SM_FloorProps_RoadSign_20,376,0.65,2.75,0.06,Assets/JC_LP_MegaCity/Prefabs/FloorProps/SM_FloorProps_RoadSign_20.prefab
MegaCityFloorProps,SM_FloorProps_RoadSign_21,656,0.65,2.75,0.07,Assets/JC_LP_MegaCity/Prefabs/FloorProps/SM_FloorProps_RoadSign_21.prefab
MegaCityFloorProps,SM_FloorProps_RoadSign_22,803,0.65,2.75,0.07,Assets/JC_LP_MegaCity/Prefabs/FloorProps/SM_FloorProps_RoadSign_22.prefab
MegaCityFloorProps,SM_FloorProps_RoadSign_23,123,0.61,2.63,0.06,Assets/JC_LP_MegaCity/Prefabs/FloorProps/SM_FloorProps_RoadSign_23.prefab
MegaCityFloorProps,SM_FloorProps_RoadSign_24,123,0.61,2.63,0.06,Assets/JC_LP_MegaCity/Prefabs/FloorProps/SM_FloorProps_RoadSign_24.prefab
MegaCityFloorProps,SM_FloorProps_RoadSign_25,675,0.83,2.74,0.06,Assets/JC_LP_MegaCity/Prefabs/FloorProps/SM_FloorProps_RoadSign_25.prefab
MegaCityFloorProps,SM_FloorProps_RoadSign_26,1024,10.63,6.91,1.29,Assets/JC_LP_MegaCity/Prefabs/FloorProps/SM_FloorProps_RoadSign_26.prefab
MegaCityFloorProps,SM_FloorProps_RoadSign_27,535,2.33,1.61,0.06,Assets/JC_LP_MegaCity/Prefabs/FloorProps/SM_FloorProps_RoadSign_27.prefab
MegaCityFloorProps,SM_FloorProps_RoadSign_28,393,2.33,1.61,0.05,Assets/JC_LP_MegaCity/Prefabs/FloorProps/SM_FloorProps_RoadSign_28.prefab
MegaCityFloorProps,SM_FloorProps_RoadSign_29,445,2.33,1.61,0.06,Assets/JC_LP_MegaCity/Prefabs/FloorProps/SM_FloorProps_RoadSign_29.prefab
MegaCityFloorProps,SM_FloorProps_RoadSign_30,303,2.33,1.61,0.05,Assets/JC_LP_MegaCity/Prefabs/FloorProps/SM_FloorProps_RoadSign_30.prefab
MegaCityFloorProps,SM_FloorProps_RoadSign_31,513,2.33,1.61,0.07,Assets/JC_LP_MegaCity/Prefabs/FloorProps/SM_FloorProps_RoadSign_31.prefab
MegaCityFloorProps,SM_FloorProps_RoadSign_32,371,2.33,1.61,0.07,Assets/JC_LP_MegaCity/Prefabs/FloorProps/SM_FloorProps_RoadSign_32.prefab
MegaCityFloorProps,SM_FloorProps_RoadSign_33,605,2.33,1.61,0.06,Assets/JC_LP_MegaCity/Prefabs/FloorProps/SM_FloorProps_RoadSign_33.prefab
MegaCityFloorProps,SM_FloorProps_RoadSign_34,463,2.33,1.61,0.05,Assets/JC_LP_MegaCity/Prefabs/FloorProps/SM_FloorProps_RoadSign_34.prefab
MegaCityFloorProps,SM_FloorProps_RoadSign_35,504,2.33,1.61,0.06,Assets/JC_LP_MegaCity/Prefabs/FloorProps/SM_FloorProps_RoadSign_35.prefab
MegaCityFloorProps,SM_FloorProps_RoadSign_36,372,2.33,1.61,0.06,Assets/JC_LP_MegaCity/Prefabs/FloorProps/SM_FloorProps_RoadSign_36.prefab
MegaCityFloorProps,SM_FloorProps_RoadSign_37,571,2.33,1.61,0.06,Assets/JC_LP_MegaCity/Prefabs/FloorProps/SM_FloorProps_RoadSign_37.prefab
MegaCityFloorProps,SM_FloorProps_RoadSign_38,429,2.33,1.61,0.05,Assets/JC_LP_MegaCity/Prefabs/FloorProps/SM_FloorProps_RoadSign_38.prefab
MegaCityFloorProps,SM_FloorProps_RoadSign_39,746,2.33,1.61,0.06,Assets/JC_LP_MegaCity/Prefabs/FloorProps/SM_FloorProps_RoadSign_39.prefab
MegaCityFloorProps,SM_FloorProps_RoadSign_40,604,2.33,1.61,0.05,Assets/JC_LP_MegaCity/Prefabs/FloorProps/SM_FloorProps_RoadSign_40.prefab
MegaCityFloorProps,SM_FloorProps_RoadSign_41,405,2.33,1.61,0.06,Assets/JC_LP_MegaCity/Prefabs/FloorProps/SM_FloorProps_RoadSign_41.prefab
MegaCityFloorProps,SM_FloorProps_RoadSign_42,263,2.33,1.61,0.05,Assets/JC_LP_MegaCity/Prefabs/FloorProps/SM_FloorProps_RoadSign_42.prefab
MegaCityFloorProps,SM_FloorProps_RoadSign_43,858,0.73,2.66,0.07,Assets/JC_LP_MegaCity/Prefabs/FloorProps/SM_FloorProps_RoadSign_43.prefab
MegaCityFloorProps,SM_FloorProps_RoadSign_44,1039,0.89,2.90,0.05,Assets/JC_LP_MegaCity/Prefabs/FloorProps/SM_FloorProps_RoadSign_44.prefab
MegaCityFloorProps,SM_FloorProps_TrafficLight_01,746,2.06,5.56,0.42,Assets/JC_LP_MegaCity/Prefabs/FloorProps/SM_FloorProps_TrafficLight_01.prefab
MegaCityFloorProps,SM_FloorProps_TrafficLight_02,1050,5.33,5.54,0.56,Assets/JC_LP_MegaCity/Prefabs/FloorProps/SM_FloorProps_TrafficLight_02.prefab
MegaCityIndustrial,SM_IndustrialProps_Barrel_01,124,0.49,0.85,0.49,Assets/JC_LP_MegaCity/Prefabs/IndustrialProps/SM_IndustrialProps_Barrel_01.prefab
MegaCityIndustrial,SM_IndustrialProps_Barrel_02,568,0.60,0.88,0.60,Assets/JC_LP_MegaCity/Prefabs/IndustrialProps/SM_IndustrialProps_Barrel_02.prefab
MegaCityIndustrial,SM_IndustrialProps_Barrel_03,604,0.60,0.88,0.60,Assets/JC_LP_MegaCity/Prefabs/IndustrialProps/SM_IndustrialProps_Barrel_03.prefab
MegaCityIndustrial,SM_IndustrialProps_Barrel_04,682,0.60,0.88,0.60,Assets/JC_LP_MegaCity/Prefabs/IndustrialProps/SM_IndustrialProps_Barrel_04.prefab
MegaCityIndustrial,SM_IndustrialProps_Construction_01,1560,1.69,1.28,1.58,Assets/JC_LP_MegaCity/Prefabs/IndustrialProps/SM_IndustrialProps_Construction_01.prefab
MegaCityIndustrial,SM_IndustrialProps_Construction_02,412,0.59,2.03,0.82,Assets/JC_LP_MegaCity/Prefabs/IndustrialProps/SM_IndustrialProps_Construction_02.prefab
MegaCityIndustrial,SM_IndustrialProps_Construction_03,60,4.85,0.27,0.32,Assets/JC_LP_MegaCity/Prefabs/IndustrialProps/SM_IndustrialProps_Construction_03.prefab
MegaCityIndustrial,SM_IndustrialProps_Construction_04,5760,1.46,0.69,0.71,Assets/JC_LP_MegaCity/Prefabs/IndustrialProps/SM_IndustrialProps_Construction_04.prefab
MegaCityIndustrial,SM_IndustrialProps_Construction_05,692,1.25,1.11,1.25,Assets/JC_LP_MegaCity/Prefabs/IndustrialProps/SM_IndustrialProps_Construction_05.prefab
MegaCityIndustrial,SM_IndustrialProps_Fence_01,292,5.00,2.56,0.21,Assets/JC_LP_MegaCity/Prefabs/IndustrialProps/SM_IndustrialProps_Fence_01.prefab
MegaCityIndustrial,SM_IndustrialProps_Fence_02,360,2.68,2.56,2.68,Assets/JC_LP_MegaCity/Prefabs/IndustrialProps/SM_IndustrialProps_Fence_02.prefab
MegaCityIndustrial,SM_IndustrialProps_Fence_03,616,5.00,2.56,0.27,Assets/JC_LP_MegaCity/Prefabs/IndustrialProps/SM_IndustrialProps_Fence_03.prefab
MegaCityIndustrial,SM_IndustrialProps_Fence_04,192,2.50,2.56,0.21,Assets/JC_LP_MegaCity/Prefabs/IndustrialProps/SM_IndustrialProps_Fence_04.prefab
MegaCityIndustrial,SM_IndustrialProps_Fence_05,52,3.57,2.20,0.07,Assets/JC_LP_MegaCity/Prefabs/IndustrialProps/SM_IndustrialProps_Fence_05.prefab
MegaCityIndustrial,SM_IndustrialProps_Fence_06,40,3.53,2.20,0.07,Assets/JC_LP_MegaCity/Prefabs/IndustrialProps/SM_IndustrialProps_Fence_06.prefab
MegaCityIndustrial,SM_IndustrialProps_Generator_01,656,1.27,1.33,1.95,Assets/JC_LP_MegaCity/Prefabs/IndustrialProps/SM_IndustrialProps_Generator_01.prefab
MegaCityIndustrial,SM_IndustrialProps_Light_01,544,0.61,1.51,0.54,Assets/JC_LP_MegaCity/Prefabs/IndustrialProps/SM_IndustrialProps_Light_01.prefab
MegaCityIndustrial,SM_IndustrialProps_ShippingContainer_01,1508,2.50,2.90,12.10,Assets/JC_LP_MegaCity/Prefabs/IndustrialProps/SM_IndustrialProps_ShippingContainer_01.prefab
MegaCityIndustrial,SM_IndustrialProps_ShippingContainer_02,1508,2.50,2.90,12.10,Assets/JC_LP_MegaCity/Prefabs/IndustrialProps/SM_IndustrialProps_ShippingContainer_02.prefab
MegaCityIndustrial,SM_IndustrialProps_ShippingContainer_03,1508,2.50,2.90,12.10,Assets/JC_LP_MegaCity/Prefabs/IndustrialProps/SM_IndustrialProps_ShippingContainer_03.prefab
MegaCityIndustrial,SM_IndustrialProps_TowerCrane_01,5518,20.38,23.07,2.50,Assets/JC_LP_MegaCity/Prefabs/IndustrialProps/SM_IndustrialProps_TowerCrane_01.prefab
MegaCityIndustrial,SM_IndustrialProps_Truck_01,2666,2.15,3.28,6.17,Assets/JC_LP_MegaCity/Prefabs/IndustrialProps/SM_IndustrialProps_Truck_01.prefab
MegaCityIndustrial,SM_IndustrialProps_Truck_02,2666,2.15,3.28,6.17,Assets/JC_LP_MegaCity/Prefabs/IndustrialProps/SM_IndustrialProps_Truck_02.prefab
MegaCityIndustrial,SM_IndustrialProps_WC_01,524,1.32,2.46,1.17,Assets/JC_LP_MegaCity/Prefabs/IndustrialProps/SM_IndustrialProps_WC_01.prefab
MegaCityIndustrial,SM_IndustrialProps_Wheel_01,704,0.84,0.32,0.84,Assets/JC_LP_MegaCity/Prefabs/IndustrialProps/SM_IndustrialProps_Wheel_01.prefab
MegaCityIndustrial,SM_IndustrialProps_Wheel_02,1344,0.85,0.32,0.85,Assets/JC_LP_MegaCity/Prefabs/IndustrialProps/SM_IndustrialProps_Wheel_02.prefab
MegaCityProps,SM_Props_Ads_01,424,0.94,1.92,0.19,Assets/JC_LP_MegaCity/Prefabs/Props/SM_Props_Ads_01.prefab
MegaCityProps,SM_Props_Ads_02,424,0.94,1.92,0.19,Assets/JC_LP_MegaCity/Prefabs/Props/SM_Props_Ads_02.prefab
MegaCityProps,SM_Props_Ads_03,424,0.94,1.92,0.19,Assets/JC_LP_MegaCity/Prefabs/Props/SM_Props_Ads_03.prefab
MegaCityProps,SM_Props_Ads_04,424,0.94,1.92,0.19,Assets/JC_LP_MegaCity/Prefabs/Props/SM_Props_Ads_04.prefab
MegaCityProps,SM_Props_Ads_05,424,0.94,1.92,0.19,Assets/JC_LP_MegaCity/Prefabs/Props/SM_Props_Ads_05.prefab
MegaCityProps,SM_Props_Ads_06,424,0.94,1.92,0.19,Assets/JC_LP_MegaCity/Prefabs/Props/SM_Props_Ads_06.prefab
MegaCityProps,SM_Props_Ads_07,424,0.94,1.92,0.19,Assets/JC_LP_MegaCity/Prefabs/Props/SM_Props_Ads_07.prefab
MegaCityProps,SM_Props_Ads_08,424,0.94,1.92,0.19,Assets/JC_LP_MegaCity/Prefabs/Props/SM_Props_Ads_08.prefab
MegaCityProps,SM_Props_ArcadeMachine_01,488,0.72,1.72,0.78,Assets/JC_LP_MegaCity/Prefabs/Props/SM_Props_ArcadeMachine_01.prefab
MegaCityProps,SM_Props_ArcadeMachine_02,488,0.72,1.72,0.78,Assets/JC_LP_MegaCity/Prefabs/Props/SM_Props_ArcadeMachine_02.prefab
MegaCityProps,SM_Props_Bank_01,300,0.85,1.76,0.66,Assets/JC_LP_MegaCity/Prefabs/Props/SM_Props_Bank_01.prefab
MegaCityProps,SM_Props_Bank_02,300,0.85,1.76,0.66,Assets/JC_LP_MegaCity/Prefabs/Props/SM_Props_Bank_02.prefab
MegaCityProps,SM_Props_BarProps_01,232,0.46,1.26,0.46,Assets/JC_LP_MegaCity/Prefabs/Props/SM_Props_BarProps_01.prefab
MegaCityProps,SM_Props_BarProps_02,292,0.46,1.26,0.46,Assets/JC_LP_MegaCity/Prefabs/Props/SM_Props_BarProps_02.prefab
MegaCityProps,SM_Props_BarProps_03,88,0.69,1.31,0.69,Assets/JC_LP_MegaCity/Prefabs/Props/SM_Props_BarProps_03.prefab
MegaCityProps,SM_Props_Bench_01,72,1.71,0.50,0.41,Assets/JC_LP_MegaCity/Prefabs/Props/SM_Props_Bench_01.prefab
MegaCityProps,SM_Props_Box_01,44,0.48,0.33,0.47,Assets/JC_LP_MegaCity/Prefabs/Props/SM_Props_Box_01.prefab
MegaCityProps,SM_Props_Box_02,44,0.48,0.33,0.47,Assets/JC_LP_MegaCity/Prefabs/Props/SM_Props_Box_02.prefab
MegaCityProps,SM_Props_Box_03,44,0.27,0.34,0.40,Assets/JC_LP_MegaCity/Prefabs/Props/SM_Props_Box_03.prefab
MegaCityProps,SM_Props_Box_04,88,0.34,0.21,0.34,Assets/JC_LP_MegaCity/Prefabs/Props/SM_Props_Box_04.prefab
MegaCityProps,SM_Props_Box_05,88,0.34,0.29,0.34,Assets/JC_LP_MegaCity/Prefabs/Props/SM_Props_Box_05.prefab
MegaCityProps,SM_Props_Box_06,88,0.36,0.16,0.35,Assets/JC_LP_MegaCity/Prefabs/Props/SM_Props_Box_06.prefab
MegaCityProps,SM_Props_Cafe_01,60,1.16,0.83,1.16,Assets/JC_LP_MegaCity/Prefabs/Props/SM_Props_Cafe_01.prefab
MegaCityProps,SM_Props_Cafe_02,88,1.25,0.83,1.25,Assets/JC_LP_MegaCity/Prefabs/Props/SM_Props_Cafe_02.prefab
MegaCityProps,SM_Props_Cafe_04,580,0.44,1.00,0.45,Assets/JC_LP_MegaCity/Prefabs/Props/SM_Props_Cafe_04.prefab
MegaCityProps,SM_Props_Cafe_05,232,0.44,1.00,0.45,Assets/JC_LP_MegaCity/Prefabs/Props/SM_Props_Cafe_05.prefab
MegaCityProps,SM_Props_Cafe_06,244,0.54,0.92,0.49,Assets/JC_LP_MegaCity/Prefabs/Props/SM_Props_Cafe_06.prefab
MegaCityProps,SM_Props_Cafe_07,236,0.81,0.80,0.77,Assets/JC_LP_MegaCity/Prefabs/Props/SM_Props_Cafe_07.prefab
MegaCityProps,SM_Props_Cafe_08,416,2.87,2.79,2.87,Assets/JC_LP_MegaCity/Prefabs/Props/SM_Props_Cafe_08.prefab
MegaCityProps,SM_Props_Cafe_09,416,2.87,2.79,2.87,Assets/JC_LP_MegaCity/Prefabs/Props/SM_Props_Cafe_09.prefab
MegaCityProps,SM_Props_Cafe_10,416,2.87,2.79,2.87,Assets/JC_LP_MegaCity/Prefabs/Props/SM_Props_Cafe_10.prefab
MegaCityProps,SM_Props_Cafe_11,160,0.56,0.82,0.40,Assets/JC_LP_MegaCity/Prefabs/Props/SM_Props_Cafe_11.prefab
MegaCityProps,SM_Props_Cafe_12,184,0.56,0.82,0.40,Assets/JC_LP_MegaCity/Prefabs/Props/SM_Props_Cafe_12.prefab
MegaCityProps,SM_Props_Cafe_13,140,0.52,1.00,0.57,Assets/JC_LP_MegaCity/Prefabs/Props/SM_Props_Cafe_13.prefab
MegaCityProps,SM_Props_Cafe_14,249,1.02,0.87,1.00,Assets/JC_LP_MegaCity/Prefabs/Props/SM_Props_Cafe_14.prefab
MegaCityProps,SM_Props_Cafe_15,264,1.12,0.86,1.09,Assets/JC_LP_MegaCity/Prefabs/Props/SM_Props_Cafe_15.prefab
MegaCityProps,SM_Props_Cafe_16,232,0.50,1.19,0.62,Assets/JC_LP_MegaCity/Prefabs/Props/SM_Props_Cafe_16.prefab
MegaCityProps,SM_Props_Cafe_17,256,0.52,1.11,0.68,Assets/JC_LP_MegaCity/Prefabs/Props/SM_Props_Cafe_17.prefab
MegaCityProps,SM_Props_Cafe_18,162,3.14,1.02,0.66,Assets/JC_LP_MegaCity/Prefabs/Props/SM_Props_Cafe_18.prefab
MegaCityProps,SM_Props_Cafe_19,358,4.81,1.14,1.96,Assets/JC_LP_MegaCity/Prefabs/Props/SM_Props_Cafe_19.prefab
MegaCityProps,SM_Props_Cafe_20,2014,0.34,0.47,0.51,Assets/JC_LP_MegaCity/Prefabs/Props/SM_Props_Cafe_20.prefab
MegaCityProps,SM_Props_CashRegister_01,250,1.53,1.84,0.52,Assets/JC_LP_MegaCity/Prefabs/Props/SM_Props_CashRegister_01.prefab
MegaCityProps,SM_Props_CashRegister_02,468,3.85,1.84,1.14,Assets/JC_LP_MegaCity/Prefabs/Props/SM_Props_CashRegister_02.prefab
MegaCityProps,SM_Props_CashRegister_03,1380,2.30,1.32,1.14,Assets/JC_LP_MegaCity/Prefabs/Props/SM_Props_CashRegister_03.prefab
MegaCityProps,SM_Props_Caution_01,1600,0.21,0.42,0.18,Assets/JC_LP_MegaCity/Prefabs/Props/SM_Props_Caution_01.prefab
MegaCityProps,SM_Props_Cellphone_01,320,0.07,0.01,0.15,Assets/JC_LP_MegaCity/Prefabs/Props/SM_Props_Cellphone_01.prefab
MegaCityProps,SM_Props_CleaningCart_01,2794,1.49,1.77,0.60,Assets/JC_LP_MegaCity/Prefabs/Props/SM_Props_CleaningCart_01.prefab
MegaCityProps,SM_Props_Darts_01,764,0.50,0.50,0.15,Assets/JC_LP_MegaCity/Prefabs/Props/SM_Props_Darts_01.prefab
MegaCityProps,SM_Props_DeskLamp_01,420,0.37,0.50,0.20,Assets/JC_LP_MegaCity/Prefabs/Props/SM_Props_DeskLamp_01.prefab
MegaCityProps,SM_Props_Electric_01,146,0.25,6.43,1.91,Assets/JC_LP_MegaCity/Prefabs/Props/SM_Props_Electric_01.prefab
MegaCityProps,SM_Props_Electric_02,390,0.41,6.43,1.91,Assets/JC_LP_MegaCity/Prefabs/Props/SM_Props_Electric_02.prefab
MegaCityProps,SM_Props_Electric_03,52,20.00,0.57,0.03,Assets/JC_LP_MegaCity/Prefabs/Props/SM_Props_Electric_03.prefab
MegaCityProps,SM_Props_Football_01,3356,1.40,0.90,1.11,Assets/JC_LP_MegaCity/Prefabs/Props/SM_Props_Football_01.prefab
MegaCityProps,SM_Props_Fountain_01,2854,4.34,2.59,4.34,Assets/JC_LP_MegaCity/Prefabs/Props/SM_Props_Fountain_01.prefab
MegaCityProps,SM_Props_Furniture_01,176,1.09,0.44,0.66,Assets/JC_LP_MegaCity/Prefabs/Props/SM_Props_Furniture_01.prefab
MegaCityProps,SM_Props_Furniture_02,108,0.87,0.45,0.58,Assets/JC_LP_MegaCity/Prefabs/Props/SM_Props_Furniture_02.prefab
MegaCityProps,SM_Props_Furniture_03,1396,1.79,0.87,1.00,Assets/JC_LP_MegaCity/Prefabs/Props/SM_Props_Furniture_03.prefab
MegaCityProps,SM_Props_Furniture_04,1396,1.79,0.87,1.00,Assets/JC_LP_MegaCity/Prefabs/Props/SM_Props_Furniture_04.prefab
MegaCityProps,SM_Props_Furniture_05,104,1.97,1.08,1.04,Assets/JC_LP_MegaCity/Prefabs/Props/SM_Props_Furniture_05.prefab
MegaCityProps,SM_Props_Furniture_06,80,1.17,1.08,1.04,Assets/JC_LP_MegaCity/Prefabs/Props/SM_Props_Furniture_06.prefab
MegaCityProps,SM_Props_Furniture_07,1264,0.58,1.13,0.57,Assets/JC_LP_MegaCity/Prefabs/Props/SM_Props_Furniture_07.prefab
MegaCityProps,SM_Props_Furniture_08,1264,0.58,1.13,0.57,Assets/JC_LP_MegaCity/Prefabs/Props/SM_Props_Furniture_08.prefab
MegaCityProps,SM_Props_GameConsole_01,164,0.13,0.43,0.30,Assets/JC_LP_MegaCity/Prefabs/Props/SM_Props_GameConsole_01.prefab
MegaCityProps,SM_Props_GameConsole_02,612,0.19,0.13,0.07,Assets/JC_LP_MegaCity/Prefabs/Props/SM_Props_GameConsole_02.prefab
MegaCityProps,SM_Props_GameConsole_03,424,0.35,0.07,0.28,Assets/JC_LP_MegaCity/Prefabs/Props/SM_Props_GameConsole_03.prefab
MegaCityProps,SM_Props_GameConsole_04,384,0.22,0.04,0.15,Assets/JC_LP_MegaCity/Prefabs/Props/SM_Props_GameConsole_04.prefab
MegaCityProps,SM_Props_Garbage_01,662,1.28,0.71,1.27,Assets/JC_LP_MegaCity/Prefabs/Props/SM_Props_Garbage_01.prefab
MegaCityProps,SM_Props_Garbage_02,598,1.48,0.75,1.33,Assets/JC_LP_MegaCity/Prefabs/Props/SM_Props_Garbage_02.prefab
MegaCityProps,SM_Props_Garbage_03,94,0.45,0.63,0.45,Assets/JC_LP_MegaCity/Prefabs/Props/SM_Props_Garbage_03.prefab
MegaCityProps,SM_Props_Garbage_04,92,0.08,0.26,0.08,Assets/JC_LP_MegaCity/Prefabs/Props/SM_Props_Garbage_04.prefab
MegaCityProps,SM_Props_Garbage_05,92,0.08,0.26,0.08,Assets/JC_LP_MegaCity/Prefabs/Props/SM_Props_Garbage_05.prefab
MegaCityProps,SM_Props_Garbage_06,76,0.08,0.16,0.08,Assets/JC_LP_MegaCity/Prefabs/Props/SM_Props_Garbage_06.prefab
MegaCityProps,SM_Props_Garbage_07,76,0.08,0.16,0.08,Assets/JC_LP_MegaCity/Prefabs/Props/SM_Props_Garbage_07.prefab
MegaCityProps,SM_Props_Garbage_08,192,0.12,0.20,0.12,Assets/JC_LP_MegaCity/Prefabs/Props/SM_Props_Garbage_08.prefab
MegaCityProps,SM_Props_Garbage_09,2,0.32,0.00,0.47,Assets/JC_LP_MegaCity/Prefabs/Props/SM_Props_Garbage_09.prefab
MegaCityProps,SM_Props_Garbage_10,2,0.28,0.00,0.43,Assets/JC_LP_MegaCity/Prefabs/Props/SM_Props_Garbage_10.prefab
MegaCityProps,SM_Props_Garbage_11,2,0.28,0.00,0.22,Assets/JC_LP_MegaCity/Prefabs/Props/SM_Props_Garbage_11.prefab
MegaCityProps,SM_Props_Gym_01,2904,3.85,2.41,3.11,Assets/JC_LP_MegaCity/Prefabs/Props/SM_Props_Gym_01.prefab
MegaCityProps,SM_Props_Gym_02,1176,1.49,1.42,1.49,Assets/JC_LP_MegaCity/Prefabs/Props/SM_Props_Gym_02.prefab
MegaCityProps,SM_Props_Gym_03,1452,3.28,2.41,0.83,Assets/JC_LP_MegaCity/Prefabs/Props/SM_Props_Gym_03.prefab
MegaCityProps,SM_Props_Gym_04,782,0.70,1.01,0.25,Assets/JC_LP_MegaCity/Prefabs/Props/SM_Props_Gym_04.prefab
MegaCityProps,SM_Props_Laptop_01,1224,0.36,0.23,0.34,Assets/JC_LP_MegaCity/Prefabs/Props/SM_Props_Laptop_01.prefab
MegaCityProps,SM_Props_Laptop_02,1224,0.36,0.23,0.34,Assets/JC_LP_MegaCity/Prefabs/Props/SM_Props_Laptop_02.prefab
MegaCityProps,SM_Props_Market_01,4438,1.70,2.17,0.88,Assets/JC_LP_MegaCity/Prefabs/Props/SM_Props_Market_01.prefab
MegaCityProps,SM_Props_Market_02,1186,1.70,2.17,0.88,Assets/JC_LP_MegaCity/Prefabs/Props/SM_Props_Market_02.prefab
MegaCityProps,SM_Props_Market_03,6153,1.53,2.07,1.60,Assets/JC_LP_MegaCity/Prefabs/Props/SM_Props_Market_03.prefab
MegaCityProps,SM_Props_Park_01,4808,2.46,4.02,2.49,Assets/JC_LP_MegaCity/Prefabs/Props/SM_Props_Park_01.prefab
MegaCityProps,SM_Props_Park_02,16084,18.75,19.76,7.68,Assets/JC_LP_MegaCity/Prefabs/Props/SM_Props_Park_02.prefab
MegaCityProps,SM_Props_Park_03,29452,8.33,6.14,8.99,Assets/JC_LP_MegaCity/Prefabs/Props/SM_Props_Park_03.prefab
MegaCityProps,SM_Props_ParkDecor_01,3835,3.55,3.04,3.55,Assets/JC_LP_MegaCity/Prefabs/Props/SM_Props_ParkDecor_01.prefab
MegaCityProps,SM_Props_ParkDecor_02,2986,2.00,2.59,2.00,Assets/JC_LP_MegaCity/Prefabs/Props/SM_Props_ParkDecor_02.prefab
MegaCityProps,SM_Props_PC_01,1664,0.26,0.54,0.52,Assets/JC_LP_MegaCity/Prefabs/Props/SM_Props_PC_01.prefab
MegaCityProps,SM_Props_PC_02,1664,0.26,0.54,0.52,Assets/JC_LP_MegaCity/Prefabs/Props/SM_Props_PC_02.prefab
MegaCityProps,SM_Props_PC_03,324,0.20,0.45,0.46,Assets/JC_LP_MegaCity/Prefabs/Props/SM_Props_PC_03.prefab
MegaCityProps,SM_Props_PC_04,324,0.20,0.45,0.46,Assets/JC_LP_MegaCity/Prefabs/Props/SM_Props_PC_04.prefab
MegaCityProps,SM_Props_PC_05,44,0.62,0.01,0.29,Assets/JC_LP_MegaCity/Prefabs/Props/SM_Props_PC_05.prefab
MegaCityProps,SM_Props_PC_06,324,0.05,0.03,0.08,Assets/JC_LP_MegaCity/Prefabs/Props/SM_Props_PC_06.prefab
MegaCityProps,SM_Props_PC_07,1380,0.41,0.02,0.13,Assets/JC_LP_MegaCity/Prefabs/Props/SM_Props_PC_07.prefab
MegaCityProps,SM_Props_PC_08,44,0.19,0.01,0.15,Assets/JC_LP_MegaCity/Prefabs/Props/SM_Props_PC_08.prefab
MegaCityProps,SM_Props_Phone_01,1144,0.18,0.13,0.24,Assets/JC_LP_MegaCity/Prefabs/Props/SM_Props_Phone_01.prefab
MegaCityProps,SM_Props_PingPong_01,920,2.75,1.00,1.55,Assets/JC_LP_MegaCity/Prefabs/Props/SM_Props_PingPong_01.prefab
MegaCityProps,SM_Props_PingPong_01_2,60,0.15,0.03,0.27,Assets/JC_LP_MegaCity/Prefabs/Props/SM_Props_PingPong_01_2.prefab
MegaCityProps,SM_Props_PingPong_01_3,48,0.03,0.04,0.04,Assets/JC_LP_MegaCity/Prefabs/Props/SM_Props_PingPong_01_3.prefab
MegaCityProps,SM_Props_Plant_01,344,0.59,1.01,0.39,Assets/JC_LP_MegaCity/Prefabs/Props/SM_Props_Plant_01.prefab
MegaCityProps,SM_Props_Plant_02,351,0.48,0.97,0.50,Assets/JC_LP_MegaCity/Prefabs/Props/SM_Props_Plant_02.prefab
MegaCityProps,SM_Props_Plant_03,431,0.47,1.29,0.79,Assets/JC_LP_MegaCity/Prefabs/Props/SM_Props_Plant_03.prefab
MegaCityProps,SM_Props_Plant_04,476,0.45,1.30,0.45,Assets/JC_LP_MegaCity/Prefabs/Props/SM_Props_Plant_04.prefab
MegaCityProps,SM_Props_Plant_05,1140,1.42,2.11,0.91,Assets/JC_LP_MegaCity/Prefabs/Props/SM_Props_Plant_05.prefab
MegaCityProps,SM_Props_Plant_06,798,0.86,1.32,1.13,Assets/JC_LP_MegaCity/Prefabs/Props/SM_Props_Plant_06.prefab
MegaCityProps,SM_Props_Plant_07,248,1.44,0.91,0.20,Assets/JC_LP_MegaCity/Prefabs/Props/SM_Props_Plant_07.prefab
MegaCityProps,SM_Props_Plant_08,476,1.16,0.96,1.08,Assets/JC_LP_MegaCity/Prefabs/Props/SM_Props_Plant_08.prefab
MegaCityProps,SM_Props_Playground_01,252,3.02,2.11,1.18,Assets/JC_LP_MegaCity/Prefabs/Props/SM_Props_Playground_01.prefab
MegaCityProps,SM_Props_Playground_02,226,1.34,0.27,1.34,Assets/JC_LP_MegaCity/Prefabs/Props/SM_Props_Playground_02.prefab
MegaCityProps,SM_Props_Playground_03,386,0.34,0.70,2.08,Assets/JC_LP_MegaCity/Prefabs/Props/SM_Props_Playground_03.prefab
MegaCityProps,SM_Props_Pool_01,668,1.50,0.80,2.62,Assets/JC_LP_MegaCity/Prefabs/Props/SM_Props_Pool_01.prefab
MegaCityProps,SM_Props_Pool_02,104,0.05,0.05,1.47,Assets/JC_LP_MegaCity/Prefabs/Props/SM_Props_Pool_02.prefab
MegaCityProps,SM_Props_Pool_03,100,0.08,0.08,0.08,Assets/JC_LP_MegaCity/Prefabs/Props/SM_Props_Pool_03.prefab
MegaCityProps,SM_Props_Pool_04,100,0.08,0.08,0.08,Assets/JC_LP_MegaCity/Prefabs/Props/SM_Props_Pool_04.prefab
MegaCityProps,SM_Props_Pool_05,100,0.08,0.08,0.08,Assets/JC_LP_MegaCity/Prefabs/Props/SM_Props_Pool_05.prefab
MegaCityProps,SM_Props_Pool_06,100,0.08,0.08,0.08,Assets/JC_LP_MegaCity/Prefabs/Props/SM_Props_Pool_06.prefab
MegaCityProps,SM_Props_Pool_07,100,0.08,0.08,0.08,Assets/JC_LP_MegaCity/Prefabs/Props/SM_Props_Pool_07.prefab
MegaCityProps,SM_Props_Pool_08,100,0.08,0.08,0.08,Assets/JC_LP_MegaCity/Prefabs/Props/SM_Props_Pool_08.prefab
MegaCityProps,SM_Props_Pool_09,100,0.08,0.08,0.08,Assets/JC_LP_MegaCity/Prefabs/Props/SM_Props_Pool_09.prefab
MegaCityProps,SM_Props_Printer_01,544,0.47,0.35,0.64,Assets/JC_LP_MegaCity/Prefabs/Props/SM_Props_Printer_01.prefab
MegaCityProps,SM_Props_Rack_01,364,2.44,2.16,0.58,Assets/JC_LP_MegaCity/Prefabs/Props/SM_Props_Rack_01.prefab
MegaCityProps,SM_Props_Rack_02,364,2.44,2.16,0.58,Assets/JC_LP_MegaCity/Prefabs/Props/SM_Props_Rack_02.prefab
MegaCityProps,SM_Props_Rack_03,216,2.20,2.00,0.44,Assets/JC_LP_MegaCity/Prefabs/Props/SM_Props_Rack_03.prefab
MegaCityProps,SM_Props_Rack_03_V1,3632,2.20,2.00,0.44,Assets/JC_LP_MegaCity/Prefabs/Props/SM_Props_Rack_03_V1.prefab
MegaCityProps,SM_Props_Rack_03_V2,3364,2.20,2.00,0.44,Assets/JC_LP_MegaCity/Prefabs/Props/SM_Props_Rack_03_V2.prefab
MegaCityProps,SM_Props_Rack_03_V3,3126,2.20,2.00,0.44,Assets/JC_LP_MegaCity/Prefabs/Props/SM_Props_Rack_03_V3.prefab
MegaCityProps,SM_Props_Rack_04,396,2.20,2.02,0.76,Assets/JC_LP_MegaCity/Prefabs/Props/SM_Props_Rack_04.prefab
MegaCityProps,SM_Props_Rack_04_V1,6218,2.20,2.02,0.76,Assets/JC_LP_MegaCity/Prefabs/Props/SM_Props_Rack_04_V1.prefab
MegaCityProps,SM_Props_Rack_04_V2,6102,2.20,2.02,0.76,Assets/JC_LP_MegaCity/Prefabs/Props/SM_Props_Rack_04_V2.prefab
MegaCityProps,SM_Props_Rack_05,4044,2.00,2.73,0.69,Assets/JC_LP_MegaCity/Prefabs/Props/SM_Props_Rack_05.prefab
MegaCityProps,SM_Props_Rack_06,1776,2.00,2.52,0.69,Assets/JC_LP_MegaCity/Prefabs/Props/SM_Props_Rack_06.prefab
MegaCityProps,SM_Props_Rack_07,6750,2.00,1.74,1.20,Assets/JC_LP_MegaCity/Prefabs/Props/SM_Props_Rack_07.prefab
MegaCityProps,SM_Props_Rack_08,3814,2.00,2.73,0.69,Assets/JC_LP_MegaCity/Prefabs/Props/SM_Props_Rack_08.prefab
MegaCityProps,SM_Props_Rack_09,1628,2.00,2.52,0.69,Assets/JC_LP_MegaCity/Prefabs/Props/SM_Props_Rack_09.prefab
MegaCityProps,SM_Props_Rack_10,7284,2.00,1.74,1.07,Assets/JC_LP_MegaCity/Prefabs/Props/SM_Props_Rack_10.prefab
MegaCityProps,SM_Props_Reception_01,737,4.15,1.30,1.73,Assets/JC_LP_MegaCity/Prefabs/Props/SM_Props_Reception_01.prefab
MegaCityProps,SM_Props_Reception_02,136,2.88,1.20,1.49,Assets/JC_LP_MegaCity/Prefabs/Props/SM_Props_Reception_02.prefab
MegaCityProps,SM_Props_Reception_03,1274,4.21,1.11,0.80,Assets/JC_LP_MegaCity/Prefabs/Props/SM_Props_Reception_03.prefab
MegaCityProps,SM_Props_Reception_04,1034,9.00,1.33,1.10,Assets/JC_LP_MegaCity/Prefabs/Props/SM_Props_Reception_04.prefab
MegaCityProps,SM_Props_Reception_05,2160,2.00,1.19,0.90,Assets/JC_LP_MegaCity/Prefabs/Props/SM_Props_Reception_05.prefab
MegaCityProps,SM_Props_Safe_01,316,0.51,0.84,0.54,Assets/JC_LP_MegaCity/Prefabs/Props/SM_Props_Safe_01.prefab
MegaCityProps,SM_Props_Safe_02,352,0.51,0.40,0.54,Assets/JC_LP_MegaCity/Prefabs/Props/SM_Props_Safe_02.prefab
MegaCityProps,SM_Props_Supermarket_01,1488,1.11,0.96,0.11,Assets/JC_LP_MegaCity/Prefabs/Props/SM_Props_Supermarket_01.prefab
MegaCityProps,SM_Props_Supermarket_02,582,0.05,1.60,0.46,Assets/JC_LP_MegaCity/Prefabs/Props/SM_Props_Supermarket_02.prefab
MegaCityProps,SM_Props_Supermarket_03,952,2.00,0.91,0.08,Assets/JC_LP_MegaCity/Prefabs/Props/SM_Props_Supermarket_03.prefab
MegaCityProps,SM_Props_SurfBoard_01,148,0.69,2.39,0.12,Assets/JC_LP_MegaCity/Prefabs/Props/SM_Props_SurfBoard_01.prefab
MegaCityProps,SM_Props_SurfBoard_02,148,0.69,2.39,0.12,Assets/JC_LP_MegaCity/Prefabs/Props/SM_Props_SurfBoard_02.prefab
MegaCityProps,SM_Props_Trash_01,216,0.55,1.16,0.55,Assets/JC_LP_MegaCity/Prefabs/Props/SM_Props_Trash_01.prefab
MegaCityProps,SM_Props_Trash_02,332,2.00,1.35,1.23,Assets/JC_LP_MegaCity/Prefabs/Props/SM_Props_Trash_02.prefab
MegaCityProps,SM_Props_Trash_03,362,2.00,2.50,1.57,Assets/JC_LP_MegaCity/Prefabs/Props/SM_Props_Trash_03.prefab
MegaCityProps,SM_Props_Trash_04,516,0.68,0.97,0.78,Assets/JC_LP_MegaCity/Prefabs/Props/SM_Props_Trash_04.prefab
MegaCityProps,SM_Props_TV_01,84,0.96,0.63,0.08,Assets/JC_LP_MegaCity/Prefabs/Props/SM_Props_TV_01.prefab
MegaCityProps,SM_Props_TV_02,104,0.96,0.70,0.15,Assets/JC_LP_MegaCity/Prefabs/Props/SM_Props_TV_02.prefab
MegaCityProps,SM_Props_TV_03,372,0.06,0.02,0.20,Assets/JC_LP_MegaCity/Prefabs/Props/SM_Props_TV_03.prefab
MegaCityProps,SM_Props_VendingMachine_01,540,1.00,1.93,1.02,Assets/JC_LP_MegaCity/Prefabs/Props/SM_Props_VendingMachine_01.prefab
MegaCityProps,SM_Props_VendingMachine_02,540,1.00,1.93,1.02,Assets/JC_LP_MegaCity/Prefabs/Props/SM_Props_VendingMachine_02.prefab
MegaCityProps,SM_Props_VendingMachine_03,540,1.00,1.93,1.02,Assets/JC_LP_MegaCity/Prefabs/Props/SM_Props_VendingMachine_03.prefab
MegaCityProps,SM_Props_WaterCooler_01,904,0.35,1.32,0.35,Assets/JC_LP_MegaCity/Prefabs/Props/SM_Props_WaterCooler_01.prefab
