sourceAssetPath,sourcePack,observedModelIdentity,bucket,reason,proposedWeaponFamily,handedness,likelyFireMode,visualDistinctness,variantGroup,materialCount,rendererCount,geometryEstimate,boundsX,boundsY,boundsZ,longestAxis,gripAvailability,muzzleAvailability,toonCompatibility,shaders,recommendedDisposition,evidenceReference
Assets/ThirdParty/Low Poly Pistol Weapon Pack 1/Prefabs/Attachments/Accessories/Rails/Rail_Pistol_A.prefab,PistolPack1,Rail_Pistol_A,AttachmentOrPart,attachment module (optic/muzzle/grip/rail/light/mag),,,,,,1,1,140,0.025,0.01,0.057,0.057,none-authored,none-authored,toon,StylizedToonWorldKit/Toon/Toon Lit,,Evidence/ + _raw_prefab_scan.tsv
Assets/ThirdParty/Low Poly Pistol Weapon Pack 1/Prefabs/Attachments/Accessories/Rails/Rail_Pistol_B.prefab,PistolPack1,Rail_Pistol_B,AttachmentOrPart,attachment module (optic/muzzle/grip/rail/light/mag),,,,,,1,1,140,0.025,0.01,0.057,0.057,none-authored,none-authored,toon,StylizedToonWorldKit/Toon/Toon Lit,,Evidence/ + _raw_prefab_scan.tsv
Assets/ThirdParty/Low Poly Pistol Weapon Pack 1/Prefabs/Attachments/Accessories/Tatical Lasers/Laser_Pistol_A.prefab,PistolPack1,Laser_Pistol_A,AttachmentOrPart,attachment module (optic/muzzle/grip/rail/light/mag),,,,,,1,1,548,0.032,0.038,0.085,0.085,none-authored,none-authored,toon,StylizedToonWorldKit/Toon/Toon Lit,,Evidence/ + _raw_prefab_scan.tsv
Assets/ThirdParty/Low Poly Pistol Weapon Pack 1/Prefabs/Attachments/Accessories/Tatical Lasers/Laser_Pistol_B.prefab,PistolPack1,Laser_Pistol_B,AttachmentOrPart,attachment module (optic/muzzle/grip/rail/light/mag),,,,,,1,1,756,0.043,0.051,0.088,0.088,none-authored,none-authored,toon,StylizedToonWorldKit/Toon/Toon Lit,,Evidence/ + _raw_prefab_scan.tsv
Assets/ThirdParty/Low Poly Pistol Weapon Pack 1/Prefabs/Attachments/Accessories/Tatical Lights/Light_Pistol_A.prefab,PistolPack1,Light_Pistol_A,AttachmentOrPart,attachment module (optic/muzzle/grip/rail/light/mag),,,,,,1,1,584,0.036,0.047,0.165,0.165,none-authored,none-authored,toon,StylizedToonWorldKit/Toon/Toon Lit,,Evidence/ + _raw_prefab_scan.tsv
Assets/ThirdParty/Low Poly Pistol Weapon Pack 1/Prefabs/Attachments/Accessories/Tatical Lights/Light_Pistol_B.prefab,PistolPack1,Light_Pistol_B,AttachmentOrPart,attachment module (optic/muzzle/grip/rail/light/mag),,,,,,1,1,544,0.039,0.048,0.108,0.108,none-authored,none-authored,toon,StylizedToonWorldKit/Toon/Toon Lit,,Evidence/ + _raw_prefab_scan.tsv
Assets/ThirdParty/Low Poly Pistol Weapon Pack 1/Prefabs/Attachments/Muzzles/Muzzle_Pistol_Brake_A.prefab,PistolPack1,Muzzle_Pistol_Brake_A,AttachmentOrPart,attachment module (optic/muzzle/grip/rail/light/mag),,,,,,1,1,1060,0.028,0.033,0.069,0.069,none-authored,child-hit:1,toon,StylizedToonWorldKit/Toon/Toon Lit,,Evidence/ + _raw_prefab_scan.tsv
Assets/ThirdParty/Low Poly Pistol Weapon Pack 1/Prefabs/Attachments/Muzzles/Muzzle_Pistol_Brake_B.prefab,PistolPack1,Muzzle_Pistol_Brake_B,AttachmentOrPart,attachment module (optic/muzzle/grip/rail/light/mag),,,,,,1,1,632,0.028,0.041,0.058,0.058,none-authored,child-hit:1,toon,StylizedToonWorldKit/Toon/Toon Lit,,Evidence/ + _raw_prefab_scan.tsv
Assets/ThirdParty/Low Poly Pistol Weapon Pack 1/Prefabs/Attachments/Muzzles/Muzzle_Pistol_Device.prefab,PistolPack1,Muzzle_Pistol_Device,AttachmentOrPart,attachment module (optic/muzzle/grip/rail/light/mag),,,,,,1,1,212,0.022,0.025,0.032,0.032,none-authored,child-hit:1,toon,StylizedToonWorldKit/Toon/Toon Lit,,Evidence/ + _raw_prefab_scan.tsv
Assets/ThirdParty/Low Poly Pistol Weapon Pack 1/Prefabs/Attachments/Muzzles/Muzzle_Pistol_Flash Hider_A.prefab,PistolPack1,Muzzle_Pistol_Flash Hider_A,AttachmentOrPart,attachment module (optic/muzzle/grip/rail/light/mag),,,,,,1,1,416,0.028,0.033,0.075,0.075,none-authored,child-hit:1,toon,StylizedToonWorldKit/Toon/Toon Lit,,Evidence/ + _raw_prefab_scan.tsv
Assets/ThirdParty/Low Poly Pistol Weapon Pack 1/Prefabs/Attachments/Muzzles/Muzzle_Pistol_Flash Hider_B.prefab,PistolPack1,Muzzle_Pistol_Flash Hider_B,AttachmentOrPart,attachment module (optic/muzzle/grip/rail/light/mag),,,,,,1,1,560,0.025,0.029,0.065,0.065,none-authored,child-hit:1,toon,StylizedToonWorldKit/Toon/Toon Lit,,Evidence/ + _raw_prefab_scan.tsv
Assets/ThirdParty/Low Poly Pistol Weapon Pack 1/Prefabs/Attachments/Muzzles/Muzzle_Pistol_Suppressor_A.prefab,PistolPack1,Muzzle_Pistol_Suppressor_A,AttachmentOrPart,attachment module (optic/muzzle/grip/rail/light/mag),,,,,,1,1,2144,0.028,0.03,0.178,0.178,none-authored,child-hit:1,toon,StylizedToonWorldKit/Toon/Toon Lit,,Evidence/ + _raw_prefab_scan.tsv
Assets/ThirdParty/Low Poly Pistol Weapon Pack 1/Prefabs/Attachments/Muzzles/Muzzle_Pistol_Suppressor_B.prefab,PistolPack1,Muzzle_Pistol_Suppressor_B,AttachmentOrPart,attachment module (optic/muzzle/grip/rail/light/mag),,,,,,1,1,594,0.03,0.045,0.21,0.21,none-authored,child-hit:1,toon,StylizedToonWorldKit/Toon/Toon Lit,,Evidence/ + _raw_prefab_scan.tsv
Assets/ThirdParty/Low Poly Pistol Weapon Pack 1/Prefabs/Attachments/Muzzles/Muzzle_Pistol_Suppressor_C.prefab,PistolPack1,Muzzle_Pistol_Suppressor_C,AttachmentOrPart,attachment module (optic/muzzle/grip/rail/light/mag),,,,,,1,1,288,0.039,0.039,0.189,0.189,none-authored,child-hit:1,toon,StylizedToonWorldKit/Toon/Toon Lit,,Evidence/ + _raw_prefab_scan.tsv
Assets/ThirdParty/Low Poly Pistol Weapon Pack 1/Prefabs/Attachments/Optics/Optic_Pistol_A.prefab,PistolPack1,Optic_Pistol_A,AttachmentOrPart,attachment module (optic/muzzle/grip/rail/light/mag),,,,,,2,2,760,0.035,0.05,0.059,0.059,none-authored,none-authored,toon,StylizedToonWorldKit/Surface/Glass|StylizedToonWorldKit/Toon/Toon Lit,,Evidence/ + _raw_prefab_scan.tsv
Assets/ThirdParty/Low Poly Pistol Weapon Pack 1/Prefabs/Attachments/Optics/Optic_Pistol_B.prefab,PistolPack1,Optic_Pistol_B,AttachmentOrPart,attachment module (optic/muzzle/grip/rail/light/mag),,,,,,2,2,832,0.041,0.082,0.089,0.089,none-authored,none-authored,toon,StylizedToonWorldKit/Surface/Glass|StylizedToonWorldKit/Toon/Toon Lit,,Evidence/ + _raw_prefab_scan.tsv
Assets/ThirdParty/Low Poly Pistol Weapon Pack 1/Prefabs/Attachments/Optics/Optic_Pistol_C.prefab,PistolPack1,Optic_Pistol_C,AttachmentOrPart,attachment module (optic/muzzle/grip/rail/light/mag),,,,,,2,2,516,0.035,0.053,0.061,0.061,none-authored,none-authored,toon,StylizedToonWorldKit/Surface/Glass|StylizedToonWorldKit/Toon/Toon Lit,,Evidence/ + _raw_prefab_scan.tsv
Assets/ThirdParty/Low Poly Pistol Weapon Pack 1/Prefabs/Attachments/Optics/Optic_Pistol_D.prefab,PistolPack1,Optic_Pistol_D,AttachmentOrPart,attachment module (optic/muzzle/grip/rail/light/mag),,,,,,2,2,736,0.039,0.052,0.056,0.056,none-authored,none-authored,toon,StylizedToonWorldKit/Surface/Glass|StylizedToonWorldKit/Toon/Toon Lit,,Evidence/ + _raw_prefab_scan.tsv
Assets/ThirdParty/Low Poly Pistol Weapon Pack 1/Prefabs/Attachments/Optics/Optic_Pistol_E.prefab,PistolPack1,Optic_Pistol_E,AttachmentOrPart,attachment module (optic/muzzle/grip/rail/light/mag),,,,,,2,2,606,0.045,0.045,0.051,0.051,none-authored,none-authored,toon,StylizedToonWorldKit/Surface/Glass|StylizedToonWorldKit/Toon/Toon Lit,,Evidence/ + _raw_prefab_scan.tsv
Assets/ThirdParty/Low Poly Pistol Weapon Pack 1/Prefabs/Attachments/Optics/Optic_Pistol_F.prefab,PistolPack1,Optic_Pistol_F,AttachmentOrPart,attachment module (optic/muzzle/grip/rail/light/mag),,,,,,2,2,1764,0.042,0.082,0.25,0.25,none-authored,none-authored,toon,StylizedToonWorldKit/Surface/Glass|StylizedToonWorldKit/Toon/Toon Lit,,Evidence/ + _raw_prefab_scan.tsv
Assets/ThirdParty/Low Poly Pistol Weapon Pack 1/Prefabs/Bullets/Bullet_Pistol_A.prefab,PistolPack1,Bullet_Pistol_A,AttachmentOrPart,"projectile or thrown VFX, not a held weapon",,,,,,1,2,148,0.012,0.013,0.032,0.032,none-authored,none-authored,toon,StylizedToonWorldKit/Toon/Toon Lit,,Evidence/ + _raw_prefab_scan.tsv
Assets/ThirdParty/Low Poly Pistol Weapon Pack 1/Prefabs/Bullets/Bullet_Pistol_B.prefab,PistolPack1,Bullet_Pistol_B,AttachmentOrPart,"projectile or thrown VFX, not a held weapon",,,,,,1,2,196,0.012,0.013,0.032,0.032,none-authored,none-authored,toon,StylizedToonWorldKit/Toon/Toon Lit,,Evidence/ + _raw_prefab_scan.tsv
Assets/ThirdParty/Low Poly Pistol Weapon Pack 1/Prefabs/Bullets/Bullet_Pistol_C.prefab,PistolPack1,Bullet_Pistol_C,AttachmentOrPart,"projectile or thrown VFX, not a held weapon",,,,,,1,2,172,0.012,0.013,0.033,0.033,none-authored,none-authored,toon,StylizedToonWorldKit/Toon/Toon Lit,,Evidence/ + _raw_prefab_scan.tsv
Assets/ThirdParty/Low Poly Pistol Weapon Pack 1/Prefabs/Bullets/Bullet_Pistol_D.prefab,PistolPack1,Bullet_Pistol_D,AttachmentOrPart,"projectile or thrown VFX, not a held weapon",,,,,,1,2,184,0.012,0.013,0.032,0.032,none-authored,none-authored,toon,StylizedToonWorldKit/Toon/Toon Lit,,Evidence/ + _raw_prefab_scan.tsv
Assets/ThirdParty/Low Poly Pistol Weapon Pack 1/Prefabs/Weapons/Pistol_A.prefab,PistolPack1,Pistol_A,DuplicateModel,same mesh signature as integrated WPN_Sidearm_PistolA,,,,,WPN_Sidearm_PistolA,1,6,3120,0.05,0.215,0.386,0.386,child-hit:2,child-hit:1,toon,StylizedToonWorldKit/Toon/Toon Lit,,Evidence/ + _raw_prefab_scan.tsv
Assets/ThirdParty/Low Poly Pistol Weapon Pack 1/Prefabs/Weapons/Pistol_B.prefab,PistolPack1,Pistol_B,DuplicateModel,same mesh signature as integrated WPN_Sidearm_Glock19,,,,,WPN_Sidearm_Glock19,1,5,2516,0.036,0.176,0.355,0.355,child-hit:2,child-hit:1,toon,StylizedToonWorldKit/Toon/Toon Lit,,Evidence/ + _raw_prefab_scan.tsv
Assets/ThirdParty/Low Poly Pistol Weapon Pack 1/Prefabs/Weapons/Pistol_C.prefab,PistolPack1,Pistol_C,DuplicateModel,same mesh signature as integrated WPN_Sidearm_P226,,,,,WPN_Sidearm_P226,1,6,2330,0.037,0.169,0.348,0.348,child-hit:2,child-hit:1,toon,StylizedToonWorldKit/Toon/Toon Lit,,Evidence/ + _raw_prefab_scan.tsv
Assets/ThirdParty/Low Poly Pistol Weapon Pack 1/Prefabs/Weapons/Pistol_D.prefab,PistolPack1,Pistol_D,DuplicateModel,same mesh signature as integrated WPN_Sidearm_M1911,,,,,WPN_Sidearm_M1911,1,6,3092,0.041,0.166,0.353,0.353,child-hit:2,child-hit:1,toon,StylizedToonWorldKit/Toon/Toon Lit,,Evidence/ + _raw_prefab_scan.tsv
Assets/ThirdParty/Low Poly Pistol Weapon Pack 1/Prefabs/Weapons/Pistol_E.prefab,PistolPack1,Pistol_E,DuplicateModel,same mesh signature as integrated WPN_Sidearm_BerettaM9,,,,,WPN_Sidearm_BerettaM9,1,6,2680,0.036,0.171,0.315,0.315,child-hit:2,child-hit:1,toon,StylizedToonWorldKit/Toon/Toon Lit,,Evidence/ + _raw_prefab_scan.tsv
Assets/ThirdParty/Low Poly Pistol Weapon Pack 1/Prefabs/Weapons/Pistol_F.prefab,PistolPack1,Pistol_F,DuplicateModel,same mesh signature as integrated WPN_Sidearm_USP45,,,,,WPN_Sidearm_USP45,1,7,3482,0.039,0.249,0.263,0.263,child-hit:2,child-hit:1,toon,StylizedToonWorldKit/Toon/Toon Lit,,Evidence/ + _raw_prefab_scan.tsv
Assets/ThirdParty/Low Poly Pistol Weapon Pack 1/Prefabs/Weapons/Pistol_G.prefab,PistolPack1,Pistol_G,DuplicateModel,same mesh signature as integrated WPN_Sidearm_DesertEagle,,,,,WPN_Sidearm_DesertEagle,1,8,3532,0.051,0.148,0.193,0.193,child-hit:3,child-hit:1,toon,StylizedToonWorldKit/Toon/Toon Lit,,Evidence/ + _raw_prefab_scan.tsv
Assets/ThirdParty/Low Poly Pistol Weapon Pack 1/Prefabs/Weapons/Pistol_H.prefab,PistolPack1,Pistol_H,DuplicateModel,same mesh signature as integrated WPN_Sidearm_FiveSeven,,,,,WPN_Sidearm_FiveSeven,1,6,2942,0.038,0.246,0.268,0.268,child-hit:2,child-hit:1,toon,StylizedToonWorldKit/Toon/Toon Lit,,Evidence/ + _raw_prefab_scan.tsv
Assets/ThirdParty/Low Poly Pistol Weapon Pack 1/Prefabs/Weapons/Pistol_I.prefab,PistolPack1,Pistol_I,DuplicateModel,same mesh signature as integrated WPN_Sidearm_Makarov,,,,,WPN_Sidearm_Makarov,1,7,2958,0.043,0.254,0.29,0.29,child-hit:2,child-hit:1,toon,StylizedToonWorldKit/Toon/Toon Lit,,Evidence/ + _raw_prefab_scan.tsv
Assets/ThirdParty/Low Poly Pistol Weapon Pack 1/Prefabs/Weapons/Pistol_J.prefab,PistolPack1,Pistol_J,DuplicateModel,same mesh signature as integrated WPN_Sidearm_Python357,,,,,WPN_Sidearm_Python357,1,7,2874,0.039,0.27,0.292,0.292,child-hit:2,child-hit:1,toon,StylizedToonWorldKit/Toon/Toon Lit,,Evidence/ + _raw_prefab_scan.tsv
Assets/ThirdParty/Low Poly ShotGun Weapon Pack 1/Prefabs/Attachments/Accessories/Rails/Rail_A/Rail_A_Down.prefab,ShotgunPack1,Rail_A_Down,AttachmentOrPart,attachment module (optic/muzzle/grip/rail/light/mag),,,,,,1,1,184,0.033,0.012,0.138,0.138,none-authored,none-authored,toon,StylizedToonWorldKit/Toon/Toon Lit,,Evidence/ + _raw_prefab_scan.tsv
Assets/ThirdParty/Low Poly ShotGun Weapon Pack 1/Prefabs/Attachments/Accessories/Rails/Rail_A/Rail_A_Left.prefab,ShotgunPack1,Rail_A_Left,AttachmentOrPart,attachment module (optic/muzzle/grip/rail/light/mag),,,,,,1,1,184,0.012,0.033,0.138,0.138,none-authored,none-authored,toon,StylizedToonWorldKit/Toon/Toon Lit,,Evidence/ + _raw_prefab_scan.tsv
Assets/ThirdParty/Low Poly ShotGun Weapon Pack 1/Prefabs/Attachments/Accessories/Rails/Rail_A/Rail_A_Right.prefab,ShotgunPack1,Rail_A_Right,AttachmentOrPart,attachment module (optic/muzzle/grip/rail/light/mag),,,,,,1,1,184,0.012,0.033,0.138,0.138,none-authored,none-authored,toon,StylizedToonWorldKit/Toon/Toon Lit,,Evidence/ + _raw_prefab_scan.tsv
Assets/ThirdParty/Low Poly ShotGun Weapon Pack 1/Prefabs/Attachments/Accessories/Rails/Rail_A/Rail_A_Up.prefab,ShotgunPack1,Rail_A_Up,AttachmentOrPart,attachment module (optic/muzzle/grip/rail/light/mag),,,,,,1,1,184,0.033,0.012,0.138,0.138,none-authored,none-authored,toon,StylizedToonWorldKit/Toon/Toon Lit,,Evidence/ + _raw_prefab_scan.tsv
Assets/ThirdParty/Low Poly ShotGun Weapon Pack 1/Prefabs/Attachments/Accessories/Tatical Lasers/Laser_A_Left.prefab,ShotgunPack1,Laser_A_Left,AttachmentOrPart,attachment module (optic/muzzle/grip/rail/light/mag),,,,,,1,1,346,0.039,0.065,0.127,0.127,none-authored,none-authored,toon,StylizedToonWorldKit/Toon/Toon Lit,,Evidence/ + _raw_prefab_scan.tsv
Assets/ThirdParty/Low Poly ShotGun Weapon Pack 1/Prefabs/Attachments/Accessories/Tatical Lasers/Laser_A_Right.prefab,ShotgunPack1,Laser_A_Right,AttachmentOrPart,attachment module (optic/muzzle/grip/rail/light/mag),,,,,,1,1,346,0.039,0.065,0.127,0.127,none-authored,none-authored,toon,StylizedToonWorldKit/Toon/Toon Lit,,Evidence/ + _raw_prefab_scan.tsv
Assets/ThirdParty/Low Poly ShotGun Weapon Pack 1/Prefabs/Attachments/Accessories/Tatical Lasers/Laser_B_Left.prefab,ShotgunPack1,Laser_B_Left,AttachmentOrPart,attachment module (optic/muzzle/grip/rail/light/mag),,,,,,1,1,544,0.039,0.07,0.133,0.133,none-authored,none-authored,toon,StylizedToonWorldKit/Toon/Toon Lit,,Evidence/ + _raw_prefab_scan.tsv
Assets/ThirdParty/Low Poly ShotGun Weapon Pack 1/Prefabs/Attachments/Accessories/Tatical Lasers/Laser_B_Right.prefab,ShotgunPack1,Laser_B_Right,AttachmentOrPart,attachment module (optic/muzzle/grip/rail/light/mag),,,,,,1,1,544,0.039,0.07,0.133,0.133,none-authored,none-authored,toon,StylizedToonWorldKit/Toon/Toon Lit,,Evidence/ + _raw_prefab_scan.tsv
Assets/ThirdParty/Low Poly ShotGun Weapon Pack 1/Prefabs/Attachments/Accessories/Tatical Lasers/Laser_C_Left.prefab,ShotgunPack1,Laser_C_Left,AttachmentOrPart,attachment module (optic/muzzle/grip/rail/light/mag),,,,,,1,1,718,0.034,0.078,0.101,0.101,none-authored,none-authored,toon,StylizedToonWorldKit/Toon/Toon Lit,,Evidence/ + _raw_prefab_scan.tsv
Assets/ThirdParty/Low Poly ShotGun Weapon Pack 1/Prefabs/Attachments/Accessories/Tatical Lasers/Laser_C_Right.prefab,ShotgunPack1,Laser_C_Right,AttachmentOrPart,attachment module (optic/muzzle/grip/rail/light/mag),,,,,,1,1,718,0.034,0.078,0.101,0.101,none-authored,none-authored,toon,StylizedToonWorldKit/Toon/Toon Lit,,Evidence/ + _raw_prefab_scan.tsv
Assets/ThirdParty/Low Poly ShotGun Weapon Pack 1/Prefabs/Attachments/Accessories/Tatical Lasers/Laser_D_Left.prefab,ShotgunPack1,Laser_D_Left,AttachmentOrPart,attachment module (optic/muzzle/grip/rail/light/mag),,,,,,1,1,796,0.041,0.075,0.125,0.125,none-authored,none-authored,toon,StylizedToonWorldKit/Toon/Toon Lit,,Evidence/ + _raw_prefab_scan.tsv
Assets/ThirdParty/Low Poly ShotGun Weapon Pack 1/Prefabs/Attachments/Accessories/Tatical Lasers/Laser_D_Right.prefab,ShotgunPack1,Laser_D_Right,AttachmentOrPart,attachment module (optic/muzzle/grip/rail/light/mag),,,,,,1,1,796,0.041,0.075,0.125,0.125,none-authored,none-authored,toon,StylizedToonWorldKit/Toon/Toon Lit,,Evidence/ + _raw_prefab_scan.tsv
Assets/ThirdParty/Low Poly ShotGun Weapon Pack 1/Prefabs/Attachments/Accessories/Tatical Lights/Light_A_Left.prefab,ShotgunPack1,Light_A_Left,AttachmentOrPart,attachment module (optic/muzzle/grip/rail/light/mag),,,,,,1,2,520,0.056,0.049,0.187,0.187,none-authored,none-authored,toon,StylizedToonWorldKit/Toon/Toon Lit,,Evidence/ + _raw_prefab_scan.tsv
Assets/ThirdParty/Low Poly ShotGun Weapon Pack 1/Prefabs/Attachments/Accessories/Tatical Lights/Light_A_Right.prefab,ShotgunPack1,Light_A_Right,AttachmentOrPart,attachment module (optic/muzzle/grip/rail/light/mag),,,,,,1,2,520,0.056,0.049,0.187,0.187,none-authored,none-authored,toon,StylizedToonWorldKit/Toon/Toon Lit,,Evidence/ + _raw_prefab_scan.tsv
Assets/ThirdParty/Low Poly ShotGun Weapon Pack 1/Prefabs/Attachments/Accessories/Tatical Lights/Light_B_Left.prefab,ShotgunPack1,Light_B_Left,AttachmentOrPart,attachment module (optic/muzzle/grip/rail/light/mag),,,,,,1,2,622,0.045,0.071,0.138,0.138,none-authored,none-authored,toon,StylizedToonWorldKit/Toon/Toon Lit,,Evidence/ + _raw_prefab_scan.tsv
Assets/ThirdParty/Low Poly ShotGun Weapon Pack 1/Prefabs/Attachments/Accessories/Tatical Lights/Light_B_Right.prefab,ShotgunPack1,Light_B_Right,AttachmentOrPart,attachment module (optic/muzzle/grip/rail/light/mag),,,,,,1,2,622,0.045,0.071,0.138,0.138,none-authored,none-authored,toon,StylizedToonWorldKit/Toon/Toon Lit,,Evidence/ + _raw_prefab_scan.tsv
Assets/ThirdParty/Low Poly ShotGun Weapon Pack 1/Prefabs/Attachments/Accessories/Tatical Lights/Light_C_Left.prefab,ShotgunPack1,Light_C_Left,AttachmentOrPart,attachment module (optic/muzzle/grip/rail/light/mag),,,,,,1,1,456,0.028,0.038,0.061,0.061,none-authored,none-authored,toon,StylizedToonWorldKit/Toon/Toon Lit,,Evidence/ + _raw_prefab_scan.tsv
Assets/ThirdParty/Low Poly ShotGun Weapon Pack 1/Prefabs/Attachments/Accessories/Tatical Lights/Light_C_Right.prefab,ShotgunPack1,Light_C_Right,AttachmentOrPart,attachment module (optic/muzzle/grip/rail/light/mag),,,,,,1,1,456,0.028,0.038,0.061,0.061,none-authored,none-authored,toon,StylizedToonWorldKit/Toon/Toon Lit,,Evidence/ + _raw_prefab_scan.tsv
Assets/ThirdParty/Low Poly ShotGun Weapon Pack 1/Prefabs/Attachments/Accessories/Tatical Lights/Light_D_Left.prefab,ShotgunPack1,Light_D_Left,AttachmentOrPart,attachment module (optic/muzzle/grip/rail/light/mag),,,,,,1,1,784,0.061,0.056,0.153,0.153,none-authored,none-authored,toon,StylizedToonWorldKit/Toon/Toon Lit,,Evidence/ + _raw_prefab_scan.tsv
Assets/ThirdParty/Low Poly ShotGun Weapon Pack 1/Prefabs/Attachments/Accessories/Tatical Lights/Light_D_Right.prefab,ShotgunPack1,Light_D_Right,AttachmentOrPart,attachment module (optic/muzzle/grip/rail/light/mag),,,,,,1,1,784,0.061,0.056,0.153,0.153,none-authored,none-authored,toon,StylizedToonWorldKit/Toon/Toon Lit,,Evidence/ + _raw_prefab_scan.tsv
Assets/ThirdParty/Low Poly ShotGun Weapon Pack 1/Prefabs/Attachments/Barrels/Muzzles/Muzzle_Brake_A.prefab,ShotgunPack1,Muzzle_Brake_A,AttachmentOrPart,attachment module (optic/muzzle/grip/rail/light/mag),,,,,,1,1,392,0.026,0.03,0.065,0.065,none-authored,child-hit:1,toon,StylizedToonWorldKit/Toon/Toon Lit,,Evidence/ + _raw_prefab_scan.tsv
Assets/ThirdParty/Low Poly ShotGun Weapon Pack 1/Prefabs/Attachments/Barrels/Muzzles/Muzzle_Brake_B.prefab,ShotgunPack1,Muzzle_Brake_B,AttachmentOrPart,attachment module (optic/muzzle/grip/rail/light/mag),,,,,,1,1,256,0.03,0.035,0.06,0.06,none-authored,child-hit:1,toon,StylizedToonWorldKit/Toon/Toon Lit,,Evidence/ + _raw_prefab_scan.tsv
Assets/ThirdParty/Low Poly ShotGun Weapon Pack 1/Prefabs/Attachments/Barrels/Muzzles/Muzzle_Brake_C.prefab,ShotgunPack1,Muzzle_Brake_C,AttachmentOrPart,attachment module (optic/muzzle/grip/rail/light/mag),,,,,,1,1,800,0.032,0.038,0.083,0.083,none-authored,child-hit:1,toon,StylizedToonWorldKit/Toon/Toon Lit,,Evidence/ + _raw_prefab_scan.tsv
Assets/ThirdParty/Low Poly ShotGun Weapon Pack 1/Prefabs/Attachments/Barrels/Muzzles/Muzzle_Brake_D.prefab,ShotgunPack1,Muzzle_Brake_D,AttachmentOrPart,attachment module (optic/muzzle/grip/rail/light/mag),,,,,,1,1,568,0.033,0.038,0.115,0.115,none-authored,child-hit:1,toon,StylizedToonWorldKit/Toon/Toon Lit,,Evidence/ + _raw_prefab_scan.tsv
Assets/ThirdParty/Low Poly ShotGun Weapon Pack 1/Prefabs/Attachments/Barrels/Muzzles/Muzzle_Flash Hider_A.prefab,ShotgunPack1,Muzzle_Flash Hider_A,AttachmentOrPart,attachment module (optic/muzzle/grip/rail/light/mag),,,,,,1,1,488,0.026,0.03,0.065,0.065,none-authored,child-hit:1,toon,StylizedToonWorldKit/Toon/Toon Lit,,Evidence/ + _raw_prefab_scan.tsv
Assets/ThirdParty/Low Poly ShotGun Weapon Pack 1/Prefabs/Attachments/Barrels/Muzzles/Muzzle_Flash Hider_B.prefab,ShotgunPack1,Muzzle_Flash Hider_B,AttachmentOrPart,attachment module (optic/muzzle/grip/rail/light/mag),,,,,,1,1,474,0.03,0.035,0.109,0.109,none-authored,child-hit:1,toon,StylizedToonWorldKit/Toon/Toon Lit,,Evidence/ + _raw_prefab_scan.tsv
Assets/ThirdParty/Low Poly ShotGun Weapon Pack 1/Prefabs/Attachments/Barrels/Muzzles/Muzzle_Flash Hider_C.prefab,ShotgunPack1,Muzzle_Flash Hider_C,AttachmentOrPart,attachment module (optic/muzzle/grip/rail/light/mag),,,,,,1,1,708,0.031,0.036,0.106,0.106,none-authored,child-hit:1,toon,StylizedToonWorldKit/Toon/Toon Lit,,Evidence/ + _raw_prefab_scan.tsv
Assets/ThirdParty/Low Poly ShotGun Weapon Pack 1/Prefabs/Attachments/Barrels/Muzzles/Muzzle_Flash Hider_D.prefab,ShotgunPack1,Muzzle_Flash Hider_D,AttachmentOrPart,attachment module (optic/muzzle/grip/rail/light/mag),,,,,,1,1,620,0.026,0.03,0.069,0.069,none-authored,child-hit:1,toon,StylizedToonWorldKit/Toon/Toon Lit,,Evidence/ + _raw_prefab_scan.tsv
Assets/ThirdParty/Low Poly ShotGun Weapon Pack 1/Prefabs/Attachments/Barrels/Muzzles/Muzzle_ShotGun_Device_A.prefab,ShotgunPack1,Muzzle_ShotGun_Device_A,AttachmentOrPart,attachment module (optic/muzzle/grip/rail/light/mag),,,,,,1,1,312,0.042,0.048,0.15,0.15,none-authored,child-hit:1,toon,StylizedToonWorldKit/Toon/Toon Lit,,Evidence/ + _raw_prefab_scan.tsv
Assets/ThirdParty/Low Poly ShotGun Weapon Pack 1/Prefabs/Attachments/Barrels/Muzzles/Muzzle_ShotGun_Device_B.prefab,ShotgunPack1,Muzzle_ShotGun_Device_B,AttachmentOrPart,attachment module (optic/muzzle/grip/rail/light/mag),,,,,,1,1,860,0.035,0.04,0.062,0.062,none-authored,child-hit:1,toon,StylizedToonWorldKit/Toon/Toon Lit,,Evidence/ + _raw_prefab_scan.tsv
Assets/ThirdParty/Low Poly ShotGun Weapon Pack 1/Prefabs/Attachments/Barrels/Muzzles/Muzzle_ShotGun_Flash Hider_A.prefab,ShotgunPack1,Muzzle_ShotGun_Flash Hider_A,AttachmentOrPart,attachment module (optic/muzzle/grip/rail/light/mag),,,,,,1,1,280,0.033,0.039,0.064,0.064,none-authored,child-hit:1,toon,StylizedToonWorldKit/Toon/Toon Lit,,Evidence/ + _raw_prefab_scan.tsv
Assets/ThirdParty/Low Poly ShotGun Weapon Pack 1/Prefabs/Attachments/Barrels/Muzzles/Muzzle_ShotGun_Shoke_A.prefab,ShotgunPack1,Muzzle_ShotGun_Shoke_A,AttachmentOrPart,attachment module (optic/muzzle/grip/rail/light/mag),,,,,,1,1,168,0.022,0.026,0.017,0.026,none-authored,child-hit:1,toon,StylizedToonWorldKit/Toon/Toon Lit,,Evidence/ + _raw_prefab_scan.tsv
Assets/ThirdParty/Low Poly ShotGun Weapon Pack 1/Prefabs/Attachments/Barrels/Muzzles/Muzzle_ShotGun_Shoke_A_X2.prefab,ShotgunPack1,Muzzle_ShotGun_Shoke_A_X2,AttachmentOrPart,attachment module (optic/muzzle/grip/rail/light/mag),,,,,,1,1,336,0.022,0.052,0.018,0.052,none-authored,child-hit:1,toon,StylizedToonWorldKit/Toon/Toon Lit,,Evidence/ + _raw_prefab_scan.tsv
Assets/ThirdParty/Low Poly ShotGun Weapon Pack 1/Prefabs/Attachments/Barrels/Muzzles/Muzzle_ShotGun_Suppresor_A.prefab,ShotgunPack1,Muzzle_ShotGun_Suppresor_A,AttachmentOrPart,attachment module (optic/muzzle/grip/rail/light/mag),,,,,,1,1,331,0.045,0.088,0.348,0.348,none-authored,child-hit:1,toon,StylizedToonWorldKit/Toon/Toon Lit,,Evidence/ + _raw_prefab_scan.tsv
Assets/ThirdParty/Low Poly ShotGun Weapon Pack 1/Prefabs/Attachments/Barrels/Muzzles/Muzzle_Suppressor_A.prefab,ShotgunPack1,Muzzle_Suppressor_A,AttachmentOrPart,attachment module (optic/muzzle/grip/rail/light/mag),,,,,,1,1,292,0.043,0.049,0.237,0.237,none-authored,child-hit:1,toon,StylizedToonWorldKit/Toon/Toon Lit,,Evidence/ + _raw_prefab_scan.tsv
Assets/ThirdParty/Low Poly ShotGun Weapon Pack 1/Prefabs/Attachments/Barrels/Muzzles/Muzzle_Suppressor_B.prefab,ShotgunPack1,Muzzle_Suppressor_B,AttachmentOrPart,attachment module (optic/muzzle/grip/rail/light/mag),,,,,,1,1,364,0.051,0.058,0.267,0.267,none-authored,child-hit:1,toon,StylizedToonWorldKit/Toon/Toon Lit,,Evidence/ + _raw_prefab_scan.tsv
Assets/ThirdParty/Low Poly ShotGun Weapon Pack 1/Prefabs/Attachments/Barrels/Muzzles/Muzzle_Suppressor_C.prefab,ShotgunPack1,Muzzle_Suppressor_C,AttachmentOrPart,attachment module (optic/muzzle/grip/rail/light/mag),,,,,,1,1,452,0.048,0.055,0.155,0.155,none-authored,child-hit:1,toon,StylizedToonWorldKit/Toon/Toon Lit,,Evidence/ + _raw_prefab_scan.tsv
Assets/ThirdParty/Low Poly ShotGun Weapon Pack 1/Prefabs/Attachments/Barrels/Muzzles/Muzzle_Suppressor_D.prefab,ShotgunPack1,Muzzle_Suppressor_D,AttachmentOrPart,attachment module (optic/muzzle/grip/rail/light/mag),,,,,,1,1,484,0.04,0.047,0.24,0.24,none-authored,child-hit:1,toon,StylizedToonWorldKit/Toon/Toon Lit,,Evidence/ + _raw_prefab_scan.tsv
Assets/ThirdParty/Low Poly ShotGun Weapon Pack 1/Prefabs/Attachments/Barrels/Muzzles/Muzzle_Suppressor_E.prefab,ShotgunPack1,Muzzle_Suppressor_E,AttachmentOrPart,attachment module (optic/muzzle/grip/rail/light/mag),,,,,,1,1,296,0.043,0.05,0.263,0.263,none-authored,child-hit:1,toon,StylizedToonWorldKit/Toon/Toon Lit,,Evidence/ + _raw_prefab_scan.tsv
Assets/ThirdParty/Low Poly ShotGun Weapon Pack 1/Prefabs/Attachments/Optics/Optics/Optic_A.prefab,ShotgunPack1,Optic_A,AttachmentOrPart,attachment module (optic/muzzle/grip/rail/light/mag),,,,,,2,2,524,0.045,0.066,0.076,0.076,none-authored,none-authored,toon,StylizedToonWorldKit/Surface/Glass|StylizedToonWorldKit/Toon/Toon Lit,,Evidence/ + _raw_prefab_scan.tsv
Assets/ThirdParty/Low Poly ShotGun Weapon Pack 1/Prefabs/Attachments/Optics/Optics/Optic_B.prefab,ShotgunPack1,Optic_B,AttachmentOrPart,attachment module (optic/muzzle/grip/rail/light/mag),,,,,,2,2,606,0.05,0.088,0.13,0.13,none-authored,none-authored,toon,StylizedToonWorldKit/Surface/Glass|StylizedToonWorldKit/Toon/Toon Lit,,Evidence/ + _raw_prefab_scan.tsv
Assets/ThirdParty/Low Poly ShotGun Weapon Pack 1/Prefabs/Attachments/Optics/Optics/Optic_C.prefab,ShotgunPack1,Optic_C,AttachmentOrPart,attachment module (optic/muzzle/grip/rail/light/mag),,,,,,2,2,932,0.064,0.124,0.202,0.202,none-authored,none-authored,toon,StylizedToonWorldKit/Surface/Glass|StylizedToonWorldKit/Toon/Toon Lit,,Evidence/ + _raw_prefab_scan.tsv
Assets/ThirdParty/Low Poly ShotGun Weapon Pack 1/Prefabs/Attachments/Optics/Optics/Optic_D.prefab,ShotgunPack1,Optic_D,AttachmentOrPart,attachment module (optic/muzzle/grip/rail/light/mag),,,,,,2,2,786,0.051,0.09,0.16,0.16,none-authored,none-authored,toon,StylizedToonWorldKit/Surface/Glass|StylizedToonWorldKit/Toon/Toon Lit,,Evidence/ + _raw_prefab_scan.tsv
Assets/ThirdParty/Low Poly ShotGun Weapon Pack 1/Prefabs/Attachments/Optics/Optics/Optic_E.prefab,ShotgunPack1,Optic_E,AttachmentOrPart,attachment module (optic/muzzle/grip/rail/light/mag),,,,,,2,2,858,0.06,0.086,0.088,0.088,none-authored,none-authored,toon,StylizedToonWorldKit/Surface/Glass|StylizedToonWorldKit/Toon/Toon Lit,,Evidence/ + _raw_prefab_scan.tsv
Assets/ThirdParty/Low Poly ShotGun Weapon Pack 1/Prefabs/Attachments/Optics/Optics/Optic_F.prefab,ShotgunPack1,Optic_F,AttachmentOrPart,attachment module (optic/muzzle/grip/rail/light/mag),,,,,,2,2,858,0.055,0.103,0.09,0.103,none-authored,none-authored,toon,StylizedToonWorldKit/Surface/Glass|StylizedToonWorldKit/Toon/Toon Lit,,Evidence/ + _raw_prefab_scan.tsv
Assets/ThirdParty/Low Poly ShotGun Weapon Pack 1/Prefabs/Attachments/Optics/Optics/Optic_G.prefab,ShotgunPack1,Optic_G,AttachmentOrPart,attachment module (optic/muzzle/grip/rail/light/mag),,,,,,1,4,932,0.057,0.071,0.044,0.071,none-authored,none-authored,toon,StylizedToonWorldKit/Toon/Toon Lit,,Evidence/ + _raw_prefab_scan.tsv
Assets/ThirdParty/Low Poly ShotGun Weapon Pack 1/Prefabs/Attachments/Optics/Optics/Optic_H.prefab,ShotgunPack1,Optic_H,AttachmentOrPart,attachment module (optic/muzzle/grip/rail/light/mag),,,,,,2,2,1798,0.066,0.146,0.176,0.176,none-authored,none-authored,toon,StylizedToonWorldKit/Surface/Glass|StylizedToonWorldKit/Toon/Toon Lit,,Evidence/ + _raw_prefab_scan.tsv
Assets/ThirdParty/Low Poly ShotGun Weapon Pack 1/Prefabs/Attachments/Optics/Optics/Optic_I.prefab,ShotgunPack1,Optic_I,AttachmentOrPart,attachment module (optic/muzzle/grip/rail/light/mag),,,,,,2,2,1220,0.06,0.092,0.118,0.118,none-authored,none-authored,toon,StylizedToonWorldKit/Surface/Glass|StylizedToonWorldKit/Toon/Toon Lit,,Evidence/ + _raw_prefab_scan.tsv
Assets/ThirdParty/Low Poly ShotGun Weapon Pack 1/Prefabs/Attachments/Optics/Optics/Optic_J.prefab,ShotgunPack1,Optic_J,AttachmentOrPart,attachment module (optic/muzzle/grip/rail/light/mag),,,,,,2,3,2128,0.064,0.135,0.195,0.195,none-authored,none-authored,toon,StylizedToonWorldKit/Surface/Glass|StylizedToonWorldKit/Toon/Toon Lit,,Evidence/ + _raw_prefab_scan.tsv
Assets/ThirdParty/Low Poly ShotGun Weapon Pack 1/Prefabs/Attachments/Optics/Optics/Optic_K.prefab,ShotgunPack1,Optic_K,AttachmentOrPart,attachment module (optic/muzzle/grip/rail/light/mag),,,,,,2,2,1220,0.067,0.124,0.21,0.21,none-authored,none-authored,toon,StylizedToonWorldKit/Surface/Glass|StylizedToonWorldKit/Toon/Toon Lit,,Evidence/ + _raw_prefab_scan.tsv
Assets/ThirdParty/Low Poly ShotGun Weapon Pack 1/Prefabs/Attachments/Optics/Optics/Optic_L.prefab,ShotgunPack1,Optic_L,AttachmentOrPart,attachment module (optic/muzzle/grip/rail/light/mag),,,,,,2,4,2052,0.068,0.101,0.258,0.258,none-authored,none-authored,toon,StylizedToonWorldKit/Surface/Glass|StylizedToonWorldKit/Toon/Toon Lit,,Evidence/ + _raw_prefab_scan.tsv
Assets/ThirdParty/Low Poly ShotGun Weapon Pack 1/Prefabs/Attachments/UnderBarrels/ForwardGrips/ForwardGrip_A.prefab,ShotgunPack1,ForwardGrip_A,AttachmentOrPart,attachment module (optic/muzzle/grip/rail/light/mag),,,,,,1,1,352,0.053,0.077,0.17,0.17,child-hit:1,none-authored,toon,StylizedToonWorldKit/Toon/Toon Lit,,Evidence/ + _raw_prefab_scan.tsv
Assets/ThirdParty/Low Poly ShotGun Weapon Pack 1/Prefabs/Attachments/UnderBarrels/ForwardGrips/ForwardGrip_B.prefab,ShotgunPack1,ForwardGrip_B,AttachmentOrPart,attachment module (optic/muzzle/grip/rail/light/mag),,,,,,1,1,284,0.05,0.105,0.067,0.105,child-hit:1,none-authored,toon,StylizedToonWorldKit/Toon/Toon Lit,,Evidence/ + _raw_prefab_scan.tsv
Assets/ThirdParty/Low Poly ShotGun Weapon Pack 1/Prefabs/Attachments/UnderBarrels/ForwardGrips/ForwardGrip_C.prefab,ShotgunPack1,ForwardGrip_C,AttachmentOrPart,attachment module (optic/muzzle/grip/rail/light/mag),,,,,,1,1,352,0.044,0.155,0.06,0.155,child-hit:1,none-authored,toon,StylizedToonWorldKit/Toon/Toon Lit,,Evidence/ + _raw_prefab_scan.tsv
Assets/ThirdParty/Low Poly ShotGun Weapon Pack 1/Prefabs/Attachments/UnderBarrels/ForwardGrips/ForwardGrip_D.prefab,ShotgunPack1,ForwardGrip_D,AttachmentOrPart,attachment module (optic/muzzle/grip/rail/light/mag),,,,,,1,1,624,0.045,0.115,0.07,0.115,child-hit:1,none-authored,toon,StylizedToonWorldKit/Toon/Toon Lit,,Evidence/ + _raw_prefab_scan.tsv
Assets/ThirdParty/Low Poly ShotGun Weapon Pack 1/Prefabs/Attachments/UnderBarrels/ForwardGrips/ForwardGrip_E.prefab,ShotgunPack1,ForwardGrip_E,AttachmentOrPart,attachment module (optic/muzzle/grip/rail/light/mag),,,,,,1,1,488,0.05,0.164,0.045,0.164,child-hit:1,none-authored,toon,StylizedToonWorldKit/Toon/Toon Lit,,Evidence/ + _raw_prefab_scan.tsv
Assets/ThirdParty/Low Poly ShotGun Weapon Pack 1/Prefabs/Attachments/UnderBarrels/ForwardGrips/ForwardGrip_F.prefab,ShotgunPack1,ForwardGrip_F,AttachmentOrPart,attachment module (optic/muzzle/grip/rail/light/mag),,,,,,1,1,450,0.05,0.07,0.128,0.128,child-hit:1,none-authored,toon,StylizedToonWorldKit/Toon/Toon Lit,,Evidence/ + _raw_prefab_scan.tsv
Assets/ThirdParty/Low Poly ShotGun Weapon Pack 1/Prefabs/Attachments/UnderBarrels/ForwardGrips/ForwardGrip_G.prefab,ShotgunPack1,ForwardGrip_G,AttachmentOrPart,attachment module (optic/muzzle/grip/rail/light/mag),,,,,,1,1,386,0.053,0.056,0.056,0.056,child-hit:1,none-authored,toon,StylizedToonWorldKit/Toon/Toon Lit,,Evidence/ + _raw_prefab_scan.tsv
Assets/ThirdParty/Low Poly ShotGun Weapon Pack 1/Prefabs/Attachments/UnderBarrels/ForwardGrips/ForwardGrip_H.prefab,ShotgunPack1,ForwardGrip_H,AttachmentOrPart,attachment module (optic/muzzle/grip/rail/light/mag),,,,,,1,1,532,0.048,0.118,0.063,0.118,child-hit:1,none-authored,toon,StylizedToonWorldKit/Toon/Toon Lit,,Evidence/ + _raw_prefab_scan.tsv
Assets/ThirdParty/Low Poly ShotGun Weapon Pack 1/Prefabs/Attachments/UnderBarrels/ForwardGrips/ForwardGrip_I.prefab,ShotgunPack1,ForwardGrip_I,AttachmentOrPart,attachment module (optic/muzzle/grip/rail/light/mag),,,,,,1,1,616,0.05,0.1,0.154,0.154,child-hit:1,none-authored,toon,StylizedToonWorldKit/Toon/Toon Lit,,Evidence/ + _raw_prefab_scan.tsv
Assets/ThirdParty/Low Poly ShotGun Weapon Pack 1/Prefabs/Bullets/Bullet_A.prefab,ShotgunPack1,Bullet_A,AttachmentOrPart,"projectile or thrown VFX, not a held weapon",,,,,,1,2,172,0.012,0.014,0.074,0.074,none-authored,none-authored,toon,StylizedToonWorldKit/Toon/Toon Lit,,Evidence/ + _raw_prefab_scan.tsv
Assets/ThirdParty/Low Poly ShotGun Weapon Pack 1/Prefabs/Bullets/Bullet_B.prefab,ShotgunPack1,Bullet_B,AttachmentOrPart,"projectile or thrown VFX, not a held weapon",,,,,,1,2,268,0.012,0.014,0.072,0.072,none-authored,none-authored,toon,StylizedToonWorldKit/Toon/Toon Lit,,Evidence/ + _raw_prefab_scan.tsv
Assets/ThirdParty/Low Poly ShotGun Weapon Pack 1/Prefabs/Bullets/Bullet_C.prefab,ShotgunPack1,Bullet_C,AttachmentOrPart,"projectile or thrown VFX, not a held weapon",,,,,,1,2,196,0.012,0.014,0.075,0.075,none-authored,none-authored,toon,StylizedToonWorldKit/Toon/Toon Lit,,Evidence/ + _raw_prefab_scan.tsv
Assets/ThirdParty/Low Poly ShotGun Weapon Pack 1/Prefabs/Bullets/Bullet_ShotGun_A.prefab,ShotgunPack1,Bullet_ShotGun_A,AttachmentOrPart,"projectile or thrown VFX, not a held weapon",,,,,,1,1,164,0.024,0.028,0.081,0.081,none-authored,none-authored,toon,StylizedToonWorldKit/Toon/Toon Lit,,Evidence/ + _raw_prefab_scan.tsv
Assets/ThirdParty/Low Poly ShotGun Weapon Pack 1/Prefabs/Bullets/Bullet_ShotGun_B.prefab,ShotgunPack1,Bullet_ShotGun_B,AttachmentOrPart,"projectile or thrown VFX, not a held weapon",,,,,,1,1,188,0.024,0.028,0.081,0.081,none-authored,none-authored,toon,StylizedToonWorldKit/Toon/Toon Lit,,Evidence/ + _raw_prefab_scan.tsv
Assets/ThirdParty/Low Poly ShotGun Weapon Pack 1/Prefabs/Bullets/Bullet_ShotGun_C.prefab,ShotgunPack1,Bullet_ShotGun_C,AttachmentOrPart,"projectile or thrown VFX, not a held weapon",,,,,,1,1,476,0.024,0.028,0.081,0.081,none-authored,none-authored,toon,StylizedToonWorldKit/Toon/Toon Lit,,Evidence/ + _raw_prefab_scan.tsv
Assets/ThirdParty/Low Poly ShotGun Weapon Pack 1/Prefabs/Weapons/AR_A_1.prefab,ShotgunPack1,AR_A_1,DuplicateModel,same mesh signature as integrated WPN_AssaultRifle_M4A1,,TwoHanded,,,WPN_AssaultRifle_M4A1,1,12,8104,0.096,0.331,0.629,0.629,child-hit:3,child-hit:1,toon,StylizedToonWorldKit/Toon/Toon Lit,,Evidence/ + _raw_prefab_scan.tsv
Assets/ThirdParty/Low Poly ShotGun Weapon Pack 1/Prefabs/Weapons/AR_A_2.prefab,ShotgunPack1,AR_A_2,CompleteWeaponCandidate,distinct weapon body,AssaultRifle,TwoHanded,SingleHitscan,high,,1,11,6978,0.093,0.237,0.761,0.761,child-hit:1,none-authored,toon,StylizedToonWorldKit/Toon/Toon Lit,ONBOARD candidate,Evidence/ + _raw_prefab_scan.tsv
Assets/ThirdParty/Low Poly ShotGun Weapon Pack 1/Prefabs/Weapons/AR_B.prefab,ShotgunPack1,AR_B,DuplicateModel,same mesh signature as integrated WPN_AssaultRifle_AK47,,TwoHanded,,,WPN_AssaultRifle_AK47,1,9,5620,0.1,0.271,0.537,0.537,child-hit:3,child-hit:1,toon,StylizedToonWorldKit/Toon/Toon Lit,,Evidence/ + _raw_prefab_scan.tsv
Assets/ThirdParty/Low Poly ShotGun Weapon Pack 1/Prefabs/Weapons/AR_C.prefab,ShotgunPack1,AR_C,DuplicateModel,same mesh signature as integrated WPN_AssaultRifle_SCARL,,TwoHanded,,,WPN_AssaultRifle_SCARL,1,13,7602,0.104,0.243,0.636,0.636,child-hit:3,child-hit:1,toon,StylizedToonWorldKit/Toon/Toon Lit,,Evidence/ + _raw_prefab_scan.tsv
Assets/ThirdParty/Low Poly ShotGun Weapon Pack 1/Prefabs/Weapons/AR_D.prefab,ShotgunPack1,AR_D,DuplicateModel,same mesh signature as integrated WPN_AssaultRifle_G36C,,TwoHanded,,,WPN_AssaultRifle_G36C,1,12,6348,0.078,0.268,0.605,0.605,child-hit:2,child-hit:1,toon,StylizedToonWorldKit/Toon/Toon Lit,,Evidence/ + _raw_prefab_scan.tsv
Assets/ThirdParty/Low Poly ShotGun Weapon Pack 1/Prefabs/Weapons/AR_E.prefab,ShotgunPack1,AR_E,DuplicateModel,same mesh signature as integrated WPN_AssaultRifle_FAMAS,,TwoHanded,,,WPN_AssaultRifle_FAMAS,1,6,3664,0.072,0.334,0.862,0.862,child-hit:2,child-hit:1,toon,StylizedToonWorldKit/Toon/Toon Lit,,Evidence/ + _raw_prefab_scan.tsv
Assets/ThirdParty/Low Poly ShotGun Weapon Pack 1/Prefabs/Weapons/ShotGun_A.prefab,ShotgunPack1,ShotGun_A,DuplicateModel,same mesh signature as integrated WPN_Shotgun_AA12,,TwoHanded,,,WPN_Shotgun_AA12,1,10,4506,0.059,0.304,0.867,0.867,child-hit:3,child-hit:1,toon,StylizedToonWorldKit/Toon/Toon Lit,,Evidence/ + _raw_prefab_scan.tsv
Assets/ThirdParty/Low Poly ShotGun Weapon Pack 1/Prefabs/Weapons/ShotGun_B.prefab,ShotgunPack1,ShotGun_B,DuplicateModel,same mesh signature as integrated WPN_Shotgun_Mossberg500,,TwoHanded,,,WPN_Shotgun_Mossberg500,1,9,2964,0.07,0.184,0.626,0.626,child-hit:2,child-hit:1,toon,StylizedToonWorldKit/Toon/Toon Lit,,Evidence/ + _raw_prefab_scan.tsv
Assets/ThirdParty/Low Poly ShotGun Weapon Pack 1/Prefabs/Weapons/ShotGun_C.prefab,ShotgunPack1,ShotGun_C,DuplicateModel,same mesh signature as integrated WPN_Shotgun_SPAS12,,TwoHanded,,,WPN_Shotgun_SPAS12,1,12,4532,0.077,0.199,0.595,0.595,child-hit:3,child-hit:1,toon,StylizedToonWorldKit/Toon/Toon Lit,,Evidence/ + _raw_prefab_scan.tsv
Assets/ThirdParty/Low Poly ShotGun Weapon Pack 1/Prefabs/Weapons/ShotGun_D.prefab,ShotgunPack1,ShotGun_D,CompleteWeaponCandidate,"distinct weapon body. FAMILY RE-EXAMINED M7.2: an earlier note called this an AK-pattern RIFLE. That is NOT evidenced. Its part hierarchy (Barrel, BarrelGuard, Bolt, Grip, Mag, Rail, Receiver, Sight, Stock, Trigger) matches its sibling ShotGun_A/B/C bodies in the same pack; a _Mag part is the pack's convention for ALL shotguns, not a rifle marker. Length 0.560 m sits with the pump shotguns (0.626 m), not the AK (1.156 m). Kept as Shotgun.",Shotgun,TwoHanded,MultiPelletHitscan,medium,,1,11,4070,0.086,0.241,0.56,0.56,child-hit:3,child-hit:1,toon,StylizedToonWorldKit/Toon/Toon Lit,OWNER_CONFIRM_FAMILY — render is ambiguous between an AK rifle and a Saiga-pattern (AK-receiver) combat shotgun. Confirm when authoring grips.,Evidence/ + _raw_prefab_scan.tsv
Assets/ThirdParty/Low Poly ShotGun Weapon Pack 1/Prefabs/Weapons/ShotGun_E.prefab,ShotgunPack1,ShotGun_E,DuplicateModel,same mesh signature as integrated WPN_Shotgun_DoubleBarrel,,TwoHanded,,,WPN_Shotgun_DoubleBarrel,1,6,2262,0.065,0.235,1.162,1.162,child-hit:2,child-hit:1,toon,StylizedToonWorldKit/Toon/Toon Lit,,Evidence/ + _raw_prefab_scan.tsv
Assets/ThirdParty/Low Poly Weapon Pack 4_MW_1/Prefabs/Attachments/Barrels/Muzzles/Muzzle_Brake_J.prefab,MW4,Muzzle_Brake_J,AttachmentOrPart,attachment module (optic/muzzle/grip/rail/light/mag),,,,,,1,1,874,0.038,0.054,0.109,0.109,none-authored,child-hit:1,urp-lit-needs-conversion,Universal Render Pipeline/Lit,,Evidence/ + _raw_prefab_scan.tsv
Assets/ThirdParty/Low Poly Weapon Pack 4_MW_1/Prefabs/Attachments/Barrels/Muzzles/Muzzle_Suppressor_L.prefab,MW4,Muzzle_Suppressor_L,AttachmentOrPart,attachment module (optic/muzzle/grip/rail/light/mag),,,,,,1,1,2464,0.043,0.05,0.252,0.252,none-authored,child-hit:1,urp-lit-needs-conversion,Universal Render Pipeline/Lit,,Evidence/ + _raw_prefab_scan.tsv
Assets/ThirdParty/Low Poly Weapon Pack 4_MW_1/Prefabs/Attachments/Barrels/Muzzles/Muzzle_Suppressor_L_Sand.prefab,MW4,Muzzle_Suppressor_L_Sand,AttachmentOrPart,attachment module (optic/muzzle/grip/rail/light/mag),,,,,,1,1,2464,0.043,0.05,0.252,0.252,none-authored,child-hit:1,urp-lit-needs-conversion,Universal Render Pipeline/Lit,,Evidence/ + _raw_prefab_scan.tsv
Assets/ThirdParty/Low Poly Weapon Pack 4_MW_1/Prefabs/Attachments/Barrels/Muzzles_Recon/Muzzle_Recon_Brake_D.prefab,MW4,Muzzle_Recon_Brake_D,AttachmentOrPart,attachment module (optic/muzzle/grip/rail/light/mag),,,,,,1,1,1044,0.033,0.039,0.131,0.131,none-authored,child-hit:1,urp-lit-needs-conversion,Universal Render Pipeline/Lit,,Evidence/ + _raw_prefab_scan.tsv
Assets/ThirdParty/Low Poly Weapon Pack 4_MW_1/Prefabs/Attachments/Mags/Mag_A.prefab,MW4,Mag_A,AttachmentOrPart,attachment module (optic/muzzle/grip/rail/light/mag),,,,,,1,1,3152,0.048,0.266,0.116,0.266,none-authored,none-authored,urp-lit-needs-conversion,Universal Render Pipeline/Lit,,Evidence/ + _raw_prefab_scan.tsv
Assets/ThirdParty/Low Poly Weapon Pack 4_MW_1/Prefabs/Attachments/Mags/Mag_A_Sand.prefab,MW4,Mag_A_Sand,AttachmentOrPart,attachment module (optic/muzzle/grip/rail/light/mag),,,,,,1,1,3152,0.048,0.266,0.116,0.266,none-authored,none-authored,urp-lit-needs-conversion,Universal Render Pipeline/Lit,,Evidence/ + _raw_prefab_scan.tsv
Assets/ThirdParty/Low Poly Weapon Pack 4_MW_1/Prefabs/Attachments/Mags/Mag_B.prefab,MW4,Mag_B,AttachmentOrPart,attachment module (optic/muzzle/grip/rail/light/mag),,,,,,1,1,2186,0.05,0.26,0.119,0.26,none-authored,none-authored,urp-lit-needs-conversion,Universal Render Pipeline/Lit,,Evidence/ + _raw_prefab_scan.tsv
Assets/ThirdParty/Low Poly Weapon Pack 4_MW_1/Prefabs/Attachments/Mags/Mag_B_Sand.prefab,MW4,Mag_B_Sand,AttachmentOrPart,attachment module (optic/muzzle/grip/rail/light/mag),,,,,,1,1,2186,0.05,0.26,0.119,0.26,none-authored,none-authored,urp-lit-needs-conversion,Universal Render Pipeline/Lit,,Evidence/ + _raw_prefab_scan.tsv
Assets/ThirdParty/Low Poly Weapon Pack 4_MW_1/Prefabs/Attachments/Mags/Mag_C.prefab,MW4,Mag_C,AttachmentOrPart,attachment module (optic/muzzle/grip/rail/light/mag),,,,,,1,1,1946,0.046,0.267,0.129,0.267,none-authored,none-authored,urp-lit-needs-conversion,Universal Render Pipeline/Lit,,Evidence/ + _raw_prefab_scan.tsv
Assets/ThirdParty/Low Poly Weapon Pack 4_MW_1/Prefabs/Attachments/Mags/Mag_C_Sand.prefab,MW4,Mag_C_Sand,AttachmentOrPart,attachment module (optic/muzzle/grip/rail/light/mag),,,,,,1,1,1946,0.046,0.267,0.129,0.267,none-authored,none-authored,urp-lit-needs-conversion,Universal Render Pipeline/Lit,,Evidence/ + _raw_prefab_scan.tsv
Assets/ThirdParty/Low Poly Weapon Pack 4_MW_1/Prefabs/Attachments/Optics/Optics/Optic_AQ.prefab,MW4,Optic_AQ,AttachmentOrPart,attachment module (optic/muzzle/grip/rail/light/mag),,,,,,2,2,3022,0.061,0.11,0.121,0.121,none-authored,none-authored,urp-lit-needs-conversion,Universal Render Pipeline/Lit,,Evidence/ + _raw_prefab_scan.tsv
Assets/ThirdParty/Low Poly Weapon Pack 4_MW_1/Prefabs/Attachments/Optics/Optics_Recon/Optic_Recon_T.prefab,MW4,Optic_Recon_T,AttachmentOrPart,attachment module (optic/muzzle/grip/rail/light/mag),,,,,,2,2,3866,0.075,0.145,0.398,0.398,none-authored,none-authored,urp-lit-needs-conversion,Universal Render Pipeline/Lit,,Evidence/ + _raw_prefab_scan.tsv
Assets/ThirdParty/Low Poly Weapon Pack 4_MW_1/Prefabs/Attachments/UnderBarrels/GrenadeLaunchers/GrenadeLauncher_C.prefab,MW4,GrenadeLauncher_C,LaterSpecialFamily,launcher/mounted family; no runtime fire mode implemented,Launcher,,Projectile,high,,1,6,7416,0.096,0.217,0.486,0.486,none-authored,none-authored,urp-lit-needs-conversion,Universal Render Pipeline/Lit,LATER — needs Projectile runtime,Evidence/ + _raw_prefab_scan.tsv
Assets/ThirdParty/Low Poly Weapon Pack 4_MW_1/Prefabs/Attachments/UnderBarrels/GrenadeLaunchers/GrenadeLauncher_C_Sand.prefab,MW4,GrenadeLauncher_C_Sand,ColourVariant,colour variant of the base model,,,,,GrenadeLauncher_C,1,6,7416,0.096,0.217,0.486,0.486,none-authored,none-authored,urp-lit-needs-conversion,Universal Render Pipeline/Lit,,Evidence/ + _raw_prefab_scan.tsv
Assets/ThirdParty/Low Poly Weapon Pack 4_MW_1/Prefabs/Bullets/Bullets/Bullet_F.prefab,MW4,Bullet_F,AttachmentOrPart,"projectile or thrown VFX, not a held weapon",,,,,,1,2,352,0.012,0.014,0.074,0.074,none-authored,none-authored,urp-lit-needs-conversion,Universal Render Pipeline/Lit,,Evidence/ + _raw_prefab_scan.tsv
Assets/ThirdParty/Low Poly Weapon Pack 4_MW_1/Prefabs/Bullets/Bullets/Bullets_PreSet/Bullets_F.prefab,MW4,Bullets_F,AttachmentOrPart,"projectile or thrown VFX, not a held weapon",,,,,,1,6,1056,0.012,0.014,0.074,0.074,none-authored,none-authored,urp-lit-needs-conversion,Universal Render Pipeline/Lit,,Evidence/ + _raw_prefab_scan.tsv
Assets/ThirdParty/Low Poly Weapon Pack 4_MW_1/Prefabs/Bullets/Bullets_Pistol/Bullet_Pistol_F.prefab,MW4,Bullet_Pistol_F,AttachmentOrPart,"projectile or thrown VFX, not a held weapon",,,,,,1,2,340,0.012,0.013,0.032,0.032,none-authored,none-authored,urp-lit-needs-conversion,Universal Render Pipeline/Lit,,Evidence/ + _raw_prefab_scan.tsv
Assets/ThirdParty/Low Poly Weapon Pack 4_MW_1/Prefabs/Bullets/Bullets_Pistol/Bullets_Pistol_PreSet/Bullets_Pistol_F.prefab,MW4,Bullets_Pistol_F,AttachmentOrPart,"projectile or thrown VFX, not a held weapon",,,,,,1,6,1020,0.012,0.013,0.032,0.032,none-authored,none-authored,urp-lit-needs-conversion,Universal Render Pipeline/Lit,,Evidence/ + _raw_prefab_scan.tsv
Assets/ThirdParty/Low Poly Weapon Pack 4_MW_1/Prefabs/Bullets/Bullets_Recon/Bullet_Recon_F.prefab,MW4,Bullet_Recon_F,AttachmentOrPart,"projectile or thrown VFX, not a held weapon",,,,,,1,2,400,0.018,0.021,0.103,0.103,none-authored,none-authored,urp-lit-needs-conversion,Universal Render Pipeline/Lit,,Evidence/ + _raw_prefab_scan.tsv
Assets/ThirdParty/Low Poly Weapon Pack 4_MW_1/Prefabs/Bullets/Bullets_Recon/Bullets_Recon_PreSet/Bullets_Recon_F.prefab,MW4,Bullets_Recon_F,AttachmentOrPart,"projectile or thrown VFX, not a held weapon",,,,,,1,6,1200,0.018,0.021,0.103,0.103,none-authored,none-authored,urp-lit-needs-conversion,Universal Render Pipeline/Lit,,Evidence/ + _raw_prefab_scan.tsv
Assets/ThirdParty/Low Poly Weapon Pack 4_MW_1/Prefabs/Bullets/Bullets_SMG/Bullet_SMG_F.prefab,MW4,Bullet_SMG_F,AttachmentOrPart,"projectile or thrown VFX, not a held weapon",,,,,,1,2,292,0.013,0.015,0.033,0.033,none-authored,none-authored,urp-lit-needs-conversion,Universal Render Pipeline/Lit,,Evidence/ + _raw_prefab_scan.tsv
Assets/ThirdParty/Low Poly Weapon Pack 4_MW_1/Prefabs/Bullets/Bullets_SMG/Bullets_SMG_PreSet/Bullets_SMG_F.prefab,MW4,Bullets_SMG_F,AttachmentOrPart,"projectile or thrown VFX, not a held weapon",,,,,,1,6,876,0.013,0.015,0.033,0.033,none-authored,none-authored,urp-lit-needs-conversion,Universal Render Pipeline/Lit,,Evidence/ + _raw_prefab_scan.tsv
Assets/ThirdParty/Low Poly Weapon Pack 4_MW_1/Prefabs/Items/MW_Dogtag_A.prefab,MW4,MW_Dogtag_A,DemoOrSceneObject,"scene prop / gadget, not a weapon",,,,,,1,2,3818,0.123,0.05,0.147,0.147,none-authored,none-authored,urp-lit-needs-conversion,Universal Render Pipeline/Lit,,Evidence/ + _raw_prefab_scan.tsv
Assets/ThirdParty/Low Poly Weapon Pack 4_MW_1/Prefabs/Previous/Attachments/Accessories/Accessories_Pistol/Rails_Pistol/Rail_Pistol_A.prefab,MW4,Rail_Pistol_A,AttachmentOrPart,attachment module (optic/muzzle/grip/rail/light/mag),,,,,,1,1,140,0.025,0.01,0.057,0.057,none-authored,none-authored,urp-lit-needs-conversion,Universal Render Pipeline/Lit,,Evidence/ + _raw_prefab_scan.tsv
Assets/ThirdParty/Low Poly Weapon Pack 4_MW_1/Prefabs/Previous/Attachments/Accessories/Accessories_Pistol/Rails_Pistol/Rail_Pistol_B.prefab,MW4,Rail_Pistol_B,AttachmentOrPart,attachment module (optic/muzzle/grip/rail/light/mag),,,,,,1,1,140,0.025,0.01,0.057,0.057,none-authored,none-authored,urp-lit-needs-conversion,Universal Render Pipeline/Lit,,Evidence/ + _raw_prefab_scan.tsv
Assets/ThirdParty/Low Poly Weapon Pack 4_MW_1/Prefabs/Previous/Attachments/Accessories/Accessories_Pistol/Tatical Lasers_Pistol/Laser_Pistol_A.prefab,MW4,Laser_Pistol_A,AttachmentOrPart,attachment module (optic/muzzle/grip/rail/light/mag),,,,,,1,1,548,0.032,0.038,0.085,0.085,none-authored,none-authored,urp-lit-needs-conversion,Universal Render Pipeline/Lit,,Evidence/ + _raw_prefab_scan.tsv
Assets/ThirdParty/Low Poly Weapon Pack 4_MW_1/Prefabs/Previous/Attachments/Accessories/Accessories_Pistol/Tatical Lasers_Pistol/Laser_Pistol_B.prefab,MW4,Laser_Pistol_B,AttachmentOrPart,attachment module (optic/muzzle/grip/rail/light/mag),,,,,,1,1,756,0.043,0.051,0.088,0.088,none-authored,none-authored,urp-lit-needs-conversion,Universal Render Pipeline/Lit,,Evidence/ + _raw_prefab_scan.tsv
Assets/ThirdParty/Low Poly Weapon Pack 4_MW_1/Prefabs/Previous/Attachments/Accessories/Accessories_Pistol/Tatical Lights_Pistol/Light_Pistol_A.prefab,MW4,Light_Pistol_A,AttachmentOrPart,attachment module (optic/muzzle/grip/rail/light/mag),,,,,,1,1,584,0.036,0.047,0.165,0.165,none-authored,none-authored,urp-lit-needs-conversion,Universal Render Pipeline/Lit,,Evidence/ + _raw_prefab_scan.tsv
Assets/ThirdParty/Low Poly Weapon Pack 4_MW_1/Prefabs/Previous/Attachments/Accessories/Accessories_Pistol/Tatical Lights_Pistol/Light_Pistol_B.prefab,MW4,Light_Pistol_B,AttachmentOrPart,attachment module (optic/muzzle/grip/rail/light/mag),,,,,,1,1,544,0.039,0.048,0.108,0.108,none-authored,none-authored,urp-lit-needs-conversion,Universal Render Pipeline/Lit,,Evidence/ + _raw_prefab_scan.tsv
Assets/ThirdParty/Low Poly Weapon Pack 4_MW_1/Prefabs/Previous/Attachments/Accessories/BarrelGuard_Chips/BarrelGuard_Chips_A/BarrelGuard_Chip_A_Down.prefab,MW4,BarrelGuard_Chip_A_Down,AttachmentOrPart,attachment module (optic/muzzle/grip/rail/light/mag),,,,,,1,1,372,0.053,0.015,0.15,0.15,none-authored,none-authored,urp-lit-needs-conversion,Universal Render Pipeline/Lit,,Evidence/ + _raw_prefab_scan.tsv
Assets/ThirdParty/Low Poly Weapon Pack 4_MW_1/Prefabs/Previous/Attachments/Accessories/BarrelGuard_Chips/BarrelGuard_Chips_A/BarrelGuard_Chip_A_Left.prefab,MW4,BarrelGuard_Chip_A_Left,AttachmentOrPart,attachment module (optic/muzzle/grip/rail/light/mag),,,,,,1,1,372,0.015,0.053,0.15,0.15,none-authored,none-authored,urp-lit-needs-conversion,Universal Render Pipeline/Lit,,Evidence/ + _raw_prefab_scan.tsv
Assets/ThirdParty/Low Poly Weapon Pack 4_MW_1/Prefabs/Previous/Attachments/Accessories/BarrelGuard_Chips/BarrelGuard_Chips_A/BarrelGuard_Chip_A_Right.prefab,MW4,BarrelGuard_Chip_A_Right,AttachmentOrPart,attachment module (optic/muzzle/grip/rail/light/mag),,,,,,1,1,372,0.015,0.053,0.15,0.15,none-authored,none-authored,urp-lit-needs-conversion,Universal Render Pipeline/Lit,,Evidence/ + _raw_prefab_scan.tsv
Assets/ThirdParty/Low Poly Weapon Pack 4_MW_1/Prefabs/Previous/Attachments/Accessories/BarrelGuard_Chips/BarrelGuard_Chips_A/BarrelGuard_Chip_A_Up.prefab,MW4,BarrelGuard_Chip_A_Up,AttachmentOrPart,attachment module (optic/muzzle/grip/rail/light/mag),,,,,,1,1,372,0.053,0.015,0.15,0.15,none-authored,none-authored,urp-lit-needs-conversion,Universal Render Pipeline/Lit,,Evidence/ + _raw_prefab_scan.tsv
Assets/ThirdParty/Low Poly Weapon Pack 4_MW_1/Prefabs/Previous/Attachments/Accessories/BarrelGuard_Chips/BarrelGuard_Chips_B/BarrelGuard_Chip_B_Down.prefab,MW4,BarrelGuard_Chip_B_Down,AttachmentOrPart,attachment module (optic/muzzle/grip/rail/light/mag),,,,,,1,1,744,0.053,0.015,0.15,0.15,none-authored,none-authored,urp-lit-needs-conversion,Universal Render Pipeline/Lit,,Evidence/ + _raw_prefab_scan.tsv
Assets/ThirdParty/Low Poly Weapon Pack 4_MW_1/Prefabs/Previous/Attachments/Accessories/BarrelGuard_Chips/BarrelGuard_Chips_B/BarrelGuard_Chip_B_Left.prefab,MW4,BarrelGuard_Chip_B_Left,AttachmentOrPart,attachment module (optic/muzzle/grip/rail/light/mag),,,,,,1,1,744,0.015,0.053,0.15,0.15,none-authored,none-authored,urp-lit-needs-conversion,Universal Render Pipeline/Lit,,Evidence/ + _raw_prefab_scan.tsv
Assets/ThirdParty/Low Poly Weapon Pack 4_MW_1/Prefabs/Previous/Attachments/Accessories/BarrelGuard_Chips/BarrelGuard_Chips_B/BarrelGuard_Chip_B_Right.prefab,MW4,BarrelGuard_Chip_B_Right,AttachmentOrPart,attachment module (optic/muzzle/grip/rail/light/mag),,,,,,1,1,744,0.015,0.053,0.15,0.15,none-authored,none-authored,urp-lit-needs-conversion,Universal Render Pipeline/Lit,,Evidence/ + _raw_prefab_scan.tsv
Assets/ThirdParty/Low Poly Weapon Pack 4_MW_1/Prefabs/Previous/Attachments/Accessories/BarrelGuard_Chips/BarrelGuard_Chips_B/BarrelGuard_Chip_B_Up.prefab,MW4,BarrelGuard_Chip_B_Up,AttachmentOrPart,attachment module (optic/muzzle/grip/rail/light/mag),,,,,,1,1,744,0.053,0.015,0.15,0.15,none-authored,none-authored,urp-lit-needs-conversion,Universal Render Pipeline/Lit,,Evidence/ + _raw_prefab_scan.tsv
Assets/ThirdParty/Low Poly Weapon Pack 4_MW_1/Prefabs/Previous/Attachments/Accessories/BarrelGuard_Chips/BarrelGuard_Chips_C/BarrelGuard_Chip_C_Down.prefab,MW4,BarrelGuard_Chip_C_Down,AttachmentOrPart,attachment module (optic/muzzle/grip/rail/light/mag),,,,,,1,1,1252,0.053,0.018,0.15,0.15,none-authored,none-authored,urp-lit-needs-conversion,Universal Render Pipeline/Lit,,Evidence/ + _raw_prefab_scan.tsv
Assets/ThirdParty/Low Poly Weapon Pack 4_MW_1/Prefabs/Previous/Attachments/Accessories/BarrelGuard_Chips/BarrelGuard_Chips_C/BarrelGuard_Chip_C_Left.prefab,MW4,BarrelGuard_Chip_C_Left,AttachmentOrPart,attachment module (optic/muzzle/grip/rail/light/mag),,,,,,1,1,1252,0.018,0.053,0.15,0.15,none-authored,none-authored,urp-lit-needs-conversion,Universal Render Pipeline/Lit,,Evidence/ + _raw_prefab_scan.tsv
Assets/ThirdParty/Low Poly Weapon Pack 4_MW_1/Prefabs/Previous/Attachments/Accessories/BarrelGuard_Chips/BarrelGuard_Chips_C/BarrelGuard_Chip_C_Right.prefab,MW4,BarrelGuard_Chip_C_Right,AttachmentOrPart,attachment module (optic/muzzle/grip/rail/light/mag),,,,,,1,1,1252,0.018,0.053,0.15,0.15,none-authored,none-authored,urp-lit-needs-conversion,Universal Render Pipeline/Lit,,Evidence/ + _raw_prefab_scan.tsv
Assets/ThirdParty/Low Poly Weapon Pack 4_MW_1/Prefabs/Previous/Attachments/Accessories/BarrelGuard_Chips/BarrelGuard_Chips_C/BarrelGuard_Chip_C_Up.prefab,MW4,BarrelGuard_Chip_C_Up,AttachmentOrPart,attachment module (optic/muzzle/grip/rail/light/mag),,,,,,1,1,1252,0.053,0.018,0.15,0.15,none-authored,none-authored,urp-lit-needs-conversion,Universal Render Pipeline/Lit,,Evidence/ + _raw_prefab_scan.tsv
Assets/ThirdParty/Low Poly Weapon Pack 4_MW_1/Prefabs/Previous/Attachments/Accessories/Equipments/Distance Measuring Equipment.prefab,MW4,Distance Measuring Equipment,DemoOrSceneObject,"scene prop / gadget, not a weapon",,,,,,1,1,788,0.051,0.081,0.034,0.081,none-authored,none-authored,urp-lit-needs-conversion,Universal Render Pipeline/Lit,,Evidence/ + _raw_prefab_scan.tsv
Assets/ThirdParty/Low Poly Weapon Pack 4_MW_1/Prefabs/Previous/Attachments/Accessories/Equipments/HeartBeat Sensor.prefab,MW4,HeartBeat Sensor,DemoOrSceneObject,"scene prop / gadget, not a weapon",,,,,,1,1,1010,0.115,0.091,0.03,0.115,none-authored,none-authored,urp-lit-needs-conversion,Universal Render Pipeline/Lit,,Evidence/ + _raw_prefab_scan.tsv
Assets/ThirdParty/Low Poly Weapon Pack 4_MW_1/Prefabs/Previous/Attachments/Accessories/Rail_Risers/Rail_Riser_A.prefab,MW4,Rail_Riser_A,AttachmentOrPart,attachment module (optic/muzzle/grip/rail/light/mag),,,,,,1,1,588,0.055,0.034,0.12,0.12,none-authored,none-authored,urp-lit-needs-conversion,Universal Render Pipeline/Lit,,Evidence/ + _raw_prefab_scan.tsv
Assets/ThirdParty/Low Poly Weapon Pack 4_MW_1/Prefabs/Previous/Attachments/Accessories/Rail_Risers/Rail_Riser_B.prefab,MW4,Rail_Riser_B,AttachmentOrPart,attachment module (optic/muzzle/grip/rail/light/mag),,,,,,1,1,806,0.055,0.036,0.188,0.188,none-authored,none-authored,urp-lit-needs-conversion,Universal Render Pipeline/Lit,,Evidence/ + _raw_prefab_scan.tsv
Assets/ThirdParty/Low Poly Weapon Pack 4_MW_1/Prefabs/Previous/Attachments/Accessories/Rails/Rails_A/Rail_A_Down.prefab,MW4,Rail_A_Down,AttachmentOrPart,attachment module (optic/muzzle/grip/rail/light/mag),,,,,,1,1,184,0.033,0.012,0.138,0.138,none-authored,none-authored,urp-lit-needs-conversion,Universal Render Pipeline/Lit,,Evidence/ + _raw_prefab_scan.tsv
Assets/ThirdParty/Low Poly Weapon Pack 4_MW_1/Prefabs/Previous/Attachments/Accessories/Rails/Rails_A/Rail_A_Down_Sand.prefab,MW4,Rail_A_Down_Sand,AttachmentOrPart,attachment module (optic/muzzle/grip/rail/light/mag),,,,,,1,1,184,0.033,0.012,0.138,0.138,none-authored,none-authored,urp-lit-needs-conversion,Universal Render Pipeline/Lit,,Evidence/ + _raw_prefab_scan.tsv
Assets/ThirdParty/Low Poly Weapon Pack 4_MW_1/Prefabs/Previous/Attachments/Accessories/Rails/Rails_A/Rail_A_Left.prefab,MW4,Rail_A_Left,AttachmentOrPart,attachment module (optic/muzzle/grip/rail/light/mag),,,,,,1,1,184,0.012,0.033,0.138,0.138,none-authored,none-authored,urp-lit-needs-conversion,Universal Render Pipeline/Lit,,Evidence/ + _raw_prefab_scan.tsv
Assets/ThirdParty/Low Poly Weapon Pack 4_MW_1/Prefabs/Previous/Attachments/Accessories/Rails/Rails_A/Rail_A_Left_Sand.prefab,MW4,Rail_A_Left_Sand,AttachmentOrPart,attachment module (optic/muzzle/grip/rail/light/mag),,,,,,1,1,184,0.012,0.033,0.138,0.138,none-authored,none-authored,urp-lit-needs-conversion,Universal Render Pipeline/Lit,,Evidence/ + _raw_prefab_scan.tsv
Assets/ThirdParty/Low Poly Weapon Pack 4_MW_1/Prefabs/Previous/Attachments/Accessories/Rails/Rails_A/Rail_A_Right.prefab,MW4,Rail_A_Right,AttachmentOrPart,attachment module (optic/muzzle/grip/rail/light/mag),,,,,,1,1,184,0.012,0.033,0.138,0.138,none-authored,none-authored,urp-lit-needs-conversion,Universal Render Pipeline/Lit,,Evidence/ + _raw_prefab_scan.tsv
Assets/ThirdParty/Low Poly Weapon Pack 4_MW_1/Prefabs/Previous/Attachments/Accessories/Rails/Rails_A/Rail_A_Right_Sand.prefab,MW4,Rail_A_Right_Sand,AttachmentOrPart,attachment module (optic/muzzle/grip/rail/light/mag),,,,,,1,1,184,0.012,0.033,0.138,0.138,none-authored,none-authored,urp-lit-needs-conversion,Universal Render Pipeline/Lit,,Evidence/ + _raw_prefab_scan.tsv
Assets/ThirdParty/Low Poly Weapon Pack 4_MW_1/Prefabs/Previous/Attachments/Accessories/Rails/Rails_A/Rail_A_Up.prefab,MW4,Rail_A_Up,AttachmentOrPart,attachment module (optic/muzzle/grip/rail/light/mag),,,,,,1,1,184,0.033,0.012,0.138,0.138,none-authored,none-authored,urp-lit-needs-conversion,Universal Render Pipeline/Lit,,Evidence/ + _raw_prefab_scan.tsv
Assets/ThirdParty/Low Poly Weapon Pack 4_MW_1/Prefabs/Previous/Attachments/Accessories/Rails/Rails_A/Rail_A_Up_Sand.prefab,MW4,Rail_A_Up_Sand,AttachmentOrPart,attachment module (optic/muzzle/grip/rail/light/mag),,,,,,1,1,184,0.033,0.012,0.138,0.138,none-authored,none-authored,urp-lit-needs-conversion,Universal Render Pipeline/Lit,,Evidence/ + _raw_prefab_scan.tsv
Assets/ThirdParty/Low Poly Weapon Pack 4_MW_1/Prefabs/Previous/Attachments/Accessories/Rails/Rails_B/Rail_B_Down.prefab,MW4,Rail_B_Down,AttachmentOrPart,attachment module (optic/muzzle/grip/rail/light/mag),,,,,,1,1,328,0.033,0.012,0.138,0.138,none-authored,none-authored,urp-lit-needs-conversion,Universal Render Pipeline/Lit,,Evidence/ + _raw_prefab_scan.tsv
Assets/ThirdParty/Low Poly Weapon Pack 4_MW_1/Prefabs/Previous/Attachments/Accessories/Rails/Rails_B/Rail_B_Down_Sand.prefab,MW4,Rail_B_Down_Sand,AttachmentOrPart,attachment module (optic/muzzle/grip/rail/light/mag),,,,,,1,1,328,0.033,0.012,0.138,0.138,none-authored,none-authored,urp-lit-needs-conversion,Universal Render Pipeline/Lit,,Evidence/ + _raw_prefab_scan.tsv
Assets/ThirdParty/Low Poly Weapon Pack 4_MW_1/Prefabs/Previous/Attachments/Accessories/Rails/Rails_B/Rail_B_Left.prefab,MW4,Rail_B_Left,AttachmentOrPart,attachment module (optic/muzzle/grip/rail/light/mag),,,,,,1,1,328,0.012,0.033,0.138,0.138,none-authored,none-authored,urp-lit-needs-conversion,Universal Render Pipeline/Lit,,Evidence/ + _raw_prefab_scan.tsv
Assets/ThirdParty/Low Poly Weapon Pack 4_MW_1/Prefabs/Previous/Attachments/Accessories/Rails/Rails_B/Rail_B_Left_Sand.prefab,MW4,Rail_B_Left_Sand,AttachmentOrPart,attachment module (optic/muzzle/grip/rail/light/mag),,,,,,1,1,328,0.012,0.033,0.138,0.138,none-authored,none-authored,urp-lit-needs-conversion,Universal Render Pipeline/Lit,,Evidence/ + _raw_prefab_scan.tsv
Assets/ThirdParty/Low Poly Weapon Pack 4_MW_1/Prefabs/Previous/Attachments/Accessories/Rails/Rails_B/Rail_B_Right.prefab,MW4,Rail_B_Right,AttachmentOrPart,attachment module (optic/muzzle/grip/rail/light/mag),,,,,,1,1,328,0.012,0.033,0.138,0.138,none-authored,none-authored,urp-lit-needs-conversion,Universal Render Pipeline/Lit,,Evidence/ + _raw_prefab_scan.tsv
Assets/ThirdParty/Low Poly Weapon Pack 4_MW_1/Prefabs/Previous/Attachments/Accessories/Rails/Rails_B/Rail_B_Right_Sand.prefab,MW4,Rail_B_Right_Sand,AttachmentOrPart,attachment module (optic/muzzle/grip/rail/light/mag),,,,,,1,1,328,0.012,0.033,0.138,0.138,none-authored,none-authored,urp-lit-needs-conversion,Universal Render Pipeline/Lit,,Evidence/ + _raw_prefab_scan.tsv
Assets/ThirdParty/Low Poly Weapon Pack 4_MW_1/Prefabs/Previous/Attachments/Accessories/Rails/Rails_B/Rail_B_Up.prefab,MW4,Rail_B_Up,AttachmentOrPart,attachment module (optic/muzzle/grip/rail/light/mag),,,,,,1,1,328,0.033,0.012,0.138,0.138,none-authored,none-authored,urp-lit-needs-conversion,Universal Render Pipeline/Lit,,Evidence/ + _raw_prefab_scan.tsv
Assets/ThirdParty/Low Poly Weapon Pack 4_MW_1/Prefabs/Previous/Attachments/Accessories/Rails/Rails_B/Rail_B_Up_Sand.prefab,MW4,Rail_B_Up_Sand,AttachmentOrPart,attachment module (optic/muzzle/grip/rail/light/mag),,,,,,1,1,328,0.033,0.012,0.138,0.138,none-authored,none-authored,urp-lit-needs-conversion,Universal Render Pipeline/Lit,,Evidence/ + _raw_prefab_scan.tsv
Assets/ThirdParty/Low Poly Weapon Pack 4_MW_1/Prefabs/Previous/Attachments/Accessories/Rails/Rails_C/Rail_C_Down.prefab,MW4,Rail_C_Down,AttachmentOrPart,attachment module (optic/muzzle/grip/rail/light/mag),,,,,,1,1,264,0.033,0.012,0.138,0.138,none-authored,none-authored,urp-lit-needs-conversion,Universal Render Pipeline/Lit,,Evidence/ + _raw_prefab_scan.tsv
Assets/ThirdParty/Low Poly Weapon Pack 4_MW_1/Prefabs/Previous/Attachments/Accessories/Rails/Rails_C/Rail_C_Down_Sand.prefab,MW4,Rail_C_Down_Sand,AttachmentOrPart,attachment module (optic/muzzle/grip/rail/light/mag),,,,,,1,1,264,0.033,0.012,0.138,0.138,none-authored,none-authored,urp-lit-needs-conversion,Universal Render Pipeline/Lit,,Evidence/ + _raw_prefab_scan.tsv
Assets/ThirdParty/Low Poly Weapon Pack 4_MW_1/Prefabs/Previous/Attachments/Accessories/Rails/Rails_C/Rail_C_Left.prefab,MW4,Rail_C_Left,AttachmentOrPart,attachment module (optic/muzzle/grip/rail/light/mag),,,,,,1,1,264,0.012,0.033,0.138,0.138,none-authored,none-authored,urp-lit-needs-conversion,Universal Render Pipeline/Lit,,Evidence/ + _raw_prefab_scan.tsv
Assets/ThirdParty/Low Poly Weapon Pack 4_MW_1/Prefabs/Previous/Attachments/Accessories/Rails/Rails_C/Rail_C_Left_Sand.prefab,MW4,Rail_C_Left_Sand,AttachmentOrPart,attachment module (optic/muzzle/grip/rail/light/mag),,,,,,1,1,264,0.012,0.033,0.138,0.138,none-authored,none-authored,urp-lit-needs-conversion,Universal Render Pipeline/Lit,,Evidence/ + _raw_prefab_scan.tsv
Assets/ThirdParty/Low Poly Weapon Pack 4_MW_1/Prefabs/Previous/Attachments/Accessories/Rails/Rails_C/Rail_C_Right.prefab,MW4,Rail_C_Right,AttachmentOrPart,attachment module (optic/muzzle/grip/rail/light/mag),,,,,,1,1,264,0.012,0.033,0.138,0.138,none-authored,none-authored,urp-lit-needs-conversion,Universal Render Pipeline/Lit,,Evidence/ + _raw_prefab_scan.tsv
Assets/ThirdParty/Low Poly Weapon Pack 4_MW_1/Prefabs/Previous/Attachments/Accessories/Rails/Rails_C/Rail_C_Right_Sand.prefab,MW4,Rail_C_Right_Sand,AttachmentOrPart,attachment module (optic/muzzle/grip/rail/light/mag),,,,,,1,1,264,0.012,0.033,0.138,0.138,none-authored,none-authored,urp-lit-needs-conversion,Universal Render Pipeline/Lit,,Evidence/ + _raw_prefab_scan.tsv
Assets/ThirdParty/Low Poly Weapon Pack 4_MW_1/Prefabs/Previous/Attachments/Accessories/Rails/Rails_C/Rail_C_Up.prefab,MW4,Rail_C_Up,AttachmentOrPart,attachment module (optic/muzzle/grip/rail/light/mag),,,,,,1,1,264,0.033,0.012,0.138,0.138,none-authored,none-authored,urp-lit-needs-conversion,Universal Render Pipeline/Lit,,Evidence/ + _raw_prefab_scan.tsv
Assets/ThirdParty/Low Poly Weapon Pack 4_MW_1/Prefabs/Previous/Attachments/Accessories/Rails/Rails_C/Rail_C_Up_Sand.prefab,MW4,Rail_C_Up_Sand,AttachmentOrPart,attachment module (optic/muzzle/grip/rail/light/mag),,,,,,1,1,264,0.033,0.012,0.138,0.138,none-authored,none-authored,urp-lit-needs-conversion,Universal Render Pipeline/Lit,,Evidence/ + _raw_prefab_scan.tsv
Assets/ThirdParty/Low Poly Weapon Pack 4_MW_1/Prefabs/Previous/Attachments/Accessories/Tatical Lasers/Laser_A_Left.prefab,MW4,Laser_A_Left,AttachmentOrPart,attachment module (optic/muzzle/grip/rail/light/mag),,,,,,1,1,1312,0.042,0.068,0.126,0.126,none-authored,none-authored,urp-lit-needs-conversion,Universal Render Pipeline/Lit,,Evidence/ + _raw_prefab_scan.tsv
Assets/ThirdParty/Low Poly Weapon Pack 4_MW_1/Prefabs/Previous/Attachments/Accessories/Tatical Lasers/Laser_A_Right.prefab,MW4,Laser_A_Right,AttachmentOrPart,attachment module (optic/muzzle/grip/rail/light/mag),,,,,,1,1,1312,0.042,0.068,0.126,0.126,none-authored,none-authored,urp-lit-needs-conversion,Universal Render Pipeline/Lit,,Evidence/ + _raw_prefab_scan.tsv
Assets/ThirdParty/Low Poly Weapon Pack 4_MW_1/Prefabs/Previous/Attachments/Accessories/Tatical Lasers/Laser_B_Left.prefab,MW4,Laser_B_Left,AttachmentOrPart,attachment module (optic/muzzle/grip/rail/light/mag),,,,,,1,1,1982,0.04,0.073,0.131,0.131,none-authored,none-authored,urp-lit-needs-conversion,Universal Render Pipeline/Lit,,Evidence/ + _raw_prefab_scan.tsv
Assets/ThirdParty/Low Poly Weapon Pack 4_MW_1/Prefabs/Previous/Attachments/Accessories/Tatical Lasers/Laser_B_Right.prefab,MW4,Laser_B_Right,AttachmentOrPart,attachment module (optic/muzzle/grip/rail/light/mag),,,,,,1,1,1982,0.04,0.073,0.131,0.131,none-authored,none-authored,urp-lit-needs-conversion,Universal Render Pipeline/Lit,,Evidence/ + _raw_prefab_scan.tsv
Assets/ThirdParty/Low Poly Weapon Pack 4_MW_1/Prefabs/Previous/Attachments/Accessories/Tatical Lasers/Laser_C_Left.prefab,MW4,Laser_C_Left,AttachmentOrPart,attachment module (optic/muzzle/grip/rail/light/mag),,,,,,1,1,718,0.034,0.078,0.101,0.101,none-authored,none-authored,urp-lit-needs-conversion,Universal Render Pipeline/Lit,,Evidence/ + _raw_prefab_scan.tsv
Assets/ThirdParty/Low Poly Weapon Pack 4_MW_1/Prefabs/Previous/Attachments/Accessories/Tatical Lasers/Laser_C_Right.prefab,MW4,Laser_C_Right,AttachmentOrPart,attachment module (optic/muzzle/grip/rail/light/mag),,,,,,1,1,718,0.034,0.078,0.101,0.101,none-authored,none-authored,urp-lit-needs-conversion,Universal Render Pipeline/Lit,,Evidence/ + _raw_prefab_scan.tsv
Assets/ThirdParty/Low Poly Weapon Pack 4_MW_1/Prefabs/Previous/Attachments/Accessories/Tatical Lasers/Laser_D_Left.prefab,MW4,Laser_D_Left,AttachmentOrPart,attachment module (optic/muzzle/grip/rail/light/mag),,,,,,1,1,796,0.041,0.075,0.125,0.125,none-authored,none-authored,urp-lit-needs-conversion,Universal Render Pipeline/Lit,,Evidence/ + _raw_prefab_scan.tsv
Assets/ThirdParty/Low Poly Weapon Pack 4_MW_1/Prefabs/Previous/Attachments/Accessories/Tatical Lasers/Laser_D_Right.prefab,MW4,Laser_D_Right,AttachmentOrPart,attachment module (optic/muzzle/grip/rail/light/mag),,,,,,1,1,796,0.041,0.075,0.125,0.125,none-authored,none-authored,urp-lit-needs-conversion,Universal Render Pipeline/Lit,,Evidence/ + _raw_prefab_scan.tsv
Assets/ThirdParty/Low Poly Weapon Pack 4_MW_1/Prefabs/Previous/Attachments/Accessories/Tatical Lasers/Laser_E_Left.prefab,MW4,Laser_E_Left,AttachmentOrPart,attachment module (optic/muzzle/grip/rail/light/mag),,,,,,1,1,878,0.044,0.07,0.114,0.114,none-authored,none-authored,urp-lit-needs-conversion,Universal Render Pipeline/Lit,,Evidence/ + _raw_prefab_scan.tsv
Assets/ThirdParty/Low Poly Weapon Pack 4_MW_1/Prefabs/Previous/Attachments/Accessories/Tatical Lasers/Laser_E_Right.prefab,MW4,Laser_E_Right,AttachmentOrPart,attachment module (optic/muzzle/grip/rail/light/mag),,,,,,1,1,878,0.044,0.07,0.114,0.114,none-authored,none-authored,urp-lit-needs-conversion,Universal Render Pipeline/Lit,,Evidence/ + _raw_prefab_scan.tsv
Assets/ThirdParty/Low Poly Weapon Pack 4_MW_1/Prefabs/Previous/Attachments/Accessories/Tatical Lasers/Laser_F_Left.prefab,MW4,Laser_F_Left,AttachmentOrPart,attachment module (optic/muzzle/grip/rail/light/mag),,,,,,1,1,1126,0.038,0.07,0.123,0.123,none-authored,none-authored,urp-lit-needs-conversion,Universal Render Pipeline/Lit,,Evidence/ + _raw_prefab_scan.tsv
Assets/ThirdParty/Low Poly Weapon Pack 4_MW_1/Prefabs/Previous/Attachments/Accessories/Tatical Lasers/Laser_F_Right.prefab,MW4,Laser_F_Right,AttachmentOrPart,attachment module (optic/muzzle/grip/rail/light/mag),,,,,,1,1,1126,0.038,0.07,0.123,0.123,none-authored,none-authored,urp-lit-needs-conversion,Universal Render Pipeline/Lit,,Evidence/ + _raw_prefab_scan.tsv
Assets/ThirdParty/Low Poly Weapon Pack 4_MW_1/Prefabs/Previous/Attachments/Accessories/Tatical Lasers/Laser_G_Left.prefab,MW4,Laser_G_Left,AttachmentOrPart,attachment module (optic/muzzle/grip/rail/light/mag),,,,,,1,1,780,0.034,0.063,0.102,0.102,none-authored,none-authored,urp-lit-needs-conversion,Universal Render Pipeline/Lit,,Evidence/ + _raw_prefab_scan.tsv
Assets/ThirdParty/Low Poly Weapon Pack 4_MW_1/Prefabs/Previous/Attachments/Accessories/Tatical Lasers/Laser_G_Right.prefab,MW4,Laser_G_Right,AttachmentOrPart,attachment module (optic/muzzle/grip/rail/light/mag),,,,,,1,1,780,0.034,0.063,0.102,0.102,none-authored,none-authored,urp-lit-needs-conversion,Universal Render Pipeline/Lit,,Evidence/ + _raw_prefab_scan.tsv
Assets/ThirdParty/Low Poly Weapon Pack 4_MW_1/Prefabs/Previous/Attachments/Accessories/Tatical Lasers/Laser_H_Left.prefab,MW4,Laser_H_Left,AttachmentOrPart,attachment module (optic/muzzle/grip/rail/light/mag),,,,,,1,1,1406,0.042,0.065,0.134,0.134,none-authored,none-authored,urp-lit-needs-conversion,Universal Render Pipeline/Lit,,Evidence/ + _raw_prefab_scan.tsv
Assets/ThirdParty/Low Poly Weapon Pack 4_MW_1/Prefabs/Previous/Attachments/Accessories/Tatical Lasers/Laser_H_Right.prefab,MW4,Laser_H_Right,AttachmentOrPart,attachment module (optic/muzzle/grip/rail/light/mag),,,,,,1,1,1406,0.042,0.065,0.134,0.134,none-authored,none-authored,urp-lit-needs-conversion,Universal Render Pipeline/Lit,,Evidence/ + _raw_prefab_scan.tsv
Assets/ThirdParty/Low Poly Weapon Pack 4_MW_1/Prefabs/Previous/Attachments/Accessories/Tatical Lights/Light_A_Left.prefab,MW4,Light_A_Left,AttachmentOrPart,attachment module (optic/muzzle/grip/rail/light/mag),,,,,,1,2,892,0.057,0.049,0.187,0.187,none-authored,none-authored,urp-lit-needs-conversion,Universal Render Pipeline/Lit,,Evidence/ + _raw_prefab_scan.tsv
Assets/ThirdParty/Low Poly Weapon Pack 4_MW_1/Prefabs/Previous/Attachments/Accessories/Tatical Lights/Light_A_Right.prefab,MW4,Light_A_Right,AttachmentOrPart,attachment module (optic/muzzle/grip/rail/light/mag),,,,,,1,2,892,0.057,0.049,0.187,0.187,none-authored,none-authored,urp-lit-needs-conversion,Universal Render Pipeline/Lit,,Evidence/ + _raw_prefab_scan.tsv
Assets/ThirdParty/Low Poly Weapon Pack 4_MW_1/Prefabs/Previous/Attachments/Accessories/Tatical Lights/Light_B_Left.prefab,MW4,Light_B_Left,AttachmentOrPart,attachment module (optic/muzzle/grip/rail/light/mag),,,,,,1,2,832,0.045,0.071,0.138,0.138,none-authored,none-authored,urp-lit-needs-conversion,Universal Render Pipeline/Lit,,Evidence/ + _raw_prefab_scan.tsv
Assets/ThirdParty/Low Poly Weapon Pack 4_MW_1/Prefabs/Previous/Attachments/Accessories/Tatical Lights/Light_B_Right.prefab,MW4,Light_B_Right,AttachmentOrPart,attachment module (optic/muzzle/grip/rail/light/mag),,,,,,1,2,832,0.045,0.071,0.138,0.138,none-authored,none-authored,urp-lit-needs-conversion,Universal Render Pipeline/Lit,,Evidence/ + _raw_prefab_scan.tsv
Assets/ThirdParty/Low Poly Weapon Pack 4_MW_1/Prefabs/Previous/Attachments/Accessories/Tatical Lights/Light_C_Left.prefab,MW4,Light_C_Left,AttachmentOrPart,attachment module (optic/muzzle/grip/rail/light/mag),,,,,,1,1,630,0.028,0.038,0.061,0.061,none-authored,none-authored,urp-lit-needs-conversion,Universal Render Pipeline/Lit,,Evidence/ + _raw_prefab_scan.tsv
Assets/ThirdParty/Low Poly Weapon Pack 4_MW_1/Prefabs/Previous/Attachments/Accessories/Tatical Lights/Light_C_Right.prefab,MW4,Light_C_Right,AttachmentOrPart,attachment module (optic/muzzle/grip/rail/light/mag),,,,,,1,1,630,0.028,0.038,0.061,0.061,none-authored,none-authored,urp-lit-needs-conversion,Universal Render Pipeline/Lit,,Evidence/ + _raw_prefab_scan.tsv
Assets/ThirdParty/Low Poly Weapon Pack 4_MW_1/Prefabs/Previous/Attachments/Accessories/Tatical Lights/Light_D_Left.prefab,MW4,Light_D_Left,AttachmentOrPart,attachment module (optic/muzzle/grip/rail/light/mag),,,,,,1,1,992,0.061,0.056,0.153,0.153,none-authored,none-authored,urp-lit-needs-conversion,Universal Render Pipeline/Lit,,Evidence/ + _raw_prefab_scan.tsv
Assets/ThirdParty/Low Poly Weapon Pack 4_MW_1/Prefabs/Previous/Attachments/Accessories/Tatical Lights/Light_D_Right.prefab,MW4,Light_D_Right,AttachmentOrPart,attachment module (optic/muzzle/grip/rail/light/mag),,,,,,1,1,992,0.061,0.056,0.153,0.153,none-authored,none-authored,urp-lit-needs-conversion,Universal Render Pipeline/Lit,,Evidence/ + _raw_prefab_scan.tsv
Assets/ThirdParty/Low Poly Weapon Pack 4_MW_1/Prefabs/Previous/Attachments/Accessories/Tatical Lights/Light_E_Left.prefab,MW4,Light_E_Left,AttachmentOrPart,attachment module (optic/muzzle/grip/rail/light/mag),,,,,,1,1,1180,0.054,0.039,0.156,0.156,none-authored,none-authored,urp-lit-needs-conversion,Universal Render Pipeline/Lit,,Evidence/ + _raw_prefab_scan.tsv
Assets/ThirdParty/Low Poly Weapon Pack 4_MW_1/Prefabs/Previous/Attachments/Accessories/Tatical Lights/Light_E_Right.prefab,MW4,Light_E_Right,AttachmentOrPart,attachment module (optic/muzzle/grip/rail/light/mag),,,,,,1,1,1180,0.054,0.039,0.156,0.156,none-authored,none-authored,urp-lit-needs-conversion,Universal Render Pipeline/Lit,,Evidence/ + _raw_prefab_scan.tsv
Assets/ThirdParty/Low Poly Weapon Pack 4_MW_1/Prefabs/Previous/Attachments/Accessories/Tatical Lights/Light_F_Left.prefab,MW4,Light_F_Left,AttachmentOrPart,attachment module (optic/muzzle/grip/rail/light/mag),,,,,,1,1,968,0.045,0.047,0.185,0.185,none-authored,none-authored,urp-lit-needs-conversion,Universal Render Pipeline/Lit,,Evidence/ + _raw_prefab_scan.tsv
Assets/ThirdParty/Low Poly Weapon Pack 4_MW_1/Prefabs/Previous/Attachments/Accessories/Tatical Lights/Light_F_Right.prefab,MW4,Light_F_Right,AttachmentOrPart,attachment module (optic/muzzle/grip/rail/light/mag),,,,,,1,1,968,0.045,0.047,0.185,0.185,none-authored,none-authored,urp-lit-needs-conversion,Universal Render Pipeline/Lit,,Evidence/ + _raw_prefab_scan.tsv
Assets/ThirdParty/Low Poly Weapon Pack 4_MW_1/Prefabs/Previous/Attachments/Accessories/Tatical Lights/Light_G_Left.prefab,MW4,Light_G_Left,AttachmentOrPart,attachment module (optic/muzzle/grip/rail/light/mag),,,,,,1,1,660,0.038,0.044,0.17,0.17,none-authored,none-authored,urp-lit-needs-conversion,Universal Render Pipeline/Lit,,Evidence/ + _raw_prefab_scan.tsv
Assets/ThirdParty/Low Poly Weapon Pack 4_MW_1/Prefabs/Previous/Attachments/Accessories/Tatical Lights/Light_G_Right.prefab,MW4,Light_G_Right,AttachmentOrPart,attachment module (optic/muzzle/grip/rail/light/mag),,,,,,1,1,660,0.038,0.044,0.17,0.17,none-authored,none-authored,urp-lit-needs-conversion,Universal Render Pipeline/Lit,,Evidence/ + _raw_prefab_scan.tsv
Assets/ThirdParty/Low Poly Weapon Pack 4_MW_1/Prefabs/Previous/Attachments/Accessories/Tatical Lights/Light_H_Left.prefab,MW4,Light_H_Left,AttachmentOrPart,attachment module (optic/muzzle/grip/rail/light/mag),,,,,,1,1,1254,0.042,0.045,0.153,0.153,none-authored,none-authored,urp-lit-needs-conversion,Universal Render Pipeline/Lit,,Evidence/ + _raw_prefab_scan.tsv
Assets/ThirdParty/Low Poly Weapon Pack 4_MW_1/Prefabs/Previous/Attachments/Accessories/Tatical Lights/Light_H_Right.prefab,MW4,Light_H_Right,AttachmentOrPart,attachment module (optic/muzzle/grip/rail/light/mag),,,,,,1,1,1254,0.042,0.045,0.153,0.153,none-authored,none-authored,urp-lit-needs-conversion,Universal Render Pipeline/Lit,,Evidence/ + _raw_prefab_scan.tsv
Assets/ThirdParty/Low Poly Weapon Pack 4_MW_1/Prefabs/Previous/Attachments/Barrels/Muzzles/Muzzle_Brake_A.prefab,MW4,Muzzle_Brake_A,AttachmentOrPart,attachment module (optic/muzzle/grip/rail/light/mag),,,,,,1,1,388,0.026,0.03,0.065,0.065,none-authored,child-hit:1,urp-lit-needs-conversion,Universal Render Pipeline/Lit,,Evidence/ + _raw_prefab_scan.tsv
Assets/ThirdParty/Low Poly Weapon Pack 4_MW_1/Prefabs/Previous/Attachments/Barrels/Muzzles/Muzzle_Brake_B.prefab,MW4,Muzzle_Brake_B,AttachmentOrPart,attachment module (optic/muzzle/grip/rail/light/mag),,,,,,1,1,300,0.03,0.035,0.06,0.06,none-authored,child-hit:1,urp-lit-needs-conversion,Universal Render Pipeline/Lit,,Evidence/ + _raw_prefab_scan.tsv
Assets/ThirdParty/Low Poly Weapon Pack 4_MW_1/Prefabs/Previous/Attachments/Barrels/Muzzles/Muzzle_Brake_C.prefab,MW4,Muzzle_Brake_C,AttachmentOrPart,attachment module (optic/muzzle/grip/rail/light/mag),,,,,,1,1,1080,0.032,0.038,0.083,0.083,none-authored,child-hit:1,urp-lit-needs-conversion,Universal Render Pipeline/Lit,,Evidence/ + _raw_prefab_scan.tsv
Assets/ThirdParty/Low Poly Weapon Pack 4_MW_1/Prefabs/Previous/Attachments/Barrels/Muzzles/Muzzle_Brake_D.prefab,MW4,Muzzle_Brake_D,AttachmentOrPart,attachment module (optic/muzzle/grip/rail/light/mag),,,,,,1,1,736,0.033,0.038,0.115,0.115,none-authored,child-hit:1,urp-lit-needs-conversion,Universal Render Pipeline/Lit,,Evidence/ + _raw_prefab_scan.tsv
Assets/ThirdParty/Low Poly Weapon Pack 4_MW_1/Prefabs/Previous/Attachments/Barrels/Muzzles/Muzzle_Brake_E.prefab,MW4,Muzzle_Brake_E,AttachmentOrPart,attachment module (optic/muzzle/grip/rail/light/mag),,,,,,1,1,296,0.035,0.04,0.058,0.058,none-authored,child-hit:1,urp-lit-needs-conversion,Universal Render Pipeline/Lit,,Evidence/ + _raw_prefab_scan.tsv
Assets/ThirdParty/Low Poly Weapon Pack 4_MW_1/Prefabs/Previous/Attachments/Barrels/Muzzles/Muzzle_Brake_F.prefab,MW4,Muzzle_Brake_F,AttachmentOrPart,attachment module (optic/muzzle/grip/rail/light/mag),,,,,,1,1,724,0.042,0.037,0.127,0.127,none-authored,child-hit:1,urp-lit-needs-conversion,Universal Render Pipeline/Lit,,Evidence/ + _raw_prefab_scan.tsv
Assets/ThirdParty/Low Poly Weapon Pack 4_MW_1/Prefabs/Previous/Attachments/Barrels/Muzzles/Muzzle_Brake_G.prefab,MW4,Muzzle_Brake_G,AttachmentOrPart,attachment module (optic/muzzle/grip/rail/light/mag),,,,,,1,1,680,0.055,0.044,0.135,0.135,none-authored,child-hit:1,urp-lit-needs-conversion,Universal Render Pipeline/Lit,,Evidence/ + _raw_prefab_scan.tsv
Assets/ThirdParty/Low Poly Weapon Pack 4_MW_1/Prefabs/Previous/Attachments/Barrels/Muzzles/Muzzle_Flash Hider_A.prefab,MW4,Muzzle_Flash Hider_A,AttachmentOrPart,attachment module (optic/muzzle/grip/rail/light/mag),,,,,,1,1,620,0.026,0.03,0.065,0.065,none-authored,child-hit:1,urp-lit-needs-conversion,Universal Render Pipeline/Lit,,Evidence/ + _raw_prefab_scan.tsv
Assets/ThirdParty/Low Poly Weapon Pack 4_MW_1/Prefabs/Previous/Attachments/Barrels/Muzzles/Muzzle_Flash Hider_B.prefab,MW4,Muzzle_Flash Hider_B,AttachmentOrPart,attachment module (optic/muzzle/grip/rail/light/mag),,,,,,1,1,558,0.03,0.035,0.109,0.109,none-authored,child-hit:1,urp-lit-needs-conversion,Universal Render Pipeline/Lit,,Evidence/ + _raw_prefab_scan.tsv
Assets/ThirdParty/Low Poly Weapon Pack 4_MW_1/Prefabs/Previous/Attachments/Barrels/Muzzles/Muzzle_Flash Hider_C.prefab,MW4,Muzzle_Flash Hider_C,AttachmentOrPart,attachment module (optic/muzzle/grip/rail/light/mag),,,,,,1,1,888,0.031,0.036,0.106,0.106,none-authored,child-hit:1,urp-lit-needs-conversion,Universal Render Pipeline/Lit,,Evidence/ + _raw_prefab_scan.tsv
Assets/ThirdParty/Low Poly Weapon Pack 4_MW_1/Prefabs/Previous/Attachments/Barrels/Muzzles/Muzzle_Flash Hider_D.prefab,MW4,Muzzle_Flash Hider_D,AttachmentOrPart,attachment module (optic/muzzle/grip/rail/light/mag),,,,,,1,1,816,0.026,0.03,0.069,0.069,none-authored,child-hit:1,urp-lit-needs-conversion,Universal Render Pipeline/Lit,,Evidence/ + _raw_prefab_scan.tsv
Assets/ThirdParty/Low Poly Weapon Pack 4_MW_1/Prefabs/Previous/Attachments/Barrels/Muzzles/Muzzle_Flash Hider_E.prefab,MW4,Muzzle_Flash Hider_E,AttachmentOrPart,attachment module (optic/muzzle/grip/rail/light/mag),,,,,,1,1,464,0.033,0.039,0.074,0.074,none-authored,child-hit:1,urp-lit-needs-conversion,Universal Render Pipeline/Lit,,Evidence/ + _raw_prefab_scan.tsv
Assets/ThirdParty/Low Poly Weapon Pack 4_MW_1/Prefabs/Previous/Attachments/Barrels/Muzzles/Muzzle_Flash Hider_F.prefab,MW4,Muzzle_Flash Hider_F,AttachmentOrPart,attachment module (optic/muzzle/grip/rail/light/mag),,,,,,1,1,332,0.03,0.035,0.13,0.13,none-authored,child-hit:1,urp-lit-needs-conversion,Universal Render Pipeline/Lit,,Evidence/ + _raw_prefab_scan.tsv
Assets/ThirdParty/Low Poly Weapon Pack 4_MW_1/Prefabs/Previous/Attachments/Barrels/Muzzles/Muzzle_Flash Hider_G.prefab,MW4,Muzzle_Flash Hider_G,AttachmentOrPart,attachment module (optic/muzzle/grip/rail/light/mag),,,,,,1,1,596,0.044,0.049,0.099,0.099,none-authored,child-hit:1,urp-lit-needs-conversion,Universal Render Pipeline/Lit,,Evidence/ + _raw_prefab_scan.tsv
Assets/ThirdParty/Low Poly Weapon Pack 4_MW_1/Prefabs/Previous/Attachments/Barrels/Muzzles/Muzzle_Suppressor_A.prefab,MW4,Muzzle_Suppressor_A,AttachmentOrPart,attachment module (optic/muzzle/grip/rail/light/mag),,,,,,1,1,360,0.043,0.049,0.237,0.237,none-authored,child-hit:1,urp-lit-needs-conversion,Universal Render Pipeline/Lit,,Evidence/ + _raw_prefab_scan.tsv
Assets/ThirdParty/Low Poly Weapon Pack 4_MW_1/Prefabs/Previous/Attachments/Barrels/Muzzles/Muzzle_Suppressor_B.prefab,MW4,Muzzle_Suppressor_B,AttachmentOrPart,attachment module (optic/muzzle/grip/rail/light/mag),,,,,,1,1,460,0.051,0.058,0.267,0.267,none-authored,child-hit:1,urp-lit-needs-conversion,Universal Render Pipeline/Lit,,Evidence/ + _raw_prefab_scan.tsv
Assets/ThirdParty/Low Poly Weapon Pack 4_MW_1/Prefabs/Previous/Attachments/Barrels/Muzzles/Muzzle_Suppressor_C.prefab,MW4,Muzzle_Suppressor_C,AttachmentOrPart,attachment module (optic/muzzle/grip/rail/light/mag),,,,,,1,1,584,0.048,0.055,0.155,0.155,none-authored,child-hit:1,urp-lit-needs-conversion,Universal Render Pipeline/Lit,,Evidence/ + _raw_prefab_scan.tsv
Assets/ThirdParty/Low Poly Weapon Pack 4_MW_1/Prefabs/Previous/Attachments/Barrels/Muzzles/Muzzle_Suppressor_D.prefab,MW4,Muzzle_Suppressor_D,AttachmentOrPart,attachment module (optic/muzzle/grip/rail/light/mag),,,,,,1,1,664,0.04,0.047,0.24,0.24,none-authored,child-hit:1,urp-lit-needs-conversion,Universal Render Pipeline/Lit,,Evidence/ + _raw_prefab_scan.tsv
Assets/ThirdParty/Low Poly Weapon Pack 4_MW_1/Prefabs/Previous/Attachments/Barrels/Muzzles/Muzzle_Suppressor_E.prefab,MW4,Muzzle_Suppressor_E,AttachmentOrPart,attachment module (optic/muzzle/grip/rail/light/mag),,,,,,1,1,404,0.043,0.049,0.273,0.273,none-authored,child-hit:1,urp-lit-needs-conversion,Universal Render Pipeline/Lit,,Evidence/ + _raw_prefab_scan.tsv
Assets/ThirdParty/Low Poly Weapon Pack 4_MW_1/Prefabs/Previous/Attachments/Barrels/Muzzles/Muzzle_Suppressor_F.prefab,MW4,Muzzle_Suppressor_F,AttachmentOrPart,attachment module (optic/muzzle/grip/rail/light/mag),,,,,,1,1,300,0.048,0.055,0.243,0.243,none-authored,child-hit:1,urp-lit-needs-conversion,Universal Render Pipeline/Lit,,Evidence/ + _raw_prefab_scan.tsv
Assets/ThirdParty/Low Poly Weapon Pack 4_MW_1/Prefabs/Previous/Attachments/Barrels/Muzzles/Muzzle_Suppressor_G.prefab,MW4,Muzzle_Suppressor_G,AttachmentOrPart,attachment module (optic/muzzle/grip/rail/light/mag),,,,,,1,1,852,0.045,0.053,0.275,0.275,none-authored,child-hit:1,urp-lit-needs-conversion,Universal Render Pipeline/Lit,,Evidence/ + _raw_prefab_scan.tsv
Assets/ThirdParty/Low Poly Weapon Pack 4_MW_1/Prefabs/Previous/Attachments/Barrels/Muzzles/Muzzle_Suppressor_H.prefab,MW4,Muzzle_Suppressor_H,AttachmentOrPart,attachment module (optic/muzzle/grip/rail/light/mag),,,,,,1,1,536,0.043,0.065,0.281,0.281,none-authored,child-hit:1,urp-lit-needs-conversion,Universal Render Pipeline/Lit,,Evidence/ + _raw_prefab_scan.tsv
Assets/ThirdParty/Low Poly Weapon Pack 4_MW_1/Prefabs/Previous/Attachments/Barrels/Muzzles/Muzzle_Suppressor_I.prefab,MW4,Muzzle_Suppressor_I,AttachmentOrPart,attachment module (optic/muzzle/grip/rail/light/mag),,,,,,1,1,548,0.055,0.063,0.116,0.116,none-authored,child-hit:1,urp-lit-needs-conversion,Universal Render Pipeline/Lit,,Evidence/ + _raw_prefab_scan.tsv
Assets/ThirdParty/Low Poly Weapon Pack 4_MW_1/Prefabs/Previous/Attachments/Barrels/Muzzles_Pistol/Muzzle_Pistol_Brake_A.prefab,MW4,Muzzle_Pistol_Brake_A,AttachmentOrPart,attachment module (optic/muzzle/grip/rail/light/mag),,,,,,1,1,1060,0.028,0.033,0.069,0.069,none-authored,child-hit:1,urp-lit-needs-conversion,Universal Render Pipeline/Lit,,Evidence/ + _raw_prefab_scan.tsv
Assets/ThirdParty/Low Poly Weapon Pack 4_MW_1/Prefabs/Previous/Attachments/Barrels/Muzzles_Pistol/Muzzle_Pistol_Brake_B.prefab,MW4,Muzzle_Pistol_Brake_B,AttachmentOrPart,attachment module (optic/muzzle/grip/rail/light/mag),,,,,,1,1,632,0.028,0.041,0.058,0.058,none-authored,child-hit:1,urp-lit-needs-conversion,Universal Render Pipeline/Lit,,Evidence/ + _raw_prefab_scan.tsv
Assets/ThirdParty/Low Poly Weapon Pack 4_MW_1/Prefabs/Previous/Attachments/Barrels/Muzzles_Pistol/Muzzle_Pistol_Device.prefab,MW4,Muzzle_Pistol_Device,AttachmentOrPart,attachment module (optic/muzzle/grip/rail/light/mag),,,,,,1,1,212,0.022,0.025,0.032,0.032,none-authored,child-hit:1,urp-lit-needs-conversion,Universal Render Pipeline/Lit,,Evidence/ + _raw_prefab_scan.tsv
Assets/ThirdParty/Low Poly Weapon Pack 4_MW_1/Prefabs/Previous/Attachments/Barrels/Muzzles_Pistol/Muzzle_Pistol_Flash Hider_A.prefab,MW4,Muzzle_Pistol_Flash Hider_A,AttachmentOrPart,attachment module (optic/muzzle/grip/rail/light/mag),,,,,,1,1,416,0.028,0.033,0.075,0.075,none-authored,child-hit:1,urp-lit-needs-conversion,Universal Render Pipeline/Lit,,Evidence/ + _raw_prefab_scan.tsv
Assets/ThirdParty/Low Poly Weapon Pack 4_MW_1/Prefabs/Previous/Attachments/Barrels/Muzzles_Pistol/Muzzle_Pistol_Flash Hider_B.prefab,MW4,Muzzle_Pistol_Flash Hider_B,AttachmentOrPart,attachment module (optic/muzzle/grip/rail/light/mag),,,,,,1,1,560,0.025,0.029,0.065,0.065,none-authored,child-hit:1,urp-lit-needs-conversion,Universal Render Pipeline/Lit,,Evidence/ + _raw_prefab_scan.tsv
Assets/ThirdParty/Low Poly Weapon Pack 4_MW_1/Prefabs/Previous/Attachments/Barrels/Muzzles_Pistol/Muzzle_Pistol_Suppressor_A.prefab,MW4,Muzzle_Pistol_Suppressor_A,AttachmentOrPart,attachment module (optic/muzzle/grip/rail/light/mag),,,,,,1,1,2144,0.028,0.03,0.178,0.178,none-authored,child-hit:1,urp-lit-needs-conversion,Universal Render Pipeline/Lit,,Evidence/ + _raw_prefab_scan.tsv
Assets/ThirdParty/Low Poly Weapon Pack 4_MW_1/Prefabs/Previous/Attachments/Barrels/Muzzles_Pistol/Muzzle_Pistol_Suppressor_B.prefab,MW4,Muzzle_Pistol_Suppressor_B,AttachmentOrPart,attachment module (optic/muzzle/grip/rail/light/mag),,,,,,1,1,594,0.03,0.045,0.21,0.21,none-authored,child-hit:1,urp-lit-needs-conversion,Universal Render Pipeline/Lit,,Evidence/ + _raw_prefab_scan.tsv
Assets/ThirdParty/Low Poly Weapon Pack 4_MW_1/Prefabs/Previous/Attachments/Barrels/Muzzles_Pistol/Muzzle_Pistol_Suppressor_C.prefab,MW4,Muzzle_Pistol_Suppressor_C,AttachmentOrPart,attachment module (optic/muzzle/grip/rail/light/mag),,,,,,1,1,288,0.039,0.039,0.189,0.189,none-authored,child-hit:1,urp-lit-needs-conversion,Universal Render Pipeline/Lit,,Evidence/ + _raw_prefab_scan.tsv
Assets/ThirdParty/Low Poly Weapon Pack 4_MW_1/Prefabs/Previous/Attachments/Barrels/Muzzles_Recon/Muzzle_Recon_Brake_A.prefab,MW4,Muzzle_Recon_Brake_A,AttachmentOrPart,attachment module (optic/muzzle/grip/rail/light/mag),,,,,,1,1,536,0.043,0.037,0.085,0.085,none-authored,child-hit:1,urp-lit-needs-conversion,Universal Render Pipeline/Lit,,Evidence/ + _raw_prefab_scan.tsv
Assets/ThirdParty/Low Poly Weapon Pack 4_MW_1/Prefabs/Previous/Attachments/Barrels/Muzzles_Recon/Muzzle_Recon_Brake_B.prefab,MW4,Muzzle_Recon_Brake_B,AttachmentOrPart,attachment module (optic/muzzle/grip/rail/light/mag),,,,,,1,1,368,0.043,0.037,0.077,0.077,none-authored,child-hit:1,urp-lit-needs-conversion,Universal Render Pipeline/Lit,,Evidence/ + _raw_prefab_scan.tsv
Assets/ThirdParty/Low Poly Weapon Pack 4_MW_1/Prefabs/Previous/Attachments/Barrels/Muzzles_Recon/Muzzle_Recon_Brake_C.prefab,MW4,Muzzle_Recon_Brake_C,AttachmentOrPart,attachment module (optic/muzzle/grip/rail/light/mag),,,,,,1,1,448,0.05,0.053,0.092,0.092,none-authored,child-hit:1,urp-lit-needs-conversion,Universal Render Pipeline/Lit,,Evidence/ + _raw_prefab_scan.tsv
Assets/ThirdParty/Low Poly Weapon Pack 4_MW_1/Prefabs/Previous/Attachments/Barrels/Muzzles_Recon/Muzzle_Recon_Flash Hider_A.prefab,MW4,Muzzle_Recon_Flash Hider_A,AttachmentOrPart,attachment module (optic/muzzle/grip/rail/light/mag),,,,,,1,1,446,0.036,0.042,0.146,0.146,none-authored,child-hit:1,urp-lit-needs-conversion,Universal Render Pipeline/Lit,,Evidence/ + _raw_prefab_scan.tsv
Assets/ThirdParty/Low Poly Weapon Pack 4_MW_1/Prefabs/Previous/Attachments/Barrels/Muzzles_Recon/Muzzle_Recon_Flash Hider_B.prefab,MW4,Muzzle_Recon_Flash Hider_B,AttachmentOrPart,attachment module (optic/muzzle/grip/rail/light/mag),,,,,,1,1,372,0.038,0.044,0.1,0.1,none-authored,child-hit:1,urp-lit-needs-conversion,Universal Render Pipeline/Lit,,Evidence/ + _raw_prefab_scan.tsv
Assets/ThirdParty/Low Poly Weapon Pack 4_MW_1/Prefabs/Previous/Attachments/Barrels/Muzzles_Recon/Muzzle_Recon_Flash Hider_C.prefab,MW4,Muzzle_Recon_Flash Hider_C,AttachmentOrPart,attachment module (optic/muzzle/grip/rail/light/mag),,,,,,1,1,616,0.038,0.044,0.174,0.174,none-authored,child-hit:1,urp-lit-needs-conversion,Universal Render Pipeline/Lit,,Evidence/ + _raw_prefab_scan.tsv
Assets/ThirdParty/Low Poly Weapon Pack 4_MW_1/Prefabs/Previous/Attachments/Barrels/Muzzles_Recon/Muzzle_Recon_Suppressor_A.prefab,MW4,Muzzle_Recon_Suppressor_A,AttachmentOrPart,attachment module (optic/muzzle/grip/rail/light/mag),,,,,,1,1,292,0.057,0.066,0.418,0.418,none-authored,child-hit:1,urp-lit-needs-conversion,Universal Render Pipeline/Lit,,Evidence/ + _raw_prefab_scan.tsv
Assets/ThirdParty/Low Poly Weapon Pack 4_MW_1/Prefabs/Previous/Attachments/Barrels/Muzzles_Recon/Muzzle_Recon_Suppressor_B.prefab,MW4,Muzzle_Recon_Suppressor_B,AttachmentOrPart,attachment module (optic/muzzle/grip/rail/light/mag),,,,,,1,1,260,0.048,0.055,0.323,0.323,none-authored,child-hit:1,urp-lit-needs-conversion,Universal Render Pipeline/Lit,,Evidence/ + _raw_prefab_scan.tsv
Assets/ThirdParty/Low Poly Weapon Pack 4_MW_1/Prefabs/Previous/Attachments/Barrels/Muzzles_Recon/Muzzle_Recon_Suppressor_C.prefab,MW4,Muzzle_Recon_Suppressor_C,AttachmentOrPart,attachment module (optic/muzzle/grip/rail/light/mag),,,,,,1,1,1176,0.057,0.066,0.34,0.34,none-authored,child-hit:1,urp-lit-needs-conversion,Universal Render Pipeline/Lit,,Evidence/ + _raw_prefab_scan.tsv
Assets/ThirdParty/Low Poly Weapon Pack 4_MW_1/Prefabs/Previous/Attachments/Barrels/Muzzles_ShotGun/Muzzle_ShotGun_Device_A.prefab,MW4,Muzzle_ShotGun_Device_A,AttachmentOrPart,attachment module (optic/muzzle/grip/rail/light/mag),,,,,,1,1,312,0.042,0.048,0.15,0.15,none-authored,child-hit:1,urp-lit-needs-conversion,Universal Render Pipeline/Lit,,Evidence/ + _raw_prefab_scan.tsv
Assets/ThirdParty/Low Poly Weapon Pack 4_MW_1/Prefabs/Previous/Attachments/Barrels/Muzzles_ShotGun/Muzzle_ShotGun_Device_B.prefab,MW4,Muzzle_ShotGun_Device_B,AttachmentOrPart,attachment module (optic/muzzle/grip/rail/light/mag),,,,,,1,1,860,0.035,0.04,0.062,0.062,none-authored,child-hit:1,urp-lit-needs-conversion,Universal Render Pipeline/Lit,,Evidence/ + _raw_prefab_scan.tsv
Assets/ThirdParty/Low Poly Weapon Pack 4_MW_1/Prefabs/Previous/Attachments/Barrels/Muzzles_ShotGun/Muzzle_ShotGun_Flash Hider_A.prefab,MW4,Muzzle_ShotGun_Flash Hider_A,AttachmentOrPart,attachment module (optic/muzzle/grip/rail/light/mag),,,,,,1,1,280,0.033,0.039,0.064,0.064,none-authored,child-hit:1,urp-lit-needs-conversion,Universal Render Pipeline/Lit,,Evidence/ + _raw_prefab_scan.tsv
Assets/ThirdParty/Low Poly Weapon Pack 4_MW_1/Prefabs/Previous/Attachments/Barrels/Muzzles_ShotGun/Muzzle_ShotGun_Flash Hider_B.prefab,MW4,Muzzle_ShotGun_Flash Hider_B,AttachmentOrPart,attachment module (optic/muzzle/grip/rail/light/mag),,,,,,1,1,760,0.045,0.038,0.082,0.082,none-authored,child-hit:1,urp-lit-needs-conversion,Universal Render Pipeline/Lit,,Evidence/ + _raw_prefab_scan.tsv
Assets/ThirdParty/Low Poly Weapon Pack 4_MW_1/Prefabs/Previous/Attachments/Barrels/Muzzles_ShotGun/Muzzle_ShotGun_Shoke_A.prefab,MW4,Muzzle_ShotGun_Shoke_A,AttachmentOrPart,attachment module (optic/muzzle/grip/rail/light/mag),,,,,,1,1,168,0.022,0.026,0.017,0.026,none-authored,child-hit:1,urp-lit-needs-conversion,Universal Render Pipeline/Lit,,Evidence/ + _raw_prefab_scan.tsv
Assets/ThirdParty/Low Poly Weapon Pack 4_MW_1/Prefabs/Previous/Attachments/Barrels/Muzzles_ShotGun/Muzzle_ShotGun_Shoke_B.prefab,MW4,Muzzle_ShotGun_Shoke_B,AttachmentOrPart,attachment module (optic/muzzle/grip/rail/light/mag),,,,,,1,1,292,0.035,0.035,0.088,0.088,none-authored,child-hit:1,urp-lit-needs-conversion,Universal Render Pipeline/Lit,,Evidence/ + _raw_prefab_scan.tsv
Assets/ThirdParty/Low Poly Weapon Pack 4_MW_1/Prefabs/Previous/Attachments/Barrels/Muzzles_ShotGun/Muzzle_ShotGun_Suppresor_A.prefab,MW4,Muzzle_ShotGun_Suppresor_A,AttachmentOrPart,attachment module (optic/muzzle/grip/rail/light/mag),,,,,,1,1,331,0.045,0.088,0.348,0.348,none-authored,child-hit:1,urp-lit-needs-conversion,Universal Render Pipeline/Lit,,Evidence/ + _raw_prefab_scan.tsv
Assets/ThirdParty/Low Poly Weapon Pack 4_MW_1/Prefabs/Previous/Attachments/Barrels/Muzzles_ShotGun/Muzzle_ShotGun_Suppresor_B.prefab,MW4,Muzzle_ShotGun_Suppresor_B,AttachmentOrPart,attachment module (optic/muzzle/grip/rail/light/mag),,,,,,1,1,1500,0.045,0.084,0.318,0.318,none-authored,child-hit:1,urp-lit-needs-conversion,Universal Render Pipeline/Lit,,Evidence/ + _raw_prefab_scan.tsv
Assets/ThirdParty/Low Poly Weapon Pack 4_MW_1/Prefabs/Previous/Attachments/Optics/Optics/Optic_A.prefab,MW4,Optic_A,AttachmentOrPart,attachment module (optic/muzzle/grip/rail/light/mag),,,,,,2,2,1034,0.045,0.066,0.076,0.076,none-authored,none-authored,urp-lit-needs-conversion,Universal Render Pipeline/Lit,,Evidence/ + _raw_prefab_scan.tsv
Assets/ThirdParty/Low Poly Weapon Pack 4_MW_1/Prefabs/Previous/Attachments/Optics/Optics/Optic_B.prefab,MW4,Optic_B,AttachmentOrPart,attachment module (optic/muzzle/grip/rail/light/mag),,,,,,2,2,1660,0.05,0.088,0.13,0.13,none-authored,none-authored,urp-lit-needs-conversion,Universal Render Pipeline/Lit,,Evidence/ + _raw_prefab_scan.tsv
Assets/ThirdParty/Low Poly Weapon Pack 4_MW_1/Prefabs/Previous/Attachments/Optics/Optics/Optic_C.prefab,MW4,Optic_C,AttachmentOrPart,attachment module (optic/muzzle/grip/rail/light/mag),,,,,,2,2,2758,0.066,0.126,0.202,0.202,none-authored,none-authored,urp-lit-needs-conversion,Universal Render Pipeline/Lit,,Evidence/ + _raw_prefab_scan.tsv
Assets/ThirdParty/Low Poly Weapon Pack 4_MW_1/Prefabs/Previous/Attachments/Optics/Optics/Optic_D.prefab,MW4,Optic_D,AttachmentOrPart,attachment module (optic/muzzle/grip/rail/light/mag),,,,,,2,2,1766,0.052,0.09,0.16,0.16,none-authored,none-authored,urp-lit-needs-conversion,Universal Render Pipeline/Lit,,Evidence/ + _raw_prefab_scan.tsv
Assets/ThirdParty/Low Poly Weapon Pack 4_MW_1/Prefabs/Previous/Attachments/Optics/Optics/Optic_E.prefab,MW4,Optic_E,AttachmentOrPart,attachment module (optic/muzzle/grip/rail/light/mag),,,,,,2,2,858,0.06,0.086,0.088,0.088,none-authored,none-authored,urp-lit-needs-conversion,Universal Render Pipeline/Lit,,Evidence/ + _raw_prefab_scan.tsv
Assets/ThirdParty/Low Poly Weapon Pack 4_MW_1/Prefabs/Previous/Attachments/Optics/Optics/Optic_F.prefab,MW4,Optic_F,AttachmentOrPart,attachment module (optic/muzzle/grip/rail/light/mag),,,,,,2,2,858,0.055,0.103,0.09,0.103,none-authored,none-authored,urp-lit-needs-conversion,Universal Render Pipeline/Lit,,Evidence/ + _raw_prefab_scan.tsv
Assets/ThirdParty/Low Poly Weapon Pack 4_MW_1/Prefabs/Previous/Attachments/Optics/Optics/Optic_H.prefab,MW4,Optic_H,AttachmentOrPart,attachment module (optic/muzzle/grip/rail/light/mag),,,,,,2,2,1798,0.066,0.146,0.176,0.176,none-authored,none-authored,urp-lit-needs-conversion,Universal Render Pipeline/Lit,,Evidence/ + _raw_prefab_scan.tsv
Assets/ThirdParty/Low Poly Weapon Pack 4_MW_1/Prefabs/Previous/Attachments/Optics/Optics/Optic_I.prefab,MW4,Optic_I,AttachmentOrPart,attachment module (optic/muzzle/grip/rail/light/mag),,,,,,2,2,1680,0.06,0.092,0.118,0.118,none-authored,none-authored,urp-lit-needs-conversion,Universal Render Pipeline/Lit,,Evidence/ + _raw_prefab_scan.tsv
Assets/ThirdParty/Low Poly Weapon Pack 4_MW_1/Prefabs/Previous/Attachments/Optics/Optics/Optic_I_2.prefab,MW4,Optic_I_2,AttachmentOrPart,attachment module (optic/muzzle/grip/rail/light/mag),,,,,,2,2,2040,0.06,0.092,0.18,0.18,none-authored,none-authored,urp-lit-needs-conversion,Universal Render Pipeline/Lit,,Evidence/ + _raw_prefab_scan.tsv
Assets/ThirdParty/Low Poly Weapon Pack 4_MW_1/Prefabs/Previous/Attachments/Optics/Optics/Optic_I_2_Sand.prefab,MW4,Optic_I_2_Sand,AttachmentOrPart,attachment module (optic/muzzle/grip/rail/light/mag),,,,,,2,2,2040,0.06,0.092,0.18,0.18,none-authored,none-authored,urp-lit-needs-conversion,Universal Render Pipeline/Lit,,Evidence/ + _raw_prefab_scan.tsv
Assets/ThirdParty/Low Poly Weapon Pack 4_MW_1/Prefabs/Previous/Attachments/Optics/Optics/Optic_I_Sand.prefab,MW4,Optic_I_Sand,AttachmentOrPart,attachment module (optic/muzzle/grip/rail/light/mag),,,,,,2,2,1680,0.138,0.124,0.13,0.138,none-authored,none-authored,urp-lit-needs-conversion,Universal Render Pipeline/Lit,,Evidence/ + _raw_prefab_scan.tsv
Assets/ThirdParty/Low Poly Weapon Pack 4_MW_1/Prefabs/Previous/Attachments/Optics/Optics/Optic_K.prefab,MW4,Optic_K,AttachmentOrPart,attachment module (optic/muzzle/grip/rail/light/mag),,,,,,2,2,2060,0.072,0.124,0.209,0.209,none-authored,none-authored,urp-lit-needs-conversion,Universal Render Pipeline/Lit,,Evidence/ + _raw_prefab_scan.tsv
Assets/ThirdParty/Low Poly Weapon Pack 4_MW_1/Prefabs/Previous/Attachments/Optics/Optics/Optic_M.prefab,MW4,Optic_M,AttachmentOrPart,attachment module (optic/muzzle/grip/rail/light/mag),,,,,,2,2,1248,0.055,0.086,0.102,0.102,none-authored,none-authored,urp-lit-needs-conversion,Universal Render Pipeline/Lit,,Evidence/ + _raw_prefab_scan.tsv
Assets/ThirdParty/Low Poly Weapon Pack 4_MW_1/Prefabs/Previous/Attachments/Optics/Optics/Optic_N.prefab,MW4,Optic_N,AttachmentOrPart,attachment module (optic/muzzle/grip/rail/light/mag),,,,,,2,2,2458,0.09,0.156,0.368,0.368,none-authored,none-authored,urp-lit-needs-conversion,Universal Render Pipeline/Lit,,Evidence/ + _raw_prefab_scan.tsv
Assets/ThirdParty/Low Poly Weapon Pack 4_MW_1/Prefabs/Previous/Attachments/Optics/Optics/Optic_O.prefab,MW4,Optic_O,AttachmentOrPart,attachment module (optic/muzzle/grip/rail/light/mag),,,,,,2,2,1028,0.055,0.101,0.074,0.101,none-authored,none-authored,urp-lit-needs-conversion,Universal Render Pipeline/Lit,,Evidence/ + _raw_prefab_scan.tsv
Assets/ThirdParty/Low Poly Weapon Pack 4_MW_1/Prefabs/Previous/Attachments/Optics/Optics/Optic_P.prefab,MW4,Optic_P,AttachmentOrPart,attachment module (optic/muzzle/grip/rail/light/mag),,,,,,2,2,924,0.055,0.082,0.07,0.082,none-authored,none-authored,urp-lit-needs-conversion,Universal Render Pipeline/Lit,,Evidence/ + _raw_prefab_scan.tsv
Assets/ThirdParty/Low Poly Weapon Pack 4_MW_1/Prefabs/Previous/Attachments/Optics/Optics/Optic_Q.prefab,MW4,Optic_Q,AttachmentOrPart,attachment module (optic/muzzle/grip/rail/light/mag),,,,,,2,2,962,0.055,0.07,0.08,0.08,none-authored,none-authored,urp-lit-needs-conversion,Universal Render Pipeline/Lit,,Evidence/ + _raw_prefab_scan.tsv
Assets/ThirdParty/Low Poly Weapon Pack 4_MW_1/Prefabs/Previous/Attachments/Optics/Optics/Optic_R.prefab,MW4,Optic_R,AttachmentOrPart,attachment module (optic/muzzle/grip/rail/light/mag),,,,,,2,2,1302,0.055,0.069,0.086,0.086,none-authored,none-authored,urp-lit-needs-conversion,Universal Render Pipeline/Lit,,Evidence/ + _raw_prefab_scan.tsv
Assets/ThirdParty/Low Poly Weapon Pack 4_MW_1/Prefabs/Previous/Attachments/Optics/Optics/Optic_S.prefab,MW4,Optic_S,AttachmentOrPart,attachment module (optic/muzzle/grip/rail/light/mag),,,,,,2,2,1284,0.059,0.104,0.168,0.168,none-authored,none-authored,urp-lit-needs-conversion,Universal Render Pipeline/Lit,,Evidence/ + _raw_prefab_scan.tsv
Assets/ThirdParty/Low Poly Weapon Pack 4_MW_1/Prefabs/Previous/Attachments/Optics/Optics/Optic_T.prefab,MW4,Optic_T,AttachmentOrPart,attachment module (optic/muzzle/grip/rail/light/mag),,,,,,2,2,802,0.077,0.08,0.15,0.15,none-authored,none-authored,urp-lit-needs-conversion,Universal Render Pipeline/Lit,,Evidence/ + _raw_prefab_scan.tsv
Assets/ThirdParty/Low Poly Weapon Pack 4_MW_1/Prefabs/Previous/Attachments/Optics/Optics/Optic_U.prefab,MW4,Optic_U,AttachmentOrPart,attachment module (optic/muzzle/grip/rail/light/mag),,,,,,2,2,1130,0.055,0.064,0.086,0.086,none-authored,none-authored,urp-lit-needs-conversion,Universal Render Pipeline/Lit,,Evidence/ + _raw_prefab_scan.tsv
Assets/ThirdParty/Low Poly Weapon Pack 4_MW_1/Prefabs/Previous/Attachments/Optics/Optics/Optic_V.prefab,MW4,Optic_V,AttachmentOrPart,attachment module (optic/muzzle/grip/rail/light/mag),,TwoHanded,,,,2,2,2784,0.14,0.176,0.856,0.856,none-authored,none-authored,urp-lit-needs-conversion,Universal Render Pipeline/Lit,,Evidence/ + _raw_prefab_scan.tsv
Assets/ThirdParty/Low Poly Weapon Pack 4_MW_1/Prefabs/Previous/Attachments/Optics/Optics/Optic_W.prefab,MW4,Optic_W,AttachmentOrPart,attachment module (optic/muzzle/grip/rail/light/mag),,TwoHanded,,,,2,2,2210,0.136,0.169,0.63,0.63,none-authored,none-authored,urp-lit-needs-conversion,Universal Render Pipeline/Lit,,Evidence/ + _raw_prefab_scan.tsv
Assets/ThirdParty/Low Poly Weapon Pack 4_MW_1/Prefabs/Previous/Attachments/Optics/Optics_Combo/Optic_J.prefab,MW4,Optic_J,AttachmentOrPart,attachment module (optic/muzzle/grip/rail/light/mag),,,,,,2,3,2128,0.064,0.135,0.195,0.195,none-authored,none-authored,urp-lit-needs-conversion,Universal Render Pipeline/Lit,,Evidence/ + _raw_prefab_scan.tsv
Assets/ThirdParty/Low Poly Weapon Pack 4_MW_1/Prefabs/Previous/Attachments/Optics/Optics_Combo/Optic_L.prefab,MW4,Optic_L,AttachmentOrPart,attachment module (optic/muzzle/grip/rail/light/mag),,,,,,2,4,3236,0.066,0.101,0.258,0.258,none-authored,none-authored,urp-lit-needs-conversion,Universal Render Pipeline/Lit,,Evidence/ + _raw_prefab_scan.tsv
Assets/ThirdParty/Low Poly Weapon Pack 4_MW_1/Prefabs/Previous/Attachments/Optics/Optics_Combo/Optic_L_2.prefab,MW4,Optic_L_2,AttachmentOrPart,attachment module (optic/muzzle/grip/rail/light/mag),,,,,,2,4,3596,0.066,0.101,0.32,0.32,none-authored,none-authored,urp-lit-needs-conversion,Universal Render Pipeline/Lit,,Evidence/ + _raw_prefab_scan.tsv
Assets/ThirdParty/Low Poly Weapon Pack 4_MW_1/Prefabs/Previous/Attachments/Optics/Optics_IronSight/Optic_G.prefab,MW4,Optic_G,AttachmentOrPart,attachment module (optic/muzzle/grip/rail/light/mag),,,,,,1,4,2416,0.057,0.063,0.044,0.063,none-authored,none-authored,urp-lit-needs-conversion,Universal Render Pipeline/Lit,,Evidence/ + _raw_prefab_scan.tsv
Assets/ThirdParty/Low Poly Weapon Pack 4_MW_1/Prefabs/Previous/Attachments/Optics/Optics_IronSight/Optic_G_2.prefab,MW4,Optic_G_2,AttachmentOrPart,attachment module (optic/muzzle/grip/rail/light/mag),,,,,,1,4,2436,0.057,0.069,0.044,0.069,none-authored,none-authored,urp-lit-needs-conversion,Universal Render Pipeline/Lit,,Evidence/ + _raw_prefab_scan.tsv
Assets/ThirdParty/Low Poly Weapon Pack 4_MW_1/Prefabs/Previous/Attachments/Optics/Optics_Pistol/Optic_Pistol_A.prefab,MW4,Optic_Pistol_A,AttachmentOrPart,attachment module (optic/muzzle/grip/rail/light/mag),,,,,,2,2,760,0.035,0.05,0.059,0.059,none-authored,none-authored,urp-lit-needs-conversion,Universal Render Pipeline/Lit,,Evidence/ + _raw_prefab_scan.tsv
Assets/ThirdParty/Low Poly Weapon Pack 4_MW_1/Prefabs/Previous/Attachments/Optics/Optics_Pistol/Optic_Pistol_B.prefab,MW4,Optic_Pistol_B,AttachmentOrPart,attachment module (optic/muzzle/grip/rail/light/mag),,,,,,2,2,832,0.041,0.082,0.089,0.089,none-authored,none-authored,urp-lit-needs-conversion,Universal Render Pipeline/Lit,,Evidence/ + _raw_prefab_scan.tsv
Assets/ThirdParty/Low Poly Weapon Pack 4_MW_1/Prefabs/Previous/Attachments/Optics/Optics_Pistol/Optic_Pistol_C.prefab,MW4,Optic_Pistol_C,AttachmentOrPart,attachment module (optic/muzzle/grip/rail/light/mag),,,,,,2,2,516,0.035,0.053,0.061,0.061,none-authored,none-authored,urp-lit-needs-conversion,Universal Render Pipeline/Lit,,Evidence/ + _raw_prefab_scan.tsv
Assets/ThirdParty/Low Poly Weapon Pack 4_MW_1/Prefabs/Previous/Attachments/Optics/Optics_Pistol/Optic_Pistol_D.prefab,MW4,Optic_Pistol_D,AttachmentOrPart,attachment module (optic/muzzle/grip/rail/light/mag),,,,,,2,2,736,0.039,0.052,0.056,0.056,none-authored,none-authored,urp-lit-needs-conversion,Universal Render Pipeline/Lit,,Evidence/ + _raw_prefab_scan.tsv
Assets/ThirdParty/Low Poly Weapon Pack 4_MW_1/Prefabs/Previous/Attachments/Optics/Optics_Pistol/Optic_Pistol_E.prefab,MW4,Optic_Pistol_E,AttachmentOrPart,attachment module (optic/muzzle/grip/rail/light/mag),,,,,,2,2,606,0.045,0.045,0.051,0.051,none-authored,none-authored,urp-lit-needs-conversion,Universal Render Pipeline/Lit,,Evidence/ + _raw_prefab_scan.tsv
Assets/ThirdParty/Low Poly Weapon Pack 4_MW_1/Prefabs/Previous/Attachments/Optics/Optics_Pistol/Optic_Pistol_F.prefab,MW4,Optic_Pistol_F,AttachmentOrPart,attachment module (optic/muzzle/grip/rail/light/mag),,,,,,2,2,1764,0.042,0.082,0.25,0.25,none-authored,none-authored,urp-lit-needs-conversion,Universal Render Pipeline/Lit,,Evidence/ + _raw_prefab_scan.tsv
Assets/ThirdParty/Low Poly Weapon Pack 4_MW_1/Prefabs/Previous/Attachments/Optics/Optics_Recon/Optic_Recon_A.prefab,MW4,Optic_Recon_A,AttachmentOrPart,attachment module (optic/muzzle/grip/rail/light/mag),,,,,,1,3,700,0.058,0.063,0.02,0.063,none-authored,none-authored,urp-lit-needs-conversion,Universal Render Pipeline/Lit,,Evidence/ + _raw_prefab_scan.tsv
Assets/ThirdParty/Low Poly Weapon Pack 4_MW_1/Prefabs/Previous/Attachments/Optics/Optics_Recon/Optic_Recon_B.prefab,MW4,Optic_Recon_B,AttachmentOrPart,attachment module (optic/muzzle/grip/rail/light/mag),,TwoHanded,,,,2,2,1740,0.11,0.152,0.548,0.548,none-authored,none-authored,urp-lit-needs-conversion,Universal Render Pipeline/Lit,,Evidence/ + _raw_prefab_scan.tsv
Assets/ThirdParty/Low Poly Weapon Pack 4_MW_1/Prefabs/Previous/Attachments/Optics/Optics_Recon/Optic_Recon_C.prefab,MW4,Optic_Recon_C,AttachmentOrPart,attachment module (optic/muzzle/grip/rail/light/mag),,,,,,2,2,1544,0.09,0.134,0.483,0.483,none-authored,none-authored,urp-lit-needs-conversion,Universal Render Pipeline/Lit,,Evidence/ + _raw_prefab_scan.tsv
Assets/ThirdParty/Low Poly Weapon Pack 4_MW_1/Prefabs/Previous/Attachments/Optics/Optics_Recon/Optic_Recon_D.prefab,MW4,Optic_Recon_D,AttachmentOrPart,attachment module (optic/muzzle/grip/rail/light/mag),,,,,,2,2,1754,0.099,0.14,0.45,0.45,none-authored,none-authored,urp-lit-needs-conversion,Universal Render Pipeline/Lit,,Evidence/ + _raw_prefab_scan.tsv
Assets/ThirdParty/Low Poly Weapon Pack 4_MW_1/Prefabs/Previous/Attachments/Optics/Optics_Recon/Optic_Recon_E.prefab,MW4,Optic_Recon_E,AttachmentOrPart,attachment module (optic/muzzle/grip/rail/light/mag),,,,,,2,2,1304,0.069,0.125,0.245,0.245,none-authored,none-authored,urp-lit-needs-conversion,Universal Render Pipeline/Lit,,Evidence/ + _raw_prefab_scan.tsv
Assets/ThirdParty/Low Poly Weapon Pack 4_MW_1/Prefabs/Previous/Attachments/Optics/Optics_Recon/Optic_Recon_F.prefab,MW4,Optic_Recon_F,AttachmentOrPart,attachment module (optic/muzzle/grip/rail/light/mag),,TwoHanded,,,,2,2,1728,0.11,0.152,0.637,0.637,none-authored,none-authored,urp-lit-needs-conversion,Universal Render Pipeline/Lit,,Evidence/ + _raw_prefab_scan.tsv
Assets/ThirdParty/Low Poly Weapon Pack 4_MW_1/Prefabs/Previous/Attachments/Optics/Optics_Recon/Optic_Recon_G.prefab,MW4,Optic_Recon_G,AttachmentOrPart,attachment module (optic/muzzle/grip/rail/light/mag),,,,,,2,2,2296,0.068,0.123,0.45,0.45,none-authored,none-authored,urp-lit-needs-conversion,Universal Render Pipeline/Lit,,Evidence/ + _raw_prefab_scan.tsv
Assets/ThirdParty/Low Poly Weapon Pack 4_MW_1/Prefabs/Previous/Attachments/Optics/Optics_Recon/Optic_Recon_H.prefab,MW4,Optic_Recon_H,AttachmentOrPart,attachment module (optic/muzzle/grip/rail/light/mag),,,,,,2,2,2460,0.055,0.113,0.434,0.434,none-authored,none-authored,urp-lit-needs-conversion,Universal Render Pipeline/Lit,,Evidence/ + _raw_prefab_scan.tsv
Assets/ThirdParty/Low Poly Weapon Pack 4_MW_1/Prefabs/Previous/Attachments/Optics/Optics_Recon/Optic_Recon_I.prefab,MW4,Optic_Recon_I,AttachmentOrPart,attachment module (optic/muzzle/grip/rail/light/mag),,,,,,2,2,3020,0.085,0.112,0.414,0.414,none-authored,none-authored,urp-lit-needs-conversion,Universal Render Pipeline/Lit,,Evidence/ + _raw_prefab_scan.tsv
Assets/ThirdParty/Low Poly Weapon Pack 4_MW_1/Prefabs/Previous/Attachments/Optics/Optics_Recon/Optic_Recon_J.prefab,MW4,Optic_Recon_J,AttachmentOrPart,attachment module (optic/muzzle/grip/rail/light/mag),,TwoHanded,,,,2,2,3886,0.106,0.149,0.531,0.531,none-authored,none-authored,urp-lit-needs-conversion,Universal Render Pipeline/Lit,,Evidence/ + _raw_prefab_scan.tsv
Assets/ThirdParty/Low Poly Weapon Pack 4_MW_1/Prefabs/Previous/Attachments/Optics/Optics_Recon/Optic_Recon_K.prefab,MW4,Optic_Recon_K,AttachmentOrPart,attachment module (optic/muzzle/grip/rail/light/mag),,TwoHanded,,,,2,2,3140,0.067,0.137,0.588,0.588,none-authored,none-authored,urp-lit-needs-conversion,Universal Render Pipeline/Lit,,Evidence/ + _raw_prefab_scan.tsv
Assets/ThirdParty/Low Poly Weapon Pack 4_MW_1/Prefabs/Previous/Attachments/Optics/Optics_Side/Optic_X.prefab,MW4,Optic_X,AttachmentOrPart,attachment module (optic/muzzle/grip/rail/light/mag),,,,,,2,2,1280,0.126,0.114,0.076,0.126,none-authored,none-authored,urp-lit-needs-conversion,Universal Render Pipeline/Lit,,Evidence/ + _raw_prefab_scan.tsv
Assets/ThirdParty/Low Poly Weapon Pack 4_MW_1/Prefabs/Previous/Attachments/Optics/Optics_Side/Optic_Y.prefab,MW4,Optic_Y,AttachmentOrPart,attachment module (optic/muzzle/grip/rail/light/mag),,,,,,2,2,1040,0.129,0.12,0.061,0.129,none-authored,none-authored,urp-lit-needs-conversion,Universal Render Pipeline/Lit,,Evidence/ + _raw_prefab_scan.tsv
Assets/ThirdParty/Low Poly Weapon Pack 4_MW_1/Prefabs/Previous/Attachments/UnderBarrels/Bipods/Bipod_A.prefab,MW4,Bipod_A,AttachmentOrPart,attachment module (optic/muzzle/grip/rail/light/mag),,,,,,1,3,1050,0.118,0.265,0.056,0.265,none-authored,none-authored,urp-lit-needs-conversion,Universal Render Pipeline/Lit,,Evidence/ + _raw_prefab_scan.tsv
Assets/ThirdParty/Low Poly Weapon Pack 4_MW_1/Prefabs/Previous/Attachments/UnderBarrels/Bipods/Bipod_B.prefab,MW4,Bipod_B,AttachmentOrPart,attachment module (optic/muzzle/grip/rail/light/mag),,,,,,1,3,1108,0.127,0.264,0.055,0.264,none-authored,none-authored,urp-lit-needs-conversion,Universal Render Pipeline/Lit,,Evidence/ + _raw_prefab_scan.tsv
Assets/ThirdParty/Low Poly Weapon Pack 4_MW_1/Prefabs/Previous/Attachments/UnderBarrels/Bipods/Bipod_C.prefab,MW4,Bipod_C,AttachmentOrPart,attachment module (optic/muzzle/grip/rail/light/mag),,,,,,1,3,2016,0.12,0.266,0.082,0.266,none-authored,none-authored,urp-lit-needs-conversion,Universal Render Pipeline/Lit,,Evidence/ + _raw_prefab_scan.tsv
Assets/ThirdParty/Low Poly Weapon Pack 4_MW_1/Prefabs/Previous/Attachments/UnderBarrels/ForwardGrips/ForwardGrip_A.prefab,MW4,ForwardGrip_A,AttachmentOrPart,attachment module (optic/muzzle/grip/rail/light/mag),,,,,,1,1,1416,0.05,0.077,0.167,0.167,child-hit:1,none-authored,urp-lit-needs-conversion,Universal Render Pipeline/Lit,,Evidence/ + _raw_prefab_scan.tsv
Assets/ThirdParty/Low Poly Weapon Pack 4_MW_1/Prefabs/Previous/Attachments/UnderBarrels/ForwardGrips/ForwardGrip_A_Sand.prefab,MW4,ForwardGrip_A_Sand,AttachmentOrPart,attachment module (optic/muzzle/grip/rail/light/mag),,,,,,1,1,1416,0.05,0.077,0.167,0.167,child-hit:1,none-authored,urp-lit-needs-conversion,Universal Render Pipeline/Lit,,Evidence/ + _raw_prefab_scan.tsv
Assets/ThirdParty/Low Poly Weapon Pack 4_MW_1/Prefabs/Previous/Attachments/UnderBarrels/ForwardGrips/ForwardGrip_B.prefab,MW4,ForwardGrip_B,AttachmentOrPart,attachment module (optic/muzzle/grip/rail/light/mag),,,,,,1,1,552,0.049,0.105,0.067,0.105,child-hit:1,none-authored,urp-lit-needs-conversion,Universal Render Pipeline/Lit,,Evidence/ + _raw_prefab_scan.tsv
Assets/ThirdParty/Low Poly Weapon Pack 4_MW_1/Prefabs/Previous/Attachments/UnderBarrels/ForwardGrips/ForwardGrip_B_Sand.prefab,MW4,ForwardGrip_B_Sand,AttachmentOrPart,attachment module (optic/muzzle/grip/rail/light/mag),,,,,,1,1,552,0.049,0.105,0.067,0.105,child-hit:1,none-authored,urp-lit-needs-conversion,Universal Render Pipeline/Lit,,Evidence/ + _raw_prefab_scan.tsv
Assets/ThirdParty/Low Poly Weapon Pack 4_MW_1/Prefabs/Previous/Attachments/UnderBarrels/ForwardGrips/ForwardGrip_C.prefab,MW4,ForwardGrip_C,AttachmentOrPart,attachment module (optic/muzzle/grip/rail/light/mag),,,,,,1,1,748,0.049,0.155,0.057,0.155,child-hit:1,none-authored,urp-lit-needs-conversion,Universal Render Pipeline/Lit,,Evidence/ + _raw_prefab_scan.tsv
Assets/ThirdParty/Low Poly Weapon Pack 4_MW_1/Prefabs/Previous/Attachments/UnderBarrels/ForwardGrips/ForwardGrip_C_Sand.prefab,MW4,ForwardGrip_C_Sand,AttachmentOrPart,attachment module (optic/muzzle/grip/rail/light/mag),,,,,,1,1,748,0.049,0.155,0.057,0.155,child-hit:1,none-authored,urp-lit-needs-conversion,Universal Render Pipeline/Lit,,Evidence/ + _raw_prefab_scan.tsv
Assets/ThirdParty/Low Poly Weapon Pack 4_MW_1/Prefabs/Previous/Attachments/UnderBarrels/ForwardGrips/ForwardGrip_D.prefab,MW4,ForwardGrip_D,AttachmentOrPart,attachment module (optic/muzzle/grip/rail/light/mag),,,,,,1,1,1380,0.045,0.115,0.07,0.115,child-hit:1,none-authored,urp-lit-needs-conversion,Universal Render Pipeline/Lit,,Evidence/ + _raw_prefab_scan.tsv
Assets/ThirdParty/Low Poly Weapon Pack 4_MW_1/Prefabs/Previous/Attachments/UnderBarrels/ForwardGrips/ForwardGrip_D_2.prefab,MW4,ForwardGrip_D_2,AttachmentOrPart,attachment module (optic/muzzle/grip/rail/light/mag),,,,,,1,1,1524,0.045,0.152,0.07,0.152,child-hit:1,none-authored,urp-lit-needs-conversion,Universal Render Pipeline/Lit,,Evidence/ + _raw_prefab_scan.tsv
Assets/ThirdParty/Low Poly Weapon Pack 4_MW_1/Prefabs/Previous/Attachments/UnderBarrels/ForwardGrips/ForwardGrip_D_2_Sand.prefab,MW4,ForwardGrip_D_2_Sand,AttachmentOrPart,attachment module (optic/muzzle/grip/rail/light/mag),,,,,,1,1,1524,0.045,0.152,0.07,0.152,child-hit:1,none-authored,urp-lit-needs-conversion,Universal Render Pipeline/Lit,,Evidence/ + _raw_prefab_scan.tsv
Assets/ThirdParty/Low Poly Weapon Pack 4_MW_1/Prefabs/Previous/Attachments/UnderBarrels/ForwardGrips/ForwardGrip_D_Sand.prefab,MW4,ForwardGrip_D_Sand,AttachmentOrPart,attachment module (optic/muzzle/grip/rail/light/mag),,,,,,1,1,1380,0.045,0.115,0.07,0.115,child-hit:1,none-authored,urp-lit-needs-conversion,Universal Render Pipeline/Lit,,Evidence/ + _raw_prefab_scan.tsv
Assets/ThirdParty/Low Poly Weapon Pack 4_MW_1/Prefabs/Previous/Attachments/UnderBarrels/ForwardGrips/ForwardGrip_E.prefab,MW4,ForwardGrip_E,AttachmentOrPart,attachment module (optic/muzzle/grip/rail/light/mag),,,,,,1,1,488,0.05,0.164,0.045,0.164,child-hit:1,none-authored,urp-lit-needs-conversion,Universal Render Pipeline/Lit,,Evidence/ + _raw_prefab_scan.tsv
Assets/ThirdParty/Low Poly Weapon Pack 4_MW_1/Prefabs/Previous/Attachments/UnderBarrels/ForwardGrips/ForwardGrip_F.prefab,MW4,ForwardGrip_F,AttachmentOrPart,attachment module (optic/muzzle/grip/rail/light/mag),,,,,,1,1,450,0.05,0.07,0.128,0.128,child-hit:1,none-authored,urp-lit-needs-conversion,Universal Render Pipeline/Lit,,Evidence/ + _raw_prefab_scan.tsv
Assets/ThirdParty/Low Poly Weapon Pack 4_MW_1/Prefabs/Previous/Attachments/UnderBarrels/ForwardGrips/ForwardGrip_G.prefab,MW4,ForwardGrip_G,AttachmentOrPart,attachment module (optic/muzzle/grip/rail/light/mag),,,,,,1,1,386,0.053,0.056,0.056,0.056,child-hit:1,none-authored,urp-lit-needs-conversion,Universal Render Pipeline/Lit,,Evidence/ + _raw_prefab_scan.tsv
Assets/ThirdParty/Low Poly Weapon Pack 4_MW_1/Prefabs/Previous/Attachments/UnderBarrels/ForwardGrips/ForwardGrip_H.prefab,MW4,ForwardGrip_H,AttachmentOrPart,attachment module (optic/muzzle/grip/rail/light/mag),,,,,,1,1,532,0.048,0.118,0.063,0.118,child-hit:1,none-authored,urp-lit-needs-conversion,Universal Render Pipeline/Lit,,Evidence/ + _raw_prefab_scan.tsv
Assets/ThirdParty/Low Poly Weapon Pack 4_MW_1/Prefabs/Previous/Attachments/UnderBarrels/ForwardGrips/ForwardGrip_I.prefab,MW4,ForwardGrip_I,AttachmentOrPart,attachment module (optic/muzzle/grip/rail/light/mag),,,,,,1,1,616,0.05,0.1,0.154,0.154,child-hit:1,none-authored,urp-lit-needs-conversion,Universal Render Pipeline/Lit,,Evidence/ + _raw_prefab_scan.tsv
Assets/ThirdParty/Low Poly Weapon Pack 4_MW_1/Prefabs/Previous/Attachments/UnderBarrels/ForwardGrips/ForwardGrip_J.prefab,MW4,ForwardGrip_J,AttachmentOrPart,attachment module (optic/muzzle/grip/rail/light/mag),,,,,,1,1,1352,0.048,0.193,0.063,0.193,child-hit:1,none-authored,urp-lit-needs-conversion,Universal Render Pipeline/Lit,,Evidence/ + _raw_prefab_scan.tsv
Assets/ThirdParty/Low Poly Weapon Pack 4_MW_1/Prefabs/Previous/Attachments/UnderBarrels/ForwardGrips/ForwardGrip_K.prefab,MW4,ForwardGrip_K,AttachmentOrPart,attachment module (optic/muzzle/grip/rail/light/mag),,,,,,1,1,570,0.045,0.065,0.165,0.165,child-hit:1,none-authored,urp-lit-needs-conversion,Universal Render Pipeline/Lit,,Evidence/ + _raw_prefab_scan.tsv
Assets/ThirdParty/Low Poly Weapon Pack 4_MW_1/Prefabs/Previous/Attachments/UnderBarrels/ForwardGrips/ForwardGrip_L.prefab,MW4,ForwardGrip_L,AttachmentOrPart,attachment module (optic/muzzle/grip/rail/light/mag),,,,,,1,1,412,0.05,0.054,0.065,0.065,child-hit:1,none-authored,urp-lit-needs-conversion,Universal Render Pipeline/Lit,,Evidence/ + _raw_prefab_scan.tsv
Assets/ThirdParty/Low Poly Weapon Pack 4_MW_1/Prefabs/Previous/Attachments/UnderBarrels/ForwardGrips/ForwardGrip_M.prefab,MW4,ForwardGrip_M,AttachmentOrPart,attachment module (optic/muzzle/grip/rail/light/mag),,,,,,1,1,528,0.052,0.067,0.064,0.067,child-hit:1,none-authored,urp-lit-needs-conversion,Universal Render Pipeline/Lit,,Evidence/ + _raw_prefab_scan.tsv
Assets/ThirdParty/Low Poly Weapon Pack 4_MW_1/Prefabs/Previous/Attachments/UnderBarrels/ForwardGrips/ForwardGrip_N.prefab,MW4,ForwardGrip_N,AttachmentOrPart,attachment module (optic/muzzle/grip/rail/light/mag),,,,,,1,1,392,0.05,0.088,0.069,0.088,child-hit:1,none-authored,urp-lit-needs-conversion,Universal Render Pipeline/Lit,,Evidence/ + _raw_prefab_scan.tsv
Assets/ThirdParty/Low Poly Weapon Pack 4_MW_1/Prefabs/Previous/Attachments/UnderBarrels/ForwardGrips/ForwardGrip_O.prefab,MW4,ForwardGrip_O,AttachmentOrPart,attachment module (optic/muzzle/grip/rail/light/mag),,,,,,1,1,1740,0.158,0.148,0.05,0.158,child-hit:1,none-authored,urp-lit-needs-conversion,Universal Render Pipeline/Lit,,Evidence/ + _raw_prefab_scan.tsv
Assets/ThirdParty/Low Poly Weapon Pack 4_MW_1/Prefabs/Previous/Attachments/UnderBarrels/ForwardGrips/ForwardGrip_P.prefab,MW4,ForwardGrip_P,AttachmentOrPart,attachment module (optic/muzzle/grip/rail/light/mag),,,,,,1,1,742,0.05,0.074,0.241,0.241,child-hit:1,none-authored,urp-lit-needs-conversion,Universal Render Pipeline/Lit,,Evidence/ + _raw_prefab_scan.tsv
Assets/ThirdParty/Low Poly Weapon Pack 4_MW_1/Prefabs/Previous/Attachments/UnderBarrels/ForwardGrips/ForwardGrip_Q.prefab,MW4,ForwardGrip_Q,AttachmentOrPart,attachment module (optic/muzzle/grip/rail/light/mag),,,,,,1,1,860,0.06,0.106,0.137,0.137,child-hit:1,none-authored,urp-lit-needs-conversion,Universal Render Pipeline/Lit,,Evidence/ + _raw_prefab_scan.tsv
Assets/ThirdParty/Low Poly Weapon Pack 4_MW_1/Prefabs/Previous/Attachments/UnderBarrels/ForwardGrips/ForwardGrip_R.prefab,MW4,ForwardGrip_R,AttachmentOrPart,attachment module (optic/muzzle/grip/rail/light/mag),,,,,,1,1,388,0.045,0.116,0.107,0.116,child-hit:1,none-authored,urp-lit-needs-conversion,Universal Render Pipeline/Lit,,Evidence/ + _raw_prefab_scan.tsv
Assets/ThirdParty/Low Poly Weapon Pack 4_MW_1/Prefabs/Previous/Attachments/UnderBarrels/ForwardGrips/ForwardGrip_S.prefab,MW4,ForwardGrip_S,AttachmentOrPart,attachment module (optic/muzzle/grip/rail/light/mag),,,,,,1,1,360,0.05,0.105,0.064,0.105,child-hit:1,none-authored,urp-lit-needs-conversion,Universal Render Pipeline/Lit,,Evidence/ + _raw_prefab_scan.tsv
Assets/ThirdParty/Low Poly Weapon Pack 4_MW_1/Prefabs/Previous/Attachments/UnderBarrels/ForwardGrips/ForwardGrip_S_2.prefab,MW4,ForwardGrip_S_2,AttachmentOrPart,attachment module (optic/muzzle/grip/rail/light/mag),,,,,,1,1,690,0.05,0.126,0.064,0.126,child-hit:1,none-authored,urp-lit-needs-conversion,Universal Render Pipeline/Lit,,Evidence/ + _raw_prefab_scan.tsv
Assets/ThirdParty/Low Poly Weapon Pack 4_MW_1/Prefabs/Previous/Attachments/UnderBarrels/ForwardGrips/ForwardGrip_T.prefab,MW4,ForwardGrip_T,AttachmentOrPart,attachment module (optic/muzzle/grip/rail/light/mag),,,,,,1,1,892,0.048,0.164,0.058,0.164,child-hit:1,none-authored,urp-lit-needs-conversion,Universal Render Pipeline/Lit,,Evidence/ + _raw_prefab_scan.tsv
Assets/ThirdParty/Low Poly Weapon Pack 4_MW_1/Prefabs/Previous/Attachments/UnderBarrels/ForwardGrips/ForwardGrip_U.prefab,MW4,ForwardGrip_U,AttachmentOrPart,attachment module (optic/muzzle/grip/rail/light/mag),,,,,,1,1,528,0.045,0.113,0.121,0.121,child-hit:1,none-authored,urp-lit-needs-conversion,Universal Render Pipeline/Lit,,Evidence/ + _raw_prefab_scan.tsv
Assets/ThirdParty/Low Poly Weapon Pack 4_MW_1/Prefabs/Previous/Attachments/UnderBarrels/ForwardGrips/ForwardGrip_V.prefab,MW4,ForwardGrip_V,AttachmentOrPart,attachment module (optic/muzzle/grip/rail/light/mag),,,,,,1,1,740,0.045,0.079,0.176,0.176,child-hit:1,none-authored,urp-lit-needs-conversion,Universal Render Pipeline/Lit,,Evidence/ + _raw_prefab_scan.tsv
Assets/ThirdParty/Low Poly Weapon Pack 4_MW_1/Prefabs/Previous/Attachments/UnderBarrels/GrenadeLaunchers/GrenadeLauncher_A.prefab,MW4,GrenadeLauncher_A,LaterSpecialFamily,launcher/mounted family; no runtime fire mode implemented,Launcher,,Projectile,low,,1,3,1790,0.065,0.155,0.416,0.416,none-authored,none-authored,urp-lit-needs-conversion,Universal Render Pipeline/Lit,LATER — needs Projectile runtime,Evidence/ + _raw_prefab_scan.tsv
Assets/ThirdParty/Low Poly Weapon Pack 4_MW_1/Prefabs/Previous/Attachments/UnderBarrels/GrenadeLaunchers/GrenadeLauncher_B.prefab,MW4,GrenadeLauncher_B,LaterSpecialFamily,launcher/mounted family; no runtime fire mode implemented,Launcher,,Projectile,low,,1,2,1430,0.057,0.138,0.425,0.425,none-authored,none-authored,urp-lit-needs-conversion,Universal Render Pipeline/Lit,LATER — needs Projectile runtime,Evidence/ + _raw_prefab_scan.tsv
Assets/ThirdParty/Low Poly Weapon Pack 4_MW_1/Prefabs/Previous/Bullets/Bullets/Bullet_A.prefab,MW4,Bullet_A,AttachmentOrPart,"projectile or thrown VFX, not a held weapon",,,,,,1,2,172,0.012,0.014,0.074,0.074,none-authored,none-authored,urp-lit-needs-conversion,Universal Render Pipeline/Lit,,Evidence/ + _raw_prefab_scan.tsv
Assets/ThirdParty/Low Poly Weapon Pack 4_MW_1/Prefabs/Previous/Bullets/Bullets/Bullet_B.prefab,MW4,Bullet_B,AttachmentOrPart,"projectile or thrown VFX, not a held weapon",,,,,,1,2,268,0.012,0.014,0.072,0.072,none-authored,none-authored,urp-lit-needs-conversion,Universal Render Pipeline/Lit,,Evidence/ + _raw_prefab_scan.tsv
Assets/ThirdParty/Low Poly Weapon Pack 4_MW_1/Prefabs/Previous/Bullets/Bullets/Bullet_Belt.prefab,MW4,Bullet_Belt,AttachmentOrPart,"projectile or thrown VFX, not a held weapon",,,,,,1,1,104,0.018,0.016,0.018,0.018,none-authored,none-authored,urp-lit-needs-conversion,Universal Render Pipeline/Lit,,Evidence/ + _raw_prefab_scan.tsv
Assets/ThirdParty/Low Poly Weapon Pack 4_MW_1/Prefabs/Previous/Bullets/Bullets/Bullet_C.prefab,MW4,Bullet_C,AttachmentOrPart,"projectile or thrown VFX, not a held weapon",,,,,,1,2,196,0.012,0.014,0.075,0.075,none-authored,none-authored,urp-lit-needs-conversion,Universal Render Pipeline/Lit,,Evidence/ + _raw_prefab_scan.tsv
Assets/ThirdParty/Low Poly Weapon Pack 4_MW_1/Prefabs/Previous/Bullets/Bullets/Bullet_D.prefab,MW4,Bullet_D,AttachmentOrPart,"projectile or thrown VFX, not a held weapon",,,,,,1,2,184,0.012,0.014,0.065,0.065,none-authored,none-authored,urp-lit-needs-conversion,Universal Render Pipeline/Lit,,Evidence/ + _raw_prefab_scan.tsv
Assets/ThirdParty/Low Poly Weapon Pack 4_MW_1/Prefabs/Previous/Bullets/Bullets_Pistol/Bullet_Pistol_A.prefab,MW4,Bullet_Pistol_A,AttachmentOrPart,"projectile or thrown VFX, not a held weapon",,,,,,1,2,148,0.012,0.013,0.032,0.032,none-authored,none-authored,urp-lit-needs-conversion,Universal Render Pipeline/Lit,,Evidence/ + _raw_prefab_scan.tsv
Assets/ThirdParty/Low Poly Weapon Pack 4_MW_1/Prefabs/Previous/Bullets/Bullets_Pistol/Bullet_Pistol_B.prefab,MW4,Bullet_Pistol_B,AttachmentOrPart,"projectile or thrown VFX, not a held weapon",,,,,,1,2,196,0.012,0.013,0.032,0.032,none-authored,none-authored,urp-lit-needs-conversion,Universal Render Pipeline/Lit,,Evidence/ + _raw_prefab_scan.tsv
Assets/ThirdParty/Low Poly Weapon Pack 4_MW_1/Prefabs/Previous/Bullets/Bullets_Pistol/Bullet_Pistol_C.prefab,MW4,Bullet_Pistol_C,AttachmentOrPart,"projectile or thrown VFX, not a held weapon",,,,,,1,2,172,0.012,0.013,0.033,0.033,none-authored,none-authored,urp-lit-needs-conversion,Universal Render Pipeline/Lit,,Evidence/ + _raw_prefab_scan.tsv
Assets/ThirdParty/Low Poly Weapon Pack 4_MW_1/Prefabs/Previous/Bullets/Bullets_Pistol/Bullet_Pistol_D.prefab,MW4,Bullet_Pistol_D,AttachmentOrPart,"projectile or thrown VFX, not a held weapon",,,,,,1,2,184,0.012,0.013,0.032,0.032,none-authored,none-authored,urp-lit-needs-conversion,Universal Render Pipeline/Lit,,Evidence/ + _raw_prefab_scan.tsv
Assets/ThirdParty/Low Poly Weapon Pack 4_MW_1/Prefabs/Previous/Bullets/Bullets_Recon/Bullet_Recon_A.prefab,MW4,Bullet_Recon_A,AttachmentOrPart,"projectile or thrown VFX, not a held weapon",,,,,,1,2,184,0.018,0.021,0.105,0.105,none-authored,none-authored,urp-lit-needs-conversion,Universal Render Pipeline/Lit,,Evidence/ + _raw_prefab_scan.tsv
Assets/ThirdParty/Low Poly Weapon Pack 4_MW_1/Prefabs/Previous/Bullets/Bullets_Recon/Bullet_Recon_B.prefab,MW4,Bullet_Recon_B,AttachmentOrPart,"projectile or thrown VFX, not a held weapon",,,,,,1,2,280,0.018,0.021,0.098,0.098,none-authored,none-authored,urp-lit-needs-conversion,Universal Render Pipeline/Lit,,Evidence/ + _raw_prefab_scan.tsv
Assets/ThirdParty/Low Poly Weapon Pack 4_MW_1/Prefabs/Previous/Bullets/Bullets_Recon/Bullet_Recon_C.prefab,MW4,Bullet_Recon_C,AttachmentOrPart,"projectile or thrown VFX, not a held weapon",,,,,,1,2,208,0.018,0.021,0.105,0.105,none-authored,none-authored,urp-lit-needs-conversion,Universal Render Pipeline/Lit,,Evidence/ + _raw_prefab_scan.tsv
Assets/ThirdParty/Low Poly Weapon Pack 4_MW_1/Prefabs/Previous/Bullets/Bullets_Recon/Bullet_Recon_D.prefab,MW4,Bullet_Recon_D,AttachmentOrPart,"projectile or thrown VFX, not a held weapon",,,,,,1,2,232,0.018,0.021,0.103,0.103,none-authored,none-authored,urp-lit-needs-conversion,Universal Render Pipeline/Lit,,Evidence/ + _raw_prefab_scan.tsv
Assets/ThirdParty/Low Poly Weapon Pack 4_MW_1/Prefabs/Previous/Bullets/Bullets_ShotGun/Bullet_ShotGun_A.prefab,MW4,Bullet_ShotGun_A,AttachmentOrPart,"projectile or thrown VFX, not a held weapon",,,,,,1,1,164,0.024,0.028,0.081,0.081,none-authored,none-authored,urp-lit-needs-conversion,Universal Render Pipeline/Lit,,Evidence/ + _raw_prefab_scan.tsv
Assets/ThirdParty/Low Poly Weapon Pack 4_MW_1/Prefabs/Previous/Bullets/Bullets_ShotGun/Bullet_ShotGun_B.prefab,MW4,Bullet_ShotGun_B,AttachmentOrPart,"projectile or thrown VFX, not a held weapon",,,,,,1,1,188,0.024,0.028,0.081,0.081,none-authored,none-authored,urp-lit-needs-conversion,Universal Render Pipeline/Lit,,Evidence/ + _raw_prefab_scan.tsv
Assets/ThirdParty/Low Poly Weapon Pack 4_MW_1/Prefabs/Previous/Bullets/Bullets_ShotGun/Bullet_ShotGun_C.prefab,MW4,Bullet_ShotGun_C,AttachmentOrPart,"projectile or thrown VFX, not a held weapon",,,,,,1,1,476,0.024,0.028,0.081,0.081,none-authored,none-authored,urp-lit-needs-conversion,Universal Render Pipeline/Lit,,Evidence/ + _raw_prefab_scan.tsv
Assets/ThirdParty/Low Poly Weapon Pack 4_MW_1/Prefabs/Previous/Bullets/Bullets_ShotGun/Bullet_ShotGun_D.prefab,MW4,Bullet_ShotGun_D,AttachmentOrPart,"projectile or thrown VFX, not a held weapon",,,,,,1,1,240,0.024,0.028,0.081,0.081,none-authored,none-authored,urp-lit-needs-conversion,Universal Render Pipeline/Lit,,Evidence/ + _raw_prefab_scan.tsv
Assets/ThirdParty/Low Poly Weapon Pack 4_MW_1/Prefabs/Previous/Bullets/Bullets_SMG/Bullet_SMG_A.prefab,MW4,Bullet_SMG_A,AttachmentOrPart,"projectile or thrown VFX, not a held weapon",,,,,,1,2,148,0.013,0.015,0.033,0.033,none-authored,none-authored,urp-lit-needs-conversion,Universal Render Pipeline/Lit,,Evidence/ + _raw_prefab_scan.tsv
Assets/ThirdParty/Low Poly Weapon Pack 4_MW_1/Prefabs/Previous/Bullets/Bullets_SMG/Bullet_SMG_B.prefab,MW4,Bullet_SMG_B,AttachmentOrPart,"projectile or thrown VFX, not a held weapon",,,,,,1,2,196,0.013,0.015,0.033,0.033,none-authored,none-authored,urp-lit-needs-conversion,Universal Render Pipeline/Lit,,Evidence/ + _raw_prefab_scan.tsv
Assets/ThirdParty/Low Poly Weapon Pack 4_MW_1/Prefabs/Previous/Bullets/Bullets_SMG/Bullet_SMG_C.prefab,MW4,Bullet_SMG_C,AttachmentOrPart,"projectile or thrown VFX, not a held weapon",,,,,,1,2,172,0.013,0.015,0.034,0.034,none-authored,none-authored,urp-lit-needs-conversion,Universal Render Pipeline/Lit,,Evidence/ + _raw_prefab_scan.tsv
Assets/ThirdParty/Low Poly Weapon Pack 4_MW_1/Prefabs/Previous/Bullets/Bullets_SMG/Bullet_SMG_D.prefab,MW4,Bullet_SMG_D,AttachmentOrPart,"projectile or thrown VFX, not a held weapon",,,,,,1,2,184,0.013,0.015,0.034,0.034,none-authored,none-authored,urp-lit-needs-conversion,Universal Render Pipeline/Lit,,Evidence/ + _raw_prefab_scan.tsv
Assets/ThirdParty/Low Poly Weapon Pack 4_MW_1/Prefabs/Previous/Bullets/Grenades/Grenade_A.prefab,MW4,Grenade_A,AttachmentOrPart,"projectile or thrown VFX, not a held weapon",,,,,,1,2,280,0.035,0.041,0.065,0.065,none-authored,none-authored,urp-lit-needs-conversion,Universal Render Pipeline/Lit,,Evidence/ + _raw_prefab_scan.tsv
Assets/ThirdParty/Low Poly Weapon Pack 4_MW_1/Prefabs/Previous/Bullets/Grenades/Grenade_B.prefab,MW4,Grenade_B,AttachmentOrPart,"projectile or thrown VFX, not a held weapon",,,,,,1,2,280,0.035,0.041,0.065,0.065,none-authored,none-authored,urp-lit-needs-conversion,Universal Render Pipeline/Lit,,Evidence/ + _raw_prefab_scan.tsv
Assets/ThirdParty/Low Poly Weapon Pack 4_MW_1/Prefabs/Weapons/AR_T.prefab,MW4,AR_T,NeedsShaderConversion,"distinct weapon body but URP Lit, not toon",AssaultRifle,TwoHanded,SingleHitscan,high,,1,11,10302,0.104,0.306,0.64,0.64,child-hit:1,none-authored,urp-lit-needs-conversion,Universal Render Pipeline/Lit,ONBOARD after material conversion,Evidence/ + _raw_prefab_scan.tsv
Assets/ThirdParty/Low Poly Weapon Pack 4_MW_1/Prefabs/Weapons/AR_U.prefab,MW4,AR_U,NeedsShaderConversion,"distinct weapon body but URP Lit, not toon",AssaultRifle,TwoHanded,SingleHitscan,high,,1,12,11484,0.091,0.301,0.554,0.554,child-hit:1,none-authored,urp-lit-needs-conversion,Universal Render Pipeline/Lit,ONBOARD after material conversion,Evidence/ + _raw_prefab_scan.tsv
Assets/ThirdParty/Low Poly Weapon Pack 4_MW_1/Prefabs/Weapons/Pistol_P.prefab,MW4,Pistol_P,NeedsShaderConversion,"distinct weapon body but URP Lit, not toon",Sidearm,OneHanded,SingleHitscan,high,,1,6,6084,0.046,0.283,0.28,0.283,none-authored,none-authored,urp-lit-needs-conversion,Universal Render Pipeline/Lit,ONBOARD after material conversion,Evidence/ + _raw_prefab_scan.tsv
Assets/ThirdParty/Low Poly Weapon Pack 4_MW_1/Prefabs/Weapons/Recon_P.prefab,MW4,Recon_P,NeedsShaderConversion,"distinct weapon body but URP Lit, not toon",Marksman,TwoHanded,PiercingLine,high,,1,11,11700,0.106,0.24,0.889,0.889,child-hit:1,none-authored,urp-lit-needs-conversion,Universal Render Pipeline/Lit,ONBOARD after material conversion,Evidence/ + _raw_prefab_scan.tsv
Assets/ThirdParty/Low Poly Weapon Pack 4_MW_1/Prefabs/Weapons/SMG_P.prefab,MW4,SMG_P,NeedsShaderConversion,"distinct weapon body but URP Lit, not toon",SMG,TwoHanded,SingleHitscan,high,,1,10,10510,0.059,0.336,0.593,0.593,none-authored,none-authored,urp-lit-needs-conversion,Universal Render Pipeline/Lit,ONBOARD after material conversion,Evidence/ + _raw_prefab_scan.tsv
Assets/ThirdParty/Low Poly Weapon Pack 4_MW_1/Prefabs/Weapons/Weapons_PreSet/AR_T_PreSet.prefab,MW4,AR_T_PreSet,DuplicateModel,pre-assembled preset of a base body,,TwoHanded,,,AR_T,2,23,22606,0.113,0.306,0.64,0.64,child-hit:1,child-hit:1,urp-lit-needs-conversion,Universal Render Pipeline/Lit,,Evidence/ + _raw_prefab_scan.tsv
Assets/ThirdParty/Low Poly Weapon Pack 4_MW_1/Prefabs/Weapons/Weapons_PreSet/AR_U_PreSet.prefab,MW4,AR_U_PreSet,DuplicateModel,pre-assembled preset of a base body,,TwoHanded,,,AR_U,2,18,17308,0.091,0.301,0.554,0.554,child-hit:2,child-hit:1,urp-lit-needs-conversion,Universal Render Pipeline/Lit,,Evidence/ + _raw_prefab_scan.tsv
Assets/ThirdParty/Low Poly Weapon Pack 4_MW_1/Prefabs/Weapons/Weapons_PreSet/Pistol_P_PreSet.prefab,MW4,Pistol_P_PreSet,DuplicateModel,pre-assembled preset of a base body,,,,,Pistol_P,2,10,7888,0.046,0.283,0.334,0.334,none-authored,child-hit:1,urp-lit-needs-conversion,Universal Render Pipeline/Lit,,Evidence/ + _raw_prefab_scan.tsv
Assets/ThirdParty/Low Poly Weapon Pack 4_MW_1/Prefabs/Weapons/Weapons_PreSet/Recon_P_PreSet.prefab,MW4,Recon_P_PreSet,DuplicateModel,pre-assembled preset of a base body,,TwoHanded,,,Recon_P,2,14,16610,0.106,0.272,0.889,0.889,child-hit:1,child-hit:1,urp-lit-needs-conversion,Universal Render Pipeline/Lit,,Evidence/ + _raw_prefab_scan.tsv
Assets/ThirdParty/Low Poly Weapon Pack 4_MW_1/Prefabs/Weapons/Weapons_PreSet/SMG_P_PreSet.prefab,MW4,SMG_P_PreSet,DuplicateModel,pre-assembled preset of a base body,,TwoHanded,,,SMG_P,2,16,16938,0.072,0.336,0.593,0.593,child-hit:1,child-hit:1,urp-lit-needs-conversion,Universal Render Pipeline/Lit,,Evidence/ + _raw_prefab_scan.tsv
Assets/ThirdParty/Low Poly Weapons VOL.1/Prefabs/AK74.prefab,WeaponsVol1,AK74,DuplicateModel,same mesh signature as integrated WPN_AssaultRifle_Generic,,TwoHanded,,,WPN_AssaultRifle_Generic,1,4,5130,0.079,0.35,1.156,1.156,none-authored,none-authored,toon,StylizedToonWorldKit/Toon/Toon Lit,,Evidence/ + _raw_prefab_scan.tsv
Assets/ThirdParty/Low Poly Weapons VOL.1/Prefabs/ANPEQ15.prefab,WeaponsVol1,ANPEQ15,AttachmentOrPart,attachment module (optic/muzzle/grip/rail/light/mag),,,,,,1,1,748,0.053,0.028,0.102,0.102,none-authored,none-authored,toon,StylizedToonWorldKit/Toon/Toon Lit,,Evidence/ + _raw_prefab_scan.tsv
Assets/ThirdParty/Low Poly Weapons VOL.1/Prefabs/Bennelli_M4.prefab,WeaponsVol1,Bennelli_M4,DuplicateModel,same mesh signature as integrated WPN_Shotgun_BenelliM4,,TwoHanded,,,WPN_Shotgun_BenelliM4,1,3,2133,0.082,0.302,1.465,1.465,none-authored,none-authored,toon,StylizedToonWorldKit/Toon/Toon Lit,,Evidence/ + _raw_prefab_scan.tsv
Assets/ThirdParty/Low Poly Weapons VOL.1/Prefabs/ELCAN.prefab,WeaponsVol1,ELCAN,AttachmentOrPart,attachment module (optic/muzzle/grip/rail/light/mag),,,,,,1,1,1179,0.054,0.081,0.163,0.163,none-authored,none-authored,toon,StylizedToonWorldKit/Toon/Toon Lit,,Evidence/ + _raw_prefab_scan.tsv
Assets/ThirdParty/Low Poly Weapons VOL.1/Prefabs/Flash.prefab,WeaponsVol1,Flash,AttachmentOrPart,"projectile or thrown VFX, not a held weapon",,,,,,1,2,1162,0.038,0.126,0.044,0.126,none-authored,none-authored,toon,StylizedToonWorldKit/Toon/Toon Lit,,Evidence/ + _raw_prefab_scan.tsv
Assets/ThirdParty/Low Poly Weapons VOL.1/Prefabs/M2_50cal.prefab,WeaponsVol1,M2_50cal,LaterSpecialFamily,launcher/mounted family; no runtime fire mode implemented,LMG,TwoHanded,SingleHitscan,high,,1,7,8028,0.981,0.651,1.891,1.891,none-authored,none-authored,toon,StylizedToonWorldKit/Toon/Toon Lit,LATER — needs Projectile runtime,Evidence/ + _raw_prefab_scan.tsv
Assets/ThirdParty/Low Poly Weapons VOL.1/Prefabs/M4_8.prefab,WeaponsVol1,M4_8,CompleteWeaponCandidate,distinct weapon body,AssaultRifle,TwoHanded,SingleHitscan,high,,1,6,7866,0.06,0.219,0.724,0.724,none-authored,none-authored,toon,StylizedToonWorldKit/Toon/Toon Lit,ONBOARD candidate,Evidence/ + _raw_prefab_scan.tsv
Assets/ThirdParty/Low Poly Weapons VOL.1/Prefabs/M107.prefab,WeaponsVol1,M107,DuplicateModel,same mesh signature as integrated WPN_Marksman_SniperGeneric,,TwoHanded,,,WPN_Marksman_SniperGeneric,1,4,3836,0.087,0.208,1.235,1.235,none-authored,none-authored,toon,StylizedToonWorldKit/Toon/Toon Lit,,Evidence/ + _raw_prefab_scan.tsv
Assets/ThirdParty/Low Poly Weapons VOL.1/Prefabs/M249.prefab,WeaponsVol1,M249,DuplicateModel,same mesh signature as integrated WPN_LMG_Generic,,TwoHanded,,,WPN_LMG_Generic,1,5,11614,0.26,0.351,1.292,1.292,none-authored,none-authored,toon,StylizedToonWorldKit/Toon/Toon Lit,,Evidence/ + _raw_prefab_scan.tsv
Assets/ThirdParty/Low Poly Weapons VOL.1/Prefabs/M1911.prefab,WeaponsVol1,M1911,CompleteWeaponCandidate,distinct weapon body,Sidearm,OneHanded,SingleHitscan,low,,1,5,2432,0.03,0.178,0.36,0.36,none-authored,none-authored,toon,StylizedToonWorldKit/Toon/Toon Lit,ONBOARD candidate,Evidence/ + _raw_prefab_scan.tsv
Assets/ThirdParty/Low Poly Weapons VOL.1/Prefabs/RGD-5.prefab,WeaponsVol1,RGD-5,AttachmentOrPart,"projectile or thrown VFX, not a held weapon",,,,,,1,3,496,0.071,0.215,0.069,0.215,none-authored,none-authored,toon,StylizedToonWorldKit/Toon/Toon Lit,,Evidence/ + _raw_prefab_scan.tsv
Assets/ThirdParty/Low Poly Weapons VOL.1/Prefabs/RPG7.prefab,WeaponsVol1,RPG7,LaterSpecialFamily,launcher/mounted family; no runtime fire mode implemented,Launcher,TwoHanded,Projectile,high,,1,3,1232,0.138,0.301,1.511,1.511,none-authored,none-authored,toon,StylizedToonWorldKit/Toon/Toon Lit,LATER — needs Projectile runtime,Evidence/ + _raw_prefab_scan.tsv
Assets/ThirdParty/Low Poly Weapons VOL.1/Prefabs/Smoke.prefab,WeaponsVol1,Smoke,AttachmentOrPart,"projectile or thrown VFX, not a held weapon",,,,,,1,2,614,0.081,0.152,0.083,0.152,none-authored,none-authored,toon,StylizedToonWorldKit/Toon/Toon Lit,,Evidence/ + _raw_prefab_scan.tsv
Assets/ThirdParty/Low Poly Weapons VOL.1/Prefabs/SR_Scope_00.prefab,WeaponsVol1,SR_Scope_00,AttachmentOrPart,attachment module (optic/muzzle/grip/rail/light/mag),,,,,,1,1,1576,0.057,0.103,0.159,0.159,none-authored,none-authored,toon,StylizedToonWorldKit/Toon/Toon Lit,,Evidence/ + _raw_prefab_scan.tsv
Assets/ThirdParty/Low Poly Weapons VOL.1/Prefabs/TAN_LR_Scope_01.prefab,WeaponsVol1,TAN_LR_Scope_01,AttachmentOrPart,attachment module (optic/muzzle/grip/rail/light/mag),,,,,,1,2,1204,0.047,0.058,0.292,0.292,none-authored,none-authored,toon,StylizedToonWorldKit/Toon/Toon Lit,,Evidence/ + _raw_prefab_scan.tsv
Assets/ThirdParty/Low Poly Weapons VOL.1/Prefabs/Uzi.prefab,WeaponsVol1,Uzi,DuplicateModel,same mesh signature as integrated WPN_SMG_Generic,,,,,WPN_SMG_Generic,1,6,2744,0.036,0.223,0.372,0.372,none-authored,none-authored,toon,StylizedToonWorldKit/Toon/Toon Lit,,Evidence/ + _raw_prefab_scan.tsv
Assets/_Project/Prefabs/Weapons/WPN_AssaultRifle_AK47.prefab,Project,WPN_AssaultRifle_AK47,CompleteWeaponCandidate,distinct weapon body,AssaultRifle,TwoHanded,SingleHitscan,high,,1,9,5620,0.1,0.271,0.537,0.537,child-hit:3,child-hit:1,toon,StylizedToonWorldKit/Toon/Toon Lit,KEEP — already integrated,Evidence/ + _raw_prefab_scan.tsv
Assets/_Project/Prefabs/Weapons/WPN_AssaultRifle_FAMAS.prefab,Project,WPN_AssaultRifle_FAMAS,CompleteWeaponCandidate,distinct weapon body,AssaultRifle,TwoHanded,SingleHitscan,medium,,1,6,3664,0.072,0.334,0.862,0.862,child-hit:2,child-hit:1,toon,StylizedToonWorldKit/Toon/Toon Lit,KEEP — already integrated,Evidence/ + _raw_prefab_scan.tsv
Assets/_Project/Prefabs/Weapons/WPN_AssaultRifle_G36C.prefab,Project,WPN_AssaultRifle_G36C,CompleteWeaponCandidate,distinct weapon body,AssaultRifle,TwoHanded,SingleHitscan,high,,1,12,6348,0.078,0.268,0.605,0.605,child-hit:2,child-hit:1,toon,StylizedToonWorldKit/Toon/Toon Lit,KEEP — already integrated,Evidence/ + _raw_prefab_scan.tsv
Assets/_Project/Prefabs/Weapons/WPN_AssaultRifle_Generic.prefab,Project,WPN_AssaultRifle_Generic,CompleteWeaponCandidate,distinct weapon body,AssaultRifle,TwoHanded,SingleHitscan,high,,1,4,5130,0.079,0.35,1.156,1.156,child-hit:2,child-hit:1,toon,StylizedToonWorldKit/Toon/Toon Lit,KEEP — already integrated,Evidence/ + _raw_prefab_scan.tsv
Assets/_Project/Prefabs/Weapons/WPN_AssaultRifle_M4A1.prefab,Project,WPN_AssaultRifle_M4A1,CompleteWeaponCandidate,distinct weapon body,AssaultRifle,TwoHanded,SingleHitscan,high,,1,12,8104,0.096,0.331,0.629,0.629,child-hit:3,child-hit:1,toon,StylizedToonWorldKit/Toon/Toon Lit,KEEP — already integrated,Evidence/ + _raw_prefab_scan.tsv
Assets/_Project/Prefabs/Weapons/WPN_AssaultRifle_SCARL.prefab,Project,WPN_AssaultRifle_SCARL,CompleteWeaponCandidate,distinct weapon body,AssaultRifle,TwoHanded,SingleHitscan,high,,1,13,7602,0.104,0.243,0.636,0.636,child-hit:3,child-hit:1,toon,StylizedToonWorldKit/Toon/Toon Lit,KEEP — already integrated,Evidence/ + _raw_prefab_scan.tsv
Assets/_Project/Prefabs/Weapons/WPN_LMG_Generic.prefab,Project,WPN_LMG_Generic,CompleteWeaponCandidate,distinct weapon body,LMG,TwoHanded,SingleHitscan,high,,1,5,11614,0.26,0.351,1.292,1.292,child-hit:2,child-hit:1,toon,StylizedToonWorldKit/Toon/Toon Lit,KEEP — already integrated,Evidence/ + _raw_prefab_scan.tsv
Assets/_Project/Prefabs/Weapons/WPN_Marksman_SniperGeneric.prefab,Project,WPN_Marksman_SniperGeneric,CompleteWeaponCandidate,distinct weapon body,Marksman,TwoHanded,PiercingLine,high,,1,4,3836,0.087,0.208,1.235,1.235,child-hit:2,child-hit:1,toon,StylizedToonWorldKit/Toon/Toon Lit,KEEP — already integrated,Evidence/ + _raw_prefab_scan.tsv
Assets/_Project/Prefabs/Weapons/WPN_Shotgun_AA12.prefab,Project,WPN_Shotgun_AA12,CompleteWeaponCandidate,distinct weapon body,Shotgun,TwoHanded,MultiPelletHitscan,medium,,1,10,4506,0.059,0.304,0.867,0.867,child-hit:3,child-hit:1,toon,StylizedToonWorldKit/Toon/Toon Lit,KEEP — already integrated,Evidence/ + _raw_prefab_scan.tsv
Assets/_Project/Prefabs/Weapons/WPN_Shotgun_BenelliM4.prefab,Project,WPN_Shotgun_BenelliM4,CompleteWeaponCandidate,integrated production weapon,Shotgun,TwoHanded,MultiPelletHitscan,high,WPN_Shotgun_BenelliM4,1,3,2133,0.082,0.302,1.465,1.465,child-hit:2,child-hit:1,toon,StylizedToonWorldKit/Toon/Toon Lit,KEEP — already integrated,Evidence/ + _raw_prefab_scan.tsv
Assets/_Project/Prefabs/Weapons/WPN_Shotgun_DoubleBarrel.prefab,Project,WPN_Shotgun_DoubleBarrel,CompleteWeaponCandidate,distinct weapon body,Shotgun,TwoHanded,MultiPelletHitscan,high,,1,6,2262,0.065,0.235,1.162,1.162,child-hit:2,child-hit:1,toon,StylizedToonWorldKit/Toon/Toon Lit,KEEP — already integrated,Evidence/ + _raw_prefab_scan.tsv
Assets/_Project/Prefabs/Weapons/WPN_Shotgun_Generic.prefab,Project,WPN_Shotgun_Generic,DuplicateModel,SAME MESH as integrated WPN_Shotgun_BenelliM4 — duplicate inside the shipped 25,,TwoHanded,,,WPN_Shotgun_BenelliM4,1,3,2133,0.082,0.302,1.465,1.465,child-hit:2,child-hit:1,toon,StylizedToonWorldKit/Toon/Toon Lit,,Evidence/ + _raw_prefab_scan.tsv
Assets/_Project/Prefabs/Weapons/WPN_Shotgun_Mossberg500.prefab,Project,WPN_Shotgun_Mossberg500,CompleteWeaponCandidate,distinct weapon body,Shotgun,TwoHanded,MultiPelletHitscan,low,,1,9,2964,0.07,0.184,0.626,0.626,child-hit:2,child-hit:1,toon,StylizedToonWorldKit/Toon/Toon Lit,KEEP — already integrated,Evidence/ + _raw_prefab_scan.tsv
Assets/_Project/Prefabs/Weapons/WPN_Shotgun_SPAS12.prefab,Project,WPN_Shotgun_SPAS12,CompleteWeaponCandidate,distinct weapon body,Shotgun,TwoHanded,MultiPelletHitscan,medium,,1,12,4532,0.077,0.199,0.595,0.595,child-hit:3,child-hit:1,toon,StylizedToonWorldKit/Toon/Toon Lit,KEEP — already integrated,Evidence/ + _raw_prefab_scan.tsv
Assets/_Project/Prefabs/Weapons/WPN_Sidearm_BerettaM9.prefab,Project,WPN_Sidearm_BerettaM9,CompleteWeaponCandidate,distinct weapon body,Sidearm,OneHanded,SingleHitscan,low,,1,6,2680,0.036,0.171,0.315,0.315,child-hit:2,child-hit:1,toon,StylizedToonWorldKit/Toon/Toon Lit,KEEP — already integrated,Evidence/ + _raw_prefab_scan.tsv
Assets/_Project/Prefabs/Weapons/WPN_Sidearm_DesertEagle.prefab,Project,WPN_Sidearm_DesertEagle,CompleteWeaponCandidate,distinct weapon body,Sidearm,OneHanded,SingleHitscan,medium,,1,8,3532,0.051,0.148,0.193,0.193,child-hit:3,child-hit:1,toon,StylizedToonWorldKit/Toon/Toon Lit,KEEP — already integrated,Evidence/ + _raw_prefab_scan.tsv
Assets/_Project/Prefabs/Weapons/WPN_Sidearm_FiveSeven.prefab,Project,WPN_Sidearm_FiveSeven,CompleteWeaponCandidate,distinct weapon body,Sidearm,OneHanded,SingleHitscan,low,,1,6,2942,0.038,0.246,0.268,0.268,child-hit:2,child-hit:1,toon,StylizedToonWorldKit/Toon/Toon Lit,KEEP — already integrated,Evidence/ + _raw_prefab_scan.tsv
Assets/_Project/Prefabs/Weapons/WPN_Sidearm_Glock19.prefab,Project,WPN_Sidearm_Glock19,CompleteWeaponCandidate,distinct weapon body,Sidearm,OneHanded,SingleHitscan,low,,1,5,2516,0.036,0.176,0.355,0.355,child-hit:2,child-hit:1,toon,StylizedToonWorldKit/Toon/Toon Lit,KEEP — already integrated,Evidence/ + _raw_prefab_scan.tsv
Assets/_Project/Prefabs/Weapons/WPN_Sidearm_M1911.prefab,Project,WPN_Sidearm_M1911,CompleteWeaponCandidate,distinct weapon body,Sidearm,OneHanded,SingleHitscan,medium,,1,6,3092,0.041,0.166,0.353,0.353,child-hit:2,child-hit:1,toon,StylizedToonWorldKit/Toon/Toon Lit,KEEP — already integrated,Evidence/ + _raw_prefab_scan.tsv
Assets/_Project/Prefabs/Weapons/WPN_Sidearm_Makarov.prefab,Project,WPN_Sidearm_Makarov,CompleteWeaponCandidate,distinct weapon body,Sidearm,OneHanded,SingleHitscan,low,,1,7,2958,0.043,0.254,0.29,0.29,child-hit:2,child-hit:1,toon,StylizedToonWorldKit/Toon/Toon Lit,KEEP — already integrated,Evidence/ + _raw_prefab_scan.tsv
Assets/_Project/Prefabs/Weapons/WPN_Sidearm_P226.prefab,Project,WPN_Sidearm_P226,CompleteWeaponCandidate,distinct weapon body,Sidearm,OneHanded,SingleHitscan,low,,1,6,2330,0.037,0.169,0.348,0.348,child-hit:2,child-hit:1,toon,StylizedToonWorldKit/Toon/Toon Lit,KEEP — already integrated,Evidence/ + _raw_prefab_scan.tsv
Assets/_Project/Prefabs/Weapons/WPN_Sidearm_PistolA.prefab,Project,WPN_Sidearm_PistolA,CompleteWeaponCandidate,distinct weapon body,Sidearm,OneHanded,SingleHitscan,medium,,1,6,3120,0.05,0.215,0.386,0.386,child-hit:2,child-hit:1,toon,StylizedToonWorldKit/Toon/Toon Lit,KEEP — already integrated,Evidence/ + _raw_prefab_scan.tsv
Assets/_Project/Prefabs/Weapons/WPN_Sidearm_Python357.prefab,Project,WPN_Sidearm_Python357,CompleteWeaponCandidate,distinct weapon body,Sidearm,OneHanded,SingleHitscan,low,,1,7,2874,0.039,0.27,0.292,0.292,child-hit:2,child-hit:1,toon,StylizedToonWorldKit/Toon/Toon Lit,KEEP — already integrated,Evidence/ + _raw_prefab_scan.tsv
Assets/_Project/Prefabs/Weapons/WPN_Sidearm_USP45.prefab,Project,WPN_Sidearm_USP45,CompleteWeaponCandidate,distinct weapon body,Sidearm,OneHanded,SingleHitscan,medium,,1,7,3482,0.039,0.249,0.263,0.263,child-hit:2,child-hit:1,toon,StylizedToonWorldKit/Toon/Toon Lit,KEEP — already integrated,Evidence/ + _raw_prefab_scan.tsv
Assets/_Project/Prefabs/Weapons/WPN_SMG_Generic.prefab,Project,WPN_SMG_Generic,CompleteWeaponCandidate,distinct weapon body,SMG,OneHanded,SingleHitscan,low,,1,6,2744,0.036,0.223,0.372,0.372,child-hit:2,child-hit:1,toon,StylizedToonWorldKit/Toon/Toon Lit,KEEP — already integrated,Evidence/ + _raw_prefab_scan.tsv
Assets/Low Poly Weapon Series V 4/Prefabs/Low Poly Series V 1/Attachments/BarrelGuard_Lok_B.prefab,SeriesV4,BarrelGuard_Lok_B,AttachmentOrPart,attachment module (optic/muzzle/grip/rail/light/mag),,,,,,1,1,694,0.0207,0.0300,0.1150,0.1150,none-authored,none-authored,urp-lit,Standard,,Review/M7_1_Packs/_newpacks_scan.tsv
Assets/Low Poly Weapon Series V 4/Prefabs/Low Poly Series V 1/Attachments/Bolt_A.prefab,SeriesV4,Bolt_A,AttachmentOrPart,no weapon family could be inferred from the model,,,,,,1,1,670,0.0812,0.0254,0.2256,0.2256,none-authored,none-authored,urp-lit,Standard,,Review/M7_1_Packs/_newpacks_scan.tsv
Assets/Low Poly Weapon Series V 4/Prefabs/Low Poly Series V 1/Attachments/Bolt_B.prefab,SeriesV4,Bolt_B,AttachmentOrPart,no weapon family could be inferred from the model,,,,,,1,1,1414,0.0949,0.0273,0.2256,0.2256,none-authored,none-authored,urp-lit,Standard,,Review/M7_1_Packs/_newpacks_scan.tsv
Assets/Low Poly Weapon Series V 4/Prefabs/Low Poly Series V 1/Attachments/ForwardGrip_AK.prefab,SeriesV4,ForwardGrip_AK,AttachmentOrPart,attachment module (optic/muzzle/grip/rail/light/mag),,,,,,1,1,1220,0.0450,0.0780,0.1618,0.1618,none-authored,none-authored,urp-lit,Standard,,Review/M7_1_Packs/_newpacks_scan.tsv
Assets/Low Poly Weapon Series V 4/Prefabs/Low Poly Series V 1/Attachments/ForwardGrip_AL.prefab,SeriesV4,ForwardGrip_AL,AttachmentOrPart,attachment module (optic/muzzle/grip/rail/light/mag),,,,,,1,1,1154,0.0495,0.0665,0.1181,0.1181,none-authored,none-authored,urp-lit,Standard,,Review/M7_1_Packs/_newpacks_scan.tsv
Assets/Low Poly Weapon Series V 4/Prefabs/Low Poly Series V 1/Attachments/Muzzle_Recon_Brake_E.prefab,SeriesV4,Muzzle_Recon_Brake_E,AttachmentOrPart,attachment module (optic/muzzle/grip/rail/light/mag),Marksman,two-handed,,,,1,1,752,0.1091,0.0475,0.1146,0.1146,none-authored,none-authored,urp-lit,Standard,,Review/M7_1_Packs/_newpacks_scan.tsv
Assets/Low Poly Weapon Series V 4/Prefabs/Low Poly Series V 1/Attachments/Muzzle_Suppressor_M.prefab,SeriesV4,Muzzle_Suppressor_M,AttachmentOrPart,attachment module (optic/muzzle/grip/rail/light/mag),,,,,,1,1,696,0.0650,0.0750,0.1750,0.1750,none-authored,none-authored,urp-lit,Standard,,Review/M7_1_Packs/_newpacks_scan.tsv
Assets/Low Poly Weapon Series V 4/Prefabs/Low Poly Series V 1/Attachments/Optic_AS.prefab,SeriesV4,Optic_AS,AttachmentOrPart,attachment module (optic/muzzle/grip/rail/light/mag),,,,,,4,4,3136,0.0575,0.0695,0.0513,0.0695,none-authored,none-authored,urp-lit,Standard,,Review/M7_1_Packs/_newpacks_scan.tsv
Assets/Low Poly Weapon Series V 4/Prefabs/Low Poly Series V 1/Attachments/Optic_Recon_V.prefab,SeriesV4,Optic_Recon_V,AttachmentOrPart,attachment module (optic/muzzle/grip/rail/light/mag),Marksman,two-handed,,,,2,2,5640,0.0913,0.1265,0.3125,0.3125,none-authored,none-authored,urp-lit,Standard,,Review/M7_1_Packs/_newpacks_scan.tsv
Assets/Low Poly Weapon Series V 4/Prefabs/Low Poly Series V 1/Bullets/Bullet_G.prefab,SeriesV4,Bullet_G,AttachmentOrPart,attachment module (optic/muzzle/grip/rail/light/mag),,,,,,2,2,304,0.0121,0.0140,0.0695,0.0695,none-authored,none-authored,urp-lit,Standard,,Review/M7_1_Packs/_newpacks_scan.tsv
Assets/Low Poly Weapon Series V 4/Prefabs/Low Poly Series V 1/Bullets/Bullet_G_2.prefab,SeriesV4,Bullet_G_2,AttachmentOrPart,attachment module (optic/muzzle/grip/rail/light/mag),,,,,,2,2,304,0.0121,0.0140,0.0695,0.0695,none-authored,none-authored,urp-lit,Standard,,Review/M7_1_Packs/_newpacks_scan.tsv
Assets/Low Poly Weapon Series V 4/Prefabs/Low Poly Series V 1/Bullets/Bullet_Pistol_G.prefab,SeriesV4,Bullet_Pistol_G,AttachmentOrPart,attachment module (optic/muzzle/grip/rail/light/mag),Sidearm,one-handed,,,,2,2,352,0.0122,0.0140,0.0533,0.0533,none-authored,none-authored,urp-lit,Standard,,Review/M7_1_Packs/_newpacks_scan.tsv
Assets/Low Poly Weapon Series V 4/Prefabs/Low Poly Series V 1/Bullets/Bullet_ShotGun_G.prefab,SeriesV4,Bullet_ShotGun_G,AttachmentOrPart,attachment module (optic/muzzle/grip/rail/light/mag),Shotgun,two-handed,,,,1,1,356,0.0226,0.0261,0.0922,0.0922,none-authored,none-authored,urp-lit,Standard,,Review/M7_1_Packs/_newpacks_scan.tsv
Assets/Low Poly Weapon Series V 4/Prefabs/Low Poly Series V 1/Bullets/Grenade_E.prefab,SeriesV4,Grenade_E,ThrownOrMelee,"grenade/mine/melee content — usable as power art, not a gun body",,,,,,2,2,524,0.0210,0.0243,0.1033,0.1033,none-authored,none-authored,urp-lit,Standard,,Review/M7_1_Packs/_newpacks_scan.tsv
Assets/Low Poly Weapon Series V 4/Prefabs/Low Poly Series V 1/Cases/AmmoCase_A.prefab,SeriesV4,AmmoCase_A,AttachmentOrPart,attachment module (optic/muzzle/grip/rail/light/mag),,,,,,4,4,1716,0.5860,0.2458,0.2525,0.5860,none-authored,none-authored,urp-lit,Standard,,Review/M7_1_Packs/_newpacks_scan.tsv
Assets/Low Poly Weapon Series V 4/Prefabs/Low Poly Series V 1/Cases/AttachmentCase_A.prefab,SeriesV4,AttachmentCase_A,AttachmentOrPart,attachment module (optic/muzzle/grip/rail/light/mag),,,,,,2,2,1576,0.3850,0.1750,0.4150,0.4150,none-authored,none-authored,urp-lit,Standard,,Review/M7_1_Packs/_newpacks_scan.tsv
Assets/Low Poly Weapon Series V 4/Prefabs/Low Poly Series V 1/Items/Card_A.prefab,SeriesV4,Card_A,AttachmentOrPart,no weapon family could be inferred from the model,,,,,,1,1,192,0.0550,0.0341,0.0017,0.0550,none-authored,none-authored,urp-lit,Standard,,Review/M7_1_Packs/_newpacks_scan.tsv
Assets/Low Poly Weapon Series V 4/Prefabs/Low Poly Series V 2/Attachments/Bolt_C.prefab,SeriesV4,Bolt_C,AttachmentOrPart,no weapon family could be inferred from the model,,,,,,1,1,1110,0.0742,0.0225,0.2275,0.2275,none-authored,none-authored,urp-lit,Standard,,Review/M7_1_Packs/_newpacks_scan.tsv
Assets/Low Poly Weapon Series V 4/Prefabs/Low Poly Series V 2/Attachments/Bolt_C_Sand.prefab,SeriesV4,Bolt_C_Sand,AttachmentOrPart,no weapon family could be inferred from the model,,,,,,1,1,1110,0.0742,0.0225,0.2275,0.2275,none-authored,none-authored,urp-lit,Standard,,Review/M7_1_Packs/_newpacks_scan.tsv
Assets/Low Poly Weapon Series V 4/Prefabs/Low Poly Series V 2/Attachments/Bolt_D.prefab,SeriesV4,Bolt_D,AttachmentOrPart,no weapon family could be inferred from the model,,,,,,1,1,1986,0.0970,0.0231,0.2268,0.2268,none-authored,none-authored,urp-lit,Standard,,Review/M7_1_Packs/_newpacks_scan.tsv
Assets/Low Poly Weapon Series V 4/Prefabs/Low Poly Series V 2/Attachments/Bolt_D_Sand.prefab,SeriesV4,Bolt_D_Sand,AttachmentOrPart,no weapon family could be inferred from the model,,,,,,1,1,1986,0.0970,0.0231,0.2268,0.2268,none-authored,none-authored,urp-lit,Standard,,Review/M7_1_Packs/_newpacks_scan.tsv
Assets/Low Poly Weapon Series V 4/Prefabs/Low Poly Series V 2/Attachments/Laser_Pistol_D.prefab,SeriesV4,Laser_Pistol_D,AttachmentOrPart,attachment module (optic/muzzle/grip/rail/light/mag),Sidearm,one-handed,,,,1,1,1610,0.0460,0.0520,0.1009,0.1009,none-authored,none-authored,urp-lit,Standard,,Review/M7_1_Packs/_newpacks_scan.tsv
Assets/Low Poly Weapon Series V 4/Prefabs/Low Poly Series V 2/Attachments/Mag_D.prefab,SeriesV4,Mag_D,AttachmentOrPart,attachment module (optic/muzzle/grip/rail/light/mag),,,,,,1,1,1310,0.0410,0.2725,0.1896,0.2725,none-authored,none-authored,urp-lit,Standard,,Review/M7_1_Packs/_newpacks_scan.tsv
Assets/Low Poly Weapon Series V 4/Prefabs/Low Poly Series V 2/Attachments/Mag_E.prefab,SeriesV4,Mag_E,AttachmentOrPart,attachment module (optic/muzzle/grip/rail/light/mag),,,,,,1,1,4422,0.0475,0.2840,0.1723,0.2840,none-authored,none-authored,urp-lit,Standard,,Review/M7_1_Packs/_newpacks_scan.tsv
Assets/Low Poly Weapon Series V 4/Prefabs/Low Poly Series V 2/Attachments/Mag_F.prefab,SeriesV4,Mag_F,AttachmentOrPart,attachment module (optic/muzzle/grip/rail/light/mag),,,,,,1,1,2930,0.0510,0.3020,0.1773,0.3020,none-authored,none-authored,urp-lit,Standard,,Review/M7_1_Packs/_newpacks_scan.tsv
Assets/Low Poly Weapon Series V 4/Prefabs/Low Poly Series V 2/Attachments/Muzzle_Pistol_Suppressor_D.prefab,SeriesV4,Muzzle_Pistol_Suppressor_D,AttachmentOrPart,attachment module (optic/muzzle/grip/rail/light/mag),Sidearm,one-handed,,,,1,1,2132,0.0300,0.0347,0.2000,0.2000,none-authored,none-authored,urp-lit,Standard,,Review/M7_1_Packs/_newpacks_scan.tsv
Assets/Low Poly Weapon Series V 4/Prefabs/Low Poly Series V 2/Attachments/Optic_AT.prefab,SeriesV4,Optic_AT,AttachmentOrPart,attachment module (optic/muzzle/grip/rail/light/mag),,,,,,2,2,5802,0.0865,0.1274,0.2355,0.2355,none-authored,none-authored,urp-lit,Standard,,Review/M7_1_Packs/_newpacks_scan.tsv
Assets/Low Poly Weapon Series V 4/Prefabs/Low Poly Series V 2/Attachments/Optic_Pistol_J.prefab,SeriesV4,Optic_Pistol_J,AttachmentOrPart,attachment module (optic/muzzle/grip/rail/light/mag),Sidearm,one-handed,,,,2,2,1182,0.0345,0.0496,0.0613,0.0613,none-authored,none-authored,urp-lit,Standard,,Review/M7_1_Packs/_newpacks_scan.tsv
Assets/Low Poly Weapon Series V 4/Prefabs/Low Poly Series V 2/Bullets/Bullet_H.prefab,SeriesV4,Bullet_H,AttachmentOrPart,attachment module (optic/muzzle/grip/rail/light/mag),,,,,,2,2,340,0.0121,0.0140,0.0644,0.0644,none-authored,none-authored,urp-lit,Standard,,Review/M7_1_Packs/_newpacks_scan.tsv
Assets/Low Poly Weapon Series V 4/Prefabs/Low Poly Series V 2/Bullets/Bullet_Rifle_A.prefab,SeriesV4,Bullet_Rifle_A,AttachmentOrPart,attachment module (optic/muzzle/grip/rail/light/mag),AssaultRifle,two-handed,,,,2,2,244,0.0137,0.0158,0.0528,0.0528,none-authored,none-authored,urp-lit,Standard,,Review/M7_1_Packs/_newpacks_scan.tsv
Assets/Low Poly Weapon Series V 4/Prefabs/Low Poly Series V 2/Items/Card_B.prefab,SeriesV4,Card_B,AttachmentOrPart,no weapon family could be inferred from the model,,,,,,1,1,192,0.0550,0.0341,0.0017,0.0550,none-authored,none-authored,urp-lit,Standard,,Review/M7_1_Packs/_newpacks_scan.tsv
Assets/Low Poly Weapon Series V 4/Prefabs/Low Poly Series V 2/Items/Tatical Radio.prefab,SeriesV4,Tatical Radio,AttachmentOrPart,no weapon family could be inferred from the model,,,,,,1,1,4380,0.0952,0.3098,0.0325,0.3098,none-authored,none-authored,urp-lit,Standard,,Review/M7_1_Packs/_newpacks_scan.tsv
Assets/Low Poly Weapon Series V 4/Prefabs/Low Poly Series V 2/Items/Tatical Tablet.prefab,SeriesV4,Tatical Tablet,DemoOrSceneObject,demo/scene dressing object,,,,,,1,1,1018,0.2873,0.1665,0.0235,0.2873,none-authored,none-authored,urp-lit,Standard,,Review/M7_1_Packs/_newpacks_scan.tsv
Assets/Low Poly Weapon Series V 4/Prefabs/Low Poly Series V 3/Attachments/Light_L_Left.prefab,SeriesV4,Light_L_Left,AttachmentOrPart,attachment module (optic/muzzle/grip/rail/light/mag),,,,,,1,1,2868,0.0503,0.0649,0.2633,0.2633,none-authored,none-authored,urp-lit,Standard,,Review/M7_1_Packs/_newpacks_scan.tsv
Assets/Low Poly Weapon Series V 4/Prefabs/Low Poly Series V 3/Attachments/Light_L_Right.prefab,SeriesV4,Light_L_Right,AttachmentOrPart,attachment module (optic/muzzle/grip/rail/light/mag),,,,,,1,1,2868,0.0503,0.0649,0.2633,0.2633,none-authored,none-authored,urp-lit,Standard,,Review/M7_1_Packs/_newpacks_scan.tsv
Assets/Low Poly Weapon Series V 4/Prefabs/Low Poly Series V 3/Attachments/Mag_G.prefab,SeriesV4,Mag_G,AttachmentOrPart,attachment module (optic/muzzle/grip/rail/light/mag),,,,,,1,1,1040,0.0410,0.1859,0.0942,0.1859,none-authored,none-authored,urp-lit,Standard,,Review/M7_1_Packs/_newpacks_scan.tsv
Assets/Low Poly Weapon Series V 4/Prefabs/Low Poly Series V 3/Attachments/Mag_G_2.prefab,SeriesV4,Mag_G_2,AttachmentOrPart,attachment module (optic/muzzle/grip/rail/light/mag),,,,,,1,1,1106,0.0425,0.1346,0.0942,0.1346,none-authored,none-authored,urp-lit,Standard,,Review/M7_1_Packs/_newpacks_scan.tsv
Assets/Low Poly Weapon Series V 4/Prefabs/Low Poly Series V 3/Attachments/MagKit_C.prefab,SeriesV4,MagKit_C,AttachmentOrPart,attachment module (optic/muzzle/grip/rail/light/mag),,,,,,1,1,1372,0.1027,0.0585,0.1087,0.1087,none-authored,none-authored,urp-lit,Standard,,Review/M7_1_Packs/_newpacks_scan.tsv
Assets/Low Poly Weapon Series V 4/Prefabs/Low Poly Series V 3/Attachments/MagKit_D.prefab,SeriesV4,MagKit_D,AttachmentOrPart,attachment module (optic/muzzle/grip/rail/light/mag),,,,,,1,1,404,0.0711,0.0417,0.1255,0.1255,none-authored,none-authored,urp-lit,Standard,,Review/M7_1_Packs/_newpacks_scan.tsv
Assets/Low Poly Weapon Series V 4/Prefabs/Low Poly Series V 3/Attachments/Muzzle_Flash Hider_L.prefab,SeriesV4,Muzzle_Flash Hider_L,AttachmentOrPart,attachment module (optic/muzzle/grip/rail/light/mag),,,,,,1,1,1192,0.0311,0.0359,0.1013,0.1013,none-authored,none-authored,urp-lit,Standard,,Review/M7_1_Packs/_newpacks_scan.tsv
Assets/Low Poly Weapon Series V 4/Prefabs/Low Poly Series V 3/Attachments/Muzzle_Suppressor_N.prefab,SeriesV4,Muzzle_Suppressor_N,AttachmentOrPart,attachment module (optic/muzzle/grip/rail/light/mag),,,,,,1,1,2604,0.0456,0.0516,0.2293,0.2293,none-authored,none-authored,urp-lit,Standard,,Review/M7_1_Packs/_newpacks_scan.tsv
Assets/Low Poly Weapon Series V 4/Prefabs/Low Poly Series V 3/Attachments/Optic_AS.prefab,SeriesV4,Optic_AS,AttachmentOrPart,attachment module (optic/muzzle/grip/rail/light/mag),,,,,,2,2,1482,0.0620,0.0951,0.1348,0.1348,none-authored,none-authored,urp-lit,Standard,,Review/M7_1_Packs/_newpacks_scan.tsv
Assets/Low Poly Weapon Series V 4/Prefabs/Low Poly Series V 3/Attachments/Optic_Recon_W.prefab,SeriesV4,Optic_Recon_W,AttachmentOrPart,attachment module (optic/muzzle/grip/rail/light/mag),Marksman,two-handed,,,,2,2,4250,0.1536,0.1155,0.4985,0.4985,none-authored,none-authored,urp-lit,Standard,,Review/M7_1_Packs/_newpacks_scan.tsv
Assets/Low Poly Weapon Series V 4/Prefabs/Low Poly Series V 3/Bullets/Bullet_Recon_G.prefab,SeriesV4,Bullet_Recon_G,AttachmentOrPart,attachment module (optic/muzzle/grip/rail/light/mag),Marksman,two-handed,,,,2,2,340,0.0175,0.0203,0.1078,0.1078,none-authored,none-authored,urp-lit,Standard,,Review/M7_1_Packs/_newpacks_scan.tsv
Assets/Low Poly Weapon Series V 4/Prefabs/Low Poly Series V 3/Grenades/Flash Grenade_B.prefab,SeriesV4,Flash Grenade_B,ThrownOrMelee,"grenade/mine/melee content — usable as power art, not a gun body",,,,,,4,4,2096,0.1051,0.2211,0.0567,0.2211,none-authored,none-authored,urp-lit,Standard,,Review/M7_1_Packs/_newpacks_scan.tsv
Assets/Low Poly Weapon Series V 4/Prefabs/Low Poly Series V 3/Grenades/Frag Grenade_B.prefab,SeriesV4,Frag Grenade_B,ThrownOrMelee,"grenade/mine/melee content — usable as power art, not a gun body",,,,,,4,4,1902,0.0792,0.1378,0.0750,0.1378,none-authored,none-authored,urp-lit,Standard,,Review/M7_1_Packs/_newpacks_scan.tsv
Assets/Low Poly Weapon Series V 4/Prefabs/Low Poly Series V 3/Items/Charm_A.prefab,SeriesV4,Charm_A,AttachmentOrPart,no weapon family could be inferred from the model,,,,,,5,4,716,0.0184,0.0304,0.0300,0.0304,none-authored,none-authored,urp-lit,Standard,,Review/M7_1_Packs/_newpacks_scan.tsv
Assets/Low Poly Weapon Series V 4/Prefabs/Low Poly Series V 3/Items/Gun Wall_A.prefab,SeriesV4,Gun Wall_A,AttachmentOrPart,no weapon family could be inferred from the model,,,,,,1,1,1436,0.0250,0.5000,1.0000,1.0000,none-authored,none-authored,urp-lit,Standard,,Review/M7_1_Packs/_newpacks_scan.tsv
Assets/Low Poly Weapon Series V 4/Prefabs/Low Poly Series V 3/Items/Gun Wall_Hook_A_Left.prefab,SeriesV4,Gun Wall_Hook_A_Left,AttachmentOrPart,no weapon family could be inferred from the model,,,,,,1,1,178,0.1113,0.0750,0.1000,0.1113,none-authored,none-authored,urp-lit,Standard,,Review/M7_1_Packs/_newpacks_scan.tsv
Assets/Low Poly Weapon Series V 4/Prefabs/Low Poly Series V 3/Items/Gun Wall_Hook_A_Right.prefab,SeriesV4,Gun Wall_Hook_A_Right,AttachmentOrPart,no weapon family could be inferred from the model,,,,,,1,1,178,0.1113,0.0750,0.1000,0.1113,none-authored,none-authored,urp-lit,Standard,,Review/M7_1_Packs/_newpacks_scan.tsv
Assets/Low Poly Weapon Series V 4/Prefabs/Low Poly Series V 4 New/Attachments/WWII_Muzzle_Device_D.prefab,SeriesV4,WWII_Muzzle_Device_D,AttachmentOrPart,attachment module (optic/muzzle/grip/rail/light/mag),,,,,,1,1,3032,0.0327,0.0378,0.2130,0.2130,none-authored,none-authored,urp-lit,Standard,,Review/M7_1_Packs/_newpacks_scan.tsv
Assets/Low Poly Weapon Series V 4/Prefabs/Low Poly Series V 4 New/Attachments/WWII_Muzzle_Device_E.prefab,SeriesV4,WWII_Muzzle_Device_E,AttachmentOrPart,attachment module (optic/muzzle/grip/rail/light/mag),,,,,,1,1,364,0.0291,0.0336,0.0886,0.0886,none-authored,none-authored,urp-lit,Standard,,Review/M7_1_Packs/_newpacks_scan.tsv
Assets/Low Poly Weapon Series V 4/Prefabs/Low Poly Series V 4 New/Attachments/WWII_Muzzle_Device_F.prefab,SeriesV4,WWII_Muzzle_Device_F,AttachmentOrPart,attachment module (optic/muzzle/grip/rail/light/mag),,,,,,1,1,208,0.0427,0.0494,0.0760,0.0760,none-authored,none-authored,urp-lit,Standard,,Review/M7_1_Packs/_newpacks_scan.tsv
Assets/Low Poly Weapon Series V 4/Prefabs/Low Poly Series V 4 New/Attachments/WWII_Optic_Close_Range_B.prefab,SeriesV4,WWII_Optic_Close_Range_B,AttachmentOrPart,attachment module (optic/muzzle/grip/rail/light/mag),,,,,,2,2,1798,0.0365,0.0422,0.1135,0.1135,none-authored,none-authored,urp-lit,Standard,,Review/M7_1_Packs/_newpacks_scan.tsv
Assets/Low Poly Weapon Series V 4/Prefabs/Low Poly Series V 4 New/Attachments/WWII_Optic_Middle_Range_B.prefab,SeriesV4,WWII_Optic_Middle_Range_B,AttachmentOrPart,attachment module (optic/muzzle/grip/rail/light/mag),,,,,,2,2,1292,0.0502,0.0779,0.3645,0.3645,none-authored,none-authored,urp-lit,Standard,,Review/M7_1_Packs/_newpacks_scan.tsv
Assets/Low Poly Weapon Series V 4/Prefabs/Low Poly Series V 4 New/Attachments/WWII_Optic_Remote_Range_B.prefab,SeriesV4,WWII_Optic_Remote_Range_B,AttachmentOrPart,attachment module (optic/muzzle/grip/rail/light/mag),,,,,,2,2,1856,0.0303,0.0494,0.3888,0.3888,none-authored,none-authored,urp-lit,Standard,,Review/M7_1_Packs/_newpacks_scan.tsv
Assets/Low Poly Weapon Series V 4/Prefabs/Low Poly Series V 4 New/Bullets/WWII_Bullet_Recon_B.prefab,SeriesV4,WWII_Bullet_Recon_B,AttachmentOrPart,attachment module (optic/muzzle/grip/rail/light/mag),Marksman,two-handed,,,,2,2,232,0.0133,0.0153,0.0776,0.0776,none-authored,none-authored,urp-lit,Standard,,Review/M7_1_Packs/_newpacks_scan.tsv
Assets/Low Poly Weapon Series V 4/Prefabs/Low Poly Series V 4 New/Bullets/WWII_Bullet_Rifle_B.prefab,SeriesV4,WWII_Bullet_Rifle_B,AttachmentOrPart,attachment module (optic/muzzle/grip/rail/light/mag),AssaultRifle,two-handed,,,,2,2,232,0.0126,0.0146,0.0705,0.0705,none-authored,none-authored,urp-lit,Standard,,Review/M7_1_Packs/_newpacks_scan.tsv
Assets/Low Poly Weapon Series V 4/Prefabs/Low Poly Series V 4 New/Bullets/WWII_Bullet_SMG_B.prefab,SeriesV4,WWII_Bullet_SMG_B,AttachmentOrPart,attachment module (optic/muzzle/grip/rail/light/mag),SMG,two-handed,,,,2,2,196,0.0107,0.0124,0.0241,0.0241,none-authored,none-authored,urp-lit,Standard,,Review/M7_1_Packs/_newpacks_scan.tsv
Assets/Low Poly Weapon Series V 4/Prefabs/Low Poly Series V 4 New/Bullets/WWII_Recon_B_Bullet Clip.prefab,SeriesV4,WWII_Recon_B_Bullet Clip,AttachmentOrPart,attachment module (optic/muzzle/grip/rail/light/mag),Marksman,two-handed,,,,1,1,792,0.0200,0.0845,0.0080,0.0845,none-authored,none-authored,urp-lit,Standard,,Review/M7_1_Packs/_newpacks_scan.tsv
Assets/Low Poly Weapon Series V 4/Prefabs/Low Poly Series V 4 New/Bullets/WWII_Rifle_B_Bullet Clip.prefab,SeriesV4,WWII_Rifle_B_Bullet Clip,AttachmentOrPart,attachment module (optic/muzzle/grip/rail/light/mag),AssaultRifle,two-handed,,,,1,1,364,0.0275,0.0630,0.0350,0.0630,none-authored,none-authored,urp-lit,Standard,,Review/M7_1_Packs/_newpacks_scan.tsv
Assets/Low Poly Weapon Series V 4/Prefabs/Low Poly Series V 4 New/Close Combat/Combat Knife_A.prefab,SeriesV4,Combat Knife_A,ThrownOrMelee,"grenade/mine/melee content — usable as power art, not a gun body",,,,,,1,1,868,0.0384,0.0675,0.3663,0.3663,none-authored,none-authored,urp-lit,Standard,,Review/M7_1_Packs/_newpacks_scan.tsv
Assets/Low Poly Weapon Series V 4/Prefabs/Low Poly Series V 4 New/Close Combat/Shovel_A.prefab,SeriesV4,Shovel_A,ThrownOrMelee,"grenade/mine/melee content — usable as power art, not a gun body",,,,,,1,1,1194,0.0426,0.1935,0.8785,0.8785,none-authored,none-authored,urp-lit,Standard,,Review/M7_1_Packs/_newpacks_scan.tsv
Assets/Low Poly Weapon Series V 4/Prefabs/Low Poly Series V 4 New/Items/Charm_B.prefab,SeriesV4,Charm_B,AttachmentOrPart,no weapon family could be inferred from the model,,,,,,5,4,524,0.0184,0.0413,0.0300,0.0413,none-authored,none-authored,urp-lit,Standard,,Review/M7_1_Packs/_newpacks_scan.tsv
Assets/Low Poly Weapon Series V 4/Prefabs/Low Poly Series V 4 New/Weapons/PreSet/WWII_LMG_B_PreSet.prefab,SeriesV4,WWII_LMG_B_PreSet,DuplicateModel,"_PreSet twin of WWII_LMG_B (same body, attachments pre-fitted)",LMG,two-handed,,,WWII_LMG_B,16,16,11472,0.1040,0.2220,0.7575,0.7575,none-authored,none-authored,urp-lit,Standard,,Review/M7_1_Packs/_newpacks_scan.tsv
Assets/Low Poly Weapon Series V 4/Prefabs/Low Poly Series V 4 New/Weapons/PreSet/WWII_Recon_B_PreSet.prefab,SeriesV4,WWII_Recon_B_PreSet,DuplicateModel,"_PreSet twin of WWII_Recon_B (same body, attachments pre-fitted)",Marksman,two-handed,,,WWII_Recon_B,9,9,10466,0.0597,0.2099,1.3583,1.3583,none-authored,none-authored,urp-lit,Standard,,Review/M7_1_Packs/_newpacks_scan.tsv
Assets/Low Poly Weapon Series V 4/Prefabs/Low Poly Series V 4 New/Weapons/PreSet/WWII_Rifle_A_PreSet.prefab,SeriesV4,WWII_Rifle_A_PreSet,DuplicateModel,"_PreSet twin of WWII_Rifle_A (same body, attachments pre-fitted)",AssaultRifle,two-handed,,,WWII_Rifle_A,10,10,8512,0.0561,0.2423,0.9763,0.9763,none-authored,none-authored,urp-lit,Standard,,Review/M7_1_Packs/_newpacks_scan.tsv
Assets/Low Poly Weapon Series V 4/Prefabs/Low Poly Series V 4 New/Weapons/PreSet/WWII_Rifle_B_PreSet.prefab,SeriesV4,WWII_Rifle_B_PreSet,DuplicateModel,"_PreSet twin of WWII_Rifle_B (same body, attachments pre-fitted)",AssaultRifle,two-handed,,,WWII_Rifle_B,8,8,11738,0.0715,0.2447,1.1633,1.1633,none-authored,none-authored,urp-lit,Standard,,Review/M7_1_Packs/_newpacks_scan.tsv
Assets/Low Poly Weapon Series V 4/Prefabs/Low Poly Series V 4 New/Weapons/PreSet/WWII_SMG_B_PreSet.prefab,SeriesV4,WWII_SMG_B_PreSet,DuplicateModel,"_PreSet twin of WWII_SMG_B (same body, attachments pre-fitted)",SMG,two-handed,,,WWII_SMG_B,12,12,6716,0.0465,0.3317,0.5030,0.5030,none-authored,none-authored,urp-lit,Standard,,Review/M7_1_Packs/_newpacks_scan.tsv
Assets/Low Poly Weapon Series V 4/Prefabs/Low Poly Series V 4 New/Weapons/WWII_LMG_B.prefab,SeriesV4,WWII_LMG_B,NeedsShaderConversion,distinct weapon body (URP Lit — needs conversion),LMG,two-handed,,,,13,13,9466,0.1040,0.2220,0.7575,0.7575,none-authored,none-authored,urp-lit,Standard,,Review/M7_1_Packs/_newpacks_scan.tsv
Assets/Low Poly Weapon Series V 4/Prefabs/Low Poly Series V 4 New/Weapons/WWII_Recon_B.prefab,SeriesV4,WWII_Recon_B,NeedsShaderConversion,distinct weapon body (URP Lit — needs conversion),Marksman,two-handed,,,,8,8,7434,0.0597,0.2099,1.3583,1.3583,none-authored,none-authored,urp-lit,Standard,,Review/M7_1_Packs/_newpacks_scan.tsv
Assets/Low Poly Weapon Series V 4/Prefabs/Low Poly Series V 4 New/Weapons/WWII_Rifle_A.prefab,SeriesV4,WWII_Rifle_A,NeedsShaderConversion,distinct weapon body (URP Lit — needs conversion),AssaultRifle,two-handed,,,,7,7,6856,0.0561,0.2423,0.9763,0.9763,none-authored,none-authored,urp-lit,Standard,,Review/M7_1_Packs/_newpacks_scan.tsv
Assets/Low Poly Weapon Series V 4/Prefabs/Low Poly Series V 4 New/Weapons/WWII_Rifle_B.prefab,SeriesV4,WWII_Rifle_B,NeedsShaderConversion,distinct weapon body (URP Lit — needs conversion),AssaultRifle,two-handed,,,,5,5,7414,0.0632,0.2447,1.1633,1.1633,none-authored,none-authored,urp-lit,Standard,,Review/M7_1_Packs/_newpacks_scan.tsv
Assets/Low Poly Weapon Series V 4/Prefabs/Low Poly Series V 4 New/Weapons/WWII_SMG_B.prefab,SeriesV4,WWII_SMG_B,NeedsShaderConversion,distinct weapon body (URP Lit — needs conversion),SMG,two-handed,,,,9,9,4554,0.0465,0.3317,0.5030,0.5030,none-authored,none-authored,urp-lit,Standard,,Review/M7_1_Packs/_newpacks_scan.tsv
Assets/Low Poly Weapon Series V 4/Prefabs/New/Weapons/AR_W.prefab,SeriesV4,AR_W,NeedsShaderConversion,distinct weapon body (URP Lit — needs conversion),AssaultRifle,two-handed,,,,18,18,20708,0.1052,0.3147,0.6605,0.6605,none-authored,none-authored,urp-lit,Standard,SIZE_POLY_FLAG: tris 20708 > 11614 | NEEDS_DECIMATION — held out of the playable pool until the owner decides keep/decimate/cut,Review/M7_1_Packs/_newpacks_scan.tsv
Assets/Low Poly Weapon Series V 4/Prefabs/New/Weapons/AR_X.prefab,SeriesV4,AR_X,NeedsShaderConversion,distinct weapon body (URP Lit — needs conversion),AssaultRifle,two-handed,,,,9,9,15900,0.0995,0.2922,0.9483,0.9483,none-authored,none-authored,urp-lit,Standard,SIZE_POLY_FLAG: tris 15900 > 11614 | NEEDS_DECIMATION — held out of the playable pool until the owner decides keep/decimate/cut,Review/M7_1_Packs/_newpacks_scan.tsv
Assets/Low Poly Weapon Series V 4/Prefabs/New/Weapons/Launcher_G.prefab,SeriesV4,Launcher_G,LaterSpecialFamily,launcher — FireMode.Projectile does not exist,Launcher,two-handed,,,,10,10,11038,0.1475,0.3154,1.0766,1.0766,none-authored,none-authored,urp-lit,Standard,,Review/M7_1_Packs/_newpacks_scan.tsv
Assets/Low Poly Weapon Series V 4/Prefabs/New/Weapons/Pistol_R.prefab,SeriesV4,Pistol_R,NeedsShaderConversion,distinct weapon body (URP Lit — needs conversion),Sidearm,one-handed,,,,7,7,5016,0.0548,0.1308,0.3925,0.3925,none-authored,none-authored,urp-lit,Standard,,Review/M7_1_Packs/_newpacks_scan.tsv
Assets/Low Poly Weapon Series V 4/Prefabs/New/Weapons/ShotGun_P.prefab,SeriesV4,ShotGun_P,NeedsShaderConversion,distinct weapon body (URP Lit — needs conversion),Shotgun,two-handed,,,,9,9,6974,0.0433,0.1870,0.6580,0.6580,none-authored,none-authored,urp-lit,Standard,,Review/M7_1_Packs/_newpacks_scan.tsv
Assets/Low Poly Weapon Series V 4/Prefabs/New/Weapons/Weapon_PreSet/AR_W_PreSet.prefab,SeriesV4,AR_W_PreSet,DuplicateModel,"_PreSet twin of AR_W (same body, attachments pre-fitted)",AssaultRifle,two-handed,,,AR_W,24,24,31656,0.1052,0.3147,0.6605,0.6605,none-authored,none-authored,urp-lit,Standard,,Review/M7_1_Packs/_newpacks_scan.tsv
Assets/Low Poly Weapon Series V 4/Prefabs/New/Weapons/Weapon_PreSet/AR_X_PreSet.prefab,SeriesV4,AR_X_PreSet,DuplicateModel,"_PreSet twin of AR_X (same body, attachments pre-fitted)",AssaultRifle,two-handed,,,AR_X,16,16,20396,0.1002,0.2922,0.9483,0.9483,none-authored,none-authored,urp-lit,Standard,,Review/M7_1_Packs/_newpacks_scan.tsv
Assets/Low Poly Weapon Series V 4/Prefabs/New/Weapons/Weapon_PreSet/Launcher_G_PreSet.prefab,SeriesV4,Launcher_G_PreSet,LaterSpecialFamily,launcher — FireMode.Projectile does not exist,,,,,,14,14,16838,0.1475,0.3154,1.0766,1.0766,none-authored,none-authored,urp-lit,Standard,,Review/M7_1_Packs/_newpacks_scan.tsv
Assets/Low Poly Weapon Series V 4/Prefabs/New/Weapons/Weapon_PreSet/Pistol_R_PreSet.prefab,SeriesV4,Pistol_R_PreSet,DuplicateModel,"_PreSet twin of Pistol_R (same body, attachments pre-fitted)",Sidearm,one-handed,,,Pistol_R,11,11,8556,0.0548,0.1348,0.4150,0.4150,none-authored,none-authored,urp-lit,Standard,,Review/M7_1_Packs/_newpacks_scan.tsv
Assets/Low Poly Weapon Series V 4/Prefabs/New/Weapons/Weapon_PreSet/ShotGun_P_PreSet.prefab,SeriesV4,ShotGun_P_PreSet,DuplicateModel,"_PreSet twin of ShotGun_P (same body, attachments pre-fitted)",Shotgun,two-handed,,,ShotGun_P,16,16,11926,0.0654,0.1870,0.6580,0.6580,none-authored,none-authored,urp-lit,Standard,,Review/M7_1_Packs/_newpacks_scan.tsv
Assets/Low Poly Weapon Series V 4/Prefabs/Previous/Attachments/Accessories/Accessories_Pistol/Rails_Pistol/Rail_Pistol_A.prefab,SeriesV4,Rail_Pistol_A,AttachmentOrPart,attachment module (optic/muzzle/grip/rail/light/mag),Sidearm,one-handed,,,,1,1,140,0.0250,0.0100,0.0565,0.0565,none-authored,none-authored,urp-lit,Standard,,Review/M7_1_Packs/_newpacks_scan.tsv
Assets/Low Poly Weapon Series V 4/Prefabs/Previous/Attachments/Accessories/Accessories_Pistol/Rails_Pistol/Rail_Pistol_B.prefab,SeriesV4,Rail_Pistol_B,AttachmentOrPart,attachment module (optic/muzzle/grip/rail/light/mag),Sidearm,one-handed,,,,1,1,140,0.0250,0.0100,0.0565,0.0565,none-authored,none-authored,urp-lit,Standard,,Review/M7_1_Packs/_newpacks_scan.tsv
Assets/Low Poly Weapon Series V 4/Prefabs/Previous/Attachments/Accessories/Accessories_Pistol/Rails_Pistol/Rail_Pistol_C.prefab,SeriesV4,Rail_Pistol_C,AttachmentOrPart,attachment module (optic/muzzle/grip/rail/light/mag),Sidearm,one-handed,,,,1,1,220,0.0250,0.0100,0.0565,0.0565,none-authored,none-authored,urp-lit,Standard,,Review/M7_1_Packs/_newpacks_scan.tsv
Assets/Low Poly Weapon Series V 4/Prefabs/Previous/Attachments/Accessories/Accessories_Pistol/Tatical Lasers_Pistol/Laser_Pistol_A.prefab,SeriesV4,Laser_Pistol_A,AttachmentOrPart,attachment module (optic/muzzle/grip/rail/light/mag),Sidearm,one-handed,,,,1,1,548,0.0325,0.0375,0.0850,0.0850,none-authored,none-authored,urp-lit,Standard,,Review/M7_1_Packs/_newpacks_scan.tsv
Assets/Low Poly Weapon Series V 4/Prefabs/Previous/Attachments/Accessories/Accessories_Pistol/Tatical Lasers_Pistol/Laser_Pistol_B.prefab,SeriesV4,Laser_Pistol_B,AttachmentOrPart,attachment module (optic/muzzle/grip/rail/light/mag),Sidearm,one-handed,,,,1,1,756,0.0425,0.0513,0.0875,0.0875,none-authored,none-authored,urp-lit,Standard,,Review/M7_1_Packs/_newpacks_scan.tsv
Assets/Low Poly Weapon Series V 4/Prefabs/Previous/Attachments/Accessories/Accessories_Pistol/Tatical Lasers_Pistol/Laser_Pistol_C.prefab,SeriesV4,Laser_Pistol_C,AttachmentOrPart,attachment module (optic/muzzle/grip/rail/light/mag),Sidearm,one-handed,,,,1,1,1332,0.0350,0.0518,0.0910,0.0910,none-authored,none-authored,urp-lit,Standard,,Review/M7_1_Packs/_newpacks_scan.tsv
Assets/Low Poly Weapon Series V 4/Prefabs/Previous/Attachments/Accessories/Accessories_Pistol/Tatical Lights_Pistol/Light_Pistol_A.prefab,SeriesV4,Light_Pistol_A,AttachmentOrPart,attachment module (optic/muzzle/grip/rail/light/mag),Sidearm,one-handed,,,,1,1,584,0.0363,0.0467,0.1650,0.1650,none-authored,none-authored,urp-lit,Standard,,Review/M7_1_Packs/_newpacks_scan.tsv
Assets/Low Poly Weapon Series V 4/Prefabs/Previous/Attachments/Accessories/Accessories_Pistol/Tatical Lights_Pistol/Light_Pistol_B.prefab,SeriesV4,Light_Pistol_B,AttachmentOrPart,attachment module (optic/muzzle/grip/rail/light/mag),Sidearm,one-handed,,,,1,1,544,0.0385,0.0476,0.1076,0.1076,none-authored,none-authored,urp-lit,Standard,,Review/M7_1_Packs/_newpacks_scan.tsv
Assets/Low Poly Weapon Series V 4/Prefabs/Previous/Attachments/Accessories/Accessories_Pistol/Tatical Lights_Pistol/Light_Pistol_C.prefab,SeriesV4,Light_Pistol_C,AttachmentOrPart,attachment module (optic/muzzle/grip/rail/light/mag),Sidearm,one-handed,,,,1,1,1022,0.0375,0.0489,0.1300,0.1300,none-authored,none-authored,urp-lit,Standard,,Review/M7_1_Packs/_newpacks_scan.tsv
Assets/Low Poly Weapon Series V 4/Prefabs/Previous/Attachments/Accessories/BarrelGuard_Chips/BarrelGuard_Chips_A/BarrelGuard_Chip_A_Down.prefab,SeriesV4,BarrelGuard_Chip_A_Down,AttachmentOrPart,attachment module (optic/muzzle/grip/rail/light/mag),,,,,,1,1,372,0.0525,0.0151,0.1500,0.1500,none-authored,none-authored,urp-lit,Standard,,Review/M7_1_Packs/_newpacks_scan.tsv
Assets/Low Poly Weapon Series V 4/Prefabs/Previous/Attachments/Accessories/BarrelGuard_Chips/BarrelGuard_Chips_A/BarrelGuard_Chip_A_Left.prefab,SeriesV4,BarrelGuard_Chip_A_Left,AttachmentOrPart,attachment module (optic/muzzle/grip/rail/light/mag),,,,,,1,1,372,0.0151,0.0525,0.1500,0.1500,none-authored,none-authored,urp-lit,Standard,,Review/M7_1_Packs/_newpacks_scan.tsv
Assets/Low Poly Weapon Series V 4/Prefabs/Previous/Attachments/Accessories/BarrelGuard_Chips/BarrelGuard_Chips_A/BarrelGuard_Chip_A_Right.prefab,SeriesV4,BarrelGuard_Chip_A_Right,AttachmentOrPart,attachment module (optic/muzzle/grip/rail/light/mag),,,,,,1,1,372,0.0151,0.0525,0.1500,0.1500,none-authored,none-authored,urp-lit,Standard,,Review/M7_1_Packs/_newpacks_scan.tsv
Assets/Low Poly Weapon Series V 4/Prefabs/Previous/Attachments/Accessories/BarrelGuard_Chips/BarrelGuard_Chips_A/BarrelGuard_Chip_A_Up.prefab,SeriesV4,BarrelGuard_Chip_A_Up,AttachmentOrPart,attachment module (optic/muzzle/grip/rail/light/mag),,,,,,1,1,372,0.0525,0.0151,0.1500,0.1500,none-authored,none-authored,urp-lit,Standard,,Review/M7_1_Packs/_newpacks_scan.tsv
Assets/Low Poly Weapon Series V 4/Prefabs/Previous/Attachments/Accessories/BarrelGuard_Chips/BarrelGuard_Chips_B/BarrelGuard_Chip_B_Down.prefab,SeriesV4,BarrelGuard_Chip_B_Down,AttachmentOrPart,attachment module (optic/muzzle/grip/rail/light/mag),,,,,,1,1,744,0.0525,0.0151,0.1500,0.1500,none-authored,none-authored,urp-lit,Standard,,Review/M7_1_Packs/_newpacks_scan.tsv
Assets/Low Poly Weapon Series V 4/Prefabs/Previous/Attachments/Accessories/BarrelGuard_Chips/BarrelGuard_Chips_B/BarrelGuard_Chip_B_Left.prefab,SeriesV4,BarrelGuard_Chip_B_Left,AttachmentOrPart,attachment module (optic/muzzle/grip/rail/light/mag),,,,,,1,1,744,0.0151,0.0525,0.1500,0.1500,none-authored,none-authored,urp-lit,Standard,,Review/M7_1_Packs/_newpacks_scan.tsv
Assets/Low Poly Weapon Series V 4/Prefabs/Previous/Attachments/Accessories/BarrelGuard_Chips/BarrelGuard_Chips_B/BarrelGuard_Chip_B_Right.prefab,SeriesV4,BarrelGuard_Chip_B_Right,AttachmentOrPart,attachment module (optic/muzzle/grip/rail/light/mag),,,,,,1,1,744,0.0151,0.0525,0.1500,0.1500,none-authored,none-authored,urp-lit,Standard,,Review/M7_1_Packs/_newpacks_scan.tsv
Assets/Low Poly Weapon Series V 4/Prefabs/Previous/Attachments/Accessories/BarrelGuard_Chips/BarrelGuard_Chips_B/BarrelGuard_Chip_B_Up.prefab,SeriesV4,BarrelGuard_Chip_B_Up,AttachmentOrPart,attachment module (optic/muzzle/grip/rail/light/mag),,,,,,1,1,744,0.0525,0.0151,0.1500,0.1500,none-authored,none-authored,urp-lit,Standard,,Review/M7_1_Packs/_newpacks_scan.tsv
Assets/Low Poly Weapon Series V 4/Prefabs/Previous/Attachments/Accessories/BarrelGuard_Chips/BarrelGuard_Chips_C/BarrelGuard_Chip_C_Down.prefab,SeriesV4,BarrelGuard_Chip_C_Down,AttachmentOrPart,attachment module (optic/muzzle/grip/rail/light/mag),,,,,,1,1,1252,0.0525,0.0176,0.1500,0.1500,none-authored,none-authored,urp-lit,Standard,,Review/M7_1_Packs/_newpacks_scan.tsv
Assets/Low Poly Weapon Series V 4/Prefabs/Previous/Attachments/Accessories/BarrelGuard_Chips/BarrelGuard_Chips_C/BarrelGuard_Chip_C_Left.prefab,SeriesV4,BarrelGuard_Chip_C_Left,AttachmentOrPart,attachment module (optic/muzzle/grip/rail/light/mag),,,,,,1,1,1252,0.0176,0.0525,0.1500,0.1500,none-authored,none-authored,urp-lit,Standard,,Review/M7_1_Packs/_newpacks_scan.tsv
Assets/Low Poly Weapon Series V 4/Prefabs/Previous/Attachments/Accessories/BarrelGuard_Chips/BarrelGuard_Chips_C/BarrelGuard_Chip_C_Right.prefab,SeriesV4,BarrelGuard_Chip_C_Right,AttachmentOrPart,attachment module (optic/muzzle/grip/rail/light/mag),,,,,,1,1,1252,0.0176,0.0525,0.1500,0.1500,none-authored,none-authored,urp-lit,Standard,,Review/M7_1_Packs/_newpacks_scan.tsv
Assets/Low Poly Weapon Series V 4/Prefabs/Previous/Attachments/Accessories/BarrelGuard_Chips/BarrelGuard_Chips_C/BarrelGuard_Chip_C_Up.prefab,SeriesV4,BarrelGuard_Chip_C_Up,AttachmentOrPart,attachment module (optic/muzzle/grip/rail/light/mag),,,,,,1,1,1252,0.0525,0.0176,0.1500,0.1500,none-authored,none-authored,urp-lit,Standard,,Review/M7_1_Packs/_newpacks_scan.tsv
Assets/Low Poly Weapon Series V 4/Prefabs/Previous/Attachments/Accessories/BarrelGuard_Chips/BarrelGuard_Chips_D/BarrelGuard_Chip_D_Down.prefab,SeriesV4,BarrelGuard_Chip_D_Down,AttachmentOrPart,attachment module (optic/muzzle/grip/rail/light/mag),,,,,,1,1,1650,0.0525,0.0171,0.1500,0.1500,none-authored,none-authored,urp-lit,Standard,,Review/M7_1_Packs/_newpacks_scan.tsv
Assets/Low Poly Weapon Series V 4/Prefabs/Previous/Attachments/Accessories/BarrelGuard_Chips/BarrelGuard_Chips_D/BarrelGuard_Chip_D_Left.prefab,SeriesV4,BarrelGuard_Chip_D_Left,AttachmentOrPart,attachment module (optic/muzzle/grip/rail/light/mag),,,,,,1,1,1650,0.0171,0.0525,0.1500,0.1500,none-authored,none-authored,urp-lit,Standard,,Review/M7_1_Packs/_newpacks_scan.tsv
Assets/Low Poly Weapon Series V 4/Prefabs/Previous/Attachments/Accessories/BarrelGuard_Chips/BarrelGuard_Chips_D/BarrelGuard_Chip_D_Right.prefab,SeriesV4,BarrelGuard_Chip_D_Right,AttachmentOrPart,attachment module (optic/muzzle/grip/rail/light/mag),,,,,,1,1,1650,0.0171,0.0525,0.1500,0.1500,none-authored,none-authored,urp-lit,Standard,,Review/M7_1_Packs/_newpacks_scan.tsv
Assets/Low Poly Weapon Series V 4/Prefabs/Previous/Attachments/Accessories/BarrelGuard_Chips/BarrelGuard_Chips_D/BarrelGuard_Chip_D_Up.prefab,SeriesV4,BarrelGuard_Chip_D_Up,AttachmentOrPart,attachment module (optic/muzzle/grip/rail/light/mag),,,,,,1,1,1650,0.0525,0.0171,0.1500,0.1500,none-authored,none-authored,urp-lit,Standard,,Review/M7_1_Packs/_newpacks_scan.tsv
Assets/Low Poly Weapon Series V 4/Prefabs/Previous/Attachments/Accessories/BarrelGuard_Chips/BarrelGuard_Chips_E/BarrelGuard_Chip_E_2_Down.prefab,SeriesV4,BarrelGuard_Chip_E_2_Down,AttachmentOrPart,attachment module (optic/muzzle/grip/rail/light/mag),,,,,,1,1,684,0.0525,0.0151,0.1500,0.1500,none-authored,none-authored,urp-lit,Standard,,Review/M7_1_Packs/_newpacks_scan.tsv
Assets/Low Poly Weapon Series V 4/Prefabs/Previous/Attachments/Accessories/BarrelGuard_Chips/BarrelGuard_Chips_E/BarrelGuard_Chip_E_2_Left.prefab,SeriesV4,BarrelGuard_Chip_E_2_Left,AttachmentOrPart,attachment module (optic/muzzle/grip/rail/light/mag),,,,,,1,1,684,0.0151,0.0525,0.1500,0.1500,none-authored,none-authored,urp-lit,Standard,,Review/M7_1_Packs/_newpacks_scan.tsv
Assets/Low Poly Weapon Series V 4/Prefabs/Previous/Attachments/Accessories/BarrelGuard_Chips/BarrelGuard_Chips_E/BarrelGuard_Chip_E_2_Right.prefab,SeriesV4,BarrelGuard_Chip_E_2_Right,AttachmentOrPart,attachment module (optic/muzzle/grip/rail/light/mag),,,,,,1,1,684,0.0151,0.0525,0.1500,0.1500,none-authored,none-authored,urp-lit,Standard,,Review/M7_1_Packs/_newpacks_scan.tsv
Assets/Low Poly Weapon Series V 4/Prefabs/Previous/Attachments/Accessories/BarrelGuard_Chips/BarrelGuard_Chips_E/BarrelGuard_Chip_E_2_Up.prefab,SeriesV4,BarrelGuard_Chip_E_2_Up,AttachmentOrPart,attachment module (optic/muzzle/grip/rail/light/mag),,,,,,1,1,684,0.0525,0.0151,0.1500,0.1500,none-authored,none-authored,urp-lit,Standard,,Review/M7_1_Packs/_newpacks_scan.tsv
Assets/Low Poly Weapon Series V 4/Prefabs/Previous/Attachments/Accessories/BarrelGuard_Chips/BarrelGuard_Chips_E/BarrelGuard_Chip_E_Down.prefab,SeriesV4,BarrelGuard_Chip_E_Down,AttachmentOrPart,attachment module (optic/muzzle/grip/rail/light/mag),,,,,,1,1,484,0.0525,0.0151,0.1500,0.1500,none-authored,none-authored,urp-lit,Standard,,Review/M7_1_Packs/_newpacks_scan.tsv
Assets/Low Poly Weapon Series V 4/Prefabs/Previous/Attachments/Accessories/BarrelGuard_Chips/BarrelGuard_Chips_E/BarrelGuard_Chip_E_Left.prefab,SeriesV4,BarrelGuard_Chip_E_Left,AttachmentOrPart,attachment module (optic/muzzle/grip/rail/light/mag),,,,,,1,1,484,0.0151,0.0525,0.1500,0.1500,none-authored,none-authored,urp-lit,Standard,,Review/M7_1_Packs/_newpacks_scan.tsv
Assets/Low Poly Weapon Series V 4/Prefabs/Previous/Attachments/Accessories/BarrelGuard_Chips/BarrelGuard_Chips_E/BarrelGuard_Chip_E_Right.prefab,SeriesV4,BarrelGuard_Chip_E_Right,AttachmentOrPart,attachment module (optic/muzzle/grip/rail/light/mag),,,,,,1,1,484,0.0151,0.0525,0.1500,0.1500,none-authored,none-authored,urp-lit,Standard,,Review/M7_1_Packs/_newpacks_scan.tsv
Assets/Low Poly Weapon Series V 4/Prefabs/Previous/Attachments/Accessories/BarrelGuard_Chips/BarrelGuard_Chips_E/BarrelGuard_Chip_E_Up.prefab,SeriesV4,BarrelGuard_Chip_E_Up,AttachmentOrPart,attachment module (optic/muzzle/grip/rail/light/mag),,,,,,1,1,484,0.0525,0.0151,0.1500,0.1500,none-authored,none-authored,urp-lit,Standard,,Review/M7_1_Packs/_newpacks_scan.tsv
Assets/Low Poly Weapon Series V 4/Prefabs/Previous/Attachments/Accessories/BarrelGuard_Loks/BarrelGuard_Lok_A.prefab,SeriesV4,BarrelGuard_Lok_A,AttachmentOrPart,attachment module (optic/muzzle/grip/rail/light/mag),,,,,,1,1,636,0.0140,0.0275,0.1059,0.1059,none-authored,none-authored,urp-lit,Standard,,Review/M7_1_Packs/_newpacks_scan.tsv
Assets/Low Poly Weapon Series V 4/Prefabs/Previous/Attachments/Accessories/BarrelGuard_Loks/BarrelGuard_Lok_A_Sand.prefab,SeriesV4,BarrelGuard_Lok_A_Sand,AttachmentOrPart,attachment module (optic/muzzle/grip/rail/light/mag),,,,,,1,1,636,0.0140,0.0275,0.1059,0.1059,none-authored,none-authored,urp-lit,Standard,,Review/M7_1_Packs/_newpacks_scan.tsv
Assets/Low Poly Weapon Series V 4/Prefabs/Previous/Attachments/Accessories/Equipments/Optic_Recon_Distance Measuring Equipment_A.prefab,SeriesV4,Optic_Recon_Distance Measuring Equipment_A,AttachmentOrPart,attachment module (optic/muzzle/grip/rail/light/mag),Marksman,two-handed,,,,1,1,1164,0.0825,0.0542,0.0853,0.0853,none-authored,none-authored,urp-lit,Standard,,Review/M7_1_Packs/_newpacks_scan.tsv
Assets/Low Poly Weapon Series V 4/Prefabs/Previous/Attachments/Accessories/Equipments/Optic_Recon_Distance Measuring Equipment_B.prefab,SeriesV4,Optic_Recon_Distance Measuring Equipment_B,AttachmentOrPart,attachment module (optic/muzzle/grip/rail/light/mag),Marksman,two-handed,,,,1,1,1200,0.0550,0.0688,0.1105,0.1105,none-authored,none-authored,urp-lit,Standard,,Review/M7_1_Packs/_newpacks_scan.tsv
Assets/Low Poly Weapon Series V 4/Prefabs/Previous/Attachments/Accessories/MagKits/MagKit_A.prefab,SeriesV4,MagKit_A,AttachmentOrPart,attachment module (optic/muzzle/grip/rail/light/mag),,,,,,1,1,880,0.0625,0.1155,0.1423,0.1423,none-authored,none-authored,urp-lit,Standard,,Review/M7_1_Packs/_newpacks_scan.tsv
Assets/Low Poly Weapon Series V 4/Prefabs/Previous/Attachments/Accessories/MagKits/MagKit_B.prefab,SeriesV4,MagKit_B,AttachmentOrPart,attachment module (optic/muzzle/grip/rail/light/mag),,,,,,1,1,532,0.0535,0.0850,0.1135,0.1135,none-authored,none-authored,urp-lit,Standard,,Review/M7_1_Packs/_newpacks_scan.tsv
Assets/Low Poly Weapon Series V 4/Prefabs/Previous/Attachments/Accessories/Rail_Risers/Rail_Riser_A.prefab,SeriesV4,Rail_Riser_A,AttachmentOrPart,attachment module (optic/muzzle/grip/rail/light/mag),,,,,,1,1,588,0.0550,0.0337,0.1200,0.1200,none-authored,none-authored,urp-lit,Standard,,Review/M7_1_Packs/_newpacks_scan.tsv
Assets/Low Poly Weapon Series V 4/Prefabs/Previous/Attachments/Accessories/Rail_Risers/Rail_Riser_B.prefab,SeriesV4,Rail_Riser_B,AttachmentOrPart,attachment module (optic/muzzle/grip/rail/light/mag),,,,,,1,1,806,0.0550,0.0362,0.1875,0.1875,none-authored,none-authored,urp-lit,Standard,,Review/M7_1_Packs/_newpacks_scan.tsv
Assets/Low Poly Weapon Series V 4/Prefabs/Previous/Attachments/Accessories/Rail_Risers/Rail_Riser_C.prefab,SeriesV4,Rail_Riser_C,AttachmentOrPart,attachment module (optic/muzzle/grip/rail/light/mag),,,,,,1,1,988,0.0493,0.0483,0.0700,0.0700,none-authored,none-authored,urp-lit,Standard,,Review/M7_1_Packs/_newpacks_scan.tsv
Assets/Low Poly Weapon Series V 4/Prefabs/Previous/Attachments/Accessories/Rail_Risers/Rail_Riser_D.prefab,SeriesV4,Rail_Riser_D,AttachmentOrPart,attachment module (optic/muzzle/grip/rail/light/mag),,,,,,1,1,1516,0.0547,0.0495,0.1875,0.1875,none-authored,none-authored,urp-lit,Standard,,Review/M7_1_Packs/_newpacks_scan.tsv
Assets/Low Poly Weapon Series V 4/Prefabs/Previous/Attachments/Accessories/Rails/Rails_A/Rail_A_Down.prefab,SeriesV4,Rail_A_Down,AttachmentOrPart,attachment module (optic/muzzle/grip/rail/light/mag),,,,,,1,1,184,0.0325,0.0120,0.1375,0.1375,none-authored,none-authored,urp-lit,Standard,,Review/M7_1_Packs/_newpacks_scan.tsv
Assets/Low Poly Weapon Series V 4/Prefabs/Previous/Attachments/Accessories/Rails/Rails_A/Rail_A_Down_Sand.prefab,SeriesV4,Rail_A_Down_Sand,AttachmentOrPart,attachment module (optic/muzzle/grip/rail/light/mag),,,,,,1,1,184,0.0325,0.0120,0.1375,0.1375,none-authored,none-authored,urp-lit,Standard,,Review/M7_1_Packs/_newpacks_scan.tsv
Assets/Low Poly Weapon Series V 4/Prefabs/Previous/Attachments/Accessories/Rails/Rails_A/Rail_A_Left.prefab,SeriesV4,Rail_A_Left,AttachmentOrPart,attachment module (optic/muzzle/grip/rail/light/mag),,,,,,1,1,184,0.0120,0.0325,0.1375,0.1375,none-authored,none-authored,urp-lit,Standard,,Review/M7_1_Packs/_newpacks_scan.tsv
Assets/Low Poly Weapon Series V 4/Prefabs/Previous/Attachments/Accessories/Rails/Rails_A/Rail_A_Left_Sand.prefab,SeriesV4,Rail_A_Left_Sand,AttachmentOrPart,attachment module (optic/muzzle/grip/rail/light/mag),,,,,,1,1,184,0.0120,0.0325,0.1375,0.1375,none-authored,none-authored,urp-lit,Standard,,Review/M7_1_Packs/_newpacks_scan.tsv
Assets/Low Poly Weapon Series V 4/Prefabs/Previous/Attachments/Accessories/Rails/Rails_A/Rail_A_Right.prefab,SeriesV4,Rail_A_Right,AttachmentOrPart,attachment module (optic/muzzle/grip/rail/light/mag),,,,,,1,1,184,0.0120,0.0325,0.1375,0.1375,none-authored,none-authored,urp-lit,Standard,,Review/M7_1_Packs/_newpacks_scan.tsv
Assets/Low Poly Weapon Series V 4/Prefabs/Previous/Attachments/Accessories/Rails/Rails_A/Rail_A_Right_Sand.prefab,SeriesV4,Rail_A_Right_Sand,AttachmentOrPart,attachment module (optic/muzzle/grip/rail/light/mag),,,,,,1,1,184,0.0120,0.0325,0.1375,0.1375,none-authored,none-authored,urp-lit,Standard,,Review/M7_1_Packs/_newpacks_scan.tsv
Assets/Low Poly Weapon Series V 4/Prefabs/Previous/Attachments/Accessories/Rails/Rails_A/Rail_A_Up.prefab,SeriesV4,Rail_A_Up,AttachmentOrPart,attachment module (optic/muzzle/grip/rail/light/mag),,,,,,1,1,184,0.0325,0.0120,0.1375,0.1375,none-authored,none-authored,urp-lit,Standard,,Review/M7_1_Packs/_newpacks_scan.tsv
Assets/Low Poly Weapon Series V 4/Prefabs/Previous/Attachments/Accessories/Rails/Rails_A/Rail_A_Up_Sand.prefab,SeriesV4,Rail_A_Up_Sand,AttachmentOrPart,attachment module (optic/muzzle/grip/rail/light/mag),,,,,,1,1,184,0.0325,0.0120,0.1375,0.1375,none-authored,none-authored,urp-lit,Standard,,Review/M7_1_Packs/_newpacks_scan.tsv
Assets/Low Poly Weapon Series V 4/Prefabs/Previous/Attachments/Accessories/Rails/Rails_B/Rail_B_Down.prefab,SeriesV4,Rail_B_Down,AttachmentOrPart,attachment module (optic/muzzle/grip/rail/light/mag),,,,,,1,1,328,0.0325,0.0120,0.1375,0.1375,none-authored,none-authored,urp-lit,Standard,,Review/M7_1_Packs/_newpacks_scan.tsv
Assets/Low Poly Weapon Series V 4/Prefabs/Previous/Attachments/Accessories/Rails/Rails_B/Rail_B_Down_Sand.prefab,SeriesV4,Rail_B_Down_Sand,AttachmentOrPart,attachment module (optic/muzzle/grip/rail/light/mag),,,,,,1,1,328,0.0325,0.0120,0.1375,0.1375,none-authored,none-authored,urp-lit,Standard,,Review/M7_1_Packs/_newpacks_scan.tsv
Assets/Low Poly Weapon Series V 4/Prefabs/Previous/Attachments/Accessories/Rails/Rails_B/Rail_B_Left.prefab,SeriesV4,Rail_B_Left,AttachmentOrPart,attachment module (optic/muzzle/grip/rail/light/mag),,,,,,1,1,328,0.0120,0.0325,0.1375,0.1375,none-authored,none-authored,urp-lit,Standard,,Review/M7_1_Packs/_newpacks_scan.tsv
Assets/Low Poly Weapon Series V 4/Prefabs/Previous/Attachments/Accessories/Rails/Rails_B/Rail_B_Left_Sand.prefab,SeriesV4,Rail_B_Left_Sand,AttachmentOrPart,attachment module (optic/muzzle/grip/rail/light/mag),,,,,,1,1,328,0.0120,0.0325,0.1375,0.1375,none-authored,none-authored,urp-lit,Standard,,Review/M7_1_Packs/_newpacks_scan.tsv
Assets/Low Poly Weapon Series V 4/Prefabs/Previous/Attachments/Accessories/Rails/Rails_B/Rail_B_Right.prefab,SeriesV4,Rail_B_Right,AttachmentOrPart,attachment module (optic/muzzle/grip/rail/light/mag),,,,,,1,1,328,0.0120,0.0325,0.1375,0.1375,none-authored,none-authored,urp-lit,Standard,,Review/M7_1_Packs/_newpacks_scan.tsv
Assets/Low Poly Weapon Series V 4/Prefabs/Previous/Attachments/Accessories/Rails/Rails_B/Rail_B_Right_Sand.prefab,SeriesV4,Rail_B_Right_Sand,AttachmentOrPart,attachment module (optic/muzzle/grip/rail/light/mag),,,,,,1,1,328,0.0120,0.0325,0.1375,0.1375,none-authored,none-authored,urp-lit,Standard,,Review/M7_1_Packs/_newpacks_scan.tsv
Assets/Low Poly Weapon Series V 4/Prefabs/Previous/Attachments/Accessories/Rails/Rails_B/Rail_B_Up.prefab,SeriesV4,Rail_B_Up,AttachmentOrPart,attachment module (optic/muzzle/grip/rail/light/mag),,,,,,1,1,328,0.0325,0.0120,0.1375,0.1375,none-authored,none-authored,urp-lit,Standard,,Review/M7_1_Packs/_newpacks_scan.tsv
Assets/Low Poly Weapon Series V 4/Prefabs/Previous/Attachments/Accessories/Rails/Rails_B/Rail_B_Up_Sand.prefab,SeriesV4,Rail_B_Up_Sand,AttachmentOrPart,attachment module (optic/muzzle/grip/rail/light/mag),,,,,,1,1,328,0.0325,0.0120,0.1375,0.1375,none-authored,none-authored,urp-lit,Standard,,Review/M7_1_Packs/_newpacks_scan.tsv
Assets/Low Poly Weapon Series V 4/Prefabs/Previous/Attachments/Accessories/Rails/Rails_C/Rail_C_Down.prefab,SeriesV4,Rail_C_Down,AttachmentOrPart,attachment module (optic/muzzle/grip/rail/light/mag),,,,,,1,1,264,0.0325,0.0120,0.1375,0.1375,none-authored,none-authored,urp-lit,Standard,,Review/M7_1_Packs/_newpacks_scan.tsv
Assets/Low Poly Weapon Series V 4/Prefabs/Previous/Attachments/Accessories/Rails/Rails_C/Rail_C_Down_Sand.prefab,SeriesV4,Rail_C_Down_Sand,AttachmentOrPart,attachment module (optic/muzzle/grip/rail/light/mag),,,,,,1,1,264,0.0325,0.0120,0.1375,0.1375,none-authored,none-authored,urp-lit,Standard,,Review/M7_1_Packs/_newpacks_scan.tsv
Assets/Low Poly Weapon Series V 4/Prefabs/Previous/Attachments/Accessories/Rails/Rails_C/Rail_C_Left.prefab,SeriesV4,Rail_C_Left,AttachmentOrPart,attachment module (optic/muzzle/grip/rail/light/mag),,,,,,1,1,264,0.0120,0.0325,0.1375,0.1375,none-authored,none-authored,urp-lit,Standard,,Review/M7_1_Packs/_newpacks_scan.tsv
Assets/Low Poly Weapon Series V 4/Prefabs/Previous/Attachments/Accessories/Rails/Rails_C/Rail_C_Left_Sand.prefab,SeriesV4,Rail_C_Left_Sand,AttachmentOrPart,attachment module (optic/muzzle/grip/rail/light/mag),,,,,,1,1,264,0.0120,0.0325,0.1375,0.1375,none-authored,none-authored,urp-lit,Standard,,Review/M7_1_Packs/_newpacks_scan.tsv
Assets/Low Poly Weapon Series V 4/Prefabs/Previous/Attachments/Accessories/Rails/Rails_C/Rail_C_Right.prefab,SeriesV4,Rail_C_Right,AttachmentOrPart,attachment module (optic/muzzle/grip/rail/light/mag),,,,,,1,1,264,0.0120,0.0325,0.1375,0.1375,none-authored,none-authored,urp-lit,Standard,,Review/M7_1_Packs/_newpacks_scan.tsv
Assets/Low Poly Weapon Series V 4/Prefabs/Previous/Attachments/Accessories/Rails/Rails_C/Rail_C_Right_Sand.prefab,SeriesV4,Rail_C_Right_Sand,AttachmentOrPart,attachment module (optic/muzzle/grip/rail/light/mag),,,,,,1,1,264,0.0120,0.0325,0.1375,0.1375,none-authored,none-authored,urp-lit,Standard,,Review/M7_1_Packs/_newpacks_scan.tsv
Assets/Low Poly Weapon Series V 4/Prefabs/Previous/Attachments/Accessories/Rails/Rails_C/Rail_C_Up.prefab,SeriesV4,Rail_C_Up,AttachmentOrPart,attachment module (optic/muzzle/grip/rail/light/mag),,,,,,1,1,264,0.0325,0.0120,0.1375,0.1375,none-authored,none-authored,urp-lit,Standard,,Review/M7_1_Packs/_newpacks_scan.tsv
Assets/Low Poly Weapon Series V 4/Prefabs/Previous/Attachments/Accessories/Rails/Rails_C/Rail_C_Up_Sand.prefab,SeriesV4,Rail_C_Up_Sand,AttachmentOrPart,attachment module (optic/muzzle/grip/rail/light/mag),,,,,,1,1,264,0.0325,0.0120,0.1375,0.1375,none-authored,none-authored,urp-lit,Standard,,Review/M7_1_Packs/_newpacks_scan.tsv
Assets/Low Poly Weapon Series V 4/Prefabs/Previous/Attachments/Accessories/Rails/Rails_D/Rail_D_Down.prefab,SeriesV4,Rail_D_Down,AttachmentOrPart,attachment module (optic/muzzle/grip/rail/light/mag),,,,,,1,1,458,0.0400,0.0125,0.1375,0.1375,none-authored,none-authored,urp-lit,Standard,,Review/M7_1_Packs/_newpacks_scan.tsv
Assets/Low Poly Weapon Series V 4/Prefabs/Previous/Attachments/Accessories/Rails/Rails_D/Rail_D_Left.prefab,SeriesV4,Rail_D_Left,AttachmentOrPart,attachment module (optic/muzzle/grip/rail/light/mag),,,,,,1,1,458,0.0125,0.0400,0.1375,0.1375,none-authored,none-authored,urp-lit,Standard,,Review/M7_1_Packs/_newpacks_scan.tsv
Assets/Low Poly Weapon Series V 4/Prefabs/Previous/Attachments/Accessories/Rails/Rails_D/Rail_D_Right.prefab,SeriesV4,Rail_D_Right,AttachmentOrPart,attachment module (optic/muzzle/grip/rail/light/mag),,,,,,1,1,458,0.0125,0.0400,0.1375,0.1375,none-authored,none-authored,urp-lit,Standard,,Review/M7_1_Packs/_newpacks_scan.tsv
Assets/Low Poly Weapon Series V 4/Prefabs/Previous/Attachments/Accessories/Rails/Rails_D/Rail_D_Up.prefab,SeriesV4,Rail_D_Up,AttachmentOrPart,attachment module (optic/muzzle/grip/rail/light/mag),,,,,,1,1,458,0.0400,0.0125,0.1375,0.1375,none-authored,none-authored,urp-lit,Standard,,Review/M7_1_Packs/_newpacks_scan.tsv
Assets/Low Poly Weapon Series V 4/Prefabs/Previous/Attachments/Accessories/Tatical Lasers/Laser_I_Left.prefab,SeriesV4,Laser_I_Left,AttachmentOrPart,attachment module (optic/muzzle/grip/rail/light/mag),,,,,,1,1,1976,0.0405,0.0648,0.1255,0.1255,none-authored,none-authored,urp-lit,Standard,,Review/M7_1_Packs/_newpacks_scan.tsv
Assets/Low Poly Weapon Series V 4/Prefabs/Previous/Attachments/Accessories/Tatical Lasers/Laser_I_Right.prefab,SeriesV4,Laser_I_Right,AttachmentOrPart,attachment module (optic/muzzle/grip/rail/light/mag),,,,,,1,1,1976,0.0405,0.0648,0.1255,0.1255,none-authored,none-authored,urp-lit,Standard,,Review/M7_1_Packs/_newpacks_scan.tsv
Assets/Low Poly Weapon Series V 4/Prefabs/Previous/Attachments/Accessories/Tatical Lasers/Laser_J_Left.prefab,SeriesV4,Laser_J_Left,AttachmentOrPart,attachment module (optic/muzzle/grip/rail/light/mag),,,,,,1,1,1556,0.0380,0.0663,0.0913,0.0913,none-authored,none-authored,urp-lit,Standard,,Review/M7_1_Packs/_newpacks_scan.tsv
Assets/Low Poly Weapon Series V 4/Prefabs/Previous/Attachments/Accessories/Tatical Lasers/Laser_J_Right.prefab,SeriesV4,Laser_J_Right,AttachmentOrPart,attachment module (optic/muzzle/grip/rail/light/mag),,,,,,1,1,1556,0.0380,0.0663,0.0913,0.0913,none-authored,none-authored,urp-lit,Standard,,Review/M7_1_Packs/_newpacks_scan.tsv
Assets/Low Poly Weapon Series V 4/Prefabs/Previous/Attachments/Accessories/Tatical Lasers/Laser_K_Left.prefab,SeriesV4,Laser_K_Left,AttachmentOrPart,attachment module (optic/muzzle/grip/rail/light/mag),,,,,,1,1,3208,0.0357,0.0670,0.1120,0.1120,none-authored,none-authored,urp-lit,Standard,,Review/M7_1_Packs/_newpacks_scan.tsv
Assets/Low Poly Weapon Series V 4/Prefabs/Previous/Attachments/Accessories/Tatical Lasers/Laser_K_Right.prefab,SeriesV4,Laser_K_Right,AttachmentOrPart,attachment module (optic/muzzle/grip/rail/light/mag),,,,,,1,1,3208,0.0357,0.0670,0.1120,0.1120,none-authored,none-authored,urp-lit,Standard,,Review/M7_1_Packs/_newpacks_scan.tsv
Assets/Low Poly Weapon Series V 4/Prefabs/Previous/Attachments/Accessories/Tatical Lights/Light_I_Left.prefab,SeriesV4,Light_I_Left,AttachmentOrPart,attachment module (optic/muzzle/grip/rail/light/mag),,,,,,1,1,2116,0.0493,0.0456,0.1780,0.1780,none-authored,none-authored,urp-lit,Standard,,Review/M7_1_Packs/_newpacks_scan.tsv
Assets/Low Poly Weapon Series V 4/Prefabs/Previous/Attachments/Accessories/Tatical Lights/Light_I_Right.prefab,SeriesV4,Light_I_Right,AttachmentOrPart,attachment module (optic/muzzle/grip/rail/light/mag),,,,,,1,1,2116,0.0493,0.0456,0.1780,0.1780,none-authored,none-authored,urp-lit,Standard,,Review/M7_1_Packs/_newpacks_scan.tsv
Assets/Low Poly Weapon Series V 4/Prefabs/Previous/Attachments/Accessories/Tatical Lights/Light_J_Left.prefab,SeriesV4,Light_J_Left,AttachmentOrPart,attachment module (optic/muzzle/grip/rail/light/mag),,,,,,1,1,2440,0.0338,0.0453,0.1505,0.1505,none-authored,none-authored,urp-lit,Standard,,Review/M7_1_Packs/_newpacks_scan.tsv
Assets/Low Poly Weapon Series V 4/Prefabs/Previous/Attachments/Accessories/Tatical Lights/Light_J_Right.prefab,SeriesV4,Light_J_Right,AttachmentOrPart,attachment module (optic/muzzle/grip/rail/light/mag),,,,,,1,1,2440,0.0338,0.0453,0.1505,0.1505,none-authored,none-authored,urp-lit,Standard,,Review/M7_1_Packs/_newpacks_scan.tsv
Assets/Low Poly Weapon Series V 4/Prefabs/Previous/Attachments/Accessories/Tatical Lights/Light_K_Left.prefab,SeriesV4,Light_K_Left,AttachmentOrPart,attachment module (optic/muzzle/grip/rail/light/mag),,,,,,1,1,2214,0.0365,0.0475,0.1214,0.1214,none-authored,none-authored,urp-lit,Standard,,Review/M7_1_Packs/_newpacks_scan.tsv
Assets/Low Poly Weapon Series V 4/Prefabs/Previous/Attachments/Accessories/Tatical Lights/Light_K_Right.prefab,SeriesV4,Light_K_Right,AttachmentOrPart,attachment module (optic/muzzle/grip/rail/light/mag),,,,,,1,1,2214,0.0365,0.0475,0.1214,0.1214,none-authored,none-authored,urp-lit,Standard,,Review/M7_1_Packs/_newpacks_scan.tsv
Assets/Low Poly Weapon Series V 4/Prefabs/Previous/Attachments/Barrels/Muzzles/Muzzle_Brake_H.prefab,SeriesV4,Muzzle_Brake_H,AttachmentOrPart,attachment module (optic/muzzle/grip/rail/light/mag),,,,,,1,1,424,0.0368,0.0425,0.0737,0.0737,none-authored,none-authored,urp-lit,Standard,,Review/M7_1_Packs/_newpacks_scan.tsv
Assets/Low Poly Weapon Series V 4/Prefabs/Previous/Attachments/Barrels/Muzzles/Muzzle_Brake_I.prefab,SeriesV4,Muzzle_Brake_I,AttachmentOrPart,attachment module (optic/muzzle/grip/rail/light/mag),,,,,,1,1,804,0.0309,0.0513,0.1224,0.1224,none-authored,none-authored,urp-lit,Standard,,Review/M7_1_Packs/_newpacks_scan.tsv
Assets/Low Poly Weapon Series V 4/Prefabs/Previous/Attachments/Barrels/Muzzles/Muzzle_Brake_K.prefab,SeriesV4,Muzzle_Brake_K,AttachmentOrPart,attachment module (optic/muzzle/grip/rail/light/mag),,,,,,1,1,456,0.0736,0.0368,0.0687,0.0736,none-authored,none-authored,urp-lit,Standard,,Review/M7_1_Packs/_newpacks_scan.tsv
Assets/Low Poly Weapon Series V 4/Prefabs/Previous/Attachments/Barrels/Muzzles/Muzzle_Device_A.prefab,SeriesV4,Muzzle_Device_A,AttachmentOrPart,attachment module (optic/muzzle/grip/rail/light/mag),,,,,,1,1,1496,0.0357,0.0413,0.0950,0.0950,none-authored,none-authored,urp-lit,Standard,,Review/M7_1_Packs/_newpacks_scan.tsv
Assets/Low Poly Weapon Series V 4/Prefabs/Previous/Attachments/Barrels/Muzzles/Muzzle_Device_B.prefab,SeriesV4,Muzzle_Device_B,AttachmentOrPart,attachment module (optic/muzzle/grip/rail/light/mag),,,,,,1,1,536,0.0334,0.0386,0.1670,0.1670,none-authored,none-authored,urp-lit,Standard,,Review/M7_1_Packs/_newpacks_scan.tsv
Assets/Low Poly Weapon Series V 4/Prefabs/Previous/Attachments/Barrels/Muzzles/Muzzle_Device_C.prefab,SeriesV4,Muzzle_Device_C,AttachmentOrPart,attachment module (optic/muzzle/grip/rail/light/mag),,,,,,1,1,992,0.0332,0.0358,0.0928,0.0928,none-authored,none-authored,urp-lit,Standard,,Review/M7_1_Packs/_newpacks_scan.tsv
Assets/Low Poly Weapon Series V 4/Prefabs/Previous/Attachments/Barrels/Muzzles/Muzzle_Device_D.prefab,SeriesV4,Muzzle_Device_D,AttachmentOrPart,attachment module (optic/muzzle/grip/rail/light/mag),,,,,,1,1,484,0.0330,0.0402,0.0487,0.0487,none-authored,none-authored,urp-lit,Standard,,Review/M7_1_Packs/_newpacks_scan.tsv
Assets/Low Poly Weapon Series V 4/Prefabs/Previous/Attachments/Barrels/Muzzles/Muzzle_Device_E.prefab,SeriesV4,Muzzle_Device_E,AttachmentOrPart,attachment module (optic/muzzle/grip/rail/light/mag),,,,,,1,1,1408,0.0325,0.0375,0.0875,0.0875,none-authored,none-authored,urp-lit,Standard,,Review/M7_1_Packs/_newpacks_scan.tsv
Assets/Low Poly Weapon Series V 4/Prefabs/Previous/Attachments/Barrels/Muzzles/Muzzle_Device_F.prefab,SeriesV4,Muzzle_Device_F,AttachmentOrPart,attachment module (optic/muzzle/grip/rail/light/mag),,,,,,1,1,968,0.0290,0.0335,0.1095,0.1095,none-authored,none-authored,urp-lit,Standard,,Review/M7_1_Packs/_newpacks_scan.tsv
Assets/Low Poly Weapon Series V 4/Prefabs/Previous/Attachments/Barrels/Muzzles/Muzzle_Device_G.prefab,SeriesV4,Muzzle_Device_G,AttachmentOrPart,attachment module (optic/muzzle/grip/rail/light/mag),,,,,,1,1,320,0.0288,0.0333,0.0868,0.0868,none-authored,none-authored,urp-lit,Standard,,Review/M7_1_Packs/_newpacks_scan.tsv
Assets/Low Poly Weapon Series V 4/Prefabs/Previous/Attachments/Barrels/Muzzles/Muzzle_Device_H.prefab,SeriesV4,Muzzle_Device_H,AttachmentOrPart,attachment module (optic/muzzle/grip/rail/light/mag),,,,,,1,1,620,0.0299,0.0345,0.0808,0.0808,none-authored,none-authored,urp-lit,Standard,,Review/M7_1_Packs/_newpacks_scan.tsv
Assets/Low Poly Weapon Series V 4/Prefabs/Previous/Attachments/Barrels/Muzzles/Muzzle_Device_I.prefab,SeriesV4,Muzzle_Device_I,AttachmentOrPart,attachment module (optic/muzzle/grip/rail/light/mag),,,,,,1,1,324,0.0342,0.0395,0.0604,0.0604,none-authored,none-authored,urp-lit,Standard,,Review/M7_1_Packs/_newpacks_scan.tsv
Assets/Low Poly Weapon Series V 4/Prefabs/Previous/Attachments/Barrels/Muzzles/Muzzle_Flash Hider_H.prefab,SeriesV4,Muzzle_Flash Hider_H,AttachmentOrPart,attachment module (optic/muzzle/grip/rail/light/mag),,,,,,1,1,848,0.0309,0.0357,0.1224,0.1224,none-authored,none-authored,urp-lit,Standard,,Review/M7_1_Packs/_newpacks_scan.tsv
Assets/Low Poly Weapon Series V 4/Prefabs/Previous/Attachments/Barrels/Muzzles/Muzzle_Flash Hider_I.prefab,SeriesV4,Muzzle_Flash Hider_I,AttachmentOrPart,attachment module (optic/muzzle/grip/rail/light/mag),,,,,,1,1,624,0.0400,0.0403,0.1375,0.1375,none-authored,none-authored,urp-lit,Standard,,Review/M7_1_Packs/_newpacks_scan.tsv
Assets/Low Poly Weapon Series V 4/Prefabs/Previous/Attachments/Barrels/Muzzles/Muzzle_Flash Hider_J.prefab,SeriesV4,Muzzle_Flash Hider_J,AttachmentOrPart,attachment module (optic/muzzle/grip/rail/light/mag),,,,,,1,1,1580,0.0281,0.0325,0.0708,0.0708,none-authored,none-authored,urp-lit,Standard,,Review/M7_1_Packs/_newpacks_scan.tsv
Assets/Low Poly Weapon Series V 4/Prefabs/Previous/Attachments/Barrels/Muzzles/Muzzle_Flash Hider_K.prefab,SeriesV4,Muzzle_Flash Hider_K,AttachmentOrPart,attachment module (optic/muzzle/grip/rail/light/mag),,,,,,1,1,424,0.0286,0.0330,0.0713,0.0713,none-authored,none-authored,urp-lit,Standard,,Review/M7_1_Packs/_newpacks_scan.tsv
Assets/Low Poly Weapon Series V 4/Prefabs/Previous/Attachments/Barrels/Muzzles/Muzzle_Flash Hider_K_Sand.prefab,SeriesV4,Muzzle_Flash Hider_K_Sand,AttachmentOrPart,attachment module (optic/muzzle/grip/rail/light/mag),,,,,,1,1,424,0.0286,0.0330,0.0713,0.0713,none-authored,none-authored,urp-lit,Standard,,Review/M7_1_Packs/_newpacks_scan.tsv
Assets/Low Poly Weapon Series V 4/Prefabs/Previous/Attachments/Barrels/Muzzles/Muzzle_Suppressor_J.prefab,SeriesV4,Muzzle_Suppressor_J,AttachmentOrPart,attachment module (optic/muzzle/grip/rail/light/mag),,,,,,1,1,908,0.0455,0.0525,0.2600,0.2600,none-authored,none-authored,urp-lit,Standard,,Review/M7_1_Packs/_newpacks_scan.tsv
Assets/Low Poly Weapon Series V 4/Prefabs/Previous/Attachments/Barrels/Muzzles/Muzzle_Suppressor_J_Sand.prefab,SeriesV4,Muzzle_Suppressor_J_Sand,AttachmentOrPart,attachment module (optic/muzzle/grip/rail/light/mag),,,,,,1,1,908,0.0455,0.0525,0.2600,0.2600,none-authored,none-authored,urp-lit,Standard,,Review/M7_1_Packs/_newpacks_scan.tsv
Assets/Low Poly Weapon Series V 4/Prefabs/Previous/Attachments/Barrels/Muzzles/Muzzle_Suppressor_K.prefab,SeriesV4,Muzzle_Suppressor_K,AttachmentOrPart,attachment module (optic/muzzle/grip/rail/light/mag),,,,,,1,1,380,0.0448,0.0518,0.2360,0.2360,none-authored,none-authored,urp-lit,Standard,,Review/M7_1_Packs/_newpacks_scan.tsv
Assets/Low Poly Weapon Series V 4/Prefabs/Previous/Attachments/Barrels/Muzzles_Pistol/Muzzle_Pistol_Brake_A.prefab,SeriesV4,Muzzle_Pistol_Brake_A,AttachmentOrPart,attachment module (optic/muzzle/grip/rail/light/mag),Sidearm,one-handed,,,,1,1,1060,0.0281,0.0325,0.0695,0.0695,none-authored,none-authored,urp-lit,Standard,,Review/M7_1_Packs/_newpacks_scan.tsv
Assets/Low Poly Weapon Series V 4/Prefabs/Previous/Attachments/Barrels/Muzzles_Pistol/Muzzle_Pistol_Brake_B.prefab,SeriesV4,Muzzle_Pistol_Brake_B,AttachmentOrPart,attachment module (optic/muzzle/grip/rail/light/mag),Sidearm,one-handed,,,,1,1,632,0.0275,0.0413,0.0578,0.0578,none-authored,none-authored,urp-lit,Standard,,Review/M7_1_Packs/_newpacks_scan.tsv
Assets/Low Poly Weapon Series V 4/Prefabs/Previous/Attachments/Barrels/Muzzles_Pistol/Muzzle_Pistol_Brake_C.prefab,SeriesV4,Muzzle_Pistol_Brake_C,AttachmentOrPart,attachment module (optic/muzzle/grip/rail/light/mag),Sidearm,one-handed,,,,1,1,642,0.0285,0.0489,0.0583,0.0583,none-authored,none-authored,urp-lit,Standard,,Review/M7_1_Packs/_newpacks_scan.tsv
Assets/Low Poly Weapon Series V 4/Prefabs/Previous/Attachments/Barrels/Muzzles_Pistol/Muzzle_Pistol_Device.prefab,SeriesV4,Muzzle_Pistol_Device,AttachmentOrPart,attachment module (optic/muzzle/grip/rail/light/mag),Sidearm,one-handed,,,,1,1,212,0.0218,0.0252,0.0325,0.0325,none-authored,none-authored,urp-lit,Standard,,Review/M7_1_Packs/_newpacks_scan.tsv
Assets/Low Poly Weapon Series V 4/Prefabs/Previous/Attachments/Barrels/Muzzles_Pistol/Muzzle_Pistol_Device_B.prefab,SeriesV4,Muzzle_Pistol_Device_B,AttachmentOrPart,attachment module (optic/muzzle/grip/rail/light/mag),Sidearm,one-handed,,,,1,1,200,0.0399,0.0346,0.0150,0.0399,none-authored,none-authored,urp-lit,Standard,,Review/M7_1_Packs/_newpacks_scan.tsv
Assets/Low Poly Weapon Series V 4/Prefabs/Previous/Attachments/Barrels/Muzzles_Pistol/Muzzle_Pistol_Flash Hider_A.prefab,SeriesV4,Muzzle_Pistol_Flash Hider_A,AttachmentOrPart,attachment module (optic/muzzle/grip/rail/light/mag),Sidearm,one-handed,,,,1,1,416,0.0281,0.0325,0.0750,0.0750,none-authored,none-authored,urp-lit,Standard,,Review/M7_1_Packs/_newpacks_scan.tsv
Assets/Low Poly Weapon Series V 4/Prefabs/Previous/Attachments/Barrels/Muzzles_Pistol/Muzzle_Pistol_Flash Hider_B.prefab,SeriesV4,Muzzle_Pistol_Flash Hider_B,AttachmentOrPart,attachment module (optic/muzzle/grip/rail/light/mag),Sidearm,one-handed,,,,1,1,560,0.0247,0.0285,0.0650,0.0650,none-authored,none-authored,urp-lit,Standard,,Review/M7_1_Packs/_newpacks_scan.tsv
Assets/Low Poly Weapon Series V 4/Prefabs/Previous/Attachments/Barrels/Muzzles_Pistol/Muzzle_Pistol_Flash Hider_C.prefab,SeriesV4,Muzzle_Pistol_Flash Hider_C,AttachmentOrPart,attachment module (optic/muzzle/grip/rail/light/mag),Sidearm,one-handed,,,,1,1,444,0.0305,0.0268,0.0460,0.0460,none-authored,none-authored,urp-lit,Standard,,Review/M7_1_Packs/_newpacks_scan.tsv
Assets/Low Poly Weapon Series V 4/Prefabs/Previous/Attachments/Barrels/Muzzles_Pistol/Muzzle_Pistol_Suppressor_A.prefab,SeriesV4,Muzzle_Pistol_Suppressor_A,AttachmentOrPart,attachment module (optic/muzzle/grip/rail/light/mag),Sidearm,one-handed,,,,1,1,2144,0.0285,0.0300,0.1775,0.1775,none-authored,none-authored,urp-lit,Standard,,Review/M7_1_Packs/_newpacks_scan.tsv
Assets/Low Poly Weapon Series V 4/Prefabs/Previous/Attachments/Barrels/Muzzles_Pistol/Muzzle_Pistol_Suppressor_B.prefab,SeriesV4,Muzzle_Pistol_Suppressor_B,AttachmentOrPart,attachment module (optic/muzzle/grip/rail/light/mag),Sidearm,one-handed,,,,1,1,594,0.0300,0.0450,0.2100,0.2100,none-authored,none-authored,urp-lit,Standard,,Review/M7_1_Packs/_newpacks_scan.tsv
Assets/Low Poly Weapon Series V 4/Prefabs/Previous/Attachments/Barrels/Muzzles_Pistol/Muzzle_Pistol_Suppressor_C.prefab,SeriesV4,Muzzle_Pistol_Suppressor_C,AttachmentOrPart,attachment module (optic/muzzle/grip/rail/light/mag),Sidearm,one-handed,,,,1,1,288,0.0385,0.0385,0.1888,0.1888,none-authored,none-authored,urp-lit,Standard,,Review/M7_1_Packs/_newpacks_scan.tsv
Assets/Low Poly Weapon Series V 4/Prefabs/Previous/Attachments/Barrels/Muzzles_Recon/Muzzle_Recon_Brake_A.prefab,SeriesV4,Muzzle_Recon_Brake_A,AttachmentOrPart,attachment module (optic/muzzle/grip/rail/light/mag),Marksman,two-handed,,,,1,1,536,0.0425,0.0375,0.0850,0.0850,none-authored,none-authored,urp-lit,Standard,,Review/M7_1_Packs/_newpacks_scan.tsv
Assets/Low Poly Weapon Series V 4/Prefabs/Previous/Attachments/Barrels/Muzzles_Recon/Muzzle_Recon_Brake_B.prefab,SeriesV4,Muzzle_Recon_Brake_B,AttachmentOrPart,attachment module (optic/muzzle/grip/rail/light/mag),Marksman,two-handed,,,,1,1,368,0.0425,0.0375,0.0775,0.0775,none-authored,none-authored,urp-lit,Standard,,Review/M7_1_Packs/_newpacks_scan.tsv
Assets/Low Poly Weapon Series V 4/Prefabs/Previous/Attachments/Barrels/Muzzles_Recon/Muzzle_Recon_Brake_C.prefab,SeriesV4,Muzzle_Recon_Brake_C,AttachmentOrPart,attachment module (optic/muzzle/grip/rail/light/mag),Marksman,two-handed,,,,1,1,448,0.0500,0.0525,0.0925,0.0925,none-authored,none-authored,urp-lit,Standard,,Review/M7_1_Packs/_newpacks_scan.tsv
Assets/Low Poly Weapon Series V 4/Prefabs/Previous/Attachments/Barrels/Muzzles_Recon/Muzzle_Recon_Device_A.prefab,SeriesV4,Muzzle_Recon_Device_A,AttachmentOrPart,attachment module (optic/muzzle/grip/rail/light/mag),Marksman,two-handed,,,,1,1,620,0.0303,0.0350,0.0653,0.0653,none-authored,none-authored,urp-lit,Standard,,Review/M7_1_Packs/_newpacks_scan.tsv
Assets/Low Poly Weapon Series V 4/Prefabs/Previous/Attachments/Barrels/Muzzles_Recon/Muzzle_Recon_Device_B.prefab,SeriesV4,Muzzle_Recon_Device_B,AttachmentOrPart,attachment module (optic/muzzle/grip/rail/light/mag),Marksman,two-handed,,,,1,1,968,0.0525,0.0450,0.0925,0.0925,none-authored,none-authored,urp-lit,Standard,,Review/M7_1_Packs/_newpacks_scan.tsv
Assets/Low Poly Weapon Series V 4/Prefabs/Previous/Attachments/Barrels/Muzzles_Recon/Muzzle_Recon_Device_C.prefab,SeriesV4,Muzzle_Recon_Device_C,AttachmentOrPart,attachment module (optic/muzzle/grip/rail/light/mag),Marksman,two-handed,,,,1,1,1212,0.0390,0.0450,0.2750,0.2750,none-authored,none-authored,urp-lit,Standard,,Review/M7_1_Packs/_newpacks_scan.tsv
Assets/Low Poly Weapon Series V 4/Prefabs/Previous/Attachments/Barrels/Muzzles_Recon/Muzzle_Recon_Flash Hider_A.prefab,SeriesV4,Muzzle_Recon_Flash Hider_A,AttachmentOrPart,attachment module (optic/muzzle/grip/rail/light/mag),Marksman,two-handed,,,,1,1,446,0.0364,0.0420,0.1463,0.1463,none-authored,none-authored,urp-lit,Standard,,Review/M7_1_Packs/_newpacks_scan.tsv
Assets/Low Poly Weapon Series V 4/Prefabs/Previous/Attachments/Barrels/Muzzles_Recon/Muzzle_Recon_Flash Hider_B.prefab,SeriesV4,Muzzle_Recon_Flash Hider_B,AttachmentOrPart,attachment module (optic/muzzle/grip/rail/light/mag),Marksman,two-handed,,,,1,1,372,0.0381,0.0440,0.1000,0.1000,none-authored,none-authored,urp-lit,Standard,,Review/M7_1_Packs/_newpacks_scan.tsv
Assets/Low Poly Weapon Series V 4/Prefabs/Previous/Attachments/Barrels/Muzzles_Recon/Muzzle_Recon_Flash Hider_C.prefab,SeriesV4,Muzzle_Recon_Flash Hider_C,AttachmentOrPart,attachment module (optic/muzzle/grip/rail/light/mag),Marksman,two-handed,,,,1,1,616,0.0381,0.0440,0.1735,0.1735,none-authored,none-authored,urp-lit,Standard,,Review/M7_1_Packs/_newpacks_scan.tsv
Assets/Low Poly Weapon Series V 4/Prefabs/Previous/Attachments/Barrels/Muzzles_Recon/Muzzle_Recon_Suppressor_A.prefab,SeriesV4,Muzzle_Recon_Suppressor_A,AttachmentOrPart,attachment module (optic/muzzle/grip/rail/light/mag),Marksman,two-handed,,,,1,1,292,0.0572,0.0660,0.4175,0.4175,none-authored,none-authored,urp-lit,Standard,,Review/M7_1_Packs/_newpacks_scan.tsv
Assets/Low Poly Weapon Series V 4/Prefabs/Previous/Attachments/Barrels/Muzzles_Recon/Muzzle_Recon_Suppressor_B.prefab,SeriesV4,Muzzle_Recon_Suppressor_B,AttachmentOrPart,attachment module (optic/muzzle/grip/rail/light/mag),Marksman,two-handed,,,,1,1,260,0.0476,0.0550,0.3225,0.3225,none-authored,none-authored,urp-lit,Standard,,Review/M7_1_Packs/_newpacks_scan.tsv
Assets/Low Poly Weapon Series V 4/Prefabs/Previous/Attachments/Barrels/Muzzles_Recon/Muzzle_Recon_Suppressor_C.prefab,SeriesV4,Muzzle_Recon_Suppressor_C,AttachmentOrPart,attachment module (optic/muzzle/grip/rail/light/mag),Marksman,two-handed,,,,1,1,1176,0.0572,0.0660,0.3400,0.3400,none-authored,none-authored,urp-lit,Standard,,Review/M7_1_Packs/_newpacks_scan.tsv
Assets/Low Poly Weapon Series V 4/Prefabs/Previous/Attachments/Barrels/Muzzles_Recon/Muzzle_Recon_Suppressor_D.prefab,SeriesV4,Muzzle_Recon_Suppressor_D,AttachmentOrPart,attachment module (optic/muzzle/grip/rail/light/mag),Marksman,two-handed,,,,1,1,4620,0.0476,0.0550,0.2950,0.2950,none-authored,none-authored,urp-lit,Standard,,Review/M7_1_Packs/_newpacks_scan.tsv
Assets/Low Poly Weapon Series V 4/Prefabs/Previous/Attachments/Barrels/Muzzles_Recon/Muzzle_Recon_Suppressor_D_Sand.prefab,SeriesV4,Muzzle_Recon_Suppressor_D_Sand,AttachmentOrPart,attachment module (optic/muzzle/grip/rail/light/mag),Marksman,two-handed,,,,1,1,4620,0.0476,0.0550,0.2950,0.2950,none-authored,none-authored,urp-lit,Standard,,Review/M7_1_Packs/_newpacks_scan.tsv
Assets/Low Poly Weapon Series V 4/Prefabs/Previous/Attachments/Barrels/Muzzles_ShotGun/Muzzle_ShotGun_Device_A.prefab,SeriesV4,Muzzle_ShotGun_Device_A,AttachmentOrPart,attachment module (optic/muzzle/grip/rail/light/mag),Shotgun,two-handed,,,,1,1,312,0.0416,0.0480,0.1500,0.1500,none-authored,none-authored,urp-lit,Standard,,Review/M7_1_Packs/_newpacks_scan.tsv
Assets/Low Poly Weapon Series V 4/Prefabs/Previous/Attachments/Barrels/Muzzles_ShotGun/Muzzle_ShotGun_Device_B.prefab,SeriesV4,Muzzle_ShotGun_Device_B,AttachmentOrPart,attachment module (optic/muzzle/grip/rail/light/mag),Shotgun,two-handed,,,,1,1,860,0.0350,0.0404,0.0617,0.0617,none-authored,none-authored,urp-lit,Standard,,Review/M7_1_Packs/_newpacks_scan.tsv
Assets/Low Poly Weapon Series V 4/Prefabs/Previous/Attachments/Barrels/Muzzles_ShotGun/Muzzle_ShotGun_Device_C.prefab,SeriesV4,Muzzle_ShotGun_Device_C,AttachmentOrPart,attachment module (optic/muzzle/grip/rail/light/mag),Shotgun,two-handed,,,,1,1,716,0.0390,0.0450,0.1200,0.1200,none-authored,none-authored,urp-lit,Standard,,Review/M7_1_Packs/_newpacks_scan.tsv
Assets/Low Poly Weapon Series V 4/Prefabs/Previous/Attachments/Barrels/Muzzles_ShotGun/Muzzle_ShotGun_Flash Hider_A.prefab,SeriesV4,Muzzle_ShotGun_Flash Hider_A,AttachmentOrPart,attachment module (optic/muzzle/grip/rail/light/mag),Shotgun,two-handed,,,,1,1,280,0.0333,0.0385,0.0637,0.0637,none-authored,none-authored,urp-lit,Standard,,Review/M7_1_Packs/_newpacks_scan.tsv
Assets/Low Poly Weapon Series V 4/Prefabs/Previous/Attachments/Barrels/Muzzles_ShotGun/Muzzle_ShotGun_Flash Hider_B.prefab,SeriesV4,Muzzle_ShotGun_Flash Hider_B,AttachmentOrPart,attachment module (optic/muzzle/grip/rail/light/mag),Shotgun,two-handed,,,,1,1,760,0.0450,0.0375,0.0825,0.0825,none-authored,none-authored,urp-lit,Standard,,Review/M7_1_Packs/_newpacks_scan.tsv
Assets/Low Poly Weapon Series V 4/Prefabs/Previous/Attachments/Barrels/Muzzles_ShotGun/Muzzle_ShotGun_Flash Hider_C.prefab,SeriesV4,Muzzle_ShotGun_Flash Hider_C,AttachmentOrPart,attachment module (optic/muzzle/grip/rail/light/mag),Shotgun,two-handed,,,,1,1,476,0.0485,0.0560,0.1217,0.1217,none-authored,none-authored,urp-lit,Standard,,Review/M7_1_Packs/_newpacks_scan.tsv
Assets/Low Poly Weapon Series V 4/Prefabs/Previous/Attachments/Barrels/Muzzles_ShotGun/Muzzle_ShotGun_Shoke_A.prefab,SeriesV4,Muzzle_ShotGun_Shoke_A,AttachmentOrPart,attachment module (optic/muzzle/grip/rail/light/mag),Shotgun,two-handed,,,,1,1,168,0.0222,0.0256,0.0175,0.0256,none-authored,none-authored,urp-lit,Standard,,Review/M7_1_Packs/_newpacks_scan.tsv
Assets/Low Poly Weapon Series V 4/Prefabs/Previous/Attachments/Barrels/Muzzles_ShotGun/Muzzle_ShotGun_Shoke_A_X2.prefab,SeriesV4,Muzzle_ShotGun_Shoke_A_X2,AttachmentOrPart,attachment module (optic/muzzle/grip/rail/light/mag),Shotgun,two-handed,,,,1,1,336,0.0222,0.0521,0.0175,0.0521,none-authored,none-authored,urp-lit,Standard,,Review/M7_1_Packs/_newpacks_scan.tsv
Assets/Low Poly Weapon Series V 4/Prefabs/Previous/Attachments/Barrels/Muzzles_ShotGun/Muzzle_ShotGun_Shoke_B.prefab,SeriesV4,Muzzle_ShotGun_Shoke_B,AttachmentOrPart,attachment module (optic/muzzle/grip/rail/light/mag),Shotgun,two-handed,,,,1,1,292,0.0350,0.0350,0.0875,0.0875,none-authored,none-authored,urp-lit,Standard,,Review/M7_1_Packs/_newpacks_scan.tsv
Assets/Low Poly Weapon Series V 4/Prefabs/Previous/Attachments/Barrels/Muzzles_ShotGun/Muzzle_ShotGun_Suppresor_A.prefab,SeriesV4,Muzzle_ShotGun_Suppresor_A,AttachmentOrPart,attachment module (optic/muzzle/grip/rail/light/mag),Shotgun,two-handed,,,,1,1,331,0.0450,0.0875,0.3475,0.3475,none-authored,none-authored,urp-lit,Standard,,Review/M7_1_Packs/_newpacks_scan.tsv
Assets/Low Poly Weapon Series V 4/Prefabs/Previous/Attachments/Barrels/Muzzles_ShotGun/Muzzle_ShotGun_Suppresor_B.prefab,SeriesV4,Muzzle_ShotGun_Suppresor_B,AttachmentOrPart,attachment module (optic/muzzle/grip/rail/light/mag),Shotgun,two-handed,,,,1,1,1500,0.0450,0.0838,0.3175,0.3175,none-authored,none-authored,urp-lit,Standard,,Review/M7_1_Packs/_newpacks_scan.tsv
Assets/Low Poly Weapon Series V 4/Prefabs/Previous/Attachments/Barrels/Muzzles_ShotGun/Muzzle_ShotGun_Suppresor_C.prefab,SeriesV4,Muzzle_ShotGun_Suppresor_C,AttachmentOrPart,attachment module (optic/muzzle/grip/rail/light/mag),Shotgun,two-handed,,,,1,1,716,0.0573,0.0661,0.3188,0.3188,none-authored,none-authored,urp-lit,Standard,,Review/M7_1_Packs/_newpacks_scan.tsv
Assets/Low Poly Weapon Series V 4/Prefabs/Previous/Attachments/Grips/Grip_A.prefab,SeriesV4,Grip_A,AttachmentOrPart,attachment module (optic/muzzle/grip/rail/light/mag),,,,,,1,1,2394,0.0400,0.1540,0.1165,0.1540,none-authored,none-authored,urp-lit,Standard,,Review/M7_1_Packs/_newpacks_scan.tsv
Assets/Low Poly Weapon Series V 4/Prefabs/Previous/Attachments/Grips/Grip_B.prefab,SeriesV4,Grip_B,AttachmentOrPart,attachment module (optic/muzzle/grip/rail/light/mag),,,,,,1,1,762,0.0400,0.1323,0.0926,0.1323,none-authored,none-authored,urp-lit,Standard,,Review/M7_1_Packs/_newpacks_scan.tsv
Assets/Low Poly Weapon Series V 4/Prefabs/Previous/Attachments/Grips/Grip_C.prefab,SeriesV4,Grip_C,AttachmentOrPart,attachment module (optic/muzzle/grip/rail/light/mag),,,,,,1,1,1332,0.0510,0.1358,0.1138,0.1358,none-authored,none-authored,urp-lit,Standard,,Review/M7_1_Packs/_newpacks_scan.tsv
Assets/Low Poly Weapon Series V 4/Prefabs/Previous/Attachments/Optics/Optics/Optic_AF.prefab,SeriesV4,Optic_AF,AttachmentOrPart,attachment module (optic/muzzle/grip/rail/light/mag),,,,,,2,2,1120,0.0518,0.0747,0.1470,0.1470,none-authored,none-authored,urp-lit,Standard,,Review/M7_1_Packs/_newpacks_scan.tsv
Assets/Low Poly Weapon Series V 4/Prefabs/Previous/Attachments/Optics/Optics/Optic_AG.prefab,SeriesV4,Optic_AG,AttachmentOrPart,attachment module (optic/muzzle/grip/rail/light/mag),,,,,,2,2,1812,0.0675,0.1154,0.1450,0.1450,none-authored,none-authored,urp-lit,Standard,,Review/M7_1_Packs/_newpacks_scan.tsv
Assets/Low Poly Weapon Series V 4/Prefabs/Previous/Attachments/Optics/Optics/Optic_AI.prefab,SeriesV4,Optic_AI,AttachmentOrPart,attachment module (optic/muzzle/grip/rail/light/mag),,,,,,2,2,2068,0.0621,0.1084,0.1134,0.1134,none-authored,none-authored,urp-lit,Standard,,Review/M7_1_Packs/_newpacks_scan.tsv
Assets/Low Poly Weapon Series V 4/Prefabs/Previous/Attachments/Optics/Optics/Optic_AJ.prefab,SeriesV4,Optic_AJ,AttachmentOrPart,attachment module (optic/muzzle/grip/rail/light/mag),,,,,,2,2,1670,0.0525,0.0770,0.1559,0.1559,none-authored,none-authored,urp-lit,Standard,,Review/M7_1_Packs/_newpacks_scan.tsv
Assets/Low Poly Weapon Series V 4/Prefabs/Previous/Attachments/Optics/Optics/Optic_AK.prefab,SeriesV4,Optic_AK,AttachmentOrPart,attachment module (optic/muzzle/grip/rail/light/mag),,,,,,2,2,962,0.0530,0.0758,0.0925,0.0925,none-authored,none-authored,urp-lit,Standard,,Review/M7_1_Packs/_newpacks_scan.tsv
Assets/Low Poly Weapon Series V 4/Prefabs/Previous/Attachments/Optics/Optics/Optic_AL.prefab,SeriesV4,Optic_AL,AttachmentOrPart,attachment module (optic/muzzle/grip/rail/light/mag),,,,,,2,2,3398,0.0645,0.1471,0.1948,0.1948,none-authored,none-authored,urp-lit,Standard,,Review/M7_1_Packs/_newpacks_scan.tsv
Assets/Low Poly Weapon Series V 4/Prefabs/Previous/Attachments/Optics/Optics/Optic_AM.prefab,SeriesV4,Optic_AM,AttachmentOrPart,attachment module (optic/muzzle/grip/rail/light/mag),,,,,,2,2,3350,0.0750,0.1218,0.2375,0.2375,none-authored,none-authored,urp-lit,Standard,,Review/M7_1_Packs/_newpacks_scan.tsv
Assets/Low Poly Weapon Series V 4/Prefabs/Previous/Attachments/Optics/Optics/Optic_AN.prefab,SeriesV4,Optic_AN,AttachmentOrPart,attachment module (optic/muzzle/grip/rail/light/mag),,,,,,2,2,1412,0.0636,0.0799,0.1188,0.1188,none-authored,none-authored,urp-lit,Standard,,Review/M7_1_Packs/_newpacks_scan.tsv
Assets/Low Poly Weapon Series V 4/Prefabs/Previous/Attachments/Optics/Optics/Optic_AO.prefab,SeriesV4,Optic_AO,AttachmentOrPart,attachment module (optic/muzzle/grip/rail/light/mag),,,,,,2,2,3024,0.0550,0.1225,0.2150,0.2150,none-authored,none-authored,urp-lit,Standard,,Review/M7_1_Packs/_newpacks_scan.tsv
Assets/Low Poly Weapon Series V 4/Prefabs/Previous/Attachments/Optics/Optics/Optic_AP.prefab,SeriesV4,Optic_AP,AttachmentOrPart,attachment module (optic/muzzle/grip/rail/light/mag),,,,,,2,2,1896,0.0511,0.0706,0.1298,0.1298,none-authored,none-authored,urp-lit,Standard,,Review/M7_1_Packs/_newpacks_scan.tsv
Assets/Low Poly Weapon Series V 4/Prefabs/Previous/Attachments/Optics/Optics/Optic_AR.prefab,SeriesV4,Optic_AR,AttachmentOrPart,attachment module (optic/muzzle/grip/rail/light/mag),,,,,,3,3,7728,0.0776,0.1026,0.3441,0.3441,none-authored,none-authored,urp-lit,Standard,,Review/M7_1_Packs/_newpacks_scan.tsv
Assets/Low Poly Weapon Series V 4/Prefabs/Previous/Attachments/Optics/Optics/Optic_Z.prefab,SeriesV4,Optic_Z,AttachmentOrPart,attachment module (optic/muzzle/grip/rail/light/mag),,,,,,2,2,1936,0.0736,0.1457,0.2426,0.2426,none-authored,none-authored,urp-lit,Standard,,Review/M7_1_Packs/_newpacks_scan.tsv
Assets/Low Poly Weapon Series V 4/Prefabs/Previous/Attachments/Optics/Optics_Combo/Optic_J.prefab,SeriesV4,Optic_J,AttachmentOrPart,attachment module (optic/muzzle/grip/rail/light/mag),,,,,,3,3,2128,0.0638,0.1347,0.1950,0.1950,none-authored,none-authored,urp-lit,Standard,,Review/M7_1_Packs/_newpacks_scan.tsv
Assets/Low Poly Weapon Series V 4/Prefabs/Previous/Attachments/Optics/Optics_Combo/Optic_L.prefab,SeriesV4,Optic_L,AttachmentOrPart,attachment module (optic/muzzle/grip/rail/light/mag),,,,,,4,4,3236,0.0663,0.1008,0.2575,0.2575,none-authored,none-authored,urp-lit,Standard,,Review/M7_1_Packs/_newpacks_scan.tsv
Assets/Low Poly Weapon Series V 4/Prefabs/Previous/Attachments/Optics/Optics_Combo/Optic_L_2.prefab,SeriesV4,Optic_L_2,AttachmentOrPart,attachment module (optic/muzzle/grip/rail/light/mag),,,,,,4,4,3596,0.0663,0.1008,0.3198,0.3198,none-authored,none-authored,urp-lit,Standard,,Review/M7_1_Packs/_newpacks_scan.tsv
Assets/Low Poly Weapon Series V 4/Prefabs/Previous/Attachments/Optics/Optics_IronSight/Optic_AA.prefab,SeriesV4,Optic_AA,AttachmentOrPart,attachment module (optic/muzzle/grip/rail/light/mag),,,,,,2,2,1728,0.0563,0.0708,0.0663,0.0708,none-authored,none-authored,urp-lit,Standard,,Review/M7_1_Packs/_newpacks_scan.tsv
Assets/Low Poly Weapon Series V 4/Prefabs/Previous/Attachments/Optics/Optics_IronSight/Optic_AB.prefab,SeriesV4,Optic_AB,AttachmentOrPart,attachment module (optic/muzzle/grip/rail/light/mag),,,,,,4,4,2440,0.0510,0.0543,0.0420,0.0543,none-authored,none-authored,urp-lit,Standard,,Review/M7_1_Packs/_newpacks_scan.tsv
Assets/Low Poly Weapon Series V 4/Prefabs/Previous/Attachments/Optics/Optics_IronSight/Optic_AC.prefab,SeriesV4,Optic_AC,AttachmentOrPart,attachment module (optic/muzzle/grip/rail/light/mag),,,,,,2,2,1120,0.0490,0.0520,0.0507,0.0520,none-authored,none-authored,urp-lit,Standard,,Review/M7_1_Packs/_newpacks_scan.tsv
Assets/Low Poly Weapon Series V 4/Prefabs/Previous/Attachments/Optics/Optics_IronSight/Optic_AD.prefab,SeriesV4,Optic_AD,AttachmentOrPart,attachment module (optic/muzzle/grip/rail/light/mag),,,,,,4,4,3200,0.0550,0.0623,0.0350,0.0623,none-authored,none-authored,urp-lit,Standard,,Review/M7_1_Packs/_newpacks_scan.tsv
Assets/Low Poly Weapon Series V 4/Prefabs/Previous/Attachments/Optics/Optics_IronSight/Optic_AE.prefab,SeriesV4,Optic_AE,AttachmentOrPart,attachment module (optic/muzzle/grip/rail/light/mag),,,,,,4,4,1860,0.0590,0.0604,0.0400,0.0604,none-authored,none-authored,urp-lit,Standard,,Review/M7_1_Packs/_newpacks_scan.tsv
Assets/Low Poly Weapon Series V 4/Prefabs/Previous/Attachments/Optics/Optics_IronSight/Optic_AH.prefab,SeriesV4,Optic_AH,AttachmentOrPart,attachment module (optic/muzzle/grip/rail/light/mag),,,,,,2,2,1926,0.0500,0.0358,0.0595,0.0595,none-authored,none-authored,urp-lit,Standard,,Review/M7_1_Packs/_newpacks_scan.tsv
Assets/Low Poly Weapon Series V 4/Prefabs/Previous/Attachments/Optics/Optics_IronSight/Optic_AO.prefab,SeriesV4,Optic_AO,AttachmentOrPart,attachment module (optic/muzzle/grip/rail/light/mag),,,,,,4,4,1622,0.0513,0.0508,0.0655,0.0655,none-authored,none-authored,urp-lit,Standard,,Review/M7_1_Packs/_newpacks_scan.tsv
Assets/Low Poly Weapon Series V 4/Prefabs/Previous/Attachments/Optics/Optics_IronSight/Optic_G.prefab,SeriesV4,Optic_G,AttachmentOrPart,attachment module (optic/muzzle/grip/rail/light/mag),,,,,,4,4,2416,0.0575,0.0625,0.0438,0.0625,none-authored,none-authored,urp-lit,Standard,,Review/M7_1_Packs/_newpacks_scan.tsv
Assets/Low Poly Weapon Series V 4/Prefabs/Previous/Attachments/Optics/Optics_IronSight/Optic_G_2.prefab,SeriesV4,Optic_G_2,AttachmentOrPart,attachment module (optic/muzzle/grip/rail/light/mag),,,,,,4,4,2436,0.0575,0.0695,0.0438,0.0695,none-authored,none-authored,urp-lit,Standard,,Review/M7_1_Packs/_newpacks_scan.tsv
Assets/Low Poly Weapon Series V 4/Prefabs/Previous/Attachments/Optics/Optics_Pistol/Optic_Pistol_G.prefab,SeriesV4,Optic_Pistol_G,AttachmentOrPart,attachment module (optic/muzzle/grip/rail/light/mag),Sidearm,one-handed,,,,2,2,1084,0.0390,0.0579,0.0727,0.0727,none-authored,none-authored,urp-lit,Standard,,Review/M7_1_Packs/_newpacks_scan.tsv
Assets/Low Poly Weapon Series V 4/Prefabs/Previous/Attachments/Optics/Optics_Pistol/Optic_Pistol_H.prefab,SeriesV4,Optic_Pistol_H,AttachmentOrPart,attachment module (optic/muzzle/grip/rail/light/mag),Sidearm,one-handed,,,,2,2,1586,0.0389,0.0699,0.0739,0.0739,none-authored,none-authored,urp-lit,Standard,,Review/M7_1_Packs/_newpacks_scan.tsv
Assets/Low Poly Weapon Series V 4/Prefabs/Previous/Attachments/Optics/Optics_Pistol/Optic_Pistol_I.prefab,SeriesV4,Optic_Pistol_I,AttachmentOrPart,attachment module (optic/muzzle/grip/rail/light/mag),Sidearm,one-handed,,,,2,2,850,0.0349,0.0454,0.0753,0.0753,none-authored,none-authored,urp-lit,Standard,,Review/M7_1_Packs/_newpacks_scan.tsv
Assets/Low Poly Weapon Series V 4/Prefabs/Previous/Attachments/Optics/Optics_Recon/Optic_Recon_L.prefab,SeriesV4,Optic_Recon_L,AttachmentOrPart,attachment module (optic/muzzle/grip/rail/light/mag),Marksman,two-handed,,,,2,2,2550,0.0813,0.1294,0.4256,0.4256,none-authored,none-authored,urp-lit,Standard,,Review/M7_1_Packs/_newpacks_scan.tsv
Assets/Low Poly Weapon Series V 4/Prefabs/Previous/Attachments/Optics/Optics_Recon/Optic_Recon_M.prefab,SeriesV4,Optic_Recon_M,AttachmentOrPart,attachment module (optic/muzzle/grip/rail/light/mag),Marksman,two-handed,,,,4,4,4520,0.0713,0.1463,0.5918,0.5918,none-authored,none-authored,urp-lit,Standard,,Review/M7_1_Packs/_newpacks_scan.tsv
Assets/Low Poly Weapon Series V 4/Prefabs/Previous/Attachments/Optics/Optics_Recon/Optic_Recon_N.prefab,SeriesV4,Optic_Recon_N,AttachmentOrPart,attachment module (optic/muzzle/grip/rail/light/mag),Marksman,two-handed,,,,1,1,4566,0.0900,0.1363,0.4888,0.4888,none-authored,none-authored,urp-lit,Standard,,Review/M7_1_Packs/_newpacks_scan.tsv
Assets/Low Poly Weapon Series V 4/Prefabs/Previous/Attachments/Optics/Optics_Recon/Optic_Recon_O.prefab,SeriesV4,Optic_Recon_O,AttachmentOrPart,attachment module (optic/muzzle/grip/rail/light/mag),Marksman,two-handed,,,,3,3,5048,0.0865,0.1206,0.4250,0.4250,none-authored,none-authored,urp-lit,Standard,,Review/M7_1_Packs/_newpacks_scan.tsv
Assets/Low Poly Weapon Series V 4/Prefabs/Previous/Attachments/Optics/Optics_Recon/Optic_Recon_R.prefab,SeriesV4,Optic_Recon_R,AttachmentOrPart,attachment module (optic/muzzle/grip/rail/light/mag),Marksman,two-handed,,,,3,3,6204,0.1000,0.1380,0.5138,0.5138,none-authored,none-authored,urp-lit,Standard,,Review/M7_1_Packs/_newpacks_scan.tsv
Assets/Low Poly Weapon Series V 4/Prefabs/Previous/Attachments/Optics/Optics_Recon/Optic_Recon_S.prefab,SeriesV4,Optic_Recon_S,AttachmentOrPart,attachment module (optic/muzzle/grip/rail/light/mag),Marksman,two-handed,,,,2,2,3340,0.0675,0.1677,0.4643,0.4643,none-authored,none-authored,urp-lit,Standard,,Review/M7_1_Packs/_newpacks_scan.tsv
Assets/Low Poly Weapon Series V 4/Prefabs/Previous/Attachments/Optics/Optics_Recon/Optic_Recon_U.prefab,SeriesV4,Optic_Recon_U,AttachmentOrPart,attachment module (optic/muzzle/grip/rail/light/mag),Marksman,two-handed,,,,2,2,3320,0.0821,0.1113,0.3705,0.3705,none-authored,none-authored,urp-lit,Standard,,Review/M7_1_Packs/_newpacks_scan.tsv
Assets/Low Poly Weapon Series V 4/Prefabs/Previous/Attachments/Optics/Optics_Side/Optic_X.prefab,SeriesV4,Optic_X,AttachmentOrPart,attachment module (optic/muzzle/grip/rail/light/mag),,,,,,2,2,1280,0.1257,0.1145,0.0759,0.1257,none-authored,none-authored,urp-lit,Standard,,Review/M7_1_Packs/_newpacks_scan.tsv
Assets/Low Poly Weapon Series V 4/Prefabs/Previous/Attachments/Optics/Optics_Side/Optic_Y.prefab,SeriesV4,Optic_Y,AttachmentOrPart,attachment module (optic/muzzle/grip/rail/light/mag),,,,,,2,2,1040,0.1289,0.1202,0.0605,0.1289,none-authored,none-authored,urp-lit,Standard,,Review/M7_1_Packs/_newpacks_scan.tsv
Assets/Low Poly Weapon Series V 4/Prefabs/Previous/Attachments/Stocks/Stock_A.prefab,SeriesV4,Stock_A,AttachmentOrPart,attachment module (optic/muzzle/grip/rail/light/mag),,,,,,1,1,2126,0.0550,0.1613,0.2653,0.2653,none-authored,none-authored,urp-lit,Standard,,Review/M7_1_Packs/_newpacks_scan.tsv
Assets/Low Poly Weapon Series V 4/Prefabs/Previous/Attachments/Stocks/Stock_B.prefab,SeriesV4,Stock_B,AttachmentOrPart,attachment module (optic/muzzle/grip/rail/light/mag),,,,,,1,1,2278,0.0500,0.1613,0.2522,0.2522,none-authored,none-authored,urp-lit,Standard,,Review/M7_1_Packs/_newpacks_scan.tsv
Assets/Low Poly Weapon Series V 4/Prefabs/Previous/Attachments/Stocks/Stock_C.prefab,SeriesV4,Stock_C,AttachmentOrPart,attachment module (optic/muzzle/grip/rail/light/mag),,,,,,1,1,2704,0.0633,0.1785,0.3637,0.3637,none-authored,none-authored,urp-lit,Standard,,Review/M7_1_Packs/_newpacks_scan.tsv
Assets/Low Poly Weapon Series V 4/Prefabs/Previous/Attachments/Stocks/Stock_D.prefab,SeriesV4,Stock_D,AttachmentOrPart,attachment module (optic/muzzle/grip/rail/light/mag),,,,,,1,1,2040,0.0550,0.1700,0.2338,0.2338,none-authored,none-authored,urp-lit,Standard,,Review/M7_1_Packs/_newpacks_scan.tsv
Assets/Low Poly Weapon Series V 4/Prefabs/Previous/Attachments/Stocks/Stock_D_2.prefab,SeriesV4,Stock_D_2,AttachmentOrPart,attachment module (optic/muzzle/grip/rail/light/mag),,,,,,1,1,2234,0.0550,0.1838,0.2338,0.2338,none-authored,none-authored,urp-lit,Standard,,Review/M7_1_Packs/_newpacks_scan.tsv
Assets/Low Poly Weapon Series V 4/Prefabs/Previous/Attachments/UnderBarrels/Bayonets/Bayonet_A.prefab,SeriesV4,Bayonet_A,AttachmentOrPart,no weapon family could be inferred from the model,,,,,,1,1,1238,0.0415,0.1019,0.3650,0.3650,none-authored,none-authored,urp-lit,Standard,,Review/M7_1_Packs/_newpacks_scan.tsv
Assets/Low Poly Weapon Series V 4/Prefabs/Previous/Attachments/UnderBarrels/Bayonets/Bayonet_B.prefab,SeriesV4,Bayonet_B,AttachmentOrPart,no weapon family could be inferred from the model,,,,,,1,1,1260,0.0325,0.0994,0.3680,0.3680,none-authored,none-authored,urp-lit,Standard,,Review/M7_1_Packs/_newpacks_scan.tsv
Assets/Low Poly Weapon Series V 4/Prefabs/Previous/Attachments/UnderBarrels/Bayonets/Bayonet_C.prefab,SeriesV4,Bayonet_C,AttachmentOrPart,no weapon family could be inferred from the model,,,,,,1,1,2176,0.0325,0.1110,0.3276,0.3276,none-authored,none-authored,urp-lit,Standard,,Review/M7_1_Packs/_newpacks_scan.tsv
Assets/Low Poly Weapon Series V 4/Prefabs/Previous/Attachments/UnderBarrels/Bipods/Bipod_D.prefab,SeriesV4,Bipod_D,AttachmentOrPart,attachment module (optic/muzzle/grip/rail/light/mag),,,,,,3,3,3340,0.1189,0.2540,0.0908,0.2540,none-authored,none-authored,urp-lit,Standard,,Review/M7_1_Packs/_newpacks_scan.tsv
Assets/Low Poly Weapon Series V 4/Prefabs/Previous/Attachments/UnderBarrels/Bipods/Bipod_E.prefab,SeriesV4,Bipod_E,AttachmentOrPart,attachment module (optic/muzzle/grip/rail/light/mag),,,,,,3,3,2606,0.1123,0.2590,0.0435,0.2590,none-authored,none-authored,urp-lit,Standard,,Review/M7_1_Packs/_newpacks_scan.tsv
Assets/Low Poly Weapon Series V 4/Prefabs/Previous/Attachments/UnderBarrels/ForwardGrips/ForwardGrip_AA.prefab,SeriesV4,ForwardGrip_AA,AttachmentOrPart,attachment module (optic/muzzle/grip/rail/light/mag),,,,,,1,1,2676,0.0475,0.0913,0.0645,0.0913,none-authored,none-authored,urp-lit,Standard,,Review/M7_1_Packs/_newpacks_scan.tsv
Assets/Low Poly Weapon Series V 4/Prefabs/Previous/Attachments/UnderBarrels/ForwardGrips/ForwardGrip_AB.prefab,SeriesV4,ForwardGrip_AB,AttachmentOrPart,attachment module (optic/muzzle/grip/rail/light/mag),,,,,,1,1,1420,0.0510,0.0900,0.0550,0.0900,none-authored,none-authored,urp-lit,Standard,,Review/M7_1_Packs/_newpacks_scan.tsv
Assets/Low Poly Weapon Series V 4/Prefabs/Previous/Attachments/UnderBarrels/ForwardGrips/ForwardGrip_AC.prefab,SeriesV4,ForwardGrip_AC,AttachmentOrPart,attachment module (optic/muzzle/grip/rail/light/mag),,,,,,1,1,808,0.0535,0.1500,0.0900,0.1500,none-authored,none-authored,urp-lit,Standard,,Review/M7_1_Packs/_newpacks_scan.tsv
Assets/Low Poly Weapon Series V 4/Prefabs/Previous/Attachments/UnderBarrels/ForwardGrips/ForwardGrip_AD.prefab,SeriesV4,ForwardGrip_AD,AttachmentOrPart,attachment module (optic/muzzle/grip/rail/light/mag),,,,,,1,1,696,0.0485,0.0515,0.0850,0.0850,none-authored,none-authored,urp-lit,Standard,,Review/M7_1_Packs/_newpacks_scan.tsv
Assets/Low Poly Weapon Series V 4/Prefabs/Previous/Attachments/UnderBarrels/ForwardGrips/ForwardGrip_AE.prefab,SeriesV4,ForwardGrip_AE,AttachmentOrPart,attachment module (optic/muzzle/grip/rail/light/mag),,,,,,1,1,904,0.0575,0.1175,0.0560,0.1175,none-authored,none-authored,urp-lit,Standard,,Review/M7_1_Packs/_newpacks_scan.tsv
Assets/Low Poly Weapon Series V 4/Prefabs/Previous/Attachments/UnderBarrels/ForwardGrips/ForwardGrip_AF.prefab,SeriesV4,ForwardGrip_AF,AttachmentOrPart,attachment module (optic/muzzle/grip/rail/light/mag),,,,,,1,1,1158,0.0460,0.1144,0.1057,0.1144,none-authored,none-authored,urp-lit,Standard,,Review/M7_1_Packs/_newpacks_scan.tsv
Assets/Low Poly Weapon Series V 4/Prefabs/Previous/Attachments/UnderBarrels/ForwardGrips/ForwardGrip_AG.prefab,SeriesV4,ForwardGrip_AG,AttachmentOrPart,attachment module (optic/muzzle/grip/rail/light/mag),,,,,,1,1,2172,0.0540,0.1463,0.0600,0.1463,none-authored,none-authored,urp-lit,Standard,,Review/M7_1_Packs/_newpacks_scan.tsv
Assets/Low Poly Weapon Series V 4/Prefabs/Previous/Attachments/UnderBarrels/ForwardGrips/ForwardGrip_AG_Sand.prefab,SeriesV4,ForwardGrip_AG_Sand,AttachmentOrPart,attachment module (optic/muzzle/grip/rail/light/mag),,,,,,1,1,2172,0.0540,0.1463,0.0600,0.1463,none-authored,none-authored,urp-lit,Standard,,Review/M7_1_Packs/_newpacks_scan.tsv
Assets/Low Poly Weapon Series V 4/Prefabs/Previous/Attachments/UnderBarrels/ForwardGrips/ForwardGrip_AH.prefab,SeriesV4,ForwardGrip_AH,AttachmentOrPart,attachment module (optic/muzzle/grip/rail/light/mag),,,,,,1,1,1328,0.0490,0.1485,0.0705,0.1485,none-authored,none-authored,urp-lit,Standard,,Review/M7_1_Packs/_newpacks_scan.tsv
Assets/Low Poly Weapon Series V 4/Prefabs/Previous/Attachments/UnderBarrels/ForwardGrips/ForwardGrip_AH_Sand.prefab,SeriesV4,ForwardGrip_AH_Sand,AttachmentOrPart,attachment module (optic/muzzle/grip/rail/light/mag),,,,,,1,1,1328,0.0490,0.1485,0.0705,0.1485,none-authored,none-authored,urp-lit,Standard,,Review/M7_1_Packs/_newpacks_scan.tsv
Assets/Low Poly Weapon Series V 4/Prefabs/Previous/Attachments/UnderBarrels/ForwardGrips/ForwardGrip_AI.prefab,SeriesV4,ForwardGrip_AI,AttachmentOrPart,attachment module (optic/muzzle/grip/rail/light/mag),,,,,,1,1,1164,0.0465,0.1374,0.1122,0.1374,none-authored,none-authored,urp-lit,Standard,,Review/M7_1_Packs/_newpacks_scan.tsv
Assets/Low Poly Weapon Series V 4/Prefabs/Previous/Attachments/UnderBarrels/ForwardGrips/ForwardGrip_AJ.prefab,SeriesV4,ForwardGrip_AJ,AttachmentOrPart,attachment module (optic/muzzle/grip/rail/light/mag),,,,,,1,1,1756,0.0465,0.1263,0.1294,0.1294,none-authored,none-authored,urp-lit,Standard,,Review/M7_1_Packs/_newpacks_scan.tsv
Assets/Low Poly Weapon Series V 4/Prefabs/Previous/Attachments/UnderBarrels/ForwardGrips/ForwardGrip_W.prefab,SeriesV4,ForwardGrip_W,AttachmentOrPart,attachment module (optic/muzzle/grip/rail/light/mag),,,,,,1,1,574,0.0450,0.0865,0.0634,0.0865,none-authored,none-authored,urp-lit,Standard,,Review/M7_1_Packs/_newpacks_scan.tsv
Assets/Low Poly Weapon Series V 4/Prefabs/Previous/Attachments/UnderBarrels/ForwardGrips/ForwardGrip_W_Sand.prefab,SeriesV4,ForwardGrip_W_Sand,AttachmentOrPart,attachment module (optic/muzzle/grip/rail/light/mag),,,,,,1,1,574,0.0450,0.0865,0.0634,0.0865,none-authored,none-authored,urp-lit,Standard,,Review/M7_1_Packs/_newpacks_scan.tsv
Assets/Low Poly Weapon Series V 4/Prefabs/Previous/Attachments/UnderBarrels/ForwardGrips/ForwardGrip_X.prefab,SeriesV4,ForwardGrip_X,AttachmentOrPart,attachment module (optic/muzzle/grip/rail/light/mag),,,,,,1,1,916,0.0525,0.1613,0.0625,0.1613,none-authored,none-authored,urp-lit,Standard,,Review/M7_1_Packs/_newpacks_scan.tsv
Assets/Low Poly Weapon Series V 4/Prefabs/Previous/Attachments/UnderBarrels/ForwardGrips/ForwardGrip_X_Sand.prefab,SeriesV4,ForwardGrip_X_Sand,AttachmentOrPart,attachment module (optic/muzzle/grip/rail/light/mag),,,,,,1,1,916,0.0525,0.1613,0.0625,0.1613,none-authored,none-authored,urp-lit,Standard,,Review/M7_1_Packs/_newpacks_scan.tsv
Assets/Low Poly Weapon Series V 4/Prefabs/Previous/Attachments/UnderBarrels/ForwardGrips/ForwardGrip_Y.prefab,SeriesV4,ForwardGrip_Y,AttachmentOrPart,attachment module (optic/muzzle/grip/rail/light/mag),,,,,,1,1,576,0.0470,0.0903,0.0485,0.0903,none-authored,none-authored,urp-lit,Standard,,Review/M7_1_Packs/_newpacks_scan.tsv
Assets/Low Poly Weapon Series V 4/Prefabs/Previous/Attachments/UnderBarrels/ForwardGrips/ForwardGrip_Z.prefab,SeriesV4,ForwardGrip_Z,AttachmentOrPart,attachment module (optic/muzzle/grip/rail/light/mag),,,,,,1,1,1158,0.0500,0.0533,0.0665,0.0665,none-authored,none-authored,urp-lit,Standard,,Review/M7_1_Packs/_newpacks_scan.tsv
Assets/Low Poly Weapon Series V 4/Prefabs/Previous/Attachments/UnderBarrels/MasterKeys/MasterKey_A.prefab,SeriesV4,MasterKey_A,AttachmentOrPart,no weapon family could be inferred from the model,,,,,,7,7,4346,0.0636,0.2234,0.4832,0.4832,none-authored,none-authored,urp-lit,Standard,,Review/M7_1_Packs/_newpacks_scan.tsv
Assets/Low Poly Weapon Series V 4/Prefabs/Previous/Attachments/UnderBarrels/MasterKeys/MasterKey_B.prefab,SeriesV4,MasterKey_B,AttachmentOrPart,no weapon family could be inferred from the model,,,,,,3,3,2154,0.0550,0.1355,0.5814,0.5814,none-authored,none-authored,urp-lit,Standard,,Review/M7_1_Packs/_newpacks_scan.tsv
Assets/Low Poly Weapon Series V 4/Prefabs/Previous/Bullets/Bullets/Bullet_A.prefab,SeriesV4,Bullet_A,AttachmentOrPart,attachment module (optic/muzzle/grip/rail/light/mag),,,,,,2,2,172,0.0121,0.0140,0.0740,0.0740,none-authored,none-authored,urp-lit,Standard,,Review/M7_1_Packs/_newpacks_scan.tsv
Assets/Low Poly Weapon Series V 4/Prefabs/Previous/Bullets/Bullets/Bullet_B.prefab,SeriesV4,Bullet_B,AttachmentOrPart,attachment module (optic/muzzle/grip/rail/light/mag),,,,,,2,2,268,0.0121,0.0140,0.0720,0.0720,none-authored,none-authored,urp-lit,Standard,,Review/M7_1_Packs/_newpacks_scan.tsv
Assets/Low Poly Weapon Series V 4/Prefabs/Previous/Bullets/Bullets/Bullet_Belt.prefab,SeriesV4,Bullet_Belt,AttachmentOrPart,attachment module (optic/muzzle/grip/rail/light/mag),,,,,,1,1,104,0.0180,0.0160,0.0175,0.0180,none-authored,none-authored,urp-lit,Standard,,Review/M7_1_Packs/_newpacks_scan.tsv
Assets/Low Poly Weapon Series V 4/Prefabs/Previous/Bullets/Bullets/Bullet_Belt_B.prefab,SeriesV4,Bullet_Belt_B,AttachmentOrPart,attachment module (optic/muzzle/grip/rail/light/mag),,,,,,1,1,280,0.0180,0.0168,0.0308,0.0308,none-authored,none-authored,urp-lit,Standard,,Review/M7_1_Packs/_newpacks_scan.tsv
Assets/Low Poly Weapon Series V 4/Prefabs/Previous/Bullets/Bullets/Bullet_C.prefab,SeriesV4,Bullet_C,AttachmentOrPart,attachment module (optic/muzzle/grip/rail/light/mag),,,,,,2,2,196,0.0121,0.0140,0.0750,0.0750,none-authored,none-authored,urp-lit,Standard,,Review/M7_1_Packs/_newpacks_scan.tsv
Assets/Low Poly Weapon Series V 4/Prefabs/Previous/Bullets/Bullets/Bullet_D.prefab,SeriesV4,Bullet_D,AttachmentOrPart,attachment module (optic/muzzle/grip/rail/light/mag),,,,,,2,2,184,0.0120,0.0139,0.0652,0.0652,none-authored,none-authored,urp-lit,Standard,,Review/M7_1_Packs/_newpacks_scan.tsv
Assets/Low Poly Weapon Series V 4/Prefabs/Previous/Bullets/Bullets/Bullet_E.prefab,SeriesV4,Bullet_E,AttachmentOrPart,attachment module (optic/muzzle/grip/rail/light/mag),,,,,,2,2,208,0.0121,0.0140,0.0725,0.0725,none-authored,none-authored,urp-lit,Standard,,Review/M7_1_Packs/_newpacks_scan.tsv
Assets/Low Poly Weapon Series V 4/Prefabs/Previous/Bullets/Bullets_Grenades/Bullets_Grenade_PreSet/Bullets_Grenade_D.prefab,SeriesV4,Bullets_Grenade_D,ThrownOrMelee,"grenade/mine/melee content — usable as power art, not a gun body",,,,,,4,4,968,0.0348,0.0402,0.0683,0.0683,none-authored,none-authored,urp-lit,Standard,,Review/M7_1_Packs/_newpacks_scan.tsv
Assets/Low Poly Weapon Series V 4/Prefabs/Previous/Bullets/Bullets_Grenades/Grenade_C.prefab,SeriesV4,Grenade_C,ThrownOrMelee,"grenade/mine/melee content — usable as power art, not a gun body",,,,,,2,2,328,0.0351,0.0405,0.0652,0.0652,none-authored,none-authored,urp-lit,Standard,,Review/M7_1_Packs/_newpacks_scan.tsv
Assets/Low Poly Weapon Series V 4/Prefabs/Previous/Bullets/Bullets_Grenades/Grenade_D.prefab,SeriesV4,Grenade_D,ThrownOrMelee,"grenade/mine/melee content — usable as power art, not a gun body",,,,,,2,2,484,0.0348,0.0402,0.0683,0.0683,none-authored,none-authored,urp-lit,Standard,,Review/M7_1_Packs/_newpacks_scan.tsv
Assets/Low Poly Weapon Series V 4/Prefabs/Previous/Bullets/Bullets_Pistol/Bullet_Pistol_A.prefab,SeriesV4,Bullet_Pistol_A,AttachmentOrPart,attachment module (optic/muzzle/grip/rail/light/mag),Sidearm,one-handed,,,,2,2,148,0.0116,0.0134,0.0323,0.0323,none-authored,none-authored,urp-lit,Standard,,Review/M7_1_Packs/_newpacks_scan.tsv
Assets/Low Poly Weapon Series V 4/Prefabs/Previous/Bullets/Bullets_Pistol/Bullet_Pistol_B.prefab,SeriesV4,Bullet_Pistol_B,AttachmentOrPart,attachment module (optic/muzzle/grip/rail/light/mag),Sidearm,one-handed,,,,2,2,196,0.0116,0.0134,0.0323,0.0323,none-authored,none-authored,urp-lit,Standard,,Review/M7_1_Packs/_newpacks_scan.tsv
Assets/Low Poly Weapon Series V 4/Prefabs/Previous/Bullets/Bullets_Pistol/Bullet_Pistol_C.prefab,SeriesV4,Bullet_Pistol_C,AttachmentOrPart,attachment module (optic/muzzle/grip/rail/light/mag),Sidearm,one-handed,,,,2,2,172,0.0116,0.0134,0.0330,0.0330,none-authored,none-authored,urp-lit,Standard,,Review/M7_1_Packs/_newpacks_scan.tsv
Assets/Low Poly Weapon Series V 4/Prefabs/Previous/Bullets/Bullets_Pistol/Bullet_Pistol_D.prefab,SeriesV4,Bullet_Pistol_D,AttachmentOrPart,attachment module (optic/muzzle/grip/rail/light/mag),Sidearm,one-handed,,,,2,2,184,0.0116,0.0134,0.0323,0.0323,none-authored,none-authored,urp-lit,Standard,,Review/M7_1_Packs/_newpacks_scan.tsv
Assets/Low Poly Weapon Series V 4/Prefabs/Previous/Bullets/Bullets_Pistol/Bullet_Pistol_E.prefab,SeriesV4,Bullet_Pistol_E,AttachmentOrPart,attachment module (optic/muzzle/grip/rail/light/mag),Sidearm,one-handed,,,,2,2,220,0.0116,0.0134,0.0330,0.0330,none-authored,none-authored,urp-lit,Standard,,Review/M7_1_Packs/_newpacks_scan.tsv
Assets/Low Poly Weapon Series V 4/Prefabs/Previous/Bullets/Bullets_Recon/Bullet_Recon_A.prefab,SeriesV4,Bullet_Recon_A,AttachmentOrPart,attachment module (optic/muzzle/grip/rail/light/mag),Marksman,two-handed,,,,2,2,184,0.0183,0.0211,0.1046,0.1046,none-authored,none-authored,urp-lit,Standard,,Review/M7_1_Packs/_newpacks_scan.tsv
Assets/Low Poly Weapon Series V 4/Prefabs/Previous/Bullets/Bullets_Recon/Bullet_Recon_B.prefab,SeriesV4,Bullet_Recon_B,AttachmentOrPart,attachment module (optic/muzzle/grip/rail/light/mag),Marksman,two-handed,,,,2,2,280,0.0183,0.0211,0.0979,0.0979,none-authored,none-authored,urp-lit,Standard,,Review/M7_1_Packs/_newpacks_scan.tsv
Assets/Low Poly Weapon Series V 4/Prefabs/Previous/Bullets/Bullets_Recon/Bullet_Recon_C.prefab,SeriesV4,Bullet_Recon_C,AttachmentOrPart,attachment module (optic/muzzle/grip/rail/light/mag),Marksman,two-handed,,,,2,2,208,0.0183,0.0211,0.1046,0.1046,none-authored,none-authored,urp-lit,Standard,,Review/M7_1_Packs/_newpacks_scan.tsv
Assets/Low Poly Weapon Series V 4/Prefabs/Previous/Bullets/Bullets_Recon/Bullet_Recon_D.prefab,SeriesV4,Bullet_Recon_D,AttachmentOrPart,attachment module (optic/muzzle/grip/rail/light/mag),Marksman,two-handed,,,,2,2,232,0.0183,0.0211,0.1029,0.1029,none-authored,none-authored,urp-lit,Standard,,Review/M7_1_Packs/_newpacks_scan.tsv
Assets/Low Poly Weapon Series V 4/Prefabs/Previous/Bullets/Bullets_Recon/Bullet_Recon_E.prefab,SeriesV4,Bullet_Recon_E,AttachmentOrPart,attachment module (optic/muzzle/grip/rail/light/mag),Marksman,two-handed,,,,2,2,208,0.0183,0.0211,0.1036,0.1036,none-authored,none-authored,urp-lit,Standard,,Review/M7_1_Packs/_newpacks_scan.tsv
Assets/Low Poly Weapon Series V 4/Prefabs/Previous/Bullets/Bullets_ShotGun/Bullet_ShotGun_A.prefab,SeriesV4,Bullet_ShotGun_A,AttachmentOrPart,attachment module (optic/muzzle/grip/rail/light/mag),Shotgun,two-handed,,,,1,1,164,0.0238,0.0275,0.0813,0.0813,none-authored,none-authored,urp-lit,Standard,,Review/M7_1_Packs/_newpacks_scan.tsv
Assets/Low Poly Weapon Series V 4/Prefabs/Previous/Bullets/Bullets_ShotGun/Bullet_ShotGun_B.prefab,SeriesV4,Bullet_ShotGun_B,AttachmentOrPart,attachment module (optic/muzzle/grip/rail/light/mag),Shotgun,two-handed,,,,1,1,188,0.0238,0.0275,0.0813,0.0813,none-authored,none-authored,urp-lit,Standard,,Review/M7_1_Packs/_newpacks_scan.tsv
Assets/Low Poly Weapon Series V 4/Prefabs/Previous/Bullets/Bullets_ShotGun/Bullet_ShotGun_C.prefab,SeriesV4,Bullet_ShotGun_C,AttachmentOrPart,attachment module (optic/muzzle/grip/rail/light/mag),Shotgun,two-handed,,,,1,1,476,0.0238,0.0275,0.0813,0.0813,none-authored,none-authored,urp-lit,Standard,,Review/M7_1_Packs/_newpacks_scan.tsv
Assets/Low Poly Weapon Series V 4/Prefabs/Previous/Bullets/Bullets_ShotGun/Bullet_ShotGun_D.prefab,SeriesV4,Bullet_ShotGun_D,AttachmentOrPart,attachment module (optic/muzzle/grip/rail/light/mag),Shotgun,two-handed,,,,1,1,240,0.0238,0.0275,0.0813,0.0813,none-authored,none-authored,urp-lit,Standard,,Review/M7_1_Packs/_newpacks_scan.tsv
Assets/Low Poly Weapon Series V 4/Prefabs/Previous/Bullets/Bullets_ShotGun/Bullet_ShotGun_E.prefab,SeriesV4,Bullet_ShotGun_E,AttachmentOrPart,attachment module (optic/muzzle/grip/rail/light/mag),Shotgun,two-handed,,,,1,1,236,0.0238,0.0275,0.0825,0.0825,none-authored,none-authored,urp-lit,Standard,,Review/M7_1_Packs/_newpacks_scan.tsv
Assets/Low Poly Weapon Series V 4/Prefabs/Previous/Bullets/Bullets_ShotGun/Bullet_ShotGun_F.prefab,SeriesV4,Bullet_ShotGun_F,AttachmentOrPart,attachment module (optic/muzzle/grip/rail/light/mag),Shotgun,two-handed,,,,1,1,296,0.0226,0.0261,0.0813,0.0813,none-authored,none-authored,urp-lit,Standard,,Review/M7_1_Packs/_newpacks_scan.tsv
Assets/Low Poly Weapon Series V 4/Prefabs/Previous/Bullets/Bullets_ShotGun/Bullets_ShotGun_PreSet/Bullets_ShotGun_F.prefab,SeriesV4,Bullets_ShotGun_F,AttachmentOrPart,attachment module (optic/muzzle/grip/rail/light/mag),Shotgun,two-handed,,,,3,3,888,0.0226,0.0261,0.0813,0.0813,none-authored,none-authored,urp-lit,Standard,,Review/M7_1_Packs/_newpacks_scan.tsv
Assets/Low Poly Weapon Series V 4/Prefabs/Previous/Bullets/Bullets_SMG/Bullet_SMG_A.prefab,SeriesV4,Bullet_SMG_A,AttachmentOrPart,attachment module (optic/muzzle/grip/rail/light/mag),SMG,two-handed,,,,2,2,148,0.0133,0.0154,0.0330,0.0330,none-authored,none-authored,urp-lit,Standard,,Review/M7_1_Packs/_newpacks_scan.tsv
Assets/Low Poly Weapon Series V 4/Prefabs/Previous/Bullets/Bullets_SMG/Bullet_SMG_B.prefab,SeriesV4,Bullet_SMG_B,AttachmentOrPart,attachment module (optic/muzzle/grip/rail/light/mag),SMG,two-handed,,,,2,2,196,0.0133,0.0154,0.0330,0.0330,none-authored,none-authored,urp-lit,Standard,,Review/M7_1_Packs/_newpacks_scan.tsv
Assets/Low Poly Weapon Series V 4/Prefabs/Previous/Bullets/Bullets_SMG/Bullet_SMG_C.prefab,SeriesV4,Bullet_SMG_C,AttachmentOrPart,attachment module (optic/muzzle/grip/rail/light/mag),SMG,two-handed,,,,2,2,172,0.0133,0.0154,0.0343,0.0343,none-authored,none-authored,urp-lit,Standard,,Review/M7_1_Packs/_newpacks_scan.tsv
Assets/Low Poly Weapon Series V 4/Prefabs/Previous/Bullets/Bullets_SMG/Bullet_SMG_D.prefab,SeriesV4,Bullet_SMG_D,AttachmentOrPart,attachment module (optic/muzzle/grip/rail/light/mag),SMG,two-handed,,,,2,2,184,0.0133,0.0154,0.0338,0.0338,none-authored,none-authored,urp-lit,Standard,,Review/M7_1_Packs/_newpacks_scan.tsv
Assets/Low Poly Weapon Series V 4/Prefabs/Previous/Bullets/Bullets_SMG/Bullet_SMG_E.prefab,SeriesV4,Bullet_SMG_E,AttachmentOrPart,attachment module (optic/muzzle/grip/rail/light/mag),SMG,two-handed,,,,2,2,208,0.0121,0.0140,0.0337,0.0337,none-authored,none-authored,urp-lit,Standard,,Review/M7_1_Packs/_newpacks_scan.tsv
Assets/Low Poly Weapon Series V 4/Prefabs/Previous/Grenades/ClayMore_A.prefab,SeriesV4,ClayMore_A,ThrownOrMelee,"grenade/mine/melee content — usable as power art, not a gun body",,,,,,3,3,2526,0.1375,0.1158,0.0444,0.1375,none-authored,none-authored,urp-lit,Standard,,Review/M7_1_Packs/_newpacks_scan.tsv
Assets/Low Poly Weapon Series V 4/Prefabs/Previous/Grenades/Flash Grenade_A.prefab,SeriesV4,Flash Grenade_A,ThrownOrMelee,"grenade/mine/melee content — usable as power art, not a gun body",,,,,,6,6,2466,0.0881,0.2263,0.0528,0.2263,none-authored,none-authored,urp-lit,Standard,,Review/M7_1_Packs/_newpacks_scan.tsv
Assets/Low Poly Weapon Series V 4/Prefabs/Previous/Grenades/Frag_Grenade_A.prefab,SeriesV4,Frag_Grenade_A,ThrownOrMelee,"grenade/mine/melee content — usable as power art, not a gun body",,,,,,4,4,1438,0.1205,0.1697,0.0859,0.1697,none-authored,none-authored,urp-lit,Standard,,Review/M7_1_Packs/_newpacks_scan.tsv
Assets/Low Poly Weapon Series V 4/Prefabs/Previous/Grenades/Impact Grenade_A.prefab,SeriesV4,Impact Grenade_A,ThrownOrMelee,"grenade/mine/melee content — usable as power art, not a gun body",,,,,,3,3,948,0.0733,0.0734,0.0733,0.0734,none-authored,none-authored,urp-lit,Standard,,Review/M7_1_Packs/_newpacks_scan.tsv
Assets/Low Poly Weapon Series V 4/Prefabs/Previous/Grenades/Land Mine_A.prefab,SeriesV4,Land Mine_A,ThrownOrMelee,"grenade/mine/melee content — usable as power art, not a gun body",,,,,,3,3,2146,0.1915,0.0589,0.1903,0.1915,none-authored,none-authored,urp-lit,Standard,,Review/M7_1_Packs/_newpacks_scan.tsv
Assets/Low Poly Weapon Series V 4/Prefabs/Previous/Grenades/Smoke Grenade_A.prefab,SeriesV4,Smoke Grenade_A,ThrownOrMelee,"grenade/mine/melee content — usable as power art, not a gun body",,,,,,4,4,1326,0.0928,0.2079,0.0675,0.2079,none-authored,none-authored,urp-lit,Standard,,Review/M7_1_Packs/_newpacks_scan.tsv
Assets/Low Poly Weapon Series V 4/Prefabs/Previous/Grenades/Stun Grenade_A.prefab,SeriesV4,Stun Grenade_A,ThrownOrMelee,"grenade/mine/melee content — usable as power art, not a gun body",,,,,,4,4,4646,0.0878,0.2263,0.0577,0.2263,none-authored,none-authored,urp-lit,Standard,,Review/M7_1_Packs/_newpacks_scan.tsv
Assets/Low Poly Weapon Series V 4/Prefabs/Previous/WeaponCases/WeaponCase_A.prefab,SeriesV4,WeaponCase_A,AttachmentOrPart,no weapon family could be inferred from the model,,,,,,2,2,4720,1.5050,0.1650,0.6100,1.5050,none-authored,none-authored,urp-lit,Standard,,Review/M7_1_Packs/_newpacks_scan.tsv
Assets/Low Poly Weapon Series V 4/Prefabs/Previous/WeaponCases/WeaponCase_B.prefab,SeriesV4,WeaponCase_B,AttachmentOrPart,no weapon family could be inferred from the model,,,,,,2,2,2364,0.4975,0.1925,0.5763,0.5763,none-authored,none-authored,urp-lit,Standard,,Review/M7_1_Packs/_newpacks_scan.tsv
Assets/Low Poly ShotGun Weapon Pack 2/Prefabs/Attachments/Accessories/Rails/Rail_A_Down.prefab,ShotgunPack2,Rail_A_Down,AttachmentOrPart,attachment module (optic/muzzle/grip/rail/light/mag),,,,,,1,1,184,0.0325,0.0120,0.1375,0.1375,none-authored,none-authored,urp-lit,Standard,,Review/M7_1_Packs/_newpacks_scan.tsv
Assets/Low Poly ShotGun Weapon Pack 2/Prefabs/Attachments/Accessories/Rails/Rail_A_Left.prefab,ShotgunPack2,Rail_A_Left,AttachmentOrPart,attachment module (optic/muzzle/grip/rail/light/mag),,,,,,1,1,184,0.0120,0.0325,0.1375,0.1375,none-authored,none-authored,urp-lit,Standard,,Review/M7_1_Packs/_newpacks_scan.tsv
Assets/Low Poly ShotGun Weapon Pack 2/Prefabs/Attachments/Accessories/Rails/Rail_A_Right.prefab,ShotgunPack2,Rail_A_Right,AttachmentOrPart,attachment module (optic/muzzle/grip/rail/light/mag),,,,,,1,1,184,0.0120,0.0325,0.1375,0.1375,none-authored,none-authored,urp-lit,Standard,,Review/M7_1_Packs/_newpacks_scan.tsv
Assets/Low Poly ShotGun Weapon Pack 2/Prefabs/Attachments/Accessories/Rails/Rail_A_Up.prefab,ShotgunPack2,Rail_A_Up,AttachmentOrPart,attachment module (optic/muzzle/grip/rail/light/mag),,,,,,1,1,184,0.0325,0.0120,0.1375,0.1375,none-authored,none-authored,urp-lit,Standard,,Review/M7_1_Packs/_newpacks_scan.tsv
Assets/Low Poly ShotGun Weapon Pack 2/Prefabs/Attachments/Accessories/Tatical Lasers/Laser_A_Left.prefab,ShotgunPack2,Laser_A_Left,AttachmentOrPart,attachment module (optic/muzzle/grip/rail/light/mag),,,,,,1,1,346,0.0387,0.0650,0.1275,0.1275,none-authored,none-authored,urp-lit,Standard,,Review/M7_1_Packs/_newpacks_scan.tsv
Assets/Low Poly ShotGun Weapon Pack 2/Prefabs/Attachments/Accessories/Tatical Lasers/Laser_A_Right.prefab,ShotgunPack2,Laser_A_Right,AttachmentOrPart,attachment module (optic/muzzle/grip/rail/light/mag),,,,,,1,1,346,0.0387,0.0650,0.1275,0.1275,none-authored,none-authored,urp-lit,Standard,,Review/M7_1_Packs/_newpacks_scan.tsv
Assets/Low Poly ShotGun Weapon Pack 2/Prefabs/Attachments/Accessories/Tatical Lasers/Laser_B_Left.prefab,ShotgunPack2,Laser_B_Left,AttachmentOrPart,attachment module (optic/muzzle/grip/rail/light/mag),,,,,,1,1,544,0.0387,0.0700,0.1325,0.1325,none-authored,none-authored,urp-lit,Standard,,Review/M7_1_Packs/_newpacks_scan.tsv
Assets/Low Poly ShotGun Weapon Pack 2/Prefabs/Attachments/Accessories/Tatical Lasers/Laser_B_Right.prefab,ShotgunPack2,Laser_B_Right,AttachmentOrPart,attachment module (optic/muzzle/grip/rail/light/mag),,,,,,1,1,544,0.0387,0.0700,0.1325,0.1325,none-authored,none-authored,urp-lit,Standard,,Review/M7_1_Packs/_newpacks_scan.tsv
Assets/Low Poly ShotGun Weapon Pack 2/Prefabs/Attachments/Accessories/Tatical Lasers/Laser_C_Left.prefab,ShotgunPack2,Laser_C_Left,AttachmentOrPart,attachment module (optic/muzzle/grip/rail/light/mag),,,,,,1,1,718,0.0338,0.0775,0.1013,0.1013,none-authored,none-authored,urp-lit,Standard,,Review/M7_1_Packs/_newpacks_scan.tsv
Assets/Low Poly ShotGun Weapon Pack 2/Prefabs/Attachments/Accessories/Tatical Lasers/Laser_C_Right.prefab,ShotgunPack2,Laser_C_Right,AttachmentOrPart,attachment module (optic/muzzle/grip/rail/light/mag),,,,,,1,1,718,0.0338,0.0775,0.1013,0.1013,none-authored,none-authored,urp-lit,Standard,,Review/M7_1_Packs/_newpacks_scan.tsv
Assets/Low Poly ShotGun Weapon Pack 2/Prefabs/Attachments/Accessories/Tatical Lasers/Laser_D_Left.prefab,ShotgunPack2,Laser_D_Left,AttachmentOrPart,attachment module (optic/muzzle/grip/rail/light/mag),,,,,,1,1,796,0.0413,0.0750,0.1250,0.1250,none-authored,none-authored,urp-lit,Standard,,Review/M7_1_Packs/_newpacks_scan.tsv
Assets/Low Poly ShotGun Weapon Pack 2/Prefabs/Attachments/Accessories/Tatical Lasers/Laser_D_Right.prefab,ShotgunPack2,Laser_D_Right,AttachmentOrPart,attachment module (optic/muzzle/grip/rail/light/mag),,,,,,1,1,796,0.0413,0.0750,0.1250,0.1250,none-authored,none-authored,urp-lit,Standard,,Review/M7_1_Packs/_newpacks_scan.tsv
Assets/Low Poly ShotGun Weapon Pack 2/Prefabs/Attachments/Accessories/Tatical Lasers/Laser_G_Left.prefab,ShotgunPack2,Laser_G_Left,AttachmentOrPart,attachment module (optic/muzzle/grip/rail/light/mag),,,,,,1,1,780,0.0337,0.0633,0.1018,0.1018,none-authored,none-authored,urp-lit,Standard,,Review/M7_1_Packs/_newpacks_scan.tsv
Assets/Low Poly ShotGun Weapon Pack 2/Prefabs/Attachments/Accessories/Tatical Lasers/Laser_G_Right.prefab,ShotgunPack2,Laser_G_Right,AttachmentOrPart,attachment module (optic/muzzle/grip/rail/light/mag),,,,,,1,1,780,0.0337,0.0633,0.1018,0.1018,none-authored,none-authored,urp-lit,Standard,,Review/M7_1_Packs/_newpacks_scan.tsv
Assets/Low Poly ShotGun Weapon Pack 2/Prefabs/Attachments/Accessories/Tatical Lights/Light_A_Left.prefab,ShotgunPack2,Light_A_Left,AttachmentOrPart,attachment module (optic/muzzle/grip/rail/light/mag),,,,,,2,2,520,0.0564,0.0490,0.1875,0.1875,none-authored,none-authored,urp-lit,Standard,,Review/M7_1_Packs/_newpacks_scan.tsv
Assets/Low Poly ShotGun Weapon Pack 2/Prefabs/Attachments/Accessories/Tatical Lights/Light_A_Right.prefab,ShotgunPack2,Light_A_Right,AttachmentOrPart,attachment module (optic/muzzle/grip/rail/light/mag),,,,,,2,2,520,0.0564,0.0490,0.1875,0.1875,none-authored,none-authored,urp-lit,Standard,,Review/M7_1_Packs/_newpacks_scan.tsv
Assets/Low Poly ShotGun Weapon Pack 2/Prefabs/Attachments/Accessories/Tatical Lights/Light_B_Left.prefab,ShotgunPack2,Light_B_Left,AttachmentOrPart,attachment module (optic/muzzle/grip/rail/light/mag),,,,,,2,2,622,0.0446,0.0705,0.1375,0.1375,none-authored,none-authored,urp-lit,Standard,,Review/M7_1_Packs/_newpacks_scan.tsv
Assets/Low Poly ShotGun Weapon Pack 2/Prefabs/Attachments/Accessories/Tatical Lights/Light_B_Right.prefab,ShotgunPack2,Light_B_Right,AttachmentOrPart,attachment module (optic/muzzle/grip/rail/light/mag),,,,,,2,2,622,0.0446,0.0705,0.1375,0.1375,none-authored,none-authored,urp-lit,Standard,,Review/M7_1_Packs/_newpacks_scan.tsv
Assets/Low Poly ShotGun Weapon Pack 2/Prefabs/Attachments/Accessories/Tatical Lights/Light_C_Left.prefab,ShotgunPack2,Light_C_Left,AttachmentOrPart,attachment module (optic/muzzle/grip/rail/light/mag),,,,,,1,1,456,0.0275,0.0375,0.0613,0.0613,none-authored,none-authored,urp-lit,Standard,,Review/M7_1_Packs/_newpacks_scan.tsv
Assets/Low Poly ShotGun Weapon Pack 2/Prefabs/Attachments/Accessories/Tatical Lights/Light_C_Right.prefab,ShotgunPack2,Light_C_Right,AttachmentOrPart,attachment module (optic/muzzle/grip/rail/light/mag),,,,,,1,1,456,0.0275,0.0375,0.0613,0.0613,none-authored,none-authored,urp-lit,Standard,,Review/M7_1_Packs/_newpacks_scan.tsv
Assets/Low Poly ShotGun Weapon Pack 2/Prefabs/Attachments/Accessories/Tatical Lights/Light_D_Left.prefab,ShotgunPack2,Light_D_Left,AttachmentOrPart,attachment module (optic/muzzle/grip/rail/light/mag),,,,,,1,1,784,0.0612,0.0555,0.1525,0.1525,none-authored,none-authored,urp-lit,Standard,,Review/M7_1_Packs/_newpacks_scan.tsv
Assets/Low Poly ShotGun Weapon Pack 2/Prefabs/Attachments/Accessories/Tatical Lights/Light_D_Right.prefab,ShotgunPack2,Light_D_Right,AttachmentOrPart,attachment module (optic/muzzle/grip/rail/light/mag),,,,,,1,1,784,0.0612,0.0555,0.1525,0.1525,none-authored,none-authored,urp-lit,Standard,,Review/M7_1_Packs/_newpacks_scan.tsv
Assets/Low Poly ShotGun Weapon Pack 2/Prefabs/Attachments/Accessories/Tatical Lights/Light_G_Left.prefab,ShotgunPack2,Light_G_Left,AttachmentOrPart,attachment module (optic/muzzle/grip/rail/light/mag),,,,,,1,1,660,0.0375,0.0440,0.1700,0.1700,none-authored,none-authored,urp-lit,Standard,,Review/M7_1_Packs/_newpacks_scan.tsv
Assets/Low Poly ShotGun Weapon Pack 2/Prefabs/Attachments/Accessories/Tatical Lights/Light_G_Right.prefab,ShotgunPack2,Light_G_Right,AttachmentOrPart,attachment module (optic/muzzle/grip/rail/light/mag),,,,,,1,1,660,0.0375,0.0440,0.1700,0.1700,none-authored,none-authored,urp-lit,Standard,,Review/M7_1_Packs/_newpacks_scan.tsv
Assets/Low Poly ShotGun Weapon Pack 2/Prefabs/Attachments/Barrels/Muzzles_ShotGun/Muzzle_ShotGun_Flash Hider_A.prefab,ShotgunPack2,Muzzle_ShotGun_Flash Hider_A,AttachmentOrPart,attachment module (optic/muzzle/grip/rail/light/mag),Shotgun,two-handed,,,,1,1,280,0.0333,0.0385,0.0637,0.0637,none-authored,none-authored,urp-lit,Standard,,Review/M7_1_Packs/_newpacks_scan.tsv
Assets/Low Poly ShotGun Weapon Pack 2/Prefabs/Attachments/Barrels/Muzzles_ShotGun/Muzzle_ShotGun_Flash Hider_B.prefab,ShotgunPack2,Muzzle_ShotGun_Flash Hider_B,AttachmentOrPart,attachment module (optic/muzzle/grip/rail/light/mag),Shotgun,two-handed,,,,1,1,760,0.0450,0.0375,0.0825,0.0825,none-authored,none-authored,urp-lit,Standard,,Review/M7_1_Packs/_newpacks_scan.tsv
Assets/Low Poly ShotGun Weapon Pack 2/Prefabs/Attachments/Barrels/Muzzles_ShotGun/Muzzle_ShotGun_Shoke_A.prefab,ShotgunPack2,Muzzle_ShotGun_Shoke_A,AttachmentOrPart,attachment module (optic/muzzle/grip/rail/light/mag),Shotgun,two-handed,,,,1,1,168,0.0222,0.0256,0.0175,0.0256,none-authored,none-authored,urp-lit,Standard,,Review/M7_1_Packs/_newpacks_scan.tsv
Assets/Low Poly ShotGun Weapon Pack 2/Prefabs/Attachments/Barrels/Muzzles_ShotGun/Muzzle_ShotGun_Shoke_B.prefab,ShotgunPack2,Muzzle_ShotGun_Shoke_B,AttachmentOrPart,attachment module (optic/muzzle/grip/rail/light/mag),Shotgun,two-handed,,,,1,1,292,0.0350,0.0350,0.0875,0.0875,none-authored,none-authored,urp-lit,Standard,,Review/M7_1_Packs/_newpacks_scan.tsv
Assets/Low Poly ShotGun Weapon Pack 2/Prefabs/Attachments/Barrels/Muzzles_ShotGun/Muzzle_ShotGun_Suppresor_A.prefab,ShotgunPack2,Muzzle_ShotGun_Suppresor_A,AttachmentOrPart,attachment module (optic/muzzle/grip/rail/light/mag),Shotgun,two-handed,,,,1,1,331,0.0450,0.0875,0.3475,0.3475,none-authored,none-authored,urp-lit,Standard,,Review/M7_1_Packs/_newpacks_scan.tsv
Assets/Low Poly ShotGun Weapon Pack 2/Prefabs/Attachments/Barrels/Muzzles_ShotGun/Muzzle_ShotGun_Suppresor_B.prefab,ShotgunPack2,Muzzle_ShotGun_Suppresor_B,AttachmentOrPart,attachment module (optic/muzzle/grip/rail/light/mag),Shotgun,two-handed,,,,1,1,1500,0.0450,0.0838,0.3175,0.3175,none-authored,none-authored,urp-lit,Standard,,Review/M7_1_Packs/_newpacks_scan.tsv
Assets/Low Poly ShotGun Weapon Pack 2/Prefabs/Attachments/Optics/Optic_A.prefab,ShotgunPack2,Optic_A,AttachmentOrPart,attachment module (optic/muzzle/grip/rail/light/mag),,,,,,2,2,524,0.0450,0.0658,0.0756,0.0756,none-authored,none-authored,urp-lit,Standard,,Review/M7_1_Packs/_newpacks_scan.tsv
Assets/Low Poly ShotGun Weapon Pack 2/Prefabs/Attachments/Optics/Optic_B.prefab,ShotgunPack2,Optic_B,AttachmentOrPart,attachment module (optic/muzzle/grip/rail/light/mag),,,,,,2,2,606,0.0500,0.0876,0.1300,0.1300,none-authored,none-authored,urp-lit,Standard,,Review/M7_1_Packs/_newpacks_scan.tsv
Assets/Low Poly ShotGun Weapon Pack 2/Prefabs/Attachments/Optics/Optic_C.prefab,ShotgunPack2,Optic_C,AttachmentOrPart,attachment module (optic/muzzle/grip/rail/light/mag),,,,,,2,2,932,0.0645,0.1243,0.2020,0.2020,none-authored,none-authored,urp-lit,Standard,,Review/M7_1_Packs/_newpacks_scan.tsv
Assets/Low Poly ShotGun Weapon Pack 2/Prefabs/Attachments/Optics/Optic_D.prefab,ShotgunPack2,Optic_D,AttachmentOrPart,attachment module (optic/muzzle/grip/rail/light/mag),,,,,,2,2,786,0.0512,0.0896,0.1600,0.1600,none-authored,none-authored,urp-lit,Standard,,Review/M7_1_Packs/_newpacks_scan.tsv
Assets/Low Poly ShotGun Weapon Pack 2/Prefabs/Attachments/Optics/Optic_E.prefab,ShotgunPack2,Optic_E,AttachmentOrPart,attachment module (optic/muzzle/grip/rail/light/mag),,,,,,2,2,858,0.0600,0.0861,0.0881,0.0881,none-authored,none-authored,urp-lit,Standard,,Review/M7_1_Packs/_newpacks_scan.tsv
Assets/Low Poly ShotGun Weapon Pack 2/Prefabs/Attachments/Optics/Optic_F.prefab,ShotgunPack2,Optic_F,AttachmentOrPart,attachment module (optic/muzzle/grip/rail/light/mag),,,,,,2,2,858,0.0550,0.1031,0.0900,0.1031,none-authored,none-authored,urp-lit,Standard,,Review/M7_1_Packs/_newpacks_scan.tsv
Assets/Low Poly ShotGun Weapon Pack 2/Prefabs/Attachments/Optics/Optic_G.prefab,ShotgunPack2,Optic_G,AttachmentOrPart,attachment module (optic/muzzle/grip/rail/light/mag),,,,,,4,4,932,0.0575,0.0712,0.0438,0.0712,none-authored,none-authored,urp-lit,Standard,,Review/M7_1_Packs/_newpacks_scan.tsv
Assets/Low Poly ShotGun Weapon Pack 2/Prefabs/Attachments/Optics/Optic_H.prefab,ShotgunPack2,Optic_H,AttachmentOrPart,attachment module (optic/muzzle/grip/rail/light/mag),,,,,,2,2,1798,0.0663,0.1461,0.1763,0.1763,none-authored,none-authored,urp-lit,Standard,,Review/M7_1_Packs/_newpacks_scan.tsv
Assets/Low Poly ShotGun Weapon Pack 2/Prefabs/Attachments/Optics/Optic_I.prefab,ShotgunPack2,Optic_I,AttachmentOrPart,attachment module (optic/muzzle/grip/rail/light/mag),,,,,,2,2,1220,0.0600,0.0918,0.1175,0.1175,none-authored,none-authored,urp-lit,Standard,,Review/M7_1_Packs/_newpacks_scan.tsv
Assets/Low Poly ShotGun Weapon Pack 2/Prefabs/Attachments/Optics/Optic_J.prefab,ShotgunPack2,Optic_J,AttachmentOrPart,attachment module (optic/muzzle/grip/rail/light/mag),,,,,,3,3,2128,0.0638,0.1347,0.1950,0.1950,none-authored,none-authored,urp-lit,Standard,,Review/M7_1_Packs/_newpacks_scan.tsv
Assets/Low Poly ShotGun Weapon Pack 2/Prefabs/Attachments/Optics/Optic_K.prefab,ShotgunPack2,Optic_K,AttachmentOrPart,attachment module (optic/muzzle/grip/rail/light/mag),,,,,,2,2,1220,0.0667,0.1239,0.2097,0.2097,none-authored,none-authored,urp-lit,Standard,,Review/M7_1_Packs/_newpacks_scan.tsv
Assets/Low Poly ShotGun Weapon Pack 2/Prefabs/Attachments/Optics/Optic_L.prefab,ShotgunPack2,Optic_L,AttachmentOrPart,attachment module (optic/muzzle/grip/rail/light/mag),,,,,,4,4,2052,0.0675,0.1008,0.2575,0.2575,none-authored,none-authored,urp-lit,Standard,,Review/M7_1_Packs/_newpacks_scan.tsv
Assets/Low Poly ShotGun Weapon Pack 2/Prefabs/Attachments/Optics/Optic_S.prefab,ShotgunPack2,Optic_S,AttachmentOrPart,attachment module (optic/muzzle/grip/rail/light/mag),,,,,,2,2,1284,0.0588,0.1035,0.1675,0.1675,none-authored,none-authored,urp-lit,Standard,,Review/M7_1_Packs/_newpacks_scan.tsv
Assets/Low Poly ShotGun Weapon Pack 2/Prefabs/Attachments/Optics/Optic_T.prefab,ShotgunPack2,Optic_T,AttachmentOrPart,attachment module (optic/muzzle/grip/rail/light/mag),,,,,,2,2,802,0.0775,0.0803,0.1498,0.1498,none-authored,none-authored,urp-lit,Standard,,Review/M7_1_Packs/_newpacks_scan.tsv
Assets/Low Poly ShotGun Weapon Pack 2/Prefabs/Attachments/Optics/Optic_U.prefab,ShotgunPack2,Optic_U,AttachmentOrPart,attachment module (optic/muzzle/grip/rail/light/mag),,,,,,2,2,1130,0.0550,0.0638,0.0863,0.0863,none-authored,none-authored,urp-lit,Standard,,Review/M7_1_Packs/_newpacks_scan.tsv
Assets/Low Poly ShotGun Weapon Pack 2/Prefabs/Attachments/UnderBarrels/ForwardGrips/ForwardGrip_A.prefab,ShotgunPack2,ForwardGrip_A,AttachmentOrPart,attachment module (optic/muzzle/grip/rail/light/mag),,,,,,1,1,352,0.0525,0.0775,0.1700,0.1700,none-authored,none-authored,urp-lit,Standard,,Review/M7_1_Packs/_newpacks_scan.tsv
Assets/Low Poly ShotGun Weapon Pack 2/Prefabs/Attachments/UnderBarrels/ForwardGrips/ForwardGrip_B.prefab,ShotgunPack2,ForwardGrip_B,AttachmentOrPart,attachment module (optic/muzzle/grip/rail/light/mag),,,,,,1,1,284,0.0500,0.1050,0.0675,0.1050,none-authored,none-authored,urp-lit,Standard,,Review/M7_1_Packs/_newpacks_scan.tsv
Assets/Low Poly ShotGun Weapon Pack 2/Prefabs/Attachments/UnderBarrels/ForwardGrips/ForwardGrip_C.prefab,ShotgunPack2,ForwardGrip_C,AttachmentOrPart,attachment module (optic/muzzle/grip/rail/light/mag),,,,,,1,1,352,0.0440,0.1550,0.0600,0.1550,none-authored,none-authored,urp-lit,Standard,,Review/M7_1_Packs/_newpacks_scan.tsv
Assets/Low Poly ShotGun Weapon Pack 2/Prefabs/Attachments/UnderBarrels/ForwardGrips/ForwardGrip_D.prefab,ShotgunPack2,ForwardGrip_D,AttachmentOrPart,attachment module (optic/muzzle/grip/rail/light/mag),,,,,,1,1,624,0.0450,0.1150,0.0700,0.1150,none-authored,none-authored,urp-lit,Standard,,Review/M7_1_Packs/_newpacks_scan.tsv
Assets/Low Poly ShotGun Weapon Pack 2/Prefabs/Attachments/UnderBarrels/ForwardGrips/ForwardGrip_E.prefab,ShotgunPack2,ForwardGrip_E,AttachmentOrPart,attachment module (optic/muzzle/grip/rail/light/mag),,,,,,1,1,488,0.0500,0.1638,0.0450,0.1638,none-authored,none-authored,urp-lit,Standard,,Review/M7_1_Packs/_newpacks_scan.tsv
Assets/Low Poly ShotGun Weapon Pack 2/Prefabs/Attachments/UnderBarrels/ForwardGrips/ForwardGrip_F.prefab,ShotgunPack2,ForwardGrip_F,AttachmentOrPart,attachment module (optic/muzzle/grip/rail/light/mag),,,,,,1,1,450,0.0500,0.0700,0.1275,0.1275,none-authored,none-authored,urp-lit,Standard,,Review/M7_1_Packs/_newpacks_scan.tsv
Assets/Low Poly ShotGun Weapon Pack 2/Prefabs/Attachments/UnderBarrels/ForwardGrips/ForwardGrip_G.prefab,ShotgunPack2,ForwardGrip_G,AttachmentOrPart,attachment module (optic/muzzle/grip/rail/light/mag),,,,,,1,1,386,0.0525,0.0563,0.0565,0.0565,none-authored,none-authored,urp-lit,Standard,,Review/M7_1_Packs/_newpacks_scan.tsv
Assets/Low Poly ShotGun Weapon Pack 2/Prefabs/Attachments/UnderBarrels/ForwardGrips/ForwardGrip_H.prefab,ShotgunPack2,ForwardGrip_H,AttachmentOrPart,attachment module (optic/muzzle/grip/rail/light/mag),,,,,,1,1,532,0.0475,0.1175,0.0625,0.1175,none-authored,none-authored,urp-lit,Standard,,Review/M7_1_Packs/_newpacks_scan.tsv
Assets/Low Poly ShotGun Weapon Pack 2/Prefabs/Attachments/UnderBarrels/ForwardGrips/ForwardGrip_I.prefab,ShotgunPack2,ForwardGrip_I,AttachmentOrPart,attachment module (optic/muzzle/grip/rail/light/mag),,,,,,1,1,616,0.0500,0.1000,0.1538,0.1538,none-authored,none-authored,urp-lit,Standard,,Review/M7_1_Packs/_newpacks_scan.tsv
Assets/Low Poly ShotGun Weapon Pack 2/Prefabs/Attachments/UnderBarrels/ForwardGrips/ForwardGrip_R.prefab,ShotgunPack2,ForwardGrip_R,AttachmentOrPart,attachment module (optic/muzzle/grip/rail/light/mag),,,,,,1,1,388,0.0450,0.1163,0.1068,0.1163,none-authored,none-authored,urp-lit,Standard,,Review/M7_1_Packs/_newpacks_scan.tsv
Assets/Low Poly ShotGun Weapon Pack 2/Prefabs/Attachments/UnderBarrels/ForwardGrips/ForwardGrip_S.prefab,ShotgunPack2,ForwardGrip_S,AttachmentOrPart,attachment module (optic/muzzle/grip/rail/light/mag),,,,,,1,1,360,0.0500,0.1050,0.0638,0.1050,none-authored,none-authored,urp-lit,Standard,,Review/M7_1_Packs/_newpacks_scan.tsv
Assets/Low Poly ShotGun Weapon Pack 2/Prefabs/Attachments/UnderBarrels/ForwardGrips/ForwardGrip_T.prefab,ShotgunPack2,ForwardGrip_T,AttachmentOrPart,attachment module (optic/muzzle/grip/rail/light/mag),,,,,,1,1,892,0.0475,0.1638,0.0575,0.1638,none-authored,none-authored,urp-lit,Standard,,Review/M7_1_Packs/_newpacks_scan.tsv
Assets/Low Poly ShotGun Weapon Pack 2/Prefabs/Bullets/Bullet_ShotGun_A.prefab,ShotgunPack2,Bullet_ShotGun_A,AttachmentOrPart,attachment module (optic/muzzle/grip/rail/light/mag),Shotgun,two-handed,,,,1,1,164,0.0238,0.0275,0.0813,0.0813,none-authored,none-authored,urp-lit,Standard,,Review/M7_1_Packs/_newpacks_scan.tsv
Assets/Low Poly ShotGun Weapon Pack 2/Prefabs/Bullets/Bullet_ShotGun_B.prefab,ShotgunPack2,Bullet_ShotGun_B,AttachmentOrPart,attachment module (optic/muzzle/grip/rail/light/mag),Shotgun,two-handed,,,,1,1,188,0.0238,0.0275,0.0813,0.0813,none-authored,none-authored,urp-lit,Standard,,Review/M7_1_Packs/_newpacks_scan.tsv
Assets/Low Poly ShotGun Weapon Pack 2/Prefabs/Bullets/Bullet_ShotGun_C.prefab,ShotgunPack2,Bullet_ShotGun_C,AttachmentOrPart,attachment module (optic/muzzle/grip/rail/light/mag),Shotgun,two-handed,,,,1,1,476,0.0238,0.0275,0.0813,0.0813,none-authored,none-authored,urp-lit,Standard,,Review/M7_1_Packs/_newpacks_scan.tsv
Assets/Low Poly ShotGun Weapon Pack 2/Prefabs/Bullets/Bullet_ShotGun_D.prefab,ShotgunPack2,Bullet_ShotGun_D,AttachmentOrPart,attachment module (optic/muzzle/grip/rail/light/mag),Shotgun,two-handed,,,,1,1,240,0.0238,0.0275,0.0813,0.0813,none-authored,none-authored,urp-lit,Standard,,Review/M7_1_Packs/_newpacks_scan.tsv
Assets/Low Poly ShotGun Weapon Pack 2/Prefabs/Weapons/ShotGun_F.prefab,ShotgunPack2,ShotGun_F,NeedsShaderConversion,distinct weapon body (URP Lit — needs conversion),Shotgun,two-handed,,,,10,10,7706,0.0894,0.2200,0.5693,0.5693,none-authored,none-authored,urp-lit,Standard,,Review/M7_1_Packs/_newpacks_scan.tsv
Assets/Low Poly ShotGun Weapon Pack 2/Prefabs/Weapons/ShotGun_G.prefab,ShotgunPack2,ShotGun_G,NeedsShaderConversion,distinct weapon body (URP Lit — needs conversion),Shotgun,two-handed,,,,10,10,6822,0.0688,0.2131,0.5335,0.5335,none-authored,none-authored,urp-lit,Standard,,Review/M7_1_Packs/_newpacks_scan.tsv
Assets/Low Poly ShotGun Weapon Pack 2/Prefabs/Weapons/ShotGun_H.prefab,ShotgunPack2,ShotGun_H,NeedsShaderConversion,distinct weapon body (URP Lit — needs conversion),Shotgun,two-handed,,,,11,11,6648,0.1018,0.3009,0.5844,0.5844,none-authored,none-authored,urp-lit,Standard,,Review/M7_1_Packs/_newpacks_scan.tsv
Assets/Low Poly ShotGun Weapon Pack 2/Prefabs/Weapons/ShotGun_I.prefab,ShotgunPack2,ShotGun_I,NeedsShaderConversion,distinct weapon body (URP Lit — needs conversion),Shotgun,two-handed,,,,13,13,8498,0.1175,0.2529,0.5560,0.5560,none-authored,none-authored,urp-lit,Standard,,Review/M7_1_Packs/_newpacks_scan.tsv
Assets/Low Poly ShotGun Weapon Pack 2/Prefabs/Weapons/ShotGun_J.prefab,ShotgunPack2,ShotGun_J,NeedsShaderConversion,distinct weapon body (URP Lit — needs conversion),Shotgun,two-handed,,,,8,8,6636,0.1025,0.3025,0.6189,0.6189,none-authored,none-authored,urp-lit,Standard,,Review/M7_1_Packs/_newpacks_scan.tsv
Assets/Low Poly SMG Weapon Pack 2/Prefabs/Attachments/Accessories/Rails/Rail_A_Down.prefab,SMGPack2,Rail_A_Down,AttachmentOrPart,attachment module (optic/muzzle/grip/rail/light/mag),,,,,,1,1,184,0.0325,0.0120,0.1375,0.1375,none-authored,none-authored,urp-lit,Standard,,Review/M7_1_Packs/_newpacks_scan.tsv
Assets/Low Poly SMG Weapon Pack 2/Prefabs/Attachments/Accessories/Rails/Rail_A_Left.prefab,SMGPack2,Rail_A_Left,AttachmentOrPart,attachment module (optic/muzzle/grip/rail/light/mag),,,,,,1,1,184,0.0120,0.0325,0.1375,0.1375,none-authored,none-authored,urp-lit,Standard,,Review/M7_1_Packs/_newpacks_scan.tsv
Assets/Low Poly SMG Weapon Pack 2/Prefabs/Attachments/Accessories/Rails/Rail_A_Right.prefab,SMGPack2,Rail_A_Right,AttachmentOrPart,attachment module (optic/muzzle/grip/rail/light/mag),,,,,,1,1,184,0.0120,0.0325,0.1375,0.1375,none-authored,none-authored,urp-lit,Standard,,Review/M7_1_Packs/_newpacks_scan.tsv
Assets/Low Poly SMG Weapon Pack 2/Prefabs/Attachments/Accessories/Rails/Rail_A_Up.prefab,SMGPack2,Rail_A_Up,AttachmentOrPart,attachment module (optic/muzzle/grip/rail/light/mag),,,,,,1,1,184,0.0325,0.0120,0.1375,0.1375,none-authored,none-authored,urp-lit,Standard,,Review/M7_1_Packs/_newpacks_scan.tsv
Assets/Low Poly SMG Weapon Pack 2/Prefabs/Attachments/Accessories/Tatical Lasers/Laser_A_Left.prefab,SMGPack2,Laser_A_Left,AttachmentOrPart,attachment module (optic/muzzle/grip/rail/light/mag),,,,,,1,1,346,0.0387,0.0650,0.1275,0.1275,none-authored,none-authored,urp-lit,Standard,,Review/M7_1_Packs/_newpacks_scan.tsv
Assets/Low Poly SMG Weapon Pack 2/Prefabs/Attachments/Accessories/Tatical Lasers/Laser_A_Right.prefab,SMGPack2,Laser_A_Right,AttachmentOrPart,attachment module (optic/muzzle/grip/rail/light/mag),,,,,,1,1,346,0.0387,0.0650,0.1275,0.1275,none-authored,none-authored,urp-lit,Standard,,Review/M7_1_Packs/_newpacks_scan.tsv
Assets/Low Poly SMG Weapon Pack 2/Prefabs/Attachments/Accessories/Tatical Lasers/Laser_B_Left.prefab,SMGPack2,Laser_B_Left,AttachmentOrPart,attachment module (optic/muzzle/grip/rail/light/mag),,,,,,1,1,544,0.0387,0.0700,0.1325,0.1325,none-authored,none-authored,urp-lit,Standard,,Review/M7_1_Packs/_newpacks_scan.tsv
Assets/Low Poly SMG Weapon Pack 2/Prefabs/Attachments/Accessories/Tatical Lasers/Laser_B_Right.prefab,SMGPack2,Laser_B_Right,AttachmentOrPart,attachment module (optic/muzzle/grip/rail/light/mag),,,,,,1,1,544,0.0387,0.0700,0.1325,0.1325,none-authored,none-authored,urp-lit,Standard,,Review/M7_1_Packs/_newpacks_scan.tsv
Assets/Low Poly SMG Weapon Pack 2/Prefabs/Attachments/Accessories/Tatical Lasers/Laser_C_Left.prefab,SMGPack2,Laser_C_Left,AttachmentOrPart,attachment module (optic/muzzle/grip/rail/light/mag),,,,,,1,1,718,0.0338,0.0775,0.1013,0.1013,none-authored,none-authored,urp-lit,Standard,,Review/M7_1_Packs/_newpacks_scan.tsv
Assets/Low Poly SMG Weapon Pack 2/Prefabs/Attachments/Accessories/Tatical Lasers/Laser_C_Right.prefab,SMGPack2,Laser_C_Right,AttachmentOrPart,attachment module (optic/muzzle/grip/rail/light/mag),,,,,,1,1,718,0.0338,0.0775,0.1013,0.1013,none-authored,none-authored,urp-lit,Standard,,Review/M7_1_Packs/_newpacks_scan.tsv
Assets/Low Poly SMG Weapon Pack 2/Prefabs/Attachments/Accessories/Tatical Lasers/Laser_D_Left.prefab,SMGPack2,Laser_D_Left,AttachmentOrPart,attachment module (optic/muzzle/grip/rail/light/mag),,,,,,1,1,796,0.0413,0.0750,0.1250,0.1250,none-authored,none-authored,urp-lit,Standard,,Review/M7_1_Packs/_newpacks_scan.tsv
Assets/Low Poly SMG Weapon Pack 2/Prefabs/Attachments/Accessories/Tatical Lasers/Laser_D_Right.prefab,SMGPack2,Laser_D_Right,AttachmentOrPart,attachment module (optic/muzzle/grip/rail/light/mag),,,,,,1,1,796,0.0413,0.0750,0.1250,0.1250,none-authored,none-authored,urp-lit,Standard,,Review/M7_1_Packs/_newpacks_scan.tsv
Assets/Low Poly SMG Weapon Pack 2/Prefabs/Attachments/Accessories/Tatical Lasers/Laser_E_Left.prefab,SMGPack2,Laser_E_Left,AttachmentOrPart,attachment module (optic/muzzle/grip/rail/light/mag),,,,,,1,1,878,0.0437,0.0700,0.1138,0.1138,none-authored,none-authored,urp-lit,Standard,,Review/M7_1_Packs/_newpacks_scan.tsv
Assets/Low Poly SMG Weapon Pack 2/Prefabs/Attachments/Accessories/Tatical Lasers/Laser_E_Right.prefab,SMGPack2,Laser_E_Right,AttachmentOrPart,attachment module (optic/muzzle/grip/rail/light/mag),,,,,,1,1,878,0.0437,0.0700,0.1138,0.1138,none-authored,none-authored,urp-lit,Standard,,Review/M7_1_Packs/_newpacks_scan.tsv
Assets/Low Poly SMG Weapon Pack 2/Prefabs/Attachments/Accessories/Tatical Lights/Light_A_Left.prefab,SMGPack2,Light_A_Left,AttachmentOrPart,attachment module (optic/muzzle/grip/rail/light/mag),,,,,,2,2,520,0.0564,0.0490,0.1875,0.1875,none-authored,none-authored,urp-lit,Standard,,Review/M7_1_Packs/_newpacks_scan.tsv
Assets/Low Poly SMG Weapon Pack 2/Prefabs/Attachments/Accessories/Tatical Lights/Light_A_Right.prefab,SMGPack2,Light_A_Right,AttachmentOrPart,attachment module (optic/muzzle/grip/rail/light/mag),,,,,,2,2,520,0.0564,0.0490,0.1875,0.1875,none-authored,none-authored,urp-lit,Standard,,Review/M7_1_Packs/_newpacks_scan.tsv
Assets/Low Poly SMG Weapon Pack 2/Prefabs/Attachments/Accessories/Tatical Lights/Light_B_Left.prefab,SMGPack2,Light_B_Left,AttachmentOrPart,attachment module (optic/muzzle/grip/rail/light/mag),,,,,,2,2,622,0.0446,0.0705,0.1375,0.1375,none-authored,none-authored,urp-lit,Standard,,Review/M7_1_Packs/_newpacks_scan.tsv
Assets/Low Poly SMG Weapon Pack 2/Prefabs/Attachments/Accessories/Tatical Lights/Light_B_Right.prefab,SMGPack2,Light_B_Right,AttachmentOrPart,attachment module (optic/muzzle/grip/rail/light/mag),,,,,,2,2,622,0.0446,0.0705,0.1375,0.1375,none-authored,none-authored,urp-lit,Standard,,Review/M7_1_Packs/_newpacks_scan.tsv
Assets/Low Poly SMG Weapon Pack 2/Prefabs/Attachments/Accessories/Tatical Lights/Light_C_Left.prefab,SMGPack2,Light_C_Left,AttachmentOrPart,attachment module (optic/muzzle/grip/rail/light/mag),,,,,,1,1,456,0.0275,0.0375,0.0613,0.0613,none-authored,none-authored,urp-lit,Standard,,Review/M7_1_Packs/_newpacks_scan.tsv
Assets/Low Poly SMG Weapon Pack 2/Prefabs/Attachments/Accessories/Tatical Lights/Light_C_Right.prefab,SMGPack2,Light_C_Right,AttachmentOrPart,attachment module (optic/muzzle/grip/rail/light/mag),,,,,,1,1,456,0.0275,0.0375,0.0613,0.0613,none-authored,none-authored,urp-lit,Standard,,Review/M7_1_Packs/_newpacks_scan.tsv
Assets/Low Poly SMG Weapon Pack 2/Prefabs/Attachments/Accessories/Tatical Lights/Light_D_Left.prefab,SMGPack2,Light_D_Left,AttachmentOrPart,attachment module (optic/muzzle/grip/rail/light/mag),,,,,,1,1,784,0.0612,0.0555,0.1525,0.1525,none-authored,none-authored,urp-lit,Standard,,Review/M7_1_Packs/_newpacks_scan.tsv
Assets/Low Poly SMG Weapon Pack 2/Prefabs/Attachments/Accessories/Tatical Lights/Light_D_Right.prefab,SMGPack2,Light_D_Right,AttachmentOrPart,attachment module (optic/muzzle/grip/rail/light/mag),,,,,,1,1,784,0.0612,0.0555,0.1525,0.1525,none-authored,none-authored,urp-lit,Standard,,Review/M7_1_Packs/_newpacks_scan.tsv
Assets/Low Poly SMG Weapon Pack 2/Prefabs/Attachments/Accessories/Tatical Lights/Light_E_Left.prefab,SMGPack2,Light_E_Left,AttachmentOrPart,attachment module (optic/muzzle/grip/rail/light/mag),,,,,,1,1,1180,0.0543,0.0389,0.1563,0.1563,none-authored,none-authored,urp-lit,Standard,,Review/M7_1_Packs/_newpacks_scan.tsv
Assets/Low Poly SMG Weapon Pack 2/Prefabs/Attachments/Accessories/Tatical Lights/Light_E_Right.prefab,SMGPack2,Light_E_Right,AttachmentOrPart,attachment module (optic/muzzle/grip/rail/light/mag),,,,,,1,1,1180,0.0543,0.0389,0.1563,0.1563,none-authored,none-authored,urp-lit,Standard,,Review/M7_1_Packs/_newpacks_scan.tsv
Assets/Low Poly SMG Weapon Pack 2/Prefabs/Attachments/Muzzles/Muzzle_Brake_A.prefab,SMGPack2,Muzzle_Brake_A,AttachmentOrPart,attachment module (optic/muzzle/grip/rail/light/mag),,,,,,1,1,392,0.0260,0.0300,0.0650,0.0650,none-authored,none-authored,urp-lit,Standard,,Review/M7_1_Packs/_newpacks_scan.tsv
Assets/Low Poly SMG Weapon Pack 2/Prefabs/Attachments/Muzzles/Muzzle_Brake_B.prefab,SMGPack2,Muzzle_Brake_B,AttachmentOrPart,attachment module (optic/muzzle/grip/rail/light/mag),,,,,,1,1,256,0.0303,0.0350,0.0600,0.0600,none-authored,none-authored,urp-lit,Standard,,Review/M7_1_Packs/_newpacks_scan.tsv
Assets/Low Poly SMG Weapon Pack 2/Prefabs/Attachments/Muzzles/Muzzle_Brake_C.prefab,SMGPack2,Muzzle_Brake_C,AttachmentOrPart,attachment module (optic/muzzle/grip/rail/light/mag),,,,,,1,1,800,0.0325,0.0375,0.0825,0.0825,none-authored,none-authored,urp-lit,Standard,,Review/M7_1_Packs/_newpacks_scan.tsv
Assets/Low Poly SMG Weapon Pack 2/Prefabs/Attachments/Muzzles/Muzzle_Brake_D.prefab,SMGPack2,Muzzle_Brake_D,AttachmentOrPart,attachment module (optic/muzzle/grip/rail/light/mag),,,,,,1,1,568,0.0331,0.0382,0.1150,0.1150,none-authored,none-authored,urp-lit,Standard,,Review/M7_1_Packs/_newpacks_scan.tsv
Assets/Low Poly SMG Weapon Pack 2/Prefabs/Attachments/Muzzles/Muzzle_Brake_E.prefab,SMGPack2,Muzzle_Brake_E,AttachmentOrPart,attachment module (optic/muzzle/grip/rail/light/mag),,,,,,1,1,296,0.0346,0.0400,0.0575,0.0575,none-authored,none-authored,urp-lit,Standard,,Review/M7_1_Packs/_newpacks_scan.tsv
Assets/Low Poly SMG Weapon Pack 2/Prefabs/Attachments/Muzzles/Muzzle_Flash Hider_A.prefab,SMGPack2,Muzzle_Flash Hider_A,AttachmentOrPart,attachment module (optic/muzzle/grip/rail/light/mag),,,,,,1,1,488,0.0260,0.0300,0.0650,0.0650,none-authored,none-authored,urp-lit,Standard,,Review/M7_1_Packs/_newpacks_scan.tsv
Assets/Low Poly SMG Weapon Pack 2/Prefabs/Attachments/Muzzles/Muzzle_Flash Hider_B.prefab,SMGPack2,Muzzle_Flash Hider_B,AttachmentOrPart,attachment module (optic/muzzle/grip/rail/light/mag),,,,,,1,1,474,0.0303,0.0350,0.1087,0.1087,none-authored,none-authored,urp-lit,Standard,,Review/M7_1_Packs/_newpacks_scan.tsv
Assets/Low Poly SMG Weapon Pack 2/Prefabs/Attachments/Muzzles/Muzzle_Flash Hider_C.prefab,SMGPack2,Muzzle_Flash Hider_C,AttachmentOrPart,attachment module (optic/muzzle/grip/rail/light/mag),,,,,,1,1,708,0.0314,0.0363,0.1063,0.1063,none-authored,none-authored,urp-lit,Standard,,Review/M7_1_Packs/_newpacks_scan.tsv
Assets/Low Poly SMG Weapon Pack 2/Prefabs/Attachments/Muzzles/Muzzle_Flash Hider_D.prefab,SMGPack2,Muzzle_Flash Hider_D,AttachmentOrPart,attachment module (optic/muzzle/grip/rail/light/mag),,,,,,1,1,620,0.0260,0.0300,0.0687,0.0687,none-authored,none-authored,urp-lit,Standard,,Review/M7_1_Packs/_newpacks_scan.tsv
Assets/Low Poly SMG Weapon Pack 2/Prefabs/Attachments/Muzzles/Muzzle_Flash Hider_E.prefab,SMGPack2,Muzzle_Flash Hider_E,AttachmentOrPart,attachment module (optic/muzzle/grip/rail/light/mag),,,,,,1,1,464,0.0333,0.0385,0.0737,0.0737,none-authored,none-authored,urp-lit,Standard,,Review/M7_1_Packs/_newpacks_scan.tsv
Assets/Low Poly SMG Weapon Pack 2/Prefabs/Attachments/Muzzles/Muzzle_Suppressor_A.prefab,SMGPack2,Muzzle_Suppressor_A,AttachmentOrPart,attachment module (optic/muzzle/grip/rail/light/mag),,,,,,1,1,292,0.0429,0.0495,0.2375,0.2375,none-authored,none-authored,urp-lit,Standard,,Review/M7_1_Packs/_newpacks_scan.tsv
Assets/Low Poly SMG Weapon Pack 2/Prefabs/Attachments/Muzzles/Muzzle_Suppressor_B.prefab,SMGPack2,Muzzle_Suppressor_B,AttachmentOrPart,attachment module (optic/muzzle/grip/rail/light/mag),,,,,,1,1,364,0.0507,0.0585,0.2675,0.2675,none-authored,none-authored,urp-lit,Standard,,Review/M7_1_Packs/_newpacks_scan.tsv
Assets/Low Poly SMG Weapon Pack 2/Prefabs/Attachments/Muzzles/Muzzle_Suppressor_C.prefab,SMGPack2,Muzzle_Suppressor_C,AttachmentOrPart,attachment module (optic/muzzle/grip/rail/light/mag),,,,,,1,1,452,0.0476,0.0550,0.1550,0.1550,none-authored,none-authored,urp-lit,Standard,,Review/M7_1_Packs/_newpacks_scan.tsv
Assets/Low Poly SMG Weapon Pack 2/Prefabs/Attachments/Muzzles/Muzzle_Suppressor_D.prefab,SMGPack2,Muzzle_Suppressor_D,AttachmentOrPart,attachment module (optic/muzzle/grip/rail/light/mag),,,,,,1,1,484,0.0405,0.0468,0.2400,0.2400,none-authored,none-authored,urp-lit,Standard,,Review/M7_1_Packs/_newpacks_scan.tsv
Assets/Low Poly SMG Weapon Pack 2/Prefabs/Attachments/Muzzles/Muzzle_Suppressor_E.prefab,SMGPack2,Muzzle_Suppressor_E,AttachmentOrPart,attachment module (optic/muzzle/grip/rail/light/mag),,,,,,1,1,296,0.0429,0.0495,0.2625,0.2625,none-authored,none-authored,urp-lit,Standard,,Review/M7_1_Packs/_newpacks_scan.tsv
Assets/Low Poly SMG Weapon Pack 2/Prefabs/Attachments/Muzzles/Muzzle_Suppressor_H.prefab,SMGPack2,Muzzle_Suppressor_H,AttachmentOrPart,attachment module (optic/muzzle/grip/rail/light/mag),,,,,,1,1,536,0.0425,0.0650,0.2813,0.2813,none-authored,none-authored,urp-lit,Standard,,Review/M7_1_Packs/_newpacks_scan.tsv
Assets/Low Poly SMG Weapon Pack 2/Prefabs/Attachments/Optics/Optic_A.prefab,SMGPack2,Optic_A,AttachmentOrPart,attachment module (optic/muzzle/grip/rail/light/mag),,,,,,2,2,524,0.0450,0.0658,0.0756,0.0756,none-authored,none-authored,urp-lit,Standard,,Review/M7_1_Packs/_newpacks_scan.tsv
Assets/Low Poly SMG Weapon Pack 2/Prefabs/Attachments/Optics/Optic_B.prefab,SMGPack2,Optic_B,AttachmentOrPart,attachment module (optic/muzzle/grip/rail/light/mag),,,,,,2,2,606,0.0500,0.0876,0.1300,0.1300,none-authored,none-authored,urp-lit,Standard,,Review/M7_1_Packs/_newpacks_scan.tsv
Assets/Low Poly SMG Weapon Pack 2/Prefabs/Attachments/Optics/Optic_C.prefab,SMGPack2,Optic_C,AttachmentOrPart,attachment module (optic/muzzle/grip/rail/light/mag),,,,,,2,2,932,0.0645,0.1243,0.2020,0.2020,none-authored,none-authored,urp-lit,Standard,,Review/M7_1_Packs/_newpacks_scan.tsv
Assets/Low Poly SMG Weapon Pack 2/Prefabs/Attachments/Optics/Optic_D.prefab,SMGPack2,Optic_D,AttachmentOrPart,attachment module (optic/muzzle/grip/rail/light/mag),,,,,,2,2,786,0.0512,0.0896,0.1600,0.1600,none-authored,none-authored,urp-lit,Standard,,Review/M7_1_Packs/_newpacks_scan.tsv
Assets/Low Poly SMG Weapon Pack 2/Prefabs/Attachments/Optics/Optic_E.prefab,SMGPack2,Optic_E,AttachmentOrPart,attachment module (optic/muzzle/grip/rail/light/mag),,,,,,2,2,858,0.0600,0.0861,0.0881,0.0881,none-authored,none-authored,urp-lit,Standard,,Review/M7_1_Packs/_newpacks_scan.tsv
Assets/Low Poly SMG Weapon Pack 2/Prefabs/Attachments/Optics/Optic_F.prefab,SMGPack2,Optic_F,AttachmentOrPart,attachment module (optic/muzzle/grip/rail/light/mag),,,,,,2,2,858,0.0550,0.1031,0.0900,0.1031,none-authored,none-authored,urp-lit,Standard,,Review/M7_1_Packs/_newpacks_scan.tsv
Assets/Low Poly SMG Weapon Pack 2/Prefabs/Attachments/Optics/Optic_G.prefab,SMGPack2,Optic_G,AttachmentOrPart,attachment module (optic/muzzle/grip/rail/light/mag),,,,,,4,4,932,0.0575,0.0712,0.0438,0.0712,none-authored,none-authored,urp-lit,Standard,,Review/M7_1_Packs/_newpacks_scan.tsv
Assets/Low Poly SMG Weapon Pack 2/Prefabs/Attachments/Optics/Optic_H.prefab,SMGPack2,Optic_H,AttachmentOrPart,attachment module (optic/muzzle/grip/rail/light/mag),,,,,,2,2,1798,0.0663,0.1461,0.1763,0.1763,none-authored,none-authored,urp-lit,Standard,,Review/M7_1_Packs/_newpacks_scan.tsv
Assets/Low Poly SMG Weapon Pack 2/Prefabs/Attachments/Optics/Optic_I.prefab,SMGPack2,Optic_I,AttachmentOrPart,attachment module (optic/muzzle/grip/rail/light/mag),,,,,,2,2,1220,0.0600,0.0918,0.1175,0.1175,none-authored,none-authored,urp-lit,Standard,,Review/M7_1_Packs/_newpacks_scan.tsv
Assets/Low Poly SMG Weapon Pack 2/Prefabs/Attachments/Optics/Optic_J.prefab,SMGPack2,Optic_J,AttachmentOrPart,attachment module (optic/muzzle/grip/rail/light/mag),,,,,,3,3,2128,0.0638,0.1347,0.1950,0.1950,none-authored,none-authored,urp-lit,Standard,,Review/M7_1_Packs/_newpacks_scan.tsv
Assets/Low Poly SMG Weapon Pack 2/Prefabs/Attachments/Optics/Optic_K.prefab,SMGPack2,Optic_K,AttachmentOrPart,attachment module (optic/muzzle/grip/rail/light/mag),,,,,,2,2,1220,0.0667,0.1239,0.2097,0.2097,none-authored,none-authored,urp-lit,Standard,,Review/M7_1_Packs/_newpacks_scan.tsv
Assets/Low Poly SMG Weapon Pack 2/Prefabs/Attachments/Optics/Optic_L.prefab,SMGPack2,Optic_L,AttachmentOrPart,attachment module (optic/muzzle/grip/rail/light/mag),,,,,,4,4,2052,0.0675,0.1008,0.2575,0.2575,none-authored,none-authored,urp-lit,Standard,,Review/M7_1_Packs/_newpacks_scan.tsv
Assets/Low Poly SMG Weapon Pack 2/Prefabs/Attachments/Optics/Optic_O.prefab,SMGPack2,Optic_O,AttachmentOrPart,attachment module (optic/muzzle/grip/rail/light/mag),,,,,,2,2,1028,0.0550,0.1013,0.0738,0.1013,none-authored,none-authored,urp-lit,Standard,,Review/M7_1_Packs/_newpacks_scan.tsv
Assets/Low Poly SMG Weapon Pack 2/Prefabs/Attachments/Optics/Optic_P.prefab,SMGPack2,Optic_P,AttachmentOrPart,attachment module (optic/muzzle/grip/rail/light/mag),,,,,,2,2,924,0.0550,0.0825,0.0700,0.0825,none-authored,none-authored,urp-lit,Standard,,Review/M7_1_Packs/_newpacks_scan.tsv
Assets/Low Poly SMG Weapon Pack 2/Prefabs/Attachments/Optics/Optic_Q.prefab,SMGPack2,Optic_Q,AttachmentOrPart,attachment module (optic/muzzle/grip/rail/light/mag),,,,,,2,2,962,0.0550,0.0700,0.0800,0.0800,none-authored,none-authored,urp-lit,Standard,,Review/M7_1_Packs/_newpacks_scan.tsv
Assets/Low Poly SMG Weapon Pack 2/Prefabs/Attachments/UnderBarrels/ForwardGrip_A.prefab,SMGPack2,ForwardGrip_A,AttachmentOrPart,attachment module (optic/muzzle/grip/rail/light/mag),,,,,,1,1,352,0.0525,0.0775,0.1700,0.1700,none-authored,none-authored,urp-lit,Standard,,Review/M7_1_Packs/_newpacks_scan.tsv
Assets/Low Poly SMG Weapon Pack 2/Prefabs/Attachments/UnderBarrels/ForwardGrip_B.prefab,SMGPack2,ForwardGrip_B,AttachmentOrPart,attachment module (optic/muzzle/grip/rail/light/mag),,,,,,1,1,284,0.0500,0.1050,0.0675,0.1050,none-authored,none-authored,urp-lit,Standard,,Review/M7_1_Packs/_newpacks_scan.tsv
Assets/Low Poly SMG Weapon Pack 2/Prefabs/Attachments/UnderBarrels/ForwardGrip_C.prefab,SMGPack2,ForwardGrip_C,AttachmentOrPart,attachment module (optic/muzzle/grip/rail/light/mag),,,,,,1,1,352,0.0440,0.1550,0.0600,0.1550,none-authored,none-authored,urp-lit,Standard,,Review/M7_1_Packs/_newpacks_scan.tsv
Assets/Low Poly SMG Weapon Pack 2/Prefabs/Attachments/UnderBarrels/ForwardGrip_D.prefab,SMGPack2,ForwardGrip_D,AttachmentOrPart,attachment module (optic/muzzle/grip/rail/light/mag),,,,,,1,1,624,0.0450,0.1150,0.0700,0.1150,none-authored,none-authored,urp-lit,Standard,,Review/M7_1_Packs/_newpacks_scan.tsv
Assets/Low Poly SMG Weapon Pack 2/Prefabs/Attachments/UnderBarrels/ForwardGrip_E.prefab,SMGPack2,ForwardGrip_E,AttachmentOrPart,attachment module (optic/muzzle/grip/rail/light/mag),,,,,,1,1,488,0.0500,0.1638,0.0450,0.1638,none-authored,none-authored,urp-lit,Standard,,Review/M7_1_Packs/_newpacks_scan.tsv
Assets/Low Poly SMG Weapon Pack 2/Prefabs/Attachments/UnderBarrels/ForwardGrip_F.prefab,SMGPack2,ForwardGrip_F,AttachmentOrPart,attachment module (optic/muzzle/grip/rail/light/mag),,,,,,1,1,450,0.0500,0.0700,0.1275,0.1275,none-authored,none-authored,urp-lit,Standard,,Review/M7_1_Packs/_newpacks_scan.tsv
Assets/Low Poly SMG Weapon Pack 2/Prefabs/Attachments/UnderBarrels/ForwardGrip_G.prefab,SMGPack2,ForwardGrip_G,AttachmentOrPart,attachment module (optic/muzzle/grip/rail/light/mag),,,,,,1,1,386,0.0525,0.0563,0.0565,0.0565,none-authored,none-authored,urp-lit,Standard,,Review/M7_1_Packs/_newpacks_scan.tsv
Assets/Low Poly SMG Weapon Pack 2/Prefabs/Attachments/UnderBarrels/ForwardGrip_H.prefab,SMGPack2,ForwardGrip_H,AttachmentOrPart,attachment module (optic/muzzle/grip/rail/light/mag),,,,,,1,1,532,0.0475,0.1175,0.0625,0.1175,none-authored,none-authored,urp-lit,Standard,,Review/M7_1_Packs/_newpacks_scan.tsv
Assets/Low Poly SMG Weapon Pack 2/Prefabs/Attachments/UnderBarrels/ForwardGrip_I.prefab,SMGPack2,ForwardGrip_I,AttachmentOrPart,attachment module (optic/muzzle/grip/rail/light/mag),,,,,,1,1,616,0.0500,0.1000,0.1538,0.1538,none-authored,none-authored,urp-lit,Standard,,Review/M7_1_Packs/_newpacks_scan.tsv
Assets/Low Poly SMG Weapon Pack 2/Prefabs/Attachments/UnderBarrels/ForwardGrip_L.prefab,SMGPack2,ForwardGrip_L,AttachmentOrPart,attachment module (optic/muzzle/grip/rail/light/mag),,,,,,1,1,412,0.0500,0.0536,0.0650,0.0650,none-authored,none-authored,urp-lit,Standard,,Review/M7_1_Packs/_newpacks_scan.tsv
Assets/Low Poly SMG Weapon Pack 2/Prefabs/Attachments/UnderBarrels/ForwardGrip_M.prefab,SMGPack2,ForwardGrip_M,AttachmentOrPart,attachment module (optic/muzzle/grip/rail/light/mag),,,,,,1,1,528,0.0525,0.0669,0.0641,0.0669,none-authored,none-authored,urp-lit,Standard,,Review/M7_1_Packs/_newpacks_scan.tsv
Assets/Low Poly SMG Weapon Pack 2/Prefabs/Attachments/UnderBarrels/ForwardGrip_N.prefab,SMGPack2,ForwardGrip_N,AttachmentOrPart,attachment module (optic/muzzle/grip/rail/light/mag),,,,,,1,1,392,0.0500,0.0875,0.0688,0.0875,none-authored,none-authored,urp-lit,Standard,,Review/M7_1_Packs/_newpacks_scan.tsv
Assets/Low Poly SMG Weapon Pack 2/Prefabs/Bullets/Bullet_SMG_A.prefab,SMGPack2,Bullet_SMG_A,AttachmentOrPart,attachment module (optic/muzzle/grip/rail/light/mag),SMG,two-handed,,,,2,2,148,0.0133,0.0154,0.0330,0.0330,none-authored,none-authored,urp-lit,Standard,,Review/M7_1_Packs/_newpacks_scan.tsv
Assets/Low Poly SMG Weapon Pack 2/Prefabs/Bullets/Bullet_SMG_B.prefab,SMGPack2,Bullet_SMG_B,AttachmentOrPart,attachment module (optic/muzzle/grip/rail/light/mag),SMG,two-handed,,,,2,2,196,0.0133,0.0154,0.0330,0.0330,none-authored,none-authored,urp-lit,Standard,,Review/M7_1_Packs/_newpacks_scan.tsv
Assets/Low Poly SMG Weapon Pack 2/Prefabs/Bullets/Bullet_SMG_C.prefab,SMGPack2,Bullet_SMG_C,AttachmentOrPart,attachment module (optic/muzzle/grip/rail/light/mag),SMG,two-handed,,,,2,2,172,0.0133,0.0154,0.0343,0.0343,none-authored,none-authored,urp-lit,Standard,,Review/M7_1_Packs/_newpacks_scan.tsv
Assets/Low Poly SMG Weapon Pack 2/Prefabs/Bullets/Bullet_SMG_D.prefab,SMGPack2,Bullet_SMG_D,AttachmentOrPart,attachment module (optic/muzzle/grip/rail/light/mag),SMG,two-handed,,,,2,2,184,0.0133,0.0154,0.0338,0.0338,none-authored,none-authored,urp-lit,Standard,,Review/M7_1_Packs/_newpacks_scan.tsv
Assets/Low Poly SMG Weapon Pack 2/Prefabs/Weapons/SMG_F.prefab,SMGPack2,SMG_F,NeedsShaderConversion,distinct weapon body (URP Lit — needs conversion),SMG,two-handed,,,,12,12,6533,0.0649,0.3323,0.5325,0.5325,none-authored,none-authored,urp-lit,Standard,,Review/M7_1_Packs/_newpacks_scan.tsv
Assets/Low Poly SMG Weapon Pack 2/Prefabs/Weapons/SMG_G.prefab,SMGPack2,SMG_G,NeedsShaderConversion,distinct weapon body (URP Lit — needs conversion),SMG,two-handed,,,,15,15,5926,0.0725,0.3025,0.5962,0.5962,none-authored,none-authored,urp-lit,Standard,,Review/M7_1_Packs/_newpacks_scan.tsv
Assets/Low Poly SMG Weapon Pack 2/Prefabs/Weapons/SMG_H.prefab,SMGPack2,SMG_H,NeedsShaderConversion,distinct weapon body (URP Lit — needs conversion),SMG,two-handed,,,,7,7,4246,0.0688,0.2800,0.5495,0.5495,none-authored,none-authored,urp-lit,Standard,,Review/M7_1_Packs/_newpacks_scan.tsv
Assets/Low Poly SMG Weapon Pack 2/Prefabs/Weapons/SMG_I.prefab,SMGPack2,SMG_I,NeedsShaderConversion,distinct weapon body (URP Lit — needs conversion),SMG,two-handed,,,,7,7,4994,0.0645,0.2979,0.7103,0.7103,none-authored,none-authored,urp-lit,Standard,,Review/M7_1_Packs/_newpacks_scan.tsv
Assets/Low Poly SMG Weapon Pack 2/Prefabs/Weapons/SMG_J.prefab,SMGPack2,SMG_J,NeedsShaderConversion,distinct weapon body (URP Lit — needs conversion),SMG,two-handed,,,,14,14,7256,0.0674,0.2760,0.5250,0.5250,none-authored,none-authored,urp-lit,Standard,,Review/M7_1_Packs/_newpacks_scan.tsv
