catalog_index,sprite_name,category,asset_path,source_type
1,Button01_l_Blue,Components/Button,Assets/ThirdParty/Layer Lab/GUI Pro-SuperCasual/ResourcesData/Sprites/Components/Button/Button01_l_Blue.png,png
2,Button01_l_DarkGray,Components/Button,Assets/ThirdParty/Layer Lab/GUI Pro-SuperCasual/ResourcesData/Sprites/Components/Button/Button01_l_DarkGray.png,png
3,Button01_l_Gray,Components/Button,Assets/ThirdParty/Layer Lab/GUI Pro-SuperCasual/ResourcesData/Sprites/Components/Button/Button01_l_Gray.png,png
4,Button01_l_Green,Components/Button,Assets/ThirdParty/Layer Lab/GUI Pro-SuperCasual/ResourcesData/Sprites/Components/Button/Button01_l_Green.png,png
5,Button01_l_Mint,Components/Button,Assets/ThirdParty/Layer Lab/GUI Pro-SuperCasual/ResourcesData/Sprites/Components/Button/Button01_l_Mint.png,png
6,Button01_l_Pink,Components/Button,Assets/ThirdParty/Layer Lab/GUI Pro-SuperCasual/ResourcesData/Sprites/Components/Button/Button01_l_Pink.png,png
7,Button01_l_Purple,Components/Button,Assets/ThirdParty/Layer Lab/GUI Pro-SuperCasual/ResourcesData/Sprites/Components/Button/Button01_l_Purple.png,png
8,Button01_l_Red,Components/Button,Assets/ThirdParty/Layer Lab/GUI Pro-SuperCasual/ResourcesData/Sprites/Components/Button/Button01_l_Red.png,png
9,Button01_l_Sky,Components/Button,Assets/ThirdParty/Layer Lab/GUI Pro-SuperCasual/ResourcesData/Sprites/Components/Button/Button01_l_Sky.png,png
10,Button01_l_White_Bg,Components/Button,Assets/ThirdParty/Layer Lab/GUI Pro-SuperCasual/ResourcesData/Sprites/Components/Button/Button01_l_White_Bg.png,png
11,Button01_l_White_Light1,Components/Button,Assets/ThirdParty/Layer Lab/GUI Pro-SuperCasual/ResourcesData/Sprites/Components/Button/Button01_l_White_Light1.png,png
12,Button01_l_White_Light2,Components/Button,Assets/ThirdParty/Layer Lab/GUI Pro-SuperCasual/ResourcesData/Sprites/Components/Button/Button01_l_White_Light2.png,png
13,Button01_l_Yellow,Components/Button,Assets/ThirdParty/Layer Lab/GUI Pro-SuperCasual/ResourcesData/Sprites/Components/Button/Button01_l_Yellow.png,png
14,Button01_s_Blue,Components/Button,Assets/ThirdParty/Layer Lab/GUI Pro-SuperCasual/ResourcesData/Sprites/Components/Button/Button01_s_Blue.png,png
15,Button01_s_DarkGray,Components/Button,Assets/ThirdParty/Layer Lab/GUI Pro-SuperCasual/ResourcesData/Sprites/Components/Button/Button01_s_DarkGray.png,png
16,Button01_s_Flat,Components/Button,Assets/ThirdParty/Layer Lab/GUI Pro-SuperCasual/ResourcesData/Sprites/Components/Button/Button01_s_Flat.png,png
17,Button01_s_Gray,Components/Button,Assets/ThirdParty/Layer Lab/GUI Pro-SuperCasual/ResourcesData/Sprites/Components/Button/Button01_s_Gray.png,png
18,Button01_s_Green,Components/Button,Assets/ThirdParty/Layer Lab/GUI Pro-SuperCasual/ResourcesData/Sprites/Components/Button/Button01_s_Green.png,png
19,Button01_s_Mint,Components/Button,Assets/ThirdParty/Layer Lab/GUI Pro-SuperCasual/ResourcesData/Sprites/Components/Button/Button01_s_Mint.png,png
20,Button01_s_PInk,Components/Button,Assets/ThirdParty/Layer Lab/GUI Pro-SuperCasual/ResourcesData/Sprites/Components/Button/Button01_s_PInk.png,png
21,Button01_s_Purple,Components/Button,Assets/ThirdParty/Layer Lab/GUI Pro-SuperCasual/ResourcesData/Sprites/Components/Button/Button01_s_Purple.png,png
22,Button01_s_Red,Components/Button,Assets/ThirdParty/Layer Lab/GUI Pro-SuperCasual/ResourcesData/Sprites/Components/Button/Button01_s_Red.png,png
23,Button01_s_Sky,Components/Button,Assets/ThirdParty/Layer Lab/GUI Pro-SuperCasual/ResourcesData/Sprites/Components/Button/Button01_s_Sky.png,png
24,Button01_s_White_Bg,Components/Button,Assets/ThirdParty/Layer Lab/GUI Pro-SuperCasual/ResourcesData/Sprites/Components/Button/Button01_s_White_Bg.png,png
25,Button01_s_White_Light1,Components/Button,Assets/ThirdParty/Layer Lab/GUI Pro-SuperCasual/ResourcesData/Sprites/Components/Button/Button01_s_White_Light1.png,png
26,Button01_s_White_Light2,Components/Button,Assets/ThirdParty/Layer Lab/GUI Pro-SuperCasual/ResourcesData/Sprites/Components/Button/Button01_s_White_Light2.png,png
27,Button01_s_Yellow,Components/Button,Assets/ThirdParty/Layer Lab/GUI Pro-SuperCasual/ResourcesData/Sprites/Components/Button/Button01_s_Yellow.png,png
28,Button_Circle118,Components/Button,Assets/ThirdParty/Layer Lab/GUI Pro-SuperCasual/ResourcesData/Sprites/Components/Button/Button_Circle118.png,png
29,Button_Circle120,Components/Button,Assets/ThirdParty/Layer Lab/GUI Pro-SuperCasual/ResourcesData/Sprites/Components/Button/Button_Circle120.png,png
30,Button_Circle122,Components/Button,Assets/ThirdParty/Layer Lab/GUI Pro-SuperCasual/ResourcesData/Sprites/Components/Button/Button_Circle122.png,png
31,Button_Circle74_Bg,Components/Button,Assets/ThirdParty/Layer Lab/GUI Pro-SuperCasual/ResourcesData/Sprites/Components/Button/Button_Circle74_Bg.png,png
32,Button_Circle74_Border,Components/Button,Assets/ThirdParty/Layer Lab/GUI Pro-SuperCasual/ResourcesData/Sprites/Components/Button/Button_Circle74_Border.png,png
33,Button_Circle82,Components/Button,Assets/ThirdParty/Layer Lab/GUI Pro-SuperCasual/ResourcesData/Sprites/Components/Button/Button_Circle82.png,png
34,Button_LeftFlush_Dark,Components/Button,Assets/ThirdParty/Layer Lab/GUI Pro-SuperCasual/ResourcesData/Sprites/Components/Button/Button_LeftFlush_Dark.png,png
35,Button_LeftFlush_White1,Components/Button,Assets/ThirdParty/Layer Lab/GUI Pro-SuperCasual/ResourcesData/Sprites/Components/Button/Button_LeftFlush_White1.png,png
36,Button_LeftFlush_White2,Components/Button,Assets/ThirdParty/Layer Lab/GUI Pro-SuperCasual/ResourcesData/Sprites/Components/Button/Button_LeftFlush_White2.png,png
37,Button_Round01_White_Bg,Components/Button,Assets/ThirdParty/Layer Lab/GUI Pro-SuperCasual/ResourcesData/Sprites/Components/Button/Button_Round01_White_Bg.png,png
38,Button_Round01_White_Light1,Components/Button,Assets/ThirdParty/Layer Lab/GUI Pro-SuperCasual/ResourcesData/Sprites/Components/Button/Button_Round01_White_Light1.png,png
39,Button_Round01_White_Light2,Components/Button,Assets/ThirdParty/Layer Lab/GUI Pro-SuperCasual/ResourcesData/Sprites/Components/Button/Button_Round01_White_Light2.png,png
40,Button_Round01_Yellow,Components/Button,Assets/ThirdParty/Layer Lab/GUI Pro-SuperCasual/ResourcesData/Sprites/Components/Button/Button_Round01_Yellow.png,png
41,Button_Round02_Blue,Components/Button,Assets/ThirdParty/Layer Lab/GUI Pro-SuperCasual/ResourcesData/Sprites/Components/Button/Button_Round02_Blue.png,png
42,Button_Round02_White_Bg,Components/Button,Assets/ThirdParty/Layer Lab/GUI Pro-SuperCasual/ResourcesData/Sprites/Components/Button/Button_Round02_White_Bg.png,png
43,Button_Round02_White_Light,Components/Button,Assets/ThirdParty/Layer Lab/GUI Pro-SuperCasual/ResourcesData/Sprites/Components/Button/Button_Round02_White_Light.png,png
44,Button_Round03_Dark,Components/Button,Assets/ThirdParty/Layer Lab/GUI Pro-SuperCasual/ResourcesData/Sprites/Components/Button/Button_Round03_Dark.png,png
45,Button_Round03_White_Light,Components/Button,Assets/ThirdParty/Layer Lab/GUI Pro-SuperCasual/ResourcesData/Sprites/Components/Button/Button_Round03_White_Light.png,png
46,Button_Round03_WhiteBg,Components/Button,Assets/ThirdParty/Layer Lab/GUI Pro-SuperCasual/ResourcesData/Sprites/Components/Button/Button_Round03_WhiteBg.png,png
47,Button_Round04_Bg,Components/Button,Assets/ThirdParty/Layer Lab/GUI Pro-SuperCasual/ResourcesData/Sprites/Components/Button/Button_Round04_Bg.png,png
48,Button_Round04_Oblique,Components/Button,Assets/ThirdParty/Layer Lab/GUI Pro-SuperCasual/ResourcesData/Sprites/Components/Button/Button_Round04_Oblique.png,png
49,Button_Round05,Components/Button,Assets/ThirdParty/Layer Lab/GUI Pro-SuperCasual/ResourcesData/Sprites/Components/Button/Button_Round05.png,png
50,Button_Round06_Red,Components/Button,Assets/ThirdParty/Layer Lab/GUI Pro-SuperCasual/ResourcesData/Sprites/Components/Button/Button_Round06_Red.png,png
51,Button_Round06_White,Components/Button,Assets/ThirdParty/Layer Lab/GUI Pro-SuperCasual/ResourcesData/Sprites/Components/Button/Button_Round06_White.png,png
52,Button_Round07,Components/Button,Assets/ThirdParty/Layer Lab/GUI Pro-SuperCasual/ResourcesData/Sprites/Components/Button/Button_Round07.png,png
53,Button_Round08,Components/Button,Assets/ThirdParty/Layer Lab/GUI Pro-SuperCasual/ResourcesData/Sprites/Components/Button/Button_Round08.png,png
54,Button_Round09,Components/Button,Assets/ThirdParty/Layer Lab/GUI Pro-SuperCasual/ResourcesData/Sprites/Components/Button/Button_Round09.png,png
55,Button_Round10_Bg,Components/Button,Assets/ThirdParty/Layer Lab/GUI Pro-SuperCasual/ResourcesData/Sprites/Components/Button/Button_Round10_Bg.png,png
56,Button_Round10_Light,Components/Button,Assets/ThirdParty/Layer Lab/GUI Pro-SuperCasual/ResourcesData/Sprites/Components/Button/Button_Round10_Light.png,png
57,Button_SkillBtn_Blue,Components/Button,Assets/ThirdParty/Layer Lab/GUI Pro-SuperCasual/ResourcesData/Sprites/Components/Button/Button_SkillBtn_Blue.png,png
58,Button_SkillBtn_Dark,Components/Button,Assets/ThirdParty/Layer Lab/GUI Pro-SuperCasual/ResourcesData/Sprites/Components/Button/Button_SkillBtn_Dark.png,png
59,Button_SkillBtn_Orange,Components/Button,Assets/ThirdParty/Layer Lab/GUI Pro-SuperCasual/ResourcesData/Sprites/Components/Button/Button_SkillBtn_Orange.png,png
60,Button_SkillBtn_Red,Components/Button,Assets/ThirdParty/Layer Lab/GUI Pro-SuperCasual/ResourcesData/Sprites/Components/Button/Button_SkillBtn_Red.png,png
61,Button_SkillBtn_White_Bg,Components/Button,Assets/ThirdParty/Layer Lab/GUI Pro-SuperCasual/ResourcesData/Sprites/Components/Button/Button_SkillBtn_White_Bg.png,png
62,Button_SkillBtn_White_Light,Components/Button,Assets/ThirdParty/Layer Lab/GUI Pro-SuperCasual/ResourcesData/Sprites/Components/Button/Button_SkillBtn_White_Light.png,png
63,Button_SkillBtnMask,Components/Button,Assets/ThirdParty/Layer Lab/GUI Pro-SuperCasual/ResourcesData/Sprites/Components/Button/Button_SkillBtnMask.png,png
64,Button_Tapered_White1,Components/Button,Assets/ThirdParty/Layer Lab/GUI Pro-SuperCasual/ResourcesData/Sprites/Components/Button/Button_Tapered_White1.png,png
65,Button_Tapered_White2,Components/Button,Assets/ThirdParty/Layer Lab/GUI Pro-SuperCasual/ResourcesData/Sprites/Components/Button/Button_Tapered_White2.png,png
66,Button_Tapered_White3,Components/Button,Assets/ThirdParty/Layer Lab/GUI Pro-SuperCasual/ResourcesData/Sprites/Components/Button/Button_Tapered_White3.png,png
67,Button_Tapered_Yellow,Components/Button,Assets/ThirdParty/Layer Lab/GUI Pro-SuperCasual/ResourcesData/Sprites/Components/Button/Button_Tapered_Yellow.png,png
68,Menu_BottomBtn_Bg,Components/Button,Assets/ThirdParty/Layer Lab/GUI Pro-SuperCasual/ResourcesData/Sprites/Components/Button/Menu_BottomBtn_Bg.png,png
69,Menu_BottomBtn_TabFocus,Components/Button,Assets/ThirdParty/Layer Lab/GUI Pro-SuperCasual/ResourcesData/Sprites/Components/Button/Menu_BottomBtn_TabFocus.png,png
70,Menu_BottomBtn_TabFocus_Light,Components/Button,Assets/ThirdParty/Layer Lab/GUI Pro-SuperCasual/ResourcesData/Sprites/Components/Button/Menu_BottomBtn_TabFocus_Light.png,png
71,Menu_MiddleBtn_Bg,Components/Button,Assets/ThirdParty/Layer Lab/GUI Pro-SuperCasual/ResourcesData/Sprites/Components/Button/Menu_MiddleBtn_Bg.png,png
72,Menu_MiddleBtn_TabFocus,Components/Button,Assets/ThirdParty/Layer Lab/GUI Pro-SuperCasual/ResourcesData/Sprites/Components/Button/Menu_MiddleBtn_TabFocus.png,png
73,BannerFrame00_01~02_Bg,Components/Frame,Assets/ThirdParty/Layer Lab/GUI Pro-SuperCasual/ResourcesData/Sprites/Components/Frame/BannerFrame00_01~02_Bg.png,png
74,BannerFrame00_01~02_InnerBg,Components/Frame,Assets/ThirdParty/Layer Lab/GUI Pro-SuperCasual/ResourcesData/Sprites/Components/Frame/BannerFrame00_01~02_InnerBg.png,png
75,BannerFrame00_01~02_InnerLine,Components/Frame,Assets/ThirdParty/Layer Lab/GUI Pro-SuperCasual/ResourcesData/Sprites/Components/Frame/BannerFrame00_01~02_InnerLine.png,png
76,BannerFrame00_01~02_Light,Components/Frame,Assets/ThirdParty/Layer Lab/GUI Pro-SuperCasual/ResourcesData/Sprites/Components/Frame/BannerFrame00_01~02_Light.png,png
77,BannerFrame00_01~02_Pattern,Components/Frame,Assets/ThirdParty/Layer Lab/GUI Pro-SuperCasual/ResourcesData/Sprites/Components/Frame/BannerFrame00_01~02_Pattern.png,png
78,BannerFrame00_01~02_Pattern,Components/Frame,Assets/ThirdParty/Layer Lab/GUI Pro-SuperCasual/ResourcesData/Sprites/Components/Frame/BannerFrame00_01~02_Pattern.psd,psd
79,BannerFrame00_03_Bg,Components/Frame,Assets/ThirdParty/Layer Lab/GUI Pro-SuperCasual/ResourcesData/Sprites/Components/Frame/BannerFrame00_03_Bg.png,png
80,BannerFrame00_03_Border,Components/Frame,Assets/ThirdParty/Layer Lab/GUI Pro-SuperCasual/ResourcesData/Sprites/Components/Frame/BannerFrame00_03_Border.png,png
81,BannerFrame00_04~06_Bg,Components/Frame,Assets/ThirdParty/Layer Lab/GUI Pro-SuperCasual/ResourcesData/Sprites/Components/Frame/BannerFrame00_04~06_Bg.png,png
82,BannerFrame00_04~06_BgLight,Components/Frame,Assets/ThirdParty/Layer Lab/GUI Pro-SuperCasual/ResourcesData/Sprites/Components/Frame/BannerFrame00_04~06_BgLight.png,png
83,BannerFrame00_04~06_Border,Components/Frame,Assets/ThirdParty/Layer Lab/GUI Pro-SuperCasual/ResourcesData/Sprites/Components/Frame/BannerFrame00_04~06_Border.png,png
84,BannerFrame00_04~06_Pattern,Components/Frame,Assets/ThirdParty/Layer Lab/GUI Pro-SuperCasual/ResourcesData/Sprites/Components/Frame/BannerFrame00_04~06_Pattern.png,png
85,BannerFrame03_Demo,Components/Frame,Assets/ThirdParty/Layer Lab/GUI Pro-SuperCasual/ResourcesData/Sprites/Components/Frame/BannerFrame03_Demo.png,png
86,BannerFrame04_Demo,Components/Frame,Assets/ThirdParty/Layer Lab/GUI Pro-SuperCasual/ResourcesData/Sprites/Components/Frame/BannerFrame04_Demo.png,png
87,BannerFrame05_Demo,Components/Frame,Assets/ThirdParty/Layer Lab/GUI Pro-SuperCasual/ResourcesData/Sprites/Components/Frame/BannerFrame05_Demo.png,png
88,BannerFrame06_Demo__Gray,Components/Frame,Assets/ThirdParty/Layer Lab/GUI Pro-SuperCasual/ResourcesData/Sprites/Components/Frame/BannerFrame06_Demo__Gray.png,png
89,BannerFrame06_Demo_Blue,Components/Frame,Assets/ThirdParty/Layer Lab/GUI Pro-SuperCasual/ResourcesData/Sprites/Components/Frame/BannerFrame06_Demo_Blue.png,png
90,BannerFrame07,Components/Frame,Assets/ThirdParty/Layer Lab/GUI Pro-SuperCasual/ResourcesData/Sprites/Components/Frame/BannerFrame07.png,png
91,BasicFrame_Circle160,Components/Frame,Assets/ThirdParty/Layer Lab/GUI Pro-SuperCasual/ResourcesData/Sprites/Components/Frame/BasicFrame_Circle160.png,png
92,BasicFrame_Hexagon87,Components/Frame,Assets/ThirdParty/Layer Lab/GUI Pro-SuperCasual/ResourcesData/Sprites/Components/Frame/BasicFrame_Hexagon87.png,png
93,BasicFrame_Oval44,Components/Frame,Assets/ThirdParty/Layer Lab/GUI Pro-SuperCasual/ResourcesData/Sprites/Components/Frame/BasicFrame_Oval44.png,png
94,BasicFrame_Oval50,Components/Frame,Assets/ThirdParty/Layer Lab/GUI Pro-SuperCasual/ResourcesData/Sprites/Components/Frame/BasicFrame_Oval50.png,png
95,BasicFrame_Round12,Components/Frame,Assets/ThirdParty/Layer Lab/GUI Pro-SuperCasual/ResourcesData/Sprites/Components/Frame/BasicFrame_Round12.png,png
96,BasicFrame_Round17,Components/Frame,Assets/ThirdParty/Layer Lab/GUI Pro-SuperCasual/ResourcesData/Sprites/Components/Frame/BasicFrame_Round17.png,png
97,BasicFrame_Round20,Components/Frame,Assets/ThirdParty/Layer Lab/GUI Pro-SuperCasual/ResourcesData/Sprites/Components/Frame/BasicFrame_Round20.png,png
98,BasicFrame_Round24,Components/Frame,Assets/ThirdParty/Layer Lab/GUI Pro-SuperCasual/ResourcesData/Sprites/Components/Frame/BasicFrame_Round24.png,png
99,BorderFrame_Circle60,Components/Frame,Assets/ThirdParty/Layer Lab/GUI Pro-SuperCasual/ResourcesData/Sprites/Components/Frame/BorderFrame_Circle60.png,png
100,BorderFrame_Circle75_Bg,Components/Frame,Assets/ThirdParty/Layer Lab/GUI Pro-SuperCasual/ResourcesData/Sprites/Components/Frame/BorderFrame_Circle75_Bg.png,png
101,BorderFrame_Circle75_Light,Components/Frame,Assets/ThirdParty/Layer Lab/GUI Pro-SuperCasual/ResourcesData/Sprites/Components/Frame/BorderFrame_Circle75_Light.png,png
102,BorderFrame_Circle78,Components/Frame,Assets/ThirdParty/Layer Lab/GUI Pro-SuperCasual/ResourcesData/Sprites/Components/Frame/BorderFrame_Circle78.png,png
103,BorderFrame_Flag_Demo_Blue,Components/Frame,Assets/ThirdParty/Layer Lab/GUI Pro-SuperCasual/ResourcesData/Sprites/Components/Frame/BorderFrame_Flag_Demo_Blue.png,png
104,BorderFrame_Flag_Demo_Green,Components/Frame,Assets/ThirdParty/Layer Lab/GUI Pro-SuperCasual/ResourcesData/Sprites/Components/Frame/BorderFrame_Flag_Demo_Green.png,png
105,BorderFrame_Flag_Demo_Red,Components/Frame,Assets/ThirdParty/Layer Lab/GUI Pro-SuperCasual/ResourcesData/Sprites/Components/Frame/BorderFrame_Flag_Demo_Red.png,png
106,BorderFrame_Flag_White_Bg,Components/Frame,Assets/ThirdParty/Layer Lab/GUI Pro-SuperCasual/ResourcesData/Sprites/Components/Frame/BorderFrame_Flag_White_Bg.png,png
107,BorderFrame_Flag_White_BgGradient,Components/Frame,Assets/ThirdParty/Layer Lab/GUI Pro-SuperCasual/ResourcesData/Sprites/Components/Frame/BorderFrame_Flag_White_BgGradient.png,png
108,BorderFrame_Flag_White_BgLine01,Components/Frame,Assets/ThirdParty/Layer Lab/GUI Pro-SuperCasual/ResourcesData/Sprites/Components/Frame/BorderFrame_Flag_White_BgLine01.png,png
109,BorderFrame_Flag_White_BgLine02,Components/Frame,Assets/ThirdParty/Layer Lab/GUI Pro-SuperCasual/ResourcesData/Sprites/Components/Frame/BorderFrame_Flag_White_BgLine02.png,png
110,BorderFrame_Oval46_Bg,Components/Frame,Assets/ThirdParty/Layer Lab/GUI Pro-SuperCasual/ResourcesData/Sprites/Components/Frame/BorderFrame_Oval46_Bg.png,png
111,BorderFrame_Oval46_InnerLine,Components/Frame,Assets/ThirdParty/Layer Lab/GUI Pro-SuperCasual/ResourcesData/Sprites/Components/Frame/BorderFrame_Oval46_InnerLine.png,png
112,BorderFrame_Oval58,Components/Frame,Assets/ThirdParty/Layer Lab/GUI Pro-SuperCasual/ResourcesData/Sprites/Components/Frame/BorderFrame_Oval58.png,png
113,BorderFrame_Rhombus_Bg,Components/Frame,Assets/ThirdParty/Layer Lab/GUI Pro-SuperCasual/ResourcesData/Sprites/Components/Frame/BorderFrame_Rhombus_Bg.png,png
114,BorderFrame_Rhombus_Inner,Components/Frame,Assets/ThirdParty/Layer Lab/GUI Pro-SuperCasual/ResourcesData/Sprites/Components/Frame/BorderFrame_Rhombus_Inner.png,png
115,BorderFrame_Round18_Transparent,Components/Frame,Assets/ThirdParty/Layer Lab/GUI Pro-SuperCasual/ResourcesData/Sprites/Components/Frame/BorderFrame_Round18_Transparent.png,png
116,BorderFrame_Round20_Demo_Dark,Components/Frame,Assets/ThirdParty/Layer Lab/GUI Pro-SuperCasual/ResourcesData/Sprites/Components/Frame/BorderFrame_Round20_Demo_Dark.png,png
117,BorderFrame_Round20_Demo_Yellow,Components/Frame,Assets/ThirdParty/Layer Lab/GUI Pro-SuperCasual/ResourcesData/Sprites/Components/Frame/BorderFrame_Round20_Demo_Yellow.png,png
118,BorderFrame_Round20_White_Bg,Components/Frame,Assets/ThirdParty/Layer Lab/GUI Pro-SuperCasual/ResourcesData/Sprites/Components/Frame/BorderFrame_Round20_White_Bg.png,png
119,BorderFrame_Round20_White_Light,Components/Frame,Assets/ThirdParty/Layer Lab/GUI Pro-SuperCasual/ResourcesData/Sprites/Components/Frame/BorderFrame_Round20_White_Light.png,png
120,BorderFrame_Round24,Components/Frame,Assets/ThirdParty/Layer Lab/GUI Pro-SuperCasual/ResourcesData/Sprites/Components/Frame/BorderFrame_Round24.png,png
121,BorderFrame_Round30,Components/Frame,Assets/ThirdParty/Layer Lab/GUI Pro-SuperCasual/ResourcesData/Sprites/Components/Frame/BorderFrame_Round30.png,png
122,BorderFrame_Squrare_Bg,Components/Frame,Assets/ThirdParty/Layer Lab/GUI Pro-SuperCasual/ResourcesData/Sprites/Components/Frame/BorderFrame_Squrare_Bg.png,png
123,BorderFrame_Squrare_Inner,Components/Frame,Assets/ThirdParty/Layer Lab/GUI Pro-SuperCasual/ResourcesData/Sprites/Components/Frame/BorderFrame_Squrare_Inner.png,png
124,BubbleFrame01_Bg,Components/Frame,Assets/ThirdParty/Layer Lab/GUI Pro-SuperCasual/ResourcesData/Sprites/Components/Frame/BubbleFrame01_Bg.png,png
125,BubbleFrame01_BgArrow,Components/Frame,Assets/ThirdParty/Layer Lab/GUI Pro-SuperCasual/ResourcesData/Sprites/Components/Frame/BubbleFrame01_BgArrow.png,png
126,BubbleFrame01_BgShadow,Components/Frame,Assets/ThirdParty/Layer Lab/GUI Pro-SuperCasual/ResourcesData/Sprites/Components/Frame/BubbleFrame01_BgShadow.png,png
127,BubbleFrame01_Hexagon_Bg_Blue,Components/Frame,Assets/ThirdParty/Layer Lab/GUI Pro-SuperCasual/ResourcesData/Sprites/Components/Frame/BubbleFrame01_Hexagon_Bg_Blue.png,png
128,BubbleFrame01_Hexagon_Bg_Green,Components/Frame,Assets/ThirdParty/Layer Lab/GUI Pro-SuperCasual/ResourcesData/Sprites/Components/Frame/BubbleFrame01_Hexagon_Bg_Green.png,png
129,BubbleFrame01_Hexagon_Bg_Yellow,Components/Frame,Assets/ThirdParty/Layer Lab/GUI Pro-SuperCasual/ResourcesData/Sprites/Components/Frame/BubbleFrame01_Hexagon_Bg_Yellow.png,png
130,BubbleFrame01_Hexagon_FocusBorder,Components/Frame,Assets/ThirdParty/Layer Lab/GUI Pro-SuperCasual/ResourcesData/Sprites/Components/Frame/BubbleFrame01_Hexagon_FocusBorder.png,png
131,BubbleFrame01_Hexagon_FocusGlow,Components/Frame,Assets/ThirdParty/Layer Lab/GUI Pro-SuperCasual/ResourcesData/Sprites/Components/Frame/BubbleFrame01_Hexagon_FocusGlow.png,png
132,BubbleFrame02_Arrow,Components/Frame,Assets/ThirdParty/Layer Lab/GUI Pro-SuperCasual/ResourcesData/Sprites/Components/Frame/BubbleFrame02_Arrow.png,png
133,BubbleFrame02_Bg,Components/Frame,Assets/ThirdParty/Layer Lab/GUI Pro-SuperCasual/ResourcesData/Sprites/Components/Frame/BubbleFrame02_Bg.png,png
134,BubbleFrame02_BgShadow,Components/Frame,Assets/ThirdParty/Layer Lab/GUI Pro-SuperCasual/ResourcesData/Sprites/Components/Frame/BubbleFrame02_BgShadow.png,png
135,BubbleFrame03_Arrow_Left,Components/Frame,Assets/ThirdParty/Layer Lab/GUI Pro-SuperCasual/ResourcesData/Sprites/Components/Frame/BubbleFrame03_Arrow_Left.png,png
136,BubbleFrame03_Arrow_Right,Components/Frame,Assets/ThirdParty/Layer Lab/GUI Pro-SuperCasual/ResourcesData/Sprites/Components/Frame/BubbleFrame03_Arrow_Right.png,png
137,BubbleFrame03_Bg,Components/Frame,Assets/ThirdParty/Layer Lab/GUI Pro-SuperCasual/ResourcesData/Sprites/Components/Frame/BubbleFrame03_Bg.png,png
138,BubbleFrame04_Blue_Arrow,Components/Frame,Assets/ThirdParty/Layer Lab/GUI Pro-SuperCasual/ResourcesData/Sprites/Components/Frame/BubbleFrame04_Blue_Arrow.png,png
139,BubbleFrame04_Blue_Bg,Components/Frame,Assets/ThirdParty/Layer Lab/GUI Pro-SuperCasual/ResourcesData/Sprites/Components/Frame/BubbleFrame04_Blue_Bg.png,png
140,BubbleFrame04_White_Arrow,Components/Frame,Assets/ThirdParty/Layer Lab/GUI Pro-SuperCasual/ResourcesData/Sprites/Components/Frame/BubbleFrame04_White_Arrow.png,png
141,BubbleFrame04_White_Bg,Components/Frame,Assets/ThirdParty/Layer Lab/GUI Pro-SuperCasual/ResourcesData/Sprites/Components/Frame/BubbleFrame04_White_Bg.png,png
142,BubbleFrame05_InnerBg,Components/Frame,Assets/ThirdParty/Layer Lab/GUI Pro-SuperCasual/ResourcesData/Sprites/Components/Frame/BubbleFrame05_InnerBg.png,png
143,BubbleFrame05_InnerBorder,Components/Frame,Assets/ThirdParty/Layer Lab/GUI Pro-SuperCasual/ResourcesData/Sprites/Components/Frame/BubbleFrame05_InnerBorder.png,png
144,BubbleFrame05_Left_Bg,Components/Frame,Assets/ThirdParty/Layer Lab/GUI Pro-SuperCasual/ResourcesData/Sprites/Components/Frame/BubbleFrame05_Left_Bg.png,png
145,BubbleFrame05_Left_BgShadow,Components/Frame,Assets/ThirdParty/Layer Lab/GUI Pro-SuperCasual/ResourcesData/Sprites/Components/Frame/BubbleFrame05_Left_BgShadow.png,png
146,BubbleFrame05_Right_Bg,Components/Frame,Assets/ThirdParty/Layer Lab/GUI Pro-SuperCasual/ResourcesData/Sprites/Components/Frame/BubbleFrame05_Right_Bg.png,png
147,BubbleFrame05_Right_BgShadow,Components/Frame,Assets/ThirdParty/Layer Lab/GUI Pro-SuperCasual/ResourcesData/Sprites/Components/Frame/BubbleFrame05_Right_BgShadow.png,png
148,CardFrame01_Bg_d,Components/Frame,Assets/ThirdParty/Layer Lab/GUI Pro-SuperCasual/ResourcesData/Sprites/Components/Frame/CardFrame01_Bg_d.png,png
149,CardFrame01_Bg_d_Pattern,Components/Frame,Assets/ThirdParty/Layer Lab/GUI Pro-SuperCasual/ResourcesData/Sprites/Components/Frame/CardFrame01_Bg_d_Pattern.png,png
150,CardFrame01_Bg_n,Components/Frame,Assets/ThirdParty/Layer Lab/GUI Pro-SuperCasual/ResourcesData/Sprites/Components/Frame/CardFrame01_Bg_n.png,png
151,CardFrame01_Border,Components/Frame,Assets/ThirdParty/Layer Lab/GUI Pro-SuperCasual/ResourcesData/Sprites/Components/Frame/CardFrame01_Border.png,png
152,CardFrame01_Bottom,Components/Frame,Assets/ThirdParty/Layer Lab/GUI Pro-SuperCasual/ResourcesData/Sprites/Components/Frame/CardFrame01_Bottom.png,png
153,CardFrame01_Glow,Components/Frame,Assets/ThirdParty/Layer Lab/GUI Pro-SuperCasual/ResourcesData/Sprites/Components/Frame/CardFrame01_Glow.png,png
154,CardFrame01_Gradient,Components/Frame,Assets/ThirdParty/Layer Lab/GUI Pro-SuperCasual/ResourcesData/Sprites/Components/Frame/CardFrame01_Gradient.png,png
155,CardFrame01_Gradient_Hologram,Components/Frame,Assets/ThirdParty/Layer Lab/GUI Pro-SuperCasual/ResourcesData/Sprites/Components/Frame/CardFrame01_Gradient_Hologram.png,png
156,CardFrame02_d_Bg,Components/Frame,Assets/ThirdParty/Layer Lab/GUI Pro-SuperCasual/ResourcesData/Sprites/Components/Frame/CardFrame02_d_Bg.png,png
157,CardFrame02_d_Bg_Pattern,Components/Frame,Assets/ThirdParty/Layer Lab/GUI Pro-SuperCasual/ResourcesData/Sprites/Components/Frame/CardFrame02_d_Bg_Pattern.png,png
158,CardFrame02_d_Border,Components/Frame,Assets/ThirdParty/Layer Lab/GUI Pro-SuperCasual/ResourcesData/Sprites/Components/Frame/CardFrame02_d_Border.png,png
159,CardFrame02_n_Bg,Components/Frame,Assets/ThirdParty/Layer Lab/GUI Pro-SuperCasual/ResourcesData/Sprites/Components/Frame/CardFrame02_n_Bg.png,png
160,CardFrame02_n_Bottom,Components/Frame,Assets/ThirdParty/Layer Lab/GUI Pro-SuperCasual/ResourcesData/Sprites/Components/Frame/CardFrame02_n_Bottom.png,png
161,CardFrame02_n_Light,Components/Frame,Assets/ThirdParty/Layer Lab/GUI Pro-SuperCasual/ResourcesData/Sprites/Components/Frame/CardFrame02_n_Light.png,png
162,CardFrame03_d,Components/Frame,Assets/ThirdParty/Layer Lab/GUI Pro-SuperCasual/ResourcesData/Sprites/Components/Frame/CardFrame03_d.png,png
163,CardFrame03_n_Bg,Components/Frame,Assets/ThirdParty/Layer Lab/GUI Pro-SuperCasual/ResourcesData/Sprites/Components/Frame/CardFrame03_n_Bg.png,png
164,CardFrame03_n_InnerBg,Components/Frame,Assets/ThirdParty/Layer Lab/GUI Pro-SuperCasual/ResourcesData/Sprites/Components/Frame/CardFrame03_n_InnerBg.png,png
165,CardFrame03_n_Light,Components/Frame,Assets/ThirdParty/Layer Lab/GUI Pro-SuperCasual/ResourcesData/Sprites/Components/Frame/CardFrame03_n_Light.png,png
166,CardFrame04_Bg,Components/Frame,Assets/ThirdParty/Layer Lab/GUI Pro-SuperCasual/ResourcesData/Sprites/Components/Frame/CardFrame04_Bg.png,png
167,CardFrame04_Bg_DividerLine,Components/Frame,Assets/ThirdParty/Layer Lab/GUI Pro-SuperCasual/ResourcesData/Sprites/Components/Frame/CardFrame04_Bg_DividerLine.png,png
168,CardFrame04_Bg_Gradient,Components/Frame,Assets/ThirdParty/Layer Lab/GUI Pro-SuperCasual/ResourcesData/Sprites/Components/Frame/CardFrame04_Bg_Gradient.png,png
169,CardFrame04_Border,Components/Frame,Assets/ThirdParty/Layer Lab/GUI Pro-SuperCasual/ResourcesData/Sprites/Components/Frame/CardFrame04_Border.png,png
170,CardFrame04_FocusBorder,Components/Frame,Assets/ThirdParty/Layer Lab/GUI Pro-SuperCasual/ResourcesData/Sprites/Components/Frame/CardFrame04_FocusBorder.png,png
171,CardFrame04_FocusGlow,Components/Frame,Assets/ThirdParty/Layer Lab/GUI Pro-SuperCasual/ResourcesData/Sprites/Components/Frame/CardFrame04_FocusGlow.png,png
172,CardFrame04_Glow,Components/Frame,Assets/ThirdParty/Layer Lab/GUI Pro-SuperCasual/ResourcesData/Sprites/Components/Frame/CardFrame04_Glow.png,png
173,CardFrame05_Bg,Components/Frame,Assets/ThirdParty/Layer Lab/GUI Pro-SuperCasual/ResourcesData/Sprites/Components/Frame/CardFrame05_Bg.png,png
174,CardFrame05_Bg_Corner,Components/Frame,Assets/ThirdParty/Layer Lab/GUI Pro-SuperCasual/ResourcesData/Sprites/Components/Frame/CardFrame05_Bg_Corner.png,png
175,CardFrame05_Border,Components/Frame,Assets/ThirdParty/Layer Lab/GUI Pro-SuperCasual/ResourcesData/Sprites/Components/Frame/CardFrame05_Border.png,png
176,CardFrame05_FocusBorder,Components/Frame,Assets/ThirdParty/Layer Lab/GUI Pro-SuperCasual/ResourcesData/Sprites/Components/Frame/CardFrame05_FocusBorder.png,png
177,CardFrame05_FocusGlow,Components/Frame,Assets/ThirdParty/Layer Lab/GUI Pro-SuperCasual/ResourcesData/Sprites/Components/Frame/CardFrame05_FocusGlow.png,png
178,CardFrame05_Glow,Components/Frame,Assets/ThirdParty/Layer Lab/GUI Pro-SuperCasual/ResourcesData/Sprites/Components/Frame/CardFrame05_Glow.png,png
179,CardFrame06_Demo_Bg,Components/Frame,Assets/ThirdParty/Layer Lab/GUI Pro-SuperCasual/ResourcesData/Sprites/Components/Frame/CardFrame06_Demo_Bg.png,png
180,CardFrame06_Demo_Bg_Glow_Green,Components/Frame,Assets/ThirdParty/Layer Lab/GUI Pro-SuperCasual/ResourcesData/Sprites/Components/Frame/CardFrame06_Demo_Bg_Glow_Green.png,png
181,CardFrame06_Demo_Deco_Green,Components/Frame,Assets/ThirdParty/Layer Lab/GUI Pro-SuperCasual/ResourcesData/Sprites/Components/Frame/CardFrame06_Demo_Deco_Green.png,png
182,CardFrame06_Demo_Frame_Green,Components/Frame,Assets/ThirdParty/Layer Lab/GUI Pro-SuperCasual/ResourcesData/Sprites/Components/Frame/CardFrame06_Demo_Frame_Green.png,png
183,CardFrame06_White_Bg,Components/Frame,Assets/ThirdParty/Layer Lab/GUI Pro-SuperCasual/ResourcesData/Sprites/Components/Frame/CardFrame06_White_Bg.png,png
184,CardFrame06_White_Bg_Glow,Components/Frame,Assets/ThirdParty/Layer Lab/GUI Pro-SuperCasual/ResourcesData/Sprites/Components/Frame/CardFrame06_White_Bg_Glow.png,png
185,CardFrame06_White_Deco,Components/Frame,Assets/ThirdParty/Layer Lab/GUI Pro-SuperCasual/ResourcesData/Sprites/Components/Frame/CardFrame06_White_Deco.png,png
186,CardFrame06_White_Frame,Components/Frame,Assets/ThirdParty/Layer Lab/GUI Pro-SuperCasual/ResourcesData/Sprites/Components/Frame/CardFrame06_White_Frame.png,png
187,ItemFrame00~03_Bg,Components/Frame,Assets/ThirdParty/Layer Lab/GUI Pro-SuperCasual/ResourcesData/Sprites/Components/Frame/ItemFrame00~03_Bg.png,png
188,ItemFrame00~03_Bg_Hologram,Components/Frame,Assets/ThirdParty/Layer Lab/GUI Pro-SuperCasual/ResourcesData/Sprites/Components/Frame/ItemFrame00~03_Bg_Hologram.png,png
189,ItemFrame00~03_BgGlow,Components/Frame,Assets/ThirdParty/Layer Lab/GUI Pro-SuperCasual/ResourcesData/Sprites/Components/Frame/ItemFrame00~03_BgGlow.png,png
190,ItemFrame00~03_BgLight,Components/Frame,Assets/ThirdParty/Layer Lab/GUI Pro-SuperCasual/ResourcesData/Sprites/Components/Frame/ItemFrame00~03_BgLight.png,png
191,ItemFrame00~03_Border,Components/Frame,Assets/ThirdParty/Layer Lab/GUI Pro-SuperCasual/ResourcesData/Sprites/Components/Frame/ItemFrame00~03_Border.png,png
192,ItemFrame00~03_CornerDeco,Components/Frame,Assets/ThirdParty/Layer Lab/GUI Pro-SuperCasual/ResourcesData/Sprites/Components/Frame/ItemFrame00~03_CornerDeco.png,png
193,ItemFrame00~03_FocusLine,Components/Frame,Assets/ThirdParty/Layer Lab/GUI Pro-SuperCasual/ResourcesData/Sprites/Components/Frame/ItemFrame00~03_FocusLine.png,png
194,ItemFrame01_Demo_Blue,Components/Frame,Assets/ThirdParty/Layer Lab/GUI Pro-SuperCasual/ResourcesData/Sprites/Components/Frame/ItemFrame01_Demo_Blue.png,png
195,ItemFrame01_Demo_Gray,Components/Frame,Assets/ThirdParty/Layer Lab/GUI Pro-SuperCasual/ResourcesData/Sprites/Components/Frame/ItemFrame01_Demo_Gray.png,png
196,ItemFrame01_Demo_Green,Components/Frame,Assets/ThirdParty/Layer Lab/GUI Pro-SuperCasual/ResourcesData/Sprites/Components/Frame/ItemFrame01_Demo_Green.png,png
197,ItemFrame01_Demo_Hologram1,Components/Frame,Assets/ThirdParty/Layer Lab/GUI Pro-SuperCasual/ResourcesData/Sprites/Components/Frame/ItemFrame01_Demo_Hologram1.png,png
198,ItemFrame01_Demo_Hologram2,Components/Frame,Assets/ThirdParty/Layer Lab/GUI Pro-SuperCasual/ResourcesData/Sprites/Components/Frame/ItemFrame01_Demo_Hologram2.png,png
199,ItemFrame01_Demo_Navy,Components/Frame,Assets/ThirdParty/Layer Lab/GUI Pro-SuperCasual/ResourcesData/Sprites/Components/Frame/ItemFrame01_Demo_Navy.png,png
200,ItemFrame01_Demo_OffWhite,Components/Frame,Assets/ThirdParty/Layer Lab/GUI Pro-SuperCasual/ResourcesData/Sprites/Components/Frame/ItemFrame01_Demo_OffWhite.png,png
201,ItemFrame01_Demo_Purple,Components/Frame,Assets/ThirdParty/Layer Lab/GUI Pro-SuperCasual/ResourcesData/Sprites/Components/Frame/ItemFrame01_Demo_Purple.png,png
202,ItemFrame01_Demo_Red,Components/Frame,Assets/ThirdParty/Layer Lab/GUI Pro-SuperCasual/ResourcesData/Sprites/Components/Frame/ItemFrame01_Demo_Red.png,png
203,ItemFrame01_Demo_Yellow,Components/Frame,Assets/ThirdParty/Layer Lab/GUI Pro-SuperCasual/ResourcesData/Sprites/Components/Frame/ItemFrame01_Demo_Yellow.png,png
204,ItemFrame02_Demo_Blue,Components/Frame,Assets/ThirdParty/Layer Lab/GUI Pro-SuperCasual/ResourcesData/Sprites/Components/Frame/ItemFrame02_Demo_Blue.png,png
205,ItemFrame02_Demo_Gray,Components/Frame,Assets/ThirdParty/Layer Lab/GUI Pro-SuperCasual/ResourcesData/Sprites/Components/Frame/ItemFrame02_Demo_Gray.png,png
206,ItemFrame02_Demo_Green,Components/Frame,Assets/ThirdParty/Layer Lab/GUI Pro-SuperCasual/ResourcesData/Sprites/Components/Frame/ItemFrame02_Demo_Green.png,png
207,ItemFrame02_Demo_Hologram1,Components/Frame,Assets/ThirdParty/Layer Lab/GUI Pro-SuperCasual/ResourcesData/Sprites/Components/Frame/ItemFrame02_Demo_Hologram1.png,png
208,ItemFrame02_Demo_Hologram2,Components/Frame,Assets/ThirdParty/Layer Lab/GUI Pro-SuperCasual/ResourcesData/Sprites/Components/Frame/ItemFrame02_Demo_Hologram2.png,png
209,ItemFrame02_Demo_Navy,Components/Frame,Assets/ThirdParty/Layer Lab/GUI Pro-SuperCasual/ResourcesData/Sprites/Components/Frame/ItemFrame02_Demo_Navy.png,png
210,ItemFrame02_Demo_OffWhite,Components/Frame,Assets/ThirdParty/Layer Lab/GUI Pro-SuperCasual/ResourcesData/Sprites/Components/Frame/ItemFrame02_Demo_OffWhite.png,png
211,ItemFrame02_Demo_Purple,Components/Frame,Assets/ThirdParty/Layer Lab/GUI Pro-SuperCasual/ResourcesData/Sprites/Components/Frame/ItemFrame02_Demo_Purple.png,png
212,ItemFrame02_Demo_Red,Components/Frame,Assets/ThirdParty/Layer Lab/GUI Pro-SuperCasual/ResourcesData/Sprites/Components/Frame/ItemFrame02_Demo_Red.png,png
213,ItemFrame02_Demo_Yellow,Components/Frame,Assets/ThirdParty/Layer Lab/GUI Pro-SuperCasual/ResourcesData/Sprites/Components/Frame/ItemFrame02_Demo_Yellow.png,png
214,ItemFrame03_Demo_Blue,Components/Frame,Assets/ThirdParty/Layer Lab/GUI Pro-SuperCasual/ResourcesData/Sprites/Components/Frame/ItemFrame03_Demo_Blue.png,png
215,ItemFrame03_Demo_Gray,Components/Frame,Assets/ThirdParty/Layer Lab/GUI Pro-SuperCasual/ResourcesData/Sprites/Components/Frame/ItemFrame03_Demo_Gray.png,png
216,ItemFrame03_Demo_Green,Components/Frame,Assets/ThirdParty/Layer Lab/GUI Pro-SuperCasual/ResourcesData/Sprites/Components/Frame/ItemFrame03_Demo_Green.png,png
217,ItemFrame03_Demo_Hologram,Components/Frame,Assets/ThirdParty/Layer Lab/GUI Pro-SuperCasual/ResourcesData/Sprites/Components/Frame/ItemFrame03_Demo_Hologram.png,png
218,ItemFrame03_Demo_Navy,Components/Frame,Assets/ThirdParty/Layer Lab/GUI Pro-SuperCasual/ResourcesData/Sprites/Components/Frame/ItemFrame03_Demo_Navy.png,png
219,ItemFrame03_Demo_Purple,Components/Frame,Assets/ThirdParty/Layer Lab/GUI Pro-SuperCasual/ResourcesData/Sprites/Components/Frame/ItemFrame03_Demo_Purple.png,png
220,ItemFrame03_Demo_Red,Components/Frame,Assets/ThirdParty/Layer Lab/GUI Pro-SuperCasual/ResourcesData/Sprites/Components/Frame/ItemFrame03_Demo_Red.png,png
221,ItemFrame03_Demo_Yellow,Components/Frame,Assets/ThirdParty/Layer Lab/GUI Pro-SuperCasual/ResourcesData/Sprites/Components/Frame/ItemFrame03_Demo_Yellow.png,png
222,ListFrame00_01~02_Bg,Components/Frame,Assets/ThirdParty/Layer Lab/GUI Pro-SuperCasual/ResourcesData/Sprites/Components/Frame/ListFrame00_01~02_Bg.png,png
223,ListFrame00_01~02_BgInner,Components/Frame,Assets/ThirdParty/Layer Lab/GUI Pro-SuperCasual/ResourcesData/Sprites/Components/Frame/ListFrame00_01~02_BgInner.png,png
224,ListFrame00_01~02_Oblique,Components/Frame,Assets/ThirdParty/Layer Lab/GUI Pro-SuperCasual/ResourcesData/Sprites/Components/Frame/ListFrame00_01~02_Oblique.png,png
225,ListFrame00_03~04_Bg,Components/Frame,Assets/ThirdParty/Layer Lab/GUI Pro-SuperCasual/ResourcesData/Sprites/Components/Frame/ListFrame00_03~04_Bg.png,png
226,ListFrame00_03~04_BgInner,Components/Frame,Assets/ThirdParty/Layer Lab/GUI Pro-SuperCasual/ResourcesData/Sprites/Components/Frame/ListFrame00_03~04_BgInner.png,png
227,ListFrame00_03~04_Dim,Components/Frame,Assets/ThirdParty/Layer Lab/GUI Pro-SuperCasual/ResourcesData/Sprites/Components/Frame/ListFrame00_03~04_Dim.png,png
228,ListFrame04_Demo_f_Blue,Components/Frame,Assets/ThirdParty/Layer Lab/GUI Pro-SuperCasual/ResourcesData/Sprites/Components/Frame/ListFrame04_Demo_f_Blue.png,png
229,ListFrame04_Demo_f_Yellow,Components/Frame,Assets/ThirdParty/Layer Lab/GUI Pro-SuperCasual/ResourcesData/Sprites/Components/Frame/ListFrame04_Demo_f_Yellow.png,png
230,PanelFrame01_Line,Components/Frame,Assets/ThirdParty/Layer Lab/GUI Pro-SuperCasual/ResourcesData/Sprites/Components/Frame/PanelFrame01_Line.png,png
231,PanelFrame02,Components/Frame,Assets/ThirdParty/Layer Lab/GUI Pro-SuperCasual/ResourcesData/Sprites/Components/Frame/PanelFrame02.png,png
232,PanelFrame03_Bg,Components/Frame,Assets/ThirdParty/Layer Lab/GUI Pro-SuperCasual/ResourcesData/Sprites/Components/Frame/PanelFrame03_Bg.png,png
233,PanelFrame03_Oblique,Components/Frame,Assets/ThirdParty/Layer Lab/GUI Pro-SuperCasual/ResourcesData/Sprites/Components/Frame/PanelFrame03_Oblique.png,png
234,PanelFrame04_Bg,Components/Frame,Assets/ThirdParty/Layer Lab/GUI Pro-SuperCasual/ResourcesData/Sprites/Components/Frame/PanelFrame04_Bg.png,png
235,PanelFrame04_OutTilte1,Components/Frame,Assets/ThirdParty/Layer Lab/GUI Pro-SuperCasual/ResourcesData/Sprites/Components/Frame/PanelFrame04_OutTilte1.png,png
236,PanelFrame04_OutTilte2,Components/Frame,Assets/ThirdParty/Layer Lab/GUI Pro-SuperCasual/ResourcesData/Sprites/Components/Frame/PanelFrame04_OutTilte2.png,png
237,ProfileFrame01_l_Bg,Components/Frame,Assets/ThirdParty/Layer Lab/GUI Pro-SuperCasual/ResourcesData/Sprites/Components/Frame/ProfileFrame01_l_Bg.png,png
238,ProfileFrame01_l_Border,Components/Frame,Assets/ThirdParty/Layer Lab/GUI Pro-SuperCasual/ResourcesData/Sprites/Components/Frame/ProfileFrame01_l_Border.png,png
239,ProfileFrame01_m~s_Bg,Components/Frame,Assets/ThirdParty/Layer Lab/GUI Pro-SuperCasual/ResourcesData/Sprites/Components/Frame/ProfileFrame01_m~s_Bg.png,png
240,ProfileFrame01_m~s_Inner,Components/Frame,Assets/ThirdParty/Layer Lab/GUI Pro-SuperCasual/ResourcesData/Sprites/Components/Frame/ProfileFrame01_m~s_Inner.png,png
241,ProfileFrame02_Bg,Components/Frame,Assets/ThirdParty/Layer Lab/GUI Pro-SuperCasual/ResourcesData/Sprites/Components/Frame/ProfileFrame02_Bg.png,png
242,ProfileFrame02_Inner,Components/Frame,Assets/ThirdParty/Layer Lab/GUI Pro-SuperCasual/ResourcesData/Sprites/Components/Frame/ProfileFrame02_Inner.png,png
243,ProfileFrame_Circle275_Bg,Components/Frame,Assets/ThirdParty/Layer Lab/GUI Pro-SuperCasual/ResourcesData/Sprites/Components/Frame/ProfileFrame_Circle275_Bg.png,png
244,ProfileFrame_Circle275_Inner,Components/Frame,Assets/ThirdParty/Layer Lab/GUI Pro-SuperCasual/ResourcesData/Sprites/Components/Frame/ProfileFrame_Circle275_Inner.png,png
245,SkillFrame_l~m_Bg,Components/Frame,Assets/ThirdParty/Layer Lab/GUI Pro-SuperCasual/ResourcesData/Sprites/Components/Frame/SkillFrame_l~m_Bg.png,png
246,SkillFrame_l~m_Border,Components/Frame,Assets/ThirdParty/Layer Lab/GUI Pro-SuperCasual/ResourcesData/Sprites/Components/Frame/SkillFrame_l~m_Border.png,png
247,SkillFrame_l~m_Empty,Components/Frame,Assets/ThirdParty/Layer Lab/GUI Pro-SuperCasual/ResourcesData/Sprites/Components/Frame/SkillFrame_l~m_Empty.png,png
248,SkillFrame_s_Bg,Components/Frame,Assets/ThirdParty/Layer Lab/GUI Pro-SuperCasual/ResourcesData/Sprites/Components/Frame/SkillFrame_s_Bg.png,png
249,SkillFrame_s_Border,Components/Frame,Assets/ThirdParty/Layer Lab/GUI Pro-SuperCasual/ResourcesData/Sprites/Components/Frame/SkillFrame_s_Border.png,png
250,SkillFrame_s_Empty,Components/Frame,Assets/ThirdParty/Layer Lab/GUI Pro-SuperCasual/ResourcesData/Sprites/Components/Frame/SkillFrame_s_Empty.png,png
251,Icon_Flag_brz,Components/Icon_Flag,Assets/ThirdParty/Layer Lab/GUI Pro-SuperCasual/ResourcesData/Sprites/Components/Icon_Flag/Large/Icon_Flag_brz.png,png
252,Icon_Flag_chn,Components/Icon_Flag,Assets/ThirdParty/Layer Lab/GUI Pro-SuperCasual/ResourcesData/Sprites/Components/Icon_Flag/Large/Icon_Flag_chn.png,png
253,Icon_Flag_cze,Components/Icon_Flag,Assets/ThirdParty/Layer Lab/GUI Pro-SuperCasual/ResourcesData/Sprites/Components/Icon_Flag/Large/Icon_Flag_cze.png,png
254,Icon_Flag_deu,Components/Icon_Flag,Assets/ThirdParty/Layer Lab/GUI Pro-SuperCasual/ResourcesData/Sprites/Components/Icon_Flag/Large/Icon_Flag_deu.png,png
255,Icon_Flag_eng,Components/Icon_Flag,Assets/ThirdParty/Layer Lab/GUI Pro-SuperCasual/ResourcesData/Sprites/Components/Icon_Flag/Large/Icon_Flag_eng.png,png
256,Icon_Flag_esp,Components/Icon_Flag,Assets/ThirdParty/Layer Lab/GUI Pro-SuperCasual/ResourcesData/Sprites/Components/Icon_Flag/Large/Icon_Flag_esp.png,png
257,Icon_Flag_fra,Components/Icon_Flag,Assets/ThirdParty/Layer Lab/GUI Pro-SuperCasual/ResourcesData/Sprites/Components/Icon_Flag/Large/Icon_Flag_fra.png,png
258,Icon_Flag_gbr,Components/Icon_Flag,Assets/ThirdParty/Layer Lab/GUI Pro-SuperCasual/ResourcesData/Sprites/Components/Icon_Flag/Large/Icon_Flag_gbr.png,png
259,Icon_Flag_gre,Components/Icon_Flag,Assets/ThirdParty/Layer Lab/GUI Pro-SuperCasual/ResourcesData/Sprites/Components/Icon_Flag/Large/Icon_Flag_gre.png,png
260,Icon_Flag_ind,Components/Icon_Flag,Assets/ThirdParty/Layer Lab/GUI Pro-SuperCasual/ResourcesData/Sprites/Components/Icon_Flag/Large/Icon_Flag_ind.png,png
261,Icon_Flag_ita,Components/Icon_Flag,Assets/ThirdParty/Layer Lab/GUI Pro-SuperCasual/ResourcesData/Sprites/Components/Icon_Flag/Large/Icon_Flag_ita.png,png
262,Icon_Flag_jpn,Components/Icon_Flag,Assets/ThirdParty/Layer Lab/GUI Pro-SuperCasual/ResourcesData/Sprites/Components/Icon_Flag/Large/Icon_Flag_jpn.png,png
263,Icon_Flag_kor,Components/Icon_Flag,Assets/ThirdParty/Layer Lab/GUI Pro-SuperCasual/ResourcesData/Sprites/Components/Icon_Flag/Large/Icon_Flag_kor.png,png
264,Icon_Flag_pol,Components/Icon_Flag,Assets/ThirdParty/Layer Lab/GUI Pro-SuperCasual/ResourcesData/Sprites/Components/Icon_Flag/Large/Icon_Flag_pol.png,png
265,Icon_Flag_prt,Components/Icon_Flag,Assets/ThirdParty/Layer Lab/GUI Pro-SuperCasual/ResourcesData/Sprites/Components/Icon_Flag/Large/Icon_Flag_prt.png,png
266,Icon_Flag_rou,Components/Icon_Flag,Assets/ThirdParty/Layer Lab/GUI Pro-SuperCasual/ResourcesData/Sprites/Components/Icon_Flag/Large/Icon_Flag_rou.png,png
267,Icon_Flag_rsa,Components/Icon_Flag,Assets/ThirdParty/Layer Lab/GUI Pro-SuperCasual/ResourcesData/Sprites/Components/Icon_Flag/Large/Icon_Flag_rsa.png,png
268,Icon_Flag_rus,Components/Icon_Flag,Assets/ThirdParty/Layer Lab/GUI Pro-SuperCasual/ResourcesData/Sprites/Components/Icon_Flag/Large/Icon_Flag_rus.png,png
269,Icon_Flag_swe,Components/Icon_Flag,Assets/ThirdParty/Layer Lab/GUI Pro-SuperCasual/ResourcesData/Sprites/Components/Icon_Flag/Large/Icon_Flag_swe.png,png
270,Icon_Flag_tha,Components/Icon_Flag,Assets/ThirdParty/Layer Lab/GUI Pro-SuperCasual/ResourcesData/Sprites/Components/Icon_Flag/Large/Icon_Flag_tha.png,png
271,Icon_Flag_tur,Components/Icon_Flag,Assets/ThirdParty/Layer Lab/GUI Pro-SuperCasual/ResourcesData/Sprites/Components/Icon_Flag/Large/Icon_Flag_tur.png,png
272,Icon_Flag_twn,Components/Icon_Flag,Assets/ThirdParty/Layer Lab/GUI Pro-SuperCasual/ResourcesData/Sprites/Components/Icon_Flag/Large/Icon_Flag_twn.png,png
273,Icon_Flag_ukr,Components/Icon_Flag,Assets/ThirdParty/Layer Lab/GUI Pro-SuperCasual/ResourcesData/Sprites/Components/Icon_Flag/Large/Icon_Flag_ukr.png,png
274,Icon_Flag_usa,Components/Icon_Flag,Assets/ThirdParty/Layer Lab/GUI Pro-SuperCasual/ResourcesData/Sprites/Components/Icon_Flag/Large/Icon_Flag_usa.png,png
275,Icon_Flag_brz,Components/Icon_Flag,Assets/ThirdParty/Layer Lab/GUI Pro-SuperCasual/ResourcesData/Sprites/Components/Icon_Flag/Small/Icon_Flag_brz.png,png
276,Icon_Flag_chn,Components/Icon_Flag,Assets/ThirdParty/Layer Lab/GUI Pro-SuperCasual/ResourcesData/Sprites/Components/Icon_Flag/Small/Icon_Flag_chn.png,png
277,Icon_Flag_cze,Components/Icon_Flag,Assets/ThirdParty/Layer Lab/GUI Pro-SuperCasual/ResourcesData/Sprites/Components/Icon_Flag/Small/Icon_Flag_cze.png,png
278,Icon_Flag_deu,Components/Icon_Flag,Assets/ThirdParty/Layer Lab/GUI Pro-SuperCasual/ResourcesData/Sprites/Components/Icon_Flag/Small/Icon_Flag_deu.png,png
279,Icon_Flag_eng,Components/Icon_Flag,Assets/ThirdParty/Layer Lab/GUI Pro-SuperCasual/ResourcesData/Sprites/Components/Icon_Flag/Small/Icon_Flag_eng.png,png
280,Icon_Flag_esp,Components/Icon_Flag,Assets/ThirdParty/Layer Lab/GUI Pro-SuperCasual/ResourcesData/Sprites/Components/Icon_Flag/Small/Icon_Flag_esp.png,png
281,Icon_Flag_fra,Components/Icon_Flag,Assets/ThirdParty/Layer Lab/GUI Pro-SuperCasual/ResourcesData/Sprites/Components/Icon_Flag/Small/Icon_Flag_fra.png,png
282,Icon_Flag_gbr,Components/Icon_Flag,Assets/ThirdParty/Layer Lab/GUI Pro-SuperCasual/ResourcesData/Sprites/Components/Icon_Flag/Small/Icon_Flag_gbr.png,png
283,Icon_Flag_gre,Components/Icon_Flag,Assets/ThirdParty/Layer Lab/GUI Pro-SuperCasual/ResourcesData/Sprites/Components/Icon_Flag/Small/Icon_Flag_gre.png,png
284,Icon_Flag_ind,Components/Icon_Flag,Assets/ThirdParty/Layer Lab/GUI Pro-SuperCasual/ResourcesData/Sprites/Components/Icon_Flag/Small/Icon_Flag_ind.png,png
285,Icon_Flag_ita,Components/Icon_Flag,Assets/ThirdParty/Layer Lab/GUI Pro-SuperCasual/ResourcesData/Sprites/Components/Icon_Flag/Small/Icon_Flag_ita.png,png
286,Icon_Flag_jpn,Components/Icon_Flag,Assets/ThirdParty/Layer Lab/GUI Pro-SuperCasual/ResourcesData/Sprites/Components/Icon_Flag/Small/Icon_Flag_jpn.png,png
287,Icon_Flag_kor,Components/Icon_Flag,Assets/ThirdParty/Layer Lab/GUI Pro-SuperCasual/ResourcesData/Sprites/Components/Icon_Flag/Small/Icon_Flag_kor.png,png
288,Icon_Flag_pol,Components/Icon_Flag,Assets/ThirdParty/Layer Lab/GUI Pro-SuperCasual/ResourcesData/Sprites/Components/Icon_Flag/Small/Icon_Flag_pol.png,png
289,Icon_Flag_prt,Components/Icon_Flag,Assets/ThirdParty/Layer Lab/GUI Pro-SuperCasual/ResourcesData/Sprites/Components/Icon_Flag/Small/Icon_Flag_prt.png,png
290,Icon_Flag_rou,Components/Icon_Flag,Assets/ThirdParty/Layer Lab/GUI Pro-SuperCasual/ResourcesData/Sprites/Components/Icon_Flag/Small/Icon_Flag_rou.png,png
291,Icon_Flag_rsa,Components/Icon_Flag,Assets/ThirdParty/Layer Lab/GUI Pro-SuperCasual/ResourcesData/Sprites/Components/Icon_Flag/Small/Icon_Flag_rsa.png,png
292,Icon_Flag_rus,Components/Icon_Flag,Assets/ThirdParty/Layer Lab/GUI Pro-SuperCasual/ResourcesData/Sprites/Components/Icon_Flag/Small/Icon_Flag_rus.png,png
293,Icon_Flag_swe,Components/Icon_Flag,Assets/ThirdParty/Layer Lab/GUI Pro-SuperCasual/ResourcesData/Sprites/Components/Icon_Flag/Small/Icon_Flag_swe.png,png
294,Icon_Flag_tha,Components/Icon_Flag,Assets/ThirdParty/Layer Lab/GUI Pro-SuperCasual/ResourcesData/Sprites/Components/Icon_Flag/Small/Icon_Flag_tha.png,png
295,Icon_Flag_tur,Components/Icon_Flag,Assets/ThirdParty/Layer Lab/GUI Pro-SuperCasual/ResourcesData/Sprites/Components/Icon_Flag/Small/Icon_Flag_tur.png,png
296,Icon_Flag_twn,Components/Icon_Flag,Assets/ThirdParty/Layer Lab/GUI Pro-SuperCasual/ResourcesData/Sprites/Components/Icon_Flag/Small/Icon_Flag_twn.png,png
297,Icon_Flag_ukr,Components/Icon_Flag,Assets/ThirdParty/Layer Lab/GUI Pro-SuperCasual/ResourcesData/Sprites/Components/Icon_Flag/Small/Icon_Flag_ukr.png,png
298,Icon_Flag_usa,Components/Icon_Flag,Assets/ThirdParty/Layer Lab/GUI Pro-SuperCasual/ResourcesData/Sprites/Components/Icon_Flag/Small/Icon_Flag_usa.png,png
299,Icon_GradeBadge_Beginner,Components/Icon_GradeBadge,Assets/ThirdParty/Layer Lab/GUI Pro-SuperCasual/ResourcesData/Sprites/Components/Icon_GradeBadge/128/Icon_GradeBadge_Beginner.Png,png
300,Icon_GradeBadge_Bronze,Components/Icon_GradeBadge,Assets/ThirdParty/Layer Lab/GUI Pro-SuperCasual/ResourcesData/Sprites/Components/Icon_GradeBadge/128/Icon_GradeBadge_Bronze.Png,png
301,Icon_GradeBadge_Challenger,Components/Icon_GradeBadge,Assets/ThirdParty/Layer Lab/GUI Pro-SuperCasual/ResourcesData/Sprites/Components/Icon_GradeBadge/128/Icon_GradeBadge_Challenger.Png,png
302,Icon_GradeBadge_Diamond,Components/Icon_GradeBadge,Assets/ThirdParty/Layer Lab/GUI Pro-SuperCasual/ResourcesData/Sprites/Components/Icon_GradeBadge/128/Icon_GradeBadge_Diamond.Png,png
303,Icon_GradeBadge_Gold,Components/Icon_GradeBadge,Assets/ThirdParty/Layer Lab/GUI Pro-SuperCasual/ResourcesData/Sprites/Components/Icon_GradeBadge/128/Icon_GradeBadge_Gold.Png,png
304,Icon_GradeBadge_Grandmaster,Components/Icon_GradeBadge,Assets/ThirdParty/Layer Lab/GUI Pro-SuperCasual/ResourcesData/Sprites/Components/Icon_GradeBadge/128/Icon_GradeBadge_Grandmaster.Png,png
305,Icon_GradeBadge_Iron,Components/Icon_GradeBadge,Assets/ThirdParty/Layer Lab/GUI Pro-SuperCasual/ResourcesData/Sprites/Components/Icon_GradeBadge/128/Icon_GradeBadge_Iron.Png,png
306,Icon_GradeBadge_Master,Components/Icon_GradeBadge,Assets/ThirdParty/Layer Lab/GUI Pro-SuperCasual/ResourcesData/Sprites/Components/Icon_GradeBadge/128/Icon_GradeBadge_Master.Png,png
307,Icon_GradeBadge_Platinum,Components/Icon_GradeBadge,Assets/ThirdParty/Layer Lab/GUI Pro-SuperCasual/ResourcesData/Sprites/Components/Icon_GradeBadge/128/Icon_GradeBadge_Platinum.Png,png
308,Icon_GradeBadge_Silver,Components/Icon_GradeBadge,Assets/ThirdParty/Layer Lab/GUI Pro-SuperCasual/ResourcesData/Sprites/Components/Icon_GradeBadge/128/Icon_GradeBadge_Silver.Png,png
309,Icon_GradeBadge_Beginner,Components/Icon_GradeBadge,Assets/ThirdParty/Layer Lab/GUI Pro-SuperCasual/ResourcesData/Sprites/Components/Icon_GradeBadge/256/Icon_GradeBadge_Beginner.Png,png
310,Icon_GradeBadge_Bronze,Components/Icon_GradeBadge,Assets/ThirdParty/Layer Lab/GUI Pro-SuperCasual/ResourcesData/Sprites/Components/Icon_GradeBadge/256/Icon_GradeBadge_Bronze.Png,png
311,Icon_GradeBadge_Challenger,Components/Icon_GradeBadge,Assets/ThirdParty/Layer Lab/GUI Pro-SuperCasual/ResourcesData/Sprites/Components/Icon_GradeBadge/256/Icon_GradeBadge_Challenger.Png,png
312,Icon_GradeBadge_Diamond,Components/Icon_GradeBadge,Assets/ThirdParty/Layer Lab/GUI Pro-SuperCasual/ResourcesData/Sprites/Components/Icon_GradeBadge/256/Icon_GradeBadge_Diamond.Png,png
313,Icon_GradeBadge_Gold,Components/Icon_GradeBadge,Assets/ThirdParty/Layer Lab/GUI Pro-SuperCasual/ResourcesData/Sprites/Components/Icon_GradeBadge/256/Icon_GradeBadge_Gold.Png,png
314,Icon_GradeBadge_Grandmaster,Components/Icon_GradeBadge,Assets/ThirdParty/Layer Lab/GUI Pro-SuperCasual/ResourcesData/Sprites/Components/Icon_GradeBadge/256/Icon_GradeBadge_Grandmaster.Png,png
315,Icon_GradeBadge_Iron,Components/Icon_GradeBadge,Assets/ThirdParty/Layer Lab/GUI Pro-SuperCasual/ResourcesData/Sprites/Components/Icon_GradeBadge/256/Icon_GradeBadge_Iron.Png,png
316,Icon_GradeBadge_Master,Components/Icon_GradeBadge,Assets/ThirdParty/Layer Lab/GUI Pro-SuperCasual/ResourcesData/Sprites/Components/Icon_GradeBadge/256/Icon_GradeBadge_Master.Png,png
317,Icon_GradeBadge_Platinum,Components/Icon_GradeBadge,Assets/ThirdParty/Layer Lab/GUI Pro-SuperCasual/ResourcesData/Sprites/Components/Icon_GradeBadge/256/Icon_GradeBadge_Platinum.Png,png
318,Icon_GradeBadge_Silver,Components/Icon_GradeBadge,Assets/ThirdParty/Layer Lab/GUI Pro-SuperCasual/ResourcesData/Sprites/Components/Icon_GradeBadge/256/Icon_GradeBadge_Silver.Png,png
319,Icon_GradeBadge_Beginner,Components/Icon_GradeBadge,Assets/ThirdParty/Layer Lab/GUI Pro-SuperCasual/ResourcesData/Sprites/Components/Icon_GradeBadge/512/Icon_GradeBadge_Beginner.Png,png
320,Icon_GradeBadge_Bronze,Components/Icon_GradeBadge,Assets/ThirdParty/Layer Lab/GUI Pro-SuperCasual/ResourcesData/Sprites/Components/Icon_GradeBadge/512/Icon_GradeBadge_Bronze.Png,png
321,Icon_GradeBadge_Challenger,Components/Icon_GradeBadge,Assets/ThirdParty/Layer Lab/GUI Pro-SuperCasual/ResourcesData/Sprites/Components/Icon_GradeBadge/512/Icon_GradeBadge_Challenger.Png,png
322,Icon_GradeBadge_Diamond,Components/Icon_GradeBadge,Assets/ThirdParty/Layer Lab/GUI Pro-SuperCasual/ResourcesData/Sprites/Components/Icon_GradeBadge/512/Icon_GradeBadge_Diamond.Png,png
323,Icon_GradeBadge_Gold,Components/Icon_GradeBadge,Assets/ThirdParty/Layer Lab/GUI Pro-SuperCasual/ResourcesData/Sprites/Components/Icon_GradeBadge/512/Icon_GradeBadge_Gold.Png,png
324,Icon_GradeBadge_Grandmaster,Components/Icon_GradeBadge,Assets/ThirdParty/Layer Lab/GUI Pro-SuperCasual/ResourcesData/Sprites/Components/Icon_GradeBadge/512/Icon_GradeBadge_Grandmaster.Png,png
325,Icon_GradeBadge_Iron,Components/Icon_GradeBadge,Assets/ThirdParty/Layer Lab/GUI Pro-SuperCasual/ResourcesData/Sprites/Components/Icon_GradeBadge/512/Icon_GradeBadge_Iron.Png,png
326,Icon_GradeBadge_Master,Components/Icon_GradeBadge,Assets/ThirdParty/Layer Lab/GUI Pro-SuperCasual/ResourcesData/Sprites/Components/Icon_GradeBadge/512/Icon_GradeBadge_Master.Png,png
327,Icon_GradeBadge_Platinum,Components/Icon_GradeBadge,Assets/ThirdParty/Layer Lab/GUI Pro-SuperCasual/ResourcesData/Sprites/Components/Icon_GradeBadge/512/Icon_GradeBadge_Platinum.Png,png
328,Icon_GradeBadge_Silver,Components/Icon_GradeBadge,Assets/ThirdParty/Layer Lab/GUI Pro-SuperCasual/ResourcesData/Sprites/Components/Icon_GradeBadge/512/Icon_GradeBadge_Silver.Png,png
329,Icon_GradeBadge_Beginner,Components/Icon_GradeBadge,Assets/ThirdParty/Layer Lab/GUI Pro-SuperCasual/ResourcesData/Sprites/Components/Icon_GradeBadge/Original/Icon_GradeBadge_Beginner.png,png
330,Icon_GradeBadge_Bronze,Components/Icon_GradeBadge,Assets/ThirdParty/Layer Lab/GUI Pro-SuperCasual/ResourcesData/Sprites/Components/Icon_GradeBadge/Original/Icon_GradeBadge_Bronze.png,png
331,Icon_GradeBadge_Challenger,Components/Icon_GradeBadge,Assets/ThirdParty/Layer Lab/GUI Pro-SuperCasual/ResourcesData/Sprites/Components/Icon_GradeBadge/Original/Icon_GradeBadge_Challenger.png,png
332,Icon_GradeBadge_Diamond,Components/Icon_GradeBadge,Assets/ThirdParty/Layer Lab/GUI Pro-SuperCasual/ResourcesData/Sprites/Components/Icon_GradeBadge/Original/Icon_GradeBadge_Diamond.png,png
333,Icon_GradeBadge_Gold,Components/Icon_GradeBadge,Assets/ThirdParty/Layer Lab/GUI Pro-SuperCasual/ResourcesData/Sprites/Components/Icon_GradeBadge/Original/Icon_GradeBadge_Gold.png,png
334,Icon_GradeBadge_Grandmaster,Components/Icon_GradeBadge,Assets/ThirdParty/Layer Lab/GUI Pro-SuperCasual/ResourcesData/Sprites/Components/Icon_GradeBadge/Original/Icon_GradeBadge_Grandmaster.png,png
335,Icon_GradeBadge_Iron,Components/Icon_GradeBadge,Assets/ThirdParty/Layer Lab/GUI Pro-SuperCasual/ResourcesData/Sprites/Components/Icon_GradeBadge/Original/Icon_GradeBadge_Iron.png,png
336,Icon_GradeBadge_Master,Components/Icon_GradeBadge,Assets/ThirdParty/Layer Lab/GUI Pro-SuperCasual/ResourcesData/Sprites/Components/Icon_GradeBadge/Original/Icon_GradeBadge_Master.png,png
337,Icon_GradeBadge_Platinum,Components/Icon_GradeBadge,Assets/ThirdParty/Layer Lab/GUI Pro-SuperCasual/ResourcesData/Sprites/Components/Icon_GradeBadge/Original/Icon_GradeBadge_Platinum.png,png
338,Icon_GradeBadge_Silver,Components/Icon_GradeBadge,Assets/ThirdParty/Layer Lab/GUI Pro-SuperCasual/ResourcesData/Sprites/Components/Icon_GradeBadge/Original/Icon_GradeBadge_Silver.png,png
339,ItemIcon_Badge_Crown,Components/Icon_ItemIcons,Assets/ThirdParty/Layer Lab/GUI Pro-SuperCasual/ResourcesData/Sprites/Components/Icon_ItemIcons/128/ItemIcon_Badge_Crown.Png,png
340,ItemIcon_Badge_Gold,Components/Icon_ItemIcons,Assets/ThirdParty/Layer Lab/GUI Pro-SuperCasual/ResourcesData/Sprites/Components/Icon_ItemIcons/128/ItemIcon_Badge_Gold.png,png
341,ItemIcon_Bag_Brown,Components/Icon_ItemIcons,Assets/ThirdParty/Layer Lab/GUI Pro-SuperCasual/ResourcesData/Sprites/Components/Icon_ItemIcons/128/ItemIcon_Bag_Brown.Png,png
342,ItemIcon_Bag_Gray,Components/Icon_ItemIcons,Assets/ThirdParty/Layer Lab/GUI Pro-SuperCasual/ResourcesData/Sprites/Components/Icon_ItemIcons/128/ItemIcon_Bag_Gray.Png,png
343,ItemIcon_Battle,Components/Icon_ItemIcons,Assets/ThirdParty/Layer Lab/GUI Pro-SuperCasual/ResourcesData/Sprites/Components/Icon_ItemIcons/128/ItemIcon_Battle.Png,png
344,ItemIcon_Book_1_Purple,Components/Icon_ItemIcons,Assets/ThirdParty/Layer Lab/GUI Pro-SuperCasual/ResourcesData/Sprites/Components/Icon_ItemIcons/128/ItemIcon_Book_1_Purple.Png,png
345,ItemIcon_Book_1_Wine,Components/Icon_ItemIcons,Assets/ThirdParty/Layer Lab/GUI Pro-SuperCasual/ResourcesData/Sprites/Components/Icon_ItemIcons/128/ItemIcon_Book_1_Wine.Png,png
346,ItemIcon_Calendar,Components/Icon_ItemIcons,Assets/ThirdParty/Layer Lab/GUI Pro-SuperCasual/ResourcesData/Sprites/Components/Icon_ItemIcons/128/ItemIcon_Calendar.Png,png
347,ItemIcon_Calendar_Check,Components/Icon_ItemIcons,Assets/ThirdParty/Layer Lab/GUI Pro-SuperCasual/ResourcesData/Sprites/Components/Icon_ItemIcons/128/ItemIcon_Calendar_Check.Png,png
348,ItemIcon_Chat,Components/Icon_ItemIcons,Assets/ThirdParty/Layer Lab/GUI Pro-SuperCasual/ResourcesData/Sprites/Components/Icon_ItemIcons/128/ItemIcon_Chat.Png,png
349,ItemIcon_Chest_Gem,Components/Icon_ItemIcons,Assets/ThirdParty/Layer Lab/GUI Pro-SuperCasual/ResourcesData/Sprites/Components/Icon_ItemIcons/128/ItemIcon_Chest_Gem.Png,png
350,ItemIcon_Chest_Gold,Components/Icon_ItemIcons,Assets/ThirdParty/Layer Lab/GUI Pro-SuperCasual/ResourcesData/Sprites/Components/Icon_ItemIcons/128/ItemIcon_Chest_Gold.Png,png
351,ItemIcon_Chest_Premium,Components/Icon_ItemIcons,Assets/ThirdParty/Layer Lab/GUI Pro-SuperCasual/ResourcesData/Sprites/Components/Icon_ItemIcons/128/ItemIcon_Chest_Premium.Png,png
352,ItemIcon_Chest_Wood,Components/Icon_ItemIcons,Assets/ThirdParty/Layer Lab/GUI Pro-SuperCasual/ResourcesData/Sprites/Components/Icon_ItemIcons/128/ItemIcon_Chest_Wood.Png,png
353,ItemIcon_Clover_Gold,Components/Icon_ItemIcons,Assets/ThirdParty/Layer Lab/GUI Pro-SuperCasual/ResourcesData/Sprites/Components/Icon_ItemIcons/128/ItemIcon_Clover_Gold.Png,png
354,ItemIcon_Clover_Green,Components/Icon_ItemIcons,Assets/ThirdParty/Layer Lab/GUI Pro-SuperCasual/ResourcesData/Sprites/Components/Icon_ItemIcons/128/ItemIcon_Clover_Green.Png,png
355,ItemIcon_Damage,Components/Icon_ItemIcons,Assets/ThirdParty/Layer Lab/GUI Pro-SuperCasual/ResourcesData/Sprites/Components/Icon_ItemIcons/128/ItemIcon_Damage.Png,png
356,ItemIcon_Dungeon,Components/Icon_ItemIcons,Assets/ThirdParty/Layer Lab/GUI Pro-SuperCasual/ResourcesData/Sprites/Components/Icon_ItemIcons/128/ItemIcon_Dungeon.Png,png
357,ItemIcon_Earth,Components/Icon_ItemIcons,Assets/ThirdParty/Layer Lab/GUI Pro-SuperCasual/ResourcesData/Sprites/Components/Icon_ItemIcons/128/ItemIcon_Earth.Png,png
358,ItemIcon_Energy_Blue,Components/Icon_ItemIcons,Assets/ThirdParty/Layer Lab/GUI Pro-SuperCasual/ResourcesData/Sprites/Components/Icon_ItemIcons/128/ItemIcon_Energy_Blue.Png,png
359,ItemIcon_Friend,Components/Icon_ItemIcons,Assets/ThirdParty/Layer Lab/GUI Pro-SuperCasual/ResourcesData/Sprites/Components/Icon_ItemIcons/128/ItemIcon_Friend.Png,png
360,ItemIcon_Gear,Components/Icon_ItemIcons,Assets/ThirdParty/Layer Lab/GUI Pro-SuperCasual/ResourcesData/Sprites/Components/Icon_ItemIcons/128/ItemIcon_Gear.Png,png
361,ItemIcon_Gear_Armor_Bottom,Components/Icon_ItemIcons,Assets/ThirdParty/Layer Lab/GUI Pro-SuperCasual/ResourcesData/Sprites/Components/Icon_ItemIcons/128/ItemIcon_Gear_Armor_Bottom.Png,png
362,ItemIcon_Gear_Armor_Top,Components/Icon_ItemIcons,Assets/ThirdParty/Layer Lab/GUI Pro-SuperCasual/ResourcesData/Sprites/Components/Icon_ItemIcons/128/ItemIcon_Gear_Armor_Top.Png,png
363,ItemIcon_Gear_Boots,Components/Icon_ItemIcons,Assets/ThirdParty/Layer Lab/GUI Pro-SuperCasual/ResourcesData/Sprites/Components/Icon_ItemIcons/128/ItemIcon_Gear_Boots.Png,png
364,ItemIcon_Gear_Hat_Witch,Components/Icon_ItemIcons,Assets/ThirdParty/Layer Lab/GUI Pro-SuperCasual/ResourcesData/Sprites/Components/Icon_ItemIcons/128/ItemIcon_Gear_Hat_Witch.Png,png
365,ItemIcon_Gear_Ring,Components/Icon_ItemIcons,Assets/ThirdParty/Layer Lab/GUI Pro-SuperCasual/ResourcesData/Sprites/Components/Icon_ItemIcons/128/ItemIcon_Gear_Ring.Png,png
366,ItemIcon_Gear_Sword,Components/Icon_ItemIcons,Assets/ThirdParty/Layer Lab/GUI Pro-SuperCasual/ResourcesData/Sprites/Components/Icon_ItemIcons/128/ItemIcon_Gear_Sword.Png,png
367,ItemIcon_Gem_Circle,Components/Icon_ItemIcons,Assets/ThirdParty/Layer Lab/GUI Pro-SuperCasual/ResourcesData/Sprites/Components/Icon_ItemIcons/128/ItemIcon_Gem_Circle.Png,png
368,ItemIcon_Gem_Diamond_Purple,Components/Icon_ItemIcons,Assets/ThirdParty/Layer Lab/GUI Pro-SuperCasual/ResourcesData/Sprites/Components/Icon_ItemIcons/128/ItemIcon_Gem_Diamond_Purple.Png,png
369,ItemIcon_Gem_Ellipse_Red,Components/Icon_ItemIcons,Assets/ThirdParty/Layer Lab/GUI Pro-SuperCasual/ResourcesData/Sprites/Components/Icon_ItemIcons/128/ItemIcon_Gem_Ellipse_Red.Png,png
370,ItemIcon_Gem_Star_Blue,Components/Icon_ItemIcons,Assets/ThirdParty/Layer Lab/GUI Pro-SuperCasual/ResourcesData/Sprites/Components/Icon_ItemIcons/128/ItemIcon_Gem_Star_Blue.Png,png
371,ItemIcon_Gift_Blue,Components/Icon_ItemIcons,Assets/ThirdParty/Layer Lab/GUI Pro-SuperCasual/ResourcesData/Sprites/Components/Icon_ItemIcons/128/ItemIcon_Gift_Blue.Png,png
372,ItemIcon_Gift_Green,Components/Icon_ItemIcons,Assets/ThirdParty/Layer Lab/GUI Pro-SuperCasual/ResourcesData/Sprites/Components/Icon_ItemIcons/128/ItemIcon_Gift_Green.Png,png
373,ItemIcon_Gift_Red,Components/Icon_ItemIcons,Assets/ThirdParty/Layer Lab/GUI Pro-SuperCasual/ResourcesData/Sprites/Components/Icon_ItemIcons/128/ItemIcon_Gift_Red.Png,png
374,ItemIcon_Heart_Dimmed,Components/Icon_ItemIcons,Assets/ThirdParty/Layer Lab/GUI Pro-SuperCasual/ResourcesData/Sprites/Components/Icon_ItemIcons/128/ItemIcon_Heart_Dimmed.Png,png
375,ItemIcon_Heart_Red,Components/Icon_ItemIcons,Assets/ThirdParty/Layer Lab/GUI Pro-SuperCasual/ResourcesData/Sprites/Components/Icon_ItemIcons/128/ItemIcon_Heart_Red.Png,png
376,ItemIcon_Key_Gold,Components/Icon_ItemIcons,Assets/ThirdParty/Layer Lab/GUI Pro-SuperCasual/ResourcesData/Sprites/Components/Icon_ItemIcons/128/ItemIcon_Key_Gold.png,png
377,ItemIcon_Mail,Components/Icon_ItemIcons,Assets/ThirdParty/Layer Lab/GUI Pro-SuperCasual/ResourcesData/Sprites/Components/Icon_ItemIcons/128/ItemIcon_Mail.Png,png
378,ItemIcon_Map,Components/Icon_ItemIcons,Assets/ThirdParty/Layer Lab/GUI Pro-SuperCasual/ResourcesData/Sprites/Components/Icon_ItemIcons/128/ItemIcon_Map.Png,png
379,ItemIcon_Meat,Components/Icon_ItemIcons,Assets/ThirdParty/Layer Lab/GUI Pro-SuperCasual/ResourcesData/Sprites/Components/Icon_ItemIcons/128/ItemIcon_Meat.Png,png
380,ItemIcon_Medal_Bronze_1,Components/Icon_ItemIcons,Assets/ThirdParty/Layer Lab/GUI Pro-SuperCasual/ResourcesData/Sprites/Components/Icon_ItemIcons/128/ItemIcon_Medal_Bronze_1.png,png
381,ItemIcon_Medal_Bronze_2,Components/Icon_ItemIcons,Assets/ThirdParty/Layer Lab/GUI Pro-SuperCasual/ResourcesData/Sprites/Components/Icon_ItemIcons/128/ItemIcon_Medal_Bronze_2.png,png
382,ItemIcon_Medal_Gold_1,Components/Icon_ItemIcons,Assets/ThirdParty/Layer Lab/GUI Pro-SuperCasual/ResourcesData/Sprites/Components/Icon_ItemIcons/128/ItemIcon_Medal_Gold_1.png,png
383,ItemIcon_Medal_Gold_2,Components/Icon_ItemIcons,Assets/ThirdParty/Layer Lab/GUI Pro-SuperCasual/ResourcesData/Sprites/Components/Icon_ItemIcons/128/ItemIcon_Medal_Gold_2.png,png
384,ItemIcon_Medal_Silver_1,Components/Icon_ItemIcons,Assets/ThirdParty/Layer Lab/GUI Pro-SuperCasual/ResourcesData/Sprites/Components/Icon_ItemIcons/128/ItemIcon_Medal_Silver_1.png,png
385,ItemIcon_Medal_Silver_2,Components/Icon_ItemIcons,Assets/ThirdParty/Layer Lab/GUI Pro-SuperCasual/ResourcesData/Sprites/Components/Icon_ItemIcons/128/ItemIcon_Medal_Silver_2.png,png
386,ItemIcon_Medalstand,Components/Icon_ItemIcons,Assets/ThirdParty/Layer Lab/GUI Pro-SuperCasual/ResourcesData/Sprites/Components/Icon_ItemIcons/128/ItemIcon_Medalstand.Png,png
387,ItemIcon_MemoPad,Components/Icon_ItemIcons,Assets/ThirdParty/Layer Lab/GUI Pro-SuperCasual/ResourcesData/Sprites/Components/Icon_ItemIcons/128/ItemIcon_MemoPad.Png,png
388,ItemIcon_Money_Bill,Components/Icon_ItemIcons,Assets/ThirdParty/Layer Lab/GUI Pro-SuperCasual/ResourcesData/Sprites/Components/Icon_ItemIcons/128/ItemIcon_Money_Bill.Png,png
389,ItemIcon_Money_Coin,Components/Icon_ItemIcons,Assets/ThirdParty/Layer Lab/GUI Pro-SuperCasual/ResourcesData/Sprites/Components/Icon_ItemIcons/128/ItemIcon_Money_Coin.Png,png
390,ItemIcon_Pot,Components/Icon_ItemIcons,Assets/ThirdParty/Layer Lab/GUI Pro-SuperCasual/ResourcesData/Sprites/Components/Icon_ItemIcons/128/ItemIcon_Pot.Png,png
391,ItemIcon_Shop,Components/Icon_ItemIcons,Assets/ThirdParty/Layer Lab/GUI Pro-SuperCasual/ResourcesData/Sprites/Components/Icon_ItemIcons/128/ItemIcon_Shop.Png,png
392,ItemIcon_Skull,Components/Icon_ItemIcons,Assets/ThirdParty/Layer Lab/GUI Pro-SuperCasual/ResourcesData/Sprites/Components/Icon_ItemIcons/128/ItemIcon_Skull.png,png
393,ItemIcon_Star_Blue,Components/Icon_ItemIcons,Assets/ThirdParty/Layer Lab/GUI Pro-SuperCasual/ResourcesData/Sprites/Components/Icon_ItemIcons/128/ItemIcon_Star_Blue.Png,png
394,ItemIcon_Star_Bronze,Components/Icon_ItemIcons,Assets/ThirdParty/Layer Lab/GUI Pro-SuperCasual/ResourcesData/Sprites/Components/Icon_ItemIcons/128/ItemIcon_Star_Bronze.Png,png
395,ItemIcon_Star_Gold,Components/Icon_ItemIcons,Assets/ThirdParty/Layer Lab/GUI Pro-SuperCasual/ResourcesData/Sprites/Components/Icon_ItemIcons/128/ItemIcon_Star_Gold.Png,png
396,ItemIcon_Star_Purple,Components/Icon_ItemIcons,Assets/ThirdParty/Layer Lab/GUI Pro-SuperCasual/ResourcesData/Sprites/Components/Icon_ItemIcons/128/ItemIcon_Star_Purple.Png,png
397,ItemIcon_Star_Red,Components/Icon_ItemIcons,Assets/ThirdParty/Layer Lab/GUI Pro-SuperCasual/ResourcesData/Sprites/Components/Icon_ItemIcons/128/ItemIcon_Star_Red.Png,png
398,ItemIcon_Star_Silver,Components/Icon_ItemIcons,Assets/ThirdParty/Layer Lab/GUI Pro-SuperCasual/ResourcesData/Sprites/Components/Icon_ItemIcons/128/ItemIcon_Star_Silver.Png,png
399,ItemIcon_Ticket_Gold,Components/Icon_ItemIcons,Assets/ThirdParty/Layer Lab/GUI Pro-SuperCasual/ResourcesData/Sprites/Components/Icon_ItemIcons/128/ItemIcon_Ticket_Gold.Png,png
400,ItemIcon_Ticket_Red,Components/Icon_ItemIcons,Assets/ThirdParty/Layer Lab/GUI Pro-SuperCasual/ResourcesData/Sprites/Components/Icon_ItemIcons/128/ItemIcon_Ticket_Red.Png,png
401,ItemIcon_Trophy_Bronze,Components/Icon_ItemIcons,Assets/ThirdParty/Layer Lab/GUI Pro-SuperCasual/ResourcesData/Sprites/Components/Icon_ItemIcons/128/ItemIcon_Trophy_Bronze.Png,png
402,ItemIcon_Trophy_Gold,Components/Icon_ItemIcons,Assets/ThirdParty/Layer Lab/GUI Pro-SuperCasual/ResourcesData/Sprites/Components/Icon_ItemIcons/128/ItemIcon_Trophy_Gold.Png,png
403,ItemIcon_Trophy_Silver,Components/Icon_ItemIcons,Assets/ThirdParty/Layer Lab/GUI Pro-SuperCasual/ResourcesData/Sprites/Components/Icon_ItemIcons/128/ItemIcon_Trophy_Silver.Png,png
404,ItemIcon_TV_AdBlock,Components/Icon_ItemIcons,Assets/ThirdParty/Layer Lab/GUI Pro-SuperCasual/ResourcesData/Sprites/Components/Icon_ItemIcons/128/ItemIcon_TV_AdBlock.png,png
405,ItemIcon_Video,Components/Icon_ItemIcons,Assets/ThirdParty/Layer Lab/GUI Pro-SuperCasual/ResourcesData/Sprites/Components/Icon_ItemIcons/128/ItemIcon_Video.Png,png
406,ItemIcon_Badge_Crown,Components/Icon_ItemIcons,Assets/ThirdParty/Layer Lab/GUI Pro-SuperCasual/ResourcesData/Sprites/Components/Icon_ItemIcons/256/ItemIcon_Badge_Crown.Png,png
407,ItemIcon_Badge_Gold,Components/Icon_ItemIcons,Assets/ThirdParty/Layer Lab/GUI Pro-SuperCasual/ResourcesData/Sprites/Components/Icon_ItemIcons/256/ItemIcon_Badge_Gold.png,png
408,ItemIcon_Bag_Brown,Components/Icon_ItemIcons,Assets/ThirdParty/Layer Lab/GUI Pro-SuperCasual/ResourcesData/Sprites/Components/Icon_ItemIcons/256/ItemIcon_Bag_Brown.Png,png
409,ItemIcon_Bag_Gray,Components/Icon_ItemIcons,Assets/ThirdParty/Layer Lab/GUI Pro-SuperCasual/ResourcesData/Sprites/Components/Icon_ItemIcons/256/ItemIcon_Bag_Gray.Png,png
410,ItemIcon_Battle,Components/Icon_ItemIcons,Assets/ThirdParty/Layer Lab/GUI Pro-SuperCasual/ResourcesData/Sprites/Components/Icon_ItemIcons/256/ItemIcon_Battle.Png,png
411,ItemIcon_Book_1_Purple,Components/Icon_ItemIcons,Assets/ThirdParty/Layer Lab/GUI Pro-SuperCasual/ResourcesData/Sprites/Components/Icon_ItemIcons/256/ItemIcon_Book_1_Purple.Png,png
412,ItemIcon_Book_1_Wine,Components/Icon_ItemIcons,Assets/ThirdParty/Layer Lab/GUI Pro-SuperCasual/ResourcesData/Sprites/Components/Icon_ItemIcons/256/ItemIcon_Book_1_Wine.Png,png
413,ItemIcon_Calendar,Components/Icon_ItemIcons,Assets/ThirdParty/Layer Lab/GUI Pro-SuperCasual/ResourcesData/Sprites/Components/Icon_ItemIcons/256/ItemIcon_Calendar.Png,png
414,ItemIcon_Calendar_Check,Components/Icon_ItemIcons,Assets/ThirdParty/Layer Lab/GUI Pro-SuperCasual/ResourcesData/Sprites/Components/Icon_ItemIcons/256/ItemIcon_Calendar_Check.Png,png
415,ItemIcon_Chat,Components/Icon_ItemIcons,Assets/ThirdParty/Layer Lab/GUI Pro-SuperCasual/ResourcesData/Sprites/Components/Icon_ItemIcons/256/ItemIcon_Chat.Png,png
416,ItemIcon_Chest_Gem,Components/Icon_ItemIcons,Assets/ThirdParty/Layer Lab/GUI Pro-SuperCasual/ResourcesData/Sprites/Components/Icon_ItemIcons/256/ItemIcon_Chest_Gem.Png,png
417,ItemIcon_Chest_Gold,Components/Icon_ItemIcons,Assets/ThirdParty/Layer Lab/GUI Pro-SuperCasual/ResourcesData/Sprites/Components/Icon_ItemIcons/256/ItemIcon_Chest_Gold.Png,png
418,ItemIcon_Chest_Premium,Components/Icon_ItemIcons,Assets/ThirdParty/Layer Lab/GUI Pro-SuperCasual/ResourcesData/Sprites/Components/Icon_ItemIcons/256/ItemIcon_Chest_Premium.Png,png
419,ItemIcon_Chest_Wood,Components/Icon_ItemIcons,Assets/ThirdParty/Layer Lab/GUI Pro-SuperCasual/ResourcesData/Sprites/Components/Icon_ItemIcons/256/ItemIcon_Chest_Wood.Png,png
420,ItemIcon_Clover_Gold,Components/Icon_ItemIcons,Assets/ThirdParty/Layer Lab/GUI Pro-SuperCasual/ResourcesData/Sprites/Components/Icon_ItemIcons/256/ItemIcon_Clover_Gold.Png,png
421,ItemIcon_Clover_Green,Components/Icon_ItemIcons,Assets/ThirdParty/Layer Lab/GUI Pro-SuperCasual/ResourcesData/Sprites/Components/Icon_ItemIcons/256/ItemIcon_Clover_Green.Png,png
422,ItemIcon_Damage,Components/Icon_ItemIcons,Assets/ThirdParty/Layer Lab/GUI Pro-SuperCasual/ResourcesData/Sprites/Components/Icon_ItemIcons/256/ItemIcon_Damage.Png,png
423,ItemIcon_Dungeon,Components/Icon_ItemIcons,Assets/ThirdParty/Layer Lab/GUI Pro-SuperCasual/ResourcesData/Sprites/Components/Icon_ItemIcons/256/ItemIcon_Dungeon.Png,png
424,ItemIcon_Earth,Components/Icon_ItemIcons,Assets/ThirdParty/Layer Lab/GUI Pro-SuperCasual/ResourcesData/Sprites/Components/Icon_ItemIcons/256/ItemIcon_Earth.Png,png
425,ItemIcon_Energy_Blue,Components/Icon_ItemIcons,Assets/ThirdParty/Layer Lab/GUI Pro-SuperCasual/ResourcesData/Sprites/Components/Icon_ItemIcons/256/ItemIcon_Energy_Blue.Png,png
426,ItemIcon_Friend,Components/Icon_ItemIcons,Assets/ThirdParty/Layer Lab/GUI Pro-SuperCasual/ResourcesData/Sprites/Components/Icon_ItemIcons/256/ItemIcon_Friend.Png,png
427,ItemIcon_Gear,Components/Icon_ItemIcons,Assets/ThirdParty/Layer Lab/GUI Pro-SuperCasual/ResourcesData/Sprites/Components/Icon_ItemIcons/256/ItemIcon_Gear.Png,png
428,ItemIcon_Gear_Armor_Bottom,Components/Icon_ItemIcons,Assets/ThirdParty/Layer Lab/GUI Pro-SuperCasual/ResourcesData/Sprites/Components/Icon_ItemIcons/256/ItemIcon_Gear_Armor_Bottom.Png,png
429,ItemIcon_Gear_Armor_Top,Components/Icon_ItemIcons,Assets/ThirdParty/Layer Lab/GUI Pro-SuperCasual/ResourcesData/Sprites/Components/Icon_ItemIcons/256/ItemIcon_Gear_Armor_Top.Png,png
430,ItemIcon_Gear_Boots,Components/Icon_ItemIcons,Assets/ThirdParty/Layer Lab/GUI Pro-SuperCasual/ResourcesData/Sprites/Components/Icon_ItemIcons/256/ItemIcon_Gear_Boots.Png,png
431,ItemIcon_Gear_Hat_Witch,Components/Icon_ItemIcons,Assets/ThirdParty/Layer Lab/GUI Pro-SuperCasual/ResourcesData/Sprites/Components/Icon_ItemIcons/256/ItemIcon_Gear_Hat_Witch.Png,png
432,ItemIcon_Gear_Ring,Components/Icon_ItemIcons,Assets/ThirdParty/Layer Lab/GUI Pro-SuperCasual/ResourcesData/Sprites/Components/Icon_ItemIcons/256/ItemIcon_Gear_Ring.png,png
433,ItemIcon_Gear_Sword,Components/Icon_ItemIcons,Assets/ThirdParty/Layer Lab/GUI Pro-SuperCasual/ResourcesData/Sprites/Components/Icon_ItemIcons/256/ItemIcon_Gear_Sword.Png,png
434,ItemIcon_Gem_Circle,Components/Icon_ItemIcons,Assets/ThirdParty/Layer Lab/GUI Pro-SuperCasual/ResourcesData/Sprites/Components/Icon_ItemIcons/256/ItemIcon_Gem_Circle.Png,png
435,ItemIcon_Gem_Diamond_Purple,Components/Icon_ItemIcons,Assets/ThirdParty/Layer Lab/GUI Pro-SuperCasual/ResourcesData/Sprites/Components/Icon_ItemIcons/256/ItemIcon_Gem_Diamond_Purple.Png,png
436,ItemIcon_Gem_Ellipse_Red,Components/Icon_ItemIcons,Assets/ThirdParty/Layer Lab/GUI Pro-SuperCasual/ResourcesData/Sprites/Components/Icon_ItemIcons/256/ItemIcon_Gem_Ellipse_Red.Png,png
437,ItemIcon_Gem_Star_Blue,Components/Icon_ItemIcons,Assets/ThirdParty/Layer Lab/GUI Pro-SuperCasual/ResourcesData/Sprites/Components/Icon_ItemIcons/256/ItemIcon_Gem_Star_Blue.Png,png
438,ItemIcon_Gift_Blue,Components/Icon_ItemIcons,Assets/ThirdParty/Layer Lab/GUI Pro-SuperCasual/ResourcesData/Sprites/Components/Icon_ItemIcons/256/ItemIcon_Gift_Blue.Png,png
439,ItemIcon_Gift_Green,Components/Icon_ItemIcons,Assets/ThirdParty/Layer Lab/GUI Pro-SuperCasual/ResourcesData/Sprites/Components/Icon_ItemIcons/256/ItemIcon_Gift_Green.Png,png
440,ItemIcon_Gift_Red,Components/Icon_ItemIcons,Assets/ThirdParty/Layer Lab/GUI Pro-SuperCasual/ResourcesData/Sprites/Components/Icon_ItemIcons/256/ItemIcon_Gift_Red.Png,png
441,ItemIcon_Heart_Dimmed,Components/Icon_ItemIcons,Assets/ThirdParty/Layer Lab/GUI Pro-SuperCasual/ResourcesData/Sprites/Components/Icon_ItemIcons/256/ItemIcon_Heart_Dimmed.Png,png
442,ItemIcon_Heart_Red,Components/Icon_ItemIcons,Assets/ThirdParty/Layer Lab/GUI Pro-SuperCasual/ResourcesData/Sprites/Components/Icon_ItemIcons/256/ItemIcon_Heart_Red.Png,png
443,ItemIcon_Key_Gold,Components/Icon_ItemIcons,Assets/ThirdParty/Layer Lab/GUI Pro-SuperCasual/ResourcesData/Sprites/Components/Icon_ItemIcons/256/ItemIcon_Key_Gold.png,png
444,ItemIcon_Mail,Components/Icon_ItemIcons,Assets/ThirdParty/Layer Lab/GUI Pro-SuperCasual/ResourcesData/Sprites/Components/Icon_ItemIcons/256/ItemIcon_Mail.Png,png
445,ItemIcon_Map,Components/Icon_ItemIcons,Assets/ThirdParty/Layer Lab/GUI Pro-SuperCasual/ResourcesData/Sprites/Components/Icon_ItemIcons/256/ItemIcon_Map.Png,png
446,ItemIcon_Meat,Components/Icon_ItemIcons,Assets/ThirdParty/Layer Lab/GUI Pro-SuperCasual/ResourcesData/Sprites/Components/Icon_ItemIcons/256/ItemIcon_Meat.Png,png
447,ItemIcon_Medal_Bronze_1,Components/Icon_ItemIcons,Assets/ThirdParty/Layer Lab/GUI Pro-SuperCasual/ResourcesData/Sprites/Components/Icon_ItemIcons/256/ItemIcon_Medal_Bronze_1.png,png
448,ItemIcon_Medal_Bronze_2,Components/Icon_ItemIcons,Assets/ThirdParty/Layer Lab/GUI Pro-SuperCasual/ResourcesData/Sprites/Components/Icon_ItemIcons/256/ItemIcon_Medal_Bronze_2.png,png
449,ItemIcon_Medal_Gold_1,Components/Icon_ItemIcons,Assets/ThirdParty/Layer Lab/GUI Pro-SuperCasual/ResourcesData/Sprites/Components/Icon_ItemIcons/256/ItemIcon_Medal_Gold_1.png,png
450,ItemIcon_Medal_Gold_2,Components/Icon_ItemIcons,Assets/ThirdParty/Layer Lab/GUI Pro-SuperCasual/ResourcesData/Sprites/Components/Icon_ItemIcons/256/ItemIcon_Medal_Gold_2.png,png
451,ItemIcon_Medal_Silver_1,Components/Icon_ItemIcons,Assets/ThirdParty/Layer Lab/GUI Pro-SuperCasual/ResourcesData/Sprites/Components/Icon_ItemIcons/256/ItemIcon_Medal_Silver_1.png,png
452,ItemIcon_Medal_Silver_2,Components/Icon_ItemIcons,Assets/ThirdParty/Layer Lab/GUI Pro-SuperCasual/ResourcesData/Sprites/Components/Icon_ItemIcons/256/ItemIcon_Medal_Silver_2.png,png
453,ItemIcon_Medalstand,Components/Icon_ItemIcons,Assets/ThirdParty/Layer Lab/GUI Pro-SuperCasual/ResourcesData/Sprites/Components/Icon_ItemIcons/256/ItemIcon_Medalstand.Png,png
454,ItemIcon_MemoPad,Components/Icon_ItemIcons,Assets/ThirdParty/Layer Lab/GUI Pro-SuperCasual/ResourcesData/Sprites/Components/Icon_ItemIcons/256/ItemIcon_MemoPad.Png,png
455,ItemIcon_Money_Bill,Components/Icon_ItemIcons,Assets/ThirdParty/Layer Lab/GUI Pro-SuperCasual/ResourcesData/Sprites/Components/Icon_ItemIcons/256/ItemIcon_Money_Bill.Png,png
456,ItemIcon_Money_Coin,Components/Icon_ItemIcons,Assets/ThirdParty/Layer Lab/GUI Pro-SuperCasual/ResourcesData/Sprites/Components/Icon_ItemIcons/256/ItemIcon_Money_Coin.Png,png
457,ItemIcon_Pot,Components/Icon_ItemIcons,Assets/ThirdParty/Layer Lab/GUI Pro-SuperCasual/ResourcesData/Sprites/Components/Icon_ItemIcons/256/ItemIcon_Pot.Png,png
458,ItemIcon_Shop,Components/Icon_ItemIcons,Assets/ThirdParty/Layer Lab/GUI Pro-SuperCasual/ResourcesData/Sprites/Components/Icon_ItemIcons/256/ItemIcon_Shop.Png,png
459,ItemIcon_Skull,Components/Icon_ItemIcons,Assets/ThirdParty/Layer Lab/GUI Pro-SuperCasual/ResourcesData/Sprites/Components/Icon_ItemIcons/256/ItemIcon_Skull.png,png
460,ItemIcon_Star_Blue,Components/Icon_ItemIcons,Assets/ThirdParty/Layer Lab/GUI Pro-SuperCasual/ResourcesData/Sprites/Components/Icon_ItemIcons/256/ItemIcon_Star_Blue.Png,png
461,ItemIcon_Star_Bronze,Components/Icon_ItemIcons,Assets/ThirdParty/Layer Lab/GUI Pro-SuperCasual/ResourcesData/Sprites/Components/Icon_ItemIcons/256/ItemIcon_Star_Bronze.Png,png
462,ItemIcon_Star_Gold,Components/Icon_ItemIcons,Assets/ThirdParty/Layer Lab/GUI Pro-SuperCasual/ResourcesData/Sprites/Components/Icon_ItemIcons/256/ItemIcon_Star_Gold.Png,png
463,ItemIcon_Star_Purple,Components/Icon_ItemIcons,Assets/ThirdParty/Layer Lab/GUI Pro-SuperCasual/ResourcesData/Sprites/Components/Icon_ItemIcons/256/ItemIcon_Star_Purple.Png,png
464,ItemIcon_Star_Red,Components/Icon_ItemIcons,Assets/ThirdParty/Layer Lab/GUI Pro-SuperCasual/ResourcesData/Sprites/Components/Icon_ItemIcons/256/ItemIcon_Star_Red.Png,png
465,ItemIcon_Star_Silver,Components/Icon_ItemIcons,Assets/ThirdParty/Layer Lab/GUI Pro-SuperCasual/ResourcesData/Sprites/Components/Icon_ItemIcons/256/ItemIcon_Star_Silver.Png,png
466,ItemIcon_Ticket_Gold,Components/Icon_ItemIcons,Assets/ThirdParty/Layer Lab/GUI Pro-SuperCasual/ResourcesData/Sprites/Components/Icon_ItemIcons/256/ItemIcon_Ticket_Gold.Png,png
467,ItemIcon_Ticket_Red,Components/Icon_ItemIcons,Assets/ThirdParty/Layer Lab/GUI Pro-SuperCasual/ResourcesData/Sprites/Components/Icon_ItemIcons/256/ItemIcon_Ticket_Red.Png,png
468,ItemIcon_Trophy_Bronze,Components/Icon_ItemIcons,Assets/ThirdParty/Layer Lab/GUI Pro-SuperCasual/ResourcesData/Sprites/Components/Icon_ItemIcons/256/ItemIcon_Trophy_Bronze.Png,png
469,ItemIcon_Trophy_Gold,Components/Icon_ItemIcons,Assets/ThirdParty/Layer Lab/GUI Pro-SuperCasual/ResourcesData/Sprites/Components/Icon_ItemIcons/256/ItemIcon_Trophy_Gold.Png,png
470,ItemIcon_Trophy_Silver,Components/Icon_ItemIcons,Assets/ThirdParty/Layer Lab/GUI Pro-SuperCasual/ResourcesData/Sprites/Components/Icon_ItemIcons/256/ItemIcon_Trophy_Silver.Png,png
471,ItemIcon_TV_AdBlock,Components/Icon_ItemIcons,Assets/ThirdParty/Layer Lab/GUI Pro-SuperCasual/ResourcesData/Sprites/Components/Icon_ItemIcons/256/ItemIcon_TV_AdBlock.png,png
472,ItemIcon_Video,Components/Icon_ItemIcons,Assets/ThirdParty/Layer Lab/GUI Pro-SuperCasual/ResourcesData/Sprites/Components/Icon_ItemIcons/256/ItemIcon_Video.Png,png
473,ItemIcon_Badge_Crown,Components/Icon_ItemIcons,Assets/ThirdParty/Layer Lab/GUI Pro-SuperCasual/ResourcesData/Sprites/Components/Icon_ItemIcons/512/ItemIcon_Badge_Crown.Png,png
474,ItemIcon_Badge_Gold,Components/Icon_ItemIcons,Assets/ThirdParty/Layer Lab/GUI Pro-SuperCasual/ResourcesData/Sprites/Components/Icon_ItemIcons/512/ItemIcon_Badge_Gold.png,png
475,ItemIcon_Bag_Brown,Components/Icon_ItemIcons,Assets/ThirdParty/Layer Lab/GUI Pro-SuperCasual/ResourcesData/Sprites/Components/Icon_ItemIcons/512/ItemIcon_Bag_Brown.Png,png
476,ItemIcon_Bag_Gray,Components/Icon_ItemIcons,Assets/ThirdParty/Layer Lab/GUI Pro-SuperCasual/ResourcesData/Sprites/Components/Icon_ItemIcons/512/ItemIcon_Bag_Gray.Png,png
477,ItemIcon_Battle,Components/Icon_ItemIcons,Assets/ThirdParty/Layer Lab/GUI Pro-SuperCasual/ResourcesData/Sprites/Components/Icon_ItemIcons/512/ItemIcon_Battle.Png,png
478,ItemIcon_Book_1_Purple,Components/Icon_ItemIcons,Assets/ThirdParty/Layer Lab/GUI Pro-SuperCasual/ResourcesData/Sprites/Components/Icon_ItemIcons/512/ItemIcon_Book_1_Purple.Png,png
479,ItemIcon_Book_1_Wine,Components/Icon_ItemIcons,Assets/ThirdParty/Layer Lab/GUI Pro-SuperCasual/ResourcesData/Sprites/Components/Icon_ItemIcons/512/ItemIcon_Book_1_Wine.Png,png
480,ItemIcon_Calendar,Components/Icon_ItemIcons,Assets/ThirdParty/Layer Lab/GUI Pro-SuperCasual/ResourcesData/Sprites/Components/Icon_ItemIcons/512/ItemIcon_Calendar.Png,png
481,ItemIcon_Calendar_Check,Components/Icon_ItemIcons,Assets/ThirdParty/Layer Lab/GUI Pro-SuperCasual/ResourcesData/Sprites/Components/Icon_ItemIcons/512/ItemIcon_Calendar_Check.Png,png
482,ItemIcon_Chat,Components/Icon_ItemIcons,Assets/ThirdParty/Layer Lab/GUI Pro-SuperCasual/ResourcesData/Sprites/Components/Icon_ItemIcons/512/ItemIcon_Chat.Png,png
483,ItemIcon_Chest_Gem,Components/Icon_ItemIcons,Assets/ThirdParty/Layer Lab/GUI Pro-SuperCasual/ResourcesData/Sprites/Components/Icon_ItemIcons/512/ItemIcon_Chest_Gem.Png,png
484,ItemIcon_Chest_Gold,Components/Icon_ItemIcons,Assets/ThirdParty/Layer Lab/GUI Pro-SuperCasual/ResourcesData/Sprites/Components/Icon_ItemIcons/512/ItemIcon_Chest_Gold.Png,png
485,ItemIcon_Chest_Premium,Components/Icon_ItemIcons,Assets/ThirdParty/Layer Lab/GUI Pro-SuperCasual/ResourcesData/Sprites/Components/Icon_ItemIcons/512/ItemIcon_Chest_Premium.Png,png
486,ItemIcon_Chest_Wood,Components/Icon_ItemIcons,Assets/ThirdParty/Layer Lab/GUI Pro-SuperCasual/ResourcesData/Sprites/Components/Icon_ItemIcons/512/ItemIcon_Chest_Wood.Png,png
487,ItemIcon_Clover_Gold,Components/Icon_ItemIcons,Assets/ThirdParty/Layer Lab/GUI Pro-SuperCasual/ResourcesData/Sprites/Components/Icon_ItemIcons/512/ItemIcon_Clover_Gold.Png,png
488,ItemIcon_Clover_Green,Components/Icon_ItemIcons,Assets/ThirdParty/Layer Lab/GUI Pro-SuperCasual/ResourcesData/Sprites/Components/Icon_ItemIcons/512/ItemIcon_Clover_Green.Png,png
489,ItemIcon_Damage,Components/Icon_ItemIcons,Assets/ThirdParty/Layer Lab/GUI Pro-SuperCasual/ResourcesData/Sprites/Components/Icon_ItemIcons/512/ItemIcon_Damage.Png,png
490,ItemIcon_Dungeon,Components/Icon_ItemIcons,Assets/ThirdParty/Layer Lab/GUI Pro-SuperCasual/ResourcesData/Sprites/Components/Icon_ItemIcons/512/ItemIcon_Dungeon.Png,png
491,ItemIcon_Earth,Components/Icon_ItemIcons,Assets/ThirdParty/Layer Lab/GUI Pro-SuperCasual/ResourcesData/Sprites/Components/Icon_ItemIcons/512/ItemIcon_Earth.Png,png
492,ItemIcon_Energy_Blue,Components/Icon_ItemIcons,Assets/ThirdParty/Layer Lab/GUI Pro-SuperCasual/ResourcesData/Sprites/Components/Icon_ItemIcons/512/ItemIcon_Energy_Blue.Png,png
493,ItemIcon_Friend,Components/Icon_ItemIcons,Assets/ThirdParty/Layer Lab/GUI Pro-SuperCasual/ResourcesData/Sprites/Components/Icon_ItemIcons/512/ItemIcon_Friend.Png,png
494,ItemIcon_Gear,Components/Icon_ItemIcons,Assets/ThirdParty/Layer Lab/GUI Pro-SuperCasual/ResourcesData/Sprites/Components/Icon_ItemIcons/512/ItemIcon_Gear.Png,png
495,ItemIcon_Gear_Armor_Bottom,Components/Icon_ItemIcons,Assets/ThirdParty/Layer Lab/GUI Pro-SuperCasual/ResourcesData/Sprites/Components/Icon_ItemIcons/512/ItemIcon_Gear_Armor_Bottom.Png,png
496,ItemIcon_Gear_Armor_Top,Components/Icon_ItemIcons,Assets/ThirdParty/Layer Lab/GUI Pro-SuperCasual/ResourcesData/Sprites/Components/Icon_ItemIcons/512/ItemIcon_Gear_Armor_Top.Png,png
497,ItemIcon_Gear_Boots,Components/Icon_ItemIcons,Assets/ThirdParty/Layer Lab/GUI Pro-SuperCasual/ResourcesData/Sprites/Components/Icon_ItemIcons/512/ItemIcon_Gear_Boots.Png,png
498,ItemIcon_Gear_Hat_Witch,Components/Icon_ItemIcons,Assets/ThirdParty/Layer Lab/GUI Pro-SuperCasual/ResourcesData/Sprites/Components/Icon_ItemIcons/512/ItemIcon_Gear_Hat_Witch.Png,png
499,ItemIcon_Gear_Ring,Components/Icon_ItemIcons,Assets/ThirdParty/Layer Lab/GUI Pro-SuperCasual/ResourcesData/Sprites/Components/Icon_ItemIcons/512/ItemIcon_Gear_Ring.Png,png
500,ItemIcon_Gear_Sword,Components/Icon_ItemIcons,Assets/ThirdParty/Layer Lab/GUI Pro-SuperCasual/ResourcesData/Sprites/Components/Icon_ItemIcons/512/ItemIcon_Gear_Sword.Png,png
501,ItemIcon_Gem_Circle,Components/Icon_ItemIcons,Assets/ThirdParty/Layer Lab/GUI Pro-SuperCasual/ResourcesData/Sprites/Components/Icon_ItemIcons/512/ItemIcon_Gem_Circle.Png,png
502,ItemIcon_Gem_Diamond_Purple,Components/Icon_ItemIcons,Assets/ThirdParty/Layer Lab/GUI Pro-SuperCasual/ResourcesData/Sprites/Components/Icon_ItemIcons/512/ItemIcon_Gem_Diamond_Purple.Png,png
503,ItemIcon_Gem_Ellipse_Red,Components/Icon_ItemIcons,Assets/ThirdParty/Layer Lab/GUI Pro-SuperCasual/ResourcesData/Sprites/Components/Icon_ItemIcons/512/ItemIcon_Gem_Ellipse_Red.Png,png
504,ItemIcon_Gem_Star_Blue,Components/Icon_ItemIcons,Assets/ThirdParty/Layer Lab/GUI Pro-SuperCasual/ResourcesData/Sprites/Components/Icon_ItemIcons/512/ItemIcon_Gem_Star_Blue.Png,png
505,ItemIcon_Gift_Blue,Components/Icon_ItemIcons,Assets/ThirdParty/Layer Lab/GUI Pro-SuperCasual/ResourcesData/Sprites/Components/Icon_ItemIcons/512/ItemIcon_Gift_Blue.Png,png
506,ItemIcon_Gift_Green,Components/Icon_ItemIcons,Assets/ThirdParty/Layer Lab/GUI Pro-SuperCasual/ResourcesData/Sprites/Components/Icon_ItemIcons/512/ItemIcon_Gift_Green.Png,png
507,ItemIcon_Gift_Red,Components/Icon_ItemIcons,Assets/ThirdParty/Layer Lab/GUI Pro-SuperCasual/ResourcesData/Sprites/Components/Icon_ItemIcons/512/ItemIcon_Gift_Red.Png,png
508,ItemIcon_Heart_Dimmed,Components/Icon_ItemIcons,Assets/ThirdParty/Layer Lab/GUI Pro-SuperCasual/ResourcesData/Sprites/Components/Icon_ItemIcons/512/ItemIcon_Heart_Dimmed.Png,png
509,ItemIcon_Heart_Red,Components/Icon_ItemIcons,Assets/ThirdParty/Layer Lab/GUI Pro-SuperCasual/ResourcesData/Sprites/Components/Icon_ItemIcons/512/ItemIcon_Heart_Red.Png,png
510,ItemIcon_Key_Gold,Components/Icon_ItemIcons,Assets/ThirdParty/Layer Lab/GUI Pro-SuperCasual/ResourcesData/Sprites/Components/Icon_ItemIcons/512/ItemIcon_Key_Gold.png,png
511,ItemIcon_Mail,Components/Icon_ItemIcons,Assets/ThirdParty/Layer Lab/GUI Pro-SuperCasual/ResourcesData/Sprites/Components/Icon_ItemIcons/512/ItemIcon_Mail.Png,png
512,ItemIcon_Map,Components/Icon_ItemIcons,Assets/ThirdParty/Layer Lab/GUI Pro-SuperCasual/ResourcesData/Sprites/Components/Icon_ItemIcons/512/ItemIcon_Map.Png,png
513,ItemIcon_Meat,Components/Icon_ItemIcons,Assets/ThirdParty/Layer Lab/GUI Pro-SuperCasual/ResourcesData/Sprites/Components/Icon_ItemIcons/512/ItemIcon_Meat.Png,png
514,ItemIcon_Medal_Bronze_1,Components/Icon_ItemIcons,Assets/ThirdParty/Layer Lab/GUI Pro-SuperCasual/ResourcesData/Sprites/Components/Icon_ItemIcons/512/ItemIcon_Medal_Bronze_1.png,png
515,ItemIcon_Medal_Bronze_2,Components/Icon_ItemIcons,Assets/ThirdParty/Layer Lab/GUI Pro-SuperCasual/ResourcesData/Sprites/Components/Icon_ItemIcons/512/ItemIcon_Medal_Bronze_2.Png,png
516,ItemIcon_Medal_Gold_1,Components/Icon_ItemIcons,Assets/ThirdParty/Layer Lab/GUI Pro-SuperCasual/ResourcesData/Sprites/Components/Icon_ItemIcons/512/ItemIcon_Medal_Gold_1.png,png
517,ItemIcon_Medal_Gold_2,Components/Icon_ItemIcons,Assets/ThirdParty/Layer Lab/GUI Pro-SuperCasual/ResourcesData/Sprites/Components/Icon_ItemIcons/512/ItemIcon_Medal_Gold_2.Png,png
518,ItemIcon_Medal_Silver_1,Components/Icon_ItemIcons,Assets/ThirdParty/Layer Lab/GUI Pro-SuperCasual/ResourcesData/Sprites/Components/Icon_ItemIcons/512/ItemIcon_Medal_Silver_1.png,png
519,ItemIcon_Medal_Silver_2,Components/Icon_ItemIcons,Assets/ThirdParty/Layer Lab/GUI Pro-SuperCasual/ResourcesData/Sprites/Components/Icon_ItemIcons/512/ItemIcon_Medal_Silver_2.Png,png
520,ItemIcon_Medalstand,Components/Icon_ItemIcons,Assets/ThirdParty/Layer Lab/GUI Pro-SuperCasual/ResourcesData/Sprites/Components/Icon_ItemIcons/512/ItemIcon_Medalstand.Png,png
521,ItemIcon_MemoPad,Components/Icon_ItemIcons,Assets/ThirdParty/Layer Lab/GUI Pro-SuperCasual/ResourcesData/Sprites/Components/Icon_ItemIcons/512/ItemIcon_MemoPad.Png,png
522,ItemIcon_Money_Bill,Components/Icon_ItemIcons,Assets/ThirdParty/Layer Lab/GUI Pro-SuperCasual/ResourcesData/Sprites/Components/Icon_ItemIcons/512/ItemIcon_Money_Bill.Png,png
523,ItemIcon_Money_Coin,Components/Icon_ItemIcons,Assets/ThirdParty/Layer Lab/GUI Pro-SuperCasual/ResourcesData/Sprites/Components/Icon_ItemIcons/512/ItemIcon_Money_Coin.Png,png
524,ItemIcon_Pot,Components/Icon_ItemIcons,Assets/ThirdParty/Layer Lab/GUI Pro-SuperCasual/ResourcesData/Sprites/Components/Icon_ItemIcons/512/ItemIcon_Pot.Png,png
525,ItemIcon_Shop,Components/Icon_ItemIcons,Assets/ThirdParty/Layer Lab/GUI Pro-SuperCasual/ResourcesData/Sprites/Components/Icon_ItemIcons/512/ItemIcon_Shop.Png,png
526,ItemIcon_Skull,Components/Icon_ItemIcons,Assets/ThirdParty/Layer Lab/GUI Pro-SuperCasual/ResourcesData/Sprites/Components/Icon_ItemIcons/512/ItemIcon_Skull.png,png
527,ItemIcon_Star_Blue,Components/Icon_ItemIcons,Assets/ThirdParty/Layer Lab/GUI Pro-SuperCasual/ResourcesData/Sprites/Components/Icon_ItemIcons/512/ItemIcon_Star_Blue.Png,png
528,ItemIcon_Star_Bronze,Components/Icon_ItemIcons,Assets/ThirdParty/Layer Lab/GUI Pro-SuperCasual/ResourcesData/Sprites/Components/Icon_ItemIcons/512/ItemIcon_Star_Bronze.Png,png
529,ItemIcon_Star_Gold,Components/Icon_ItemIcons,Assets/ThirdParty/Layer Lab/GUI Pro-SuperCasual/ResourcesData/Sprites/Components/Icon_ItemIcons/512/ItemIcon_Star_Gold.Png,png
530,ItemIcon_Star_Purple,Components/Icon_ItemIcons,Assets/ThirdParty/Layer Lab/GUI Pro-SuperCasual/ResourcesData/Sprites/Components/Icon_ItemIcons/512/ItemIcon_Star_Purple.Png,png
531,ItemIcon_Star_Red,Components/Icon_ItemIcons,Assets/ThirdParty/Layer Lab/GUI Pro-SuperCasual/ResourcesData/Sprites/Components/Icon_ItemIcons/512/ItemIcon_Star_Red.Png,png
532,ItemIcon_Star_Silver,Components/Icon_ItemIcons,Assets/ThirdParty/Layer Lab/GUI Pro-SuperCasual/ResourcesData/Sprites/Components/Icon_ItemIcons/512/ItemIcon_Star_Silver.Png,png
533,ItemIcon_Ticket_Gold,Components/Icon_ItemIcons,Assets/ThirdParty/Layer Lab/GUI Pro-SuperCasual/ResourcesData/Sprites/Components/Icon_ItemIcons/512/ItemIcon_Ticket_Gold.Png,png
534,ItemIcon_Ticket_Red,Components/Icon_ItemIcons,Assets/ThirdParty/Layer Lab/GUI Pro-SuperCasual/ResourcesData/Sprites/Components/Icon_ItemIcons/512/ItemIcon_Ticket_Red.Png,png
535,ItemIcon_Trophy_Bronze,Components/Icon_ItemIcons,Assets/ThirdParty/Layer Lab/GUI Pro-SuperCasual/ResourcesData/Sprites/Components/Icon_ItemIcons/512/ItemIcon_Trophy_Bronze.Png,png
536,ItemIcon_Trophy_Gold,Components/Icon_ItemIcons,Assets/ThirdParty/Layer Lab/GUI Pro-SuperCasual/ResourcesData/Sprites/Components/Icon_ItemIcons/512/ItemIcon_Trophy_Gold.Png,png
537,ItemIcon_Trophy_Silver,Components/Icon_ItemIcons,Assets/ThirdParty/Layer Lab/GUI Pro-SuperCasual/ResourcesData/Sprites/Components/Icon_ItemIcons/512/ItemIcon_Trophy_Silver.Png,png
538,ItemIcon_TV_AdBlock,Components/Icon_ItemIcons,Assets/ThirdParty/Layer Lab/GUI Pro-SuperCasual/ResourcesData/Sprites/Components/Icon_ItemIcons/512/ItemIcon_TV_AdBlock.png,png
539,ItemIcon_Video,Components/Icon_ItemIcons,Assets/ThirdParty/Layer Lab/GUI Pro-SuperCasual/ResourcesData/Sprites/Components/Icon_ItemIcons/512/ItemIcon_Video.Png,png
540,ItemIcon_Badge_Crown,Components/Icon_ItemIcons,Assets/ThirdParty/Layer Lab/GUI Pro-SuperCasual/ResourcesData/Sprites/Components/Icon_ItemIcons/Original/ItemIcon_Badge_Crown.png,png
541,ItemIcon_Badge_Gold,Components/Icon_ItemIcons,Assets/ThirdParty/Layer Lab/GUI Pro-SuperCasual/ResourcesData/Sprites/Components/Icon_ItemIcons/Original/ItemIcon_Badge_Gold.png,png
542,ItemIcon_Bag_Brown,Components/Icon_ItemIcons,Assets/ThirdParty/Layer Lab/GUI Pro-SuperCasual/ResourcesData/Sprites/Components/Icon_ItemIcons/Original/ItemIcon_Bag_Brown.png,png
543,ItemIcon_Bag_Gray,Components/Icon_ItemIcons,Assets/ThirdParty/Layer Lab/GUI Pro-SuperCasual/ResourcesData/Sprites/Components/Icon_ItemIcons/Original/ItemIcon_Bag_Gray.png,png
544,ItemIcon_Battle,Components/Icon_ItemIcons,Assets/ThirdParty/Layer Lab/GUI Pro-SuperCasual/ResourcesData/Sprites/Components/Icon_ItemIcons/Original/ItemIcon_Battle.png,png
545,ItemIcon_Book_1_Purple,Components/Icon_ItemIcons,Assets/ThirdParty/Layer Lab/GUI Pro-SuperCasual/ResourcesData/Sprites/Components/Icon_ItemIcons/Original/ItemIcon_Book_1_Purple.png,png
546,ItemIcon_Book_1_Wine,Components/Icon_ItemIcons,Assets/ThirdParty/Layer Lab/GUI Pro-SuperCasual/ResourcesData/Sprites/Components/Icon_ItemIcons/Original/ItemIcon_Book_1_Wine.png,png
547,ItemIcon_Calendar,Components/Icon_ItemIcons,Assets/ThirdParty/Layer Lab/GUI Pro-SuperCasual/ResourcesData/Sprites/Components/Icon_ItemIcons/Original/ItemIcon_Calendar.png,png
548,ItemIcon_Calendar_Check,Components/Icon_ItemIcons,Assets/ThirdParty/Layer Lab/GUI Pro-SuperCasual/ResourcesData/Sprites/Components/Icon_ItemIcons/Original/ItemIcon_Calendar_Check.png,png
549,ItemIcon_Chat,Components/Icon_ItemIcons,Assets/ThirdParty/Layer Lab/GUI Pro-SuperCasual/ResourcesData/Sprites/Components/Icon_ItemIcons/Original/ItemIcon_Chat.png,png
550,ItemIcon_Chest_Gem,Components/Icon_ItemIcons,Assets/ThirdParty/Layer Lab/GUI Pro-SuperCasual/ResourcesData/Sprites/Components/Icon_ItemIcons/Original/ItemIcon_Chest_Gem.png,png
551,ItemIcon_Chest_Gold,Components/Icon_ItemIcons,Assets/ThirdParty/Layer Lab/GUI Pro-SuperCasual/ResourcesData/Sprites/Components/Icon_ItemIcons/Original/ItemIcon_Chest_Gold.png,png
552,ItemIcon_Chest_Premium,Components/Icon_ItemIcons,Assets/ThirdParty/Layer Lab/GUI Pro-SuperCasual/ResourcesData/Sprites/Components/Icon_ItemIcons/Original/ItemIcon_Chest_Premium.png,png
553,ItemIcon_Chest_Wood,Components/Icon_ItemIcons,Assets/ThirdParty/Layer Lab/GUI Pro-SuperCasual/ResourcesData/Sprites/Components/Icon_ItemIcons/Original/ItemIcon_Chest_Wood.png,png
554,ItemIcon_Clover_Gold,Components/Icon_ItemIcons,Assets/ThirdParty/Layer Lab/GUI Pro-SuperCasual/ResourcesData/Sprites/Components/Icon_ItemIcons/Original/ItemIcon_Clover_Gold.png,png
555,ItemIcon_Clover_Green,Components/Icon_ItemIcons,Assets/ThirdParty/Layer Lab/GUI Pro-SuperCasual/ResourcesData/Sprites/Components/Icon_ItemIcons/Original/ItemIcon_Clover_Green.png,png
556,ItemIcon_Damage,Components/Icon_ItemIcons,Assets/ThirdParty/Layer Lab/GUI Pro-SuperCasual/ResourcesData/Sprites/Components/Icon_ItemIcons/Original/ItemIcon_Damage.png,png
557,ItemIcon_Dungeon,Components/Icon_ItemIcons,Assets/ThirdParty/Layer Lab/GUI Pro-SuperCasual/ResourcesData/Sprites/Components/Icon_ItemIcons/Original/ItemIcon_Dungeon.png,png
558,ItemIcon_Earth,Components/Icon_ItemIcons,Assets/ThirdParty/Layer Lab/GUI Pro-SuperCasual/ResourcesData/Sprites/Components/Icon_ItemIcons/Original/ItemIcon_Earth.png,png
559,ItemIcon_Energy_Blue,Components/Icon_ItemIcons,Assets/ThirdParty/Layer Lab/GUI Pro-SuperCasual/ResourcesData/Sprites/Components/Icon_ItemIcons/Original/ItemIcon_Energy_Blue.png,png
560,ItemIcon_Friend,Components/Icon_ItemIcons,Assets/ThirdParty/Layer Lab/GUI Pro-SuperCasual/ResourcesData/Sprites/Components/Icon_ItemIcons/Original/ItemIcon_Friend.png,png
561,ItemIcon_Gear,Components/Icon_ItemIcons,Assets/ThirdParty/Layer Lab/GUI Pro-SuperCasual/ResourcesData/Sprites/Components/Icon_ItemIcons/Original/ItemIcon_Gear.png,png
562,ItemIcon_Gear_Armor_Bottom,Components/Icon_ItemIcons,Assets/ThirdParty/Layer Lab/GUI Pro-SuperCasual/ResourcesData/Sprites/Components/Icon_ItemIcons/Original/ItemIcon_Gear_Armor_Bottom.png,png
563,ItemIcon_Gear_Armor_Top,Components/Icon_ItemIcons,Assets/ThirdParty/Layer Lab/GUI Pro-SuperCasual/ResourcesData/Sprites/Components/Icon_ItemIcons/Original/ItemIcon_Gear_Armor_Top.png,png
564,ItemIcon_Gear_Boots,Components/Icon_ItemIcons,Assets/ThirdParty/Layer Lab/GUI Pro-SuperCasual/ResourcesData/Sprites/Components/Icon_ItemIcons/Original/ItemIcon_Gear_Boots.png,png
565,ItemIcon_Gear_Hat_Witch,Components/Icon_ItemIcons,Assets/ThirdParty/Layer Lab/GUI Pro-SuperCasual/ResourcesData/Sprites/Components/Icon_ItemIcons/Original/ItemIcon_Gear_Hat_Witch.png,png
566,ItemIcon_Gear_Ring,Components/Icon_ItemIcons,Assets/ThirdParty/Layer Lab/GUI Pro-SuperCasual/ResourcesData/Sprites/Components/Icon_ItemIcons/Original/ItemIcon_Gear_Ring.png,png
567,ItemIcon_Gear_Sword,Components/Icon_ItemIcons,Assets/ThirdParty/Layer Lab/GUI Pro-SuperCasual/ResourcesData/Sprites/Components/Icon_ItemIcons/Original/ItemIcon_Gear_Sword.png,png
568,ItemIcon_Gem_Circle,Components/Icon_ItemIcons,Assets/ThirdParty/Layer Lab/GUI Pro-SuperCasual/ResourcesData/Sprites/Components/Icon_ItemIcons/Original/ItemIcon_Gem_Circle.png,png
569,ItemIcon_Gem_Diamond_Purple,Components/Icon_ItemIcons,Assets/ThirdParty/Layer Lab/GUI Pro-SuperCasual/ResourcesData/Sprites/Components/Icon_ItemIcons/Original/ItemIcon_Gem_Diamond_Purple.png,png
570,ItemIcon_Gem_Ellipse_Red,Components/Icon_ItemIcons,Assets/ThirdParty/Layer Lab/GUI Pro-SuperCasual/ResourcesData/Sprites/Components/Icon_ItemIcons/Original/ItemIcon_Gem_Ellipse_Red.png,png
571,ItemIcon_Gem_Star_Blue,Components/Icon_ItemIcons,Assets/ThirdParty/Layer Lab/GUI Pro-SuperCasual/ResourcesData/Sprites/Components/Icon_ItemIcons/Original/ItemIcon_Gem_Star_Blue.png,png
572,ItemIcon_Gift_Blue,Components/Icon_ItemIcons,Assets/ThirdParty/Layer Lab/GUI Pro-SuperCasual/ResourcesData/Sprites/Components/Icon_ItemIcons/Original/ItemIcon_Gift_Blue.png,png
573,ItemIcon_Gift_Green,Components/Icon_ItemIcons,Assets/ThirdParty/Layer Lab/GUI Pro-SuperCasual/ResourcesData/Sprites/Components/Icon_ItemIcons/Original/ItemIcon_Gift_Green.png,png
574,ItemIcon_Gift_Red,Components/Icon_ItemIcons,Assets/ThirdParty/Layer Lab/GUI Pro-SuperCasual/ResourcesData/Sprites/Components/Icon_ItemIcons/Original/ItemIcon_Gift_Red.png,png
575,ItemIcon_Heart_Dimmed,Components/Icon_ItemIcons,Assets/ThirdParty/Layer Lab/GUI Pro-SuperCasual/ResourcesData/Sprites/Components/Icon_ItemIcons/Original/ItemIcon_Heart_Dimmed.png,png
576,ItemIcon_Heart_Red,Components/Icon_ItemIcons,Assets/ThirdParty/Layer Lab/GUI Pro-SuperCasual/ResourcesData/Sprites/Components/Icon_ItemIcons/Original/ItemIcon_Heart_Red.png,png
577,ItemIcon_Key_Gold,Components/Icon_ItemIcons,Assets/ThirdParty/Layer Lab/GUI Pro-SuperCasual/ResourcesData/Sprites/Components/Icon_ItemIcons/Original/ItemIcon_Key_Gold.png,png
578,ItemIcon_Mail,Components/Icon_ItemIcons,Assets/ThirdParty/Layer Lab/GUI Pro-SuperCasual/ResourcesData/Sprites/Components/Icon_ItemIcons/Original/ItemIcon_Mail.png,png
579,ItemIcon_Map,Components/Icon_ItemIcons,Assets/ThirdParty/Layer Lab/GUI Pro-SuperCasual/ResourcesData/Sprites/Components/Icon_ItemIcons/Original/ItemIcon_Map.png,png
580,ItemIcon_Meat,Components/Icon_ItemIcons,Assets/ThirdParty/Layer Lab/GUI Pro-SuperCasual/ResourcesData/Sprites/Components/Icon_ItemIcons/Original/ItemIcon_Meat.png,png
581,ItemIcon_Medal_Bronze_1,Components/Icon_ItemIcons,Assets/ThirdParty/Layer Lab/GUI Pro-SuperCasual/ResourcesData/Sprites/Components/Icon_ItemIcons/Original/ItemIcon_Medal_Bronze_1.png,png
582,ItemIcon_Medal_Bronze_2,Components/Icon_ItemIcons,Assets/ThirdParty/Layer Lab/GUI Pro-SuperCasual/ResourcesData/Sprites/Components/Icon_ItemIcons/Original/ItemIcon_Medal_Bronze_2.png,png
583,ItemIcon_Medal_Gold_1,Components/Icon_ItemIcons,Assets/ThirdParty/Layer Lab/GUI Pro-SuperCasual/ResourcesData/Sprites/Components/Icon_ItemIcons/Original/ItemIcon_Medal_Gold_1.png,png
584,ItemIcon_Medal_Gold_2,Components/Icon_ItemIcons,Assets/ThirdParty/Layer Lab/GUI Pro-SuperCasual/ResourcesData/Sprites/Components/Icon_ItemIcons/Original/ItemIcon_Medal_Gold_2.png,png
585,ItemIcon_Medal_Silver_1,Components/Icon_ItemIcons,Assets/ThirdParty/Layer Lab/GUI Pro-SuperCasual/ResourcesData/Sprites/Components/Icon_ItemIcons/Original/ItemIcon_Medal_Silver_1.png,png
586,ItemIcon_Medal_Silver_2,Components/Icon_ItemIcons,Assets/ThirdParty/Layer Lab/GUI Pro-SuperCasual/ResourcesData/Sprites/Components/Icon_ItemIcons/Original/ItemIcon_Medal_Silver_2.png,png
587,ItemIcon_Medalstand,Components/Icon_ItemIcons,Assets/ThirdParty/Layer Lab/GUI Pro-SuperCasual/ResourcesData/Sprites/Components/Icon_ItemIcons/Original/ItemIcon_Medalstand.png,png
588,ItemIcon_MemoPad,Components/Icon_ItemIcons,Assets/ThirdParty/Layer Lab/GUI Pro-SuperCasual/ResourcesData/Sprites/Components/Icon_ItemIcons/Original/ItemIcon_MemoPad.png,png
589,ItemIcon_Money_Bill,Components/Icon_ItemIcons,Assets/ThirdParty/Layer Lab/GUI Pro-SuperCasual/ResourcesData/Sprites/Components/Icon_ItemIcons/Original/ItemIcon_Money_Bill.png,png
590,ItemIcon_Money_Coin,Components/Icon_ItemIcons,Assets/ThirdParty/Layer Lab/GUI Pro-SuperCasual/ResourcesData/Sprites/Components/Icon_ItemIcons/Original/ItemIcon_Money_Coin.png,png
591,ItemIcon_Pot,Components/Icon_ItemIcons,Assets/ThirdParty/Layer Lab/GUI Pro-SuperCasual/ResourcesData/Sprites/Components/Icon_ItemIcons/Original/ItemIcon_Pot.png,png
592,ItemIcon_Shop,Components/Icon_ItemIcons,Assets/ThirdParty/Layer Lab/GUI Pro-SuperCasual/ResourcesData/Sprites/Components/Icon_ItemIcons/Original/ItemIcon_Shop.png,png
593,ItemIcon_Skull,Components/Icon_ItemIcons,Assets/ThirdParty/Layer Lab/GUI Pro-SuperCasual/ResourcesData/Sprites/Components/Icon_ItemIcons/Original/ItemIcon_Skull.png,png
594,ItemIcon_Star_Blue,Components/Icon_ItemIcons,Assets/ThirdParty/Layer Lab/GUI Pro-SuperCasual/ResourcesData/Sprites/Components/Icon_ItemIcons/Original/ItemIcon_Star_Blue.png,png
595,ItemIcon_Star_Bronze,Components/Icon_ItemIcons,Assets/ThirdParty/Layer Lab/GUI Pro-SuperCasual/ResourcesData/Sprites/Components/Icon_ItemIcons/Original/ItemIcon_Star_Bronze.png,png
596,ItemIcon_Star_Gold,Components/Icon_ItemIcons,Assets/ThirdParty/Layer Lab/GUI Pro-SuperCasual/ResourcesData/Sprites/Components/Icon_ItemIcons/Original/ItemIcon_Star_Gold.png,png
597,ItemIcon_Star_Purple,Components/Icon_ItemIcons,Assets/ThirdParty/Layer Lab/GUI Pro-SuperCasual/ResourcesData/Sprites/Components/Icon_ItemIcons/Original/ItemIcon_Star_Purple.png,png
598,ItemIcon_Star_Red,Components/Icon_ItemIcons,Assets/ThirdParty/Layer Lab/GUI Pro-SuperCasual/ResourcesData/Sprites/Components/Icon_ItemIcons/Original/ItemIcon_Star_Red.png,png
599,ItemIcon_Star_Silver,Components/Icon_ItemIcons,Assets/ThirdParty/Layer Lab/GUI Pro-SuperCasual/ResourcesData/Sprites/Components/Icon_ItemIcons/Original/ItemIcon_Star_Silver.png,png
600,ItemIcon_Ticket_Gold,Components/Icon_ItemIcons,Assets/ThirdParty/Layer Lab/GUI Pro-SuperCasual/ResourcesData/Sprites/Components/Icon_ItemIcons/Original/ItemIcon_Ticket_Gold.png,png
601,ItemIcon_Ticket_Red,Components/Icon_ItemIcons,Assets/ThirdParty/Layer Lab/GUI Pro-SuperCasual/ResourcesData/Sprites/Components/Icon_ItemIcons/Original/ItemIcon_Ticket_Red.png,png
602,ItemIcon_Trophy_Bronze,Components/Icon_ItemIcons,Assets/ThirdParty/Layer Lab/GUI Pro-SuperCasual/ResourcesData/Sprites/Components/Icon_ItemIcons/Original/ItemIcon_Trophy_Bronze.png,png
603,ItemIcon_Trophy_Gold,Components/Icon_ItemIcons,Assets/ThirdParty/Layer Lab/GUI Pro-SuperCasual/ResourcesData/Sprites/Components/Icon_ItemIcons/Original/ItemIcon_Trophy_Gold.png,png
604,ItemIcon_Trophy_Silver,Components/Icon_ItemIcons,Assets/ThirdParty/Layer Lab/GUI Pro-SuperCasual/ResourcesData/Sprites/Components/Icon_ItemIcons/Original/ItemIcon_Trophy_Silver.png,png
605,ItemIcon_TV_AdBlock,Components/Icon_ItemIcons,Assets/ThirdParty/Layer Lab/GUI Pro-SuperCasual/ResourcesData/Sprites/Components/Icon_ItemIcons/Original/ItemIcon_TV_AdBlock.png,png
606,ItemIcon_Video,Components/Icon_ItemIcons,Assets/ThirdParty/Layer Lab/GUI Pro-SuperCasual/ResourcesData/Sprites/Components/Icon_ItemIcons/Original/ItemIcon_Video.png,png
607,PictoIcon_Again_1,Components/Icon_PictoIcons,Assets/ThirdParty/Layer Lab/GUI Pro-SuperCasual/ResourcesData/Sprites/Components/Icon_PictoIcons/128/PictoIcon_Again_1.Png,png
608,PictoIcon_Again_2,Components/Icon_PictoIcons,Assets/ThirdParty/Layer Lab/GUI Pro-SuperCasual/ResourcesData/Sprites/Components/Icon_PictoIcons/128/PictoIcon_Again_2.Png,png
609,PictoIcon_Aiming_1,Components/Icon_PictoIcons,Assets/ThirdParty/Layer Lab/GUI Pro-SuperCasual/ResourcesData/Sprites/Components/Icon_PictoIcons/128/PictoIcon_Aiming_1.Png,png
610,PictoIcon_Aiming_2,Components/Icon_PictoIcons,Assets/ThirdParty/Layer Lab/GUI Pro-SuperCasual/ResourcesData/Sprites/Components/Icon_PictoIcons/128/PictoIcon_Aiming_2.Png,png
611,PictoIcon_Alarm,Components/Icon_PictoIcons,Assets/ThirdParty/Layer Lab/GUI Pro-SuperCasual/ResourcesData/Sprites/Components/Icon_PictoIcons/128/PictoIcon_Alarm.Png,png
612,PictoIcon_Anchor,Components/Icon_PictoIcons,Assets/ThirdParty/Layer Lab/GUI Pro-SuperCasual/ResourcesData/Sprites/Components/Icon_PictoIcons/128/PictoIcon_Anchor.Png,png
613,PictoIcon_Archer,Components/Icon_PictoIcons,Assets/ThirdParty/Layer Lab/GUI Pro-SuperCasual/ResourcesData/Sprites/Components/Icon_PictoIcons/128/PictoIcon_Archer.Png,png
614,PictoIcon_Armor,Components/Icon_PictoIcons,Assets/ThirdParty/Layer Lab/GUI Pro-SuperCasual/ResourcesData/Sprites/Components/Icon_PictoIcons/128/PictoIcon_Armor.Png,png
615,PictoIcon_Arrow_Down,Components/Icon_PictoIcons,Assets/ThirdParty/Layer Lab/GUI Pro-SuperCasual/ResourcesData/Sprites/Components/Icon_PictoIcons/128/PictoIcon_Arrow_Down.Png,png
616,PictoIcon_Arrow_Left_1,Components/Icon_PictoIcons,Assets/ThirdParty/Layer Lab/GUI Pro-SuperCasual/ResourcesData/Sprites/Components/Icon_PictoIcons/128/PictoIcon_Arrow_Left_1.Png,png
617,PictoIcon_Arrow_Left_2,Components/Icon_PictoIcons,Assets/ThirdParty/Layer Lab/GUI Pro-SuperCasual/ResourcesData/Sprites/Components/Icon_PictoIcons/128/PictoIcon_Arrow_Left_2.Png,png
618,PictoIcon_Arrow_Left_3,Components/Icon_PictoIcons,Assets/ThirdParty/Layer Lab/GUI Pro-SuperCasual/ResourcesData/Sprites/Components/Icon_PictoIcons/128/PictoIcon_Arrow_Left_3.Png,png
619,PictoIcon_Arrow_Right_1,Components/Icon_PictoIcons,Assets/ThirdParty/Layer Lab/GUI Pro-SuperCasual/ResourcesData/Sprites/Components/Icon_PictoIcons/128/PictoIcon_Arrow_Right_1.Png,png
620,PictoIcon_Arrow_Right_2,Components/Icon_PictoIcons,Assets/ThirdParty/Layer Lab/GUI Pro-SuperCasual/ResourcesData/Sprites/Components/Icon_PictoIcons/128/PictoIcon_Arrow_Right_2.Png,png
621,PictoIcon_Arrow_Right_3,Components/Icon_PictoIcons,Assets/ThirdParty/Layer Lab/GUI Pro-SuperCasual/ResourcesData/Sprites/Components/Icon_PictoIcons/128/PictoIcon_Arrow_Right_3.Png,png
622,PictoIcon_Arrow_Up,Components/Icon_PictoIcons,Assets/ThirdParty/Layer Lab/GUI Pro-SuperCasual/ResourcesData/Sprites/Components/Icon_PictoIcons/128/PictoIcon_Arrow_Up.Png,png
623,PictoIcon_At,Components/Icon_PictoIcons,Assets/ThirdParty/Layer Lab/GUI Pro-SuperCasual/ResourcesData/Sprites/Components/Icon_PictoIcons/128/PictoIcon_At.Png,png
624,PictoIcon_Attack,Components/Icon_PictoIcons,Assets/ThirdParty/Layer Lab/GUI Pro-SuperCasual/ResourcesData/Sprites/Components/Icon_PictoIcons/128/PictoIcon_Attack.Png,png
625,PictoIcon_Ax,Components/Icon_PictoIcons,Assets/ThirdParty/Layer Lab/GUI Pro-SuperCasual/ResourcesData/Sprites/Components/Icon_PictoIcons/128/PictoIcon_Ax.Png,png
626,PictoIcon_Ax_Double,Components/Icon_PictoIcons,Assets/ThirdParty/Layer Lab/GUI Pro-SuperCasual/ResourcesData/Sprites/Components/Icon_PictoIcons/128/PictoIcon_Ax_Double.Png,png
627,PictoIcon_Back_1,Components/Icon_PictoIcons,Assets/ThirdParty/Layer Lab/GUI Pro-SuperCasual/ResourcesData/Sprites/Components/Icon_PictoIcons/128/PictoIcon_Back_1.Png,png
628,PictoIcon_Back_2,Components/Icon_PictoIcons,Assets/ThirdParty/Layer Lab/GUI Pro-SuperCasual/ResourcesData/Sprites/Components/Icon_PictoIcons/128/PictoIcon_Back_2.Png,png
629,PictoIcon_Badge,Components/Icon_PictoIcons,Assets/ThirdParty/Layer Lab/GUI Pro-SuperCasual/ResourcesData/Sprites/Components/Icon_PictoIcons/128/PictoIcon_Badge.Png,png
630,PictoIcon_Bag,Components/Icon_PictoIcons,Assets/ThirdParty/Layer Lab/GUI Pro-SuperCasual/ResourcesData/Sprites/Components/Icon_PictoIcons/128/PictoIcon_Bag.Png,png
631,PictoIcon_Bank,Components/Icon_PictoIcons,Assets/ThirdParty/Layer Lab/GUI Pro-SuperCasual/ResourcesData/Sprites/Components/Icon_PictoIcons/128/PictoIcon_Bank.Png,png
632,PictoIcon_Basket,Components/Icon_PictoIcons,Assets/ThirdParty/Layer Lab/GUI Pro-SuperCasual/ResourcesData/Sprites/Components/Icon_PictoIcons/128/PictoIcon_Basket.Png,png
633,PictoIcon_Battery_Charge,Components/Icon_PictoIcons,Assets/ThirdParty/Layer Lab/GUI Pro-SuperCasual/ResourcesData/Sprites/Components/Icon_PictoIcons/128/PictoIcon_Battery_Charge.Png,png
634,PictoIcon_Battle,Components/Icon_PictoIcons,Assets/ThirdParty/Layer Lab/GUI Pro-SuperCasual/ResourcesData/Sprites/Components/Icon_PictoIcons/128/PictoIcon_Battle.Png,png
635,PictoIcon_Bell,Components/Icon_PictoIcons,Assets/ThirdParty/Layer Lab/GUI Pro-SuperCasual/ResourcesData/Sprites/Components/Icon_PictoIcons/128/PictoIcon_Bell.Png,png
636,PictoIcon_Bell_Off,Components/Icon_PictoIcons,Assets/ThirdParty/Layer Lab/GUI Pro-SuperCasual/ResourcesData/Sprites/Components/Icon_PictoIcons/128/PictoIcon_Bell_Off.Png,png
637,PictoIcon_Bell_On,Components/Icon_PictoIcons,Assets/ThirdParty/Layer Lab/GUI Pro-SuperCasual/ResourcesData/Sprites/Components/Icon_PictoIcons/128/PictoIcon_Bell_On.Png,png
638,PictoIcon_Bell_Sleep,Components/Icon_PictoIcons,Assets/ThirdParty/Layer Lab/GUI Pro-SuperCasual/ResourcesData/Sprites/Components/Icon_PictoIcons/128/PictoIcon_Bell_Sleep.Png,png
639,PictoIcon_Blacksmith,Components/Icon_PictoIcons,Assets/ThirdParty/Layer Lab/GUI Pro-SuperCasual/ResourcesData/Sprites/Components/Icon_PictoIcons/128/PictoIcon_Blacksmith.Png,png
640,PictoIcon_Block,Components/Icon_PictoIcons,Assets/ThirdParty/Layer Lab/GUI Pro-SuperCasual/ResourcesData/Sprites/Components/Icon_PictoIcons/128/PictoIcon_Block.Png,png
641,PictoIcon_Bluetooth,Components/Icon_PictoIcons,Assets/ThirdParty/Layer Lab/GUI Pro-SuperCasual/ResourcesData/Sprites/Components/Icon_PictoIcons/128/PictoIcon_Bluetooth.Png,png
642,PictoIcon_Bomb_1,Components/Icon_PictoIcons,Assets/ThirdParty/Layer Lab/GUI Pro-SuperCasual/ResourcesData/Sprites/Components/Icon_PictoIcons/128/PictoIcon_Bomb_1.Png,png
643,PictoIcon_Bomb_2,Components/Icon_PictoIcons,Assets/ThirdParty/Layer Lab/GUI Pro-SuperCasual/ResourcesData/Sprites/Components/Icon_PictoIcons/128/PictoIcon_Bomb_2.Png,png
644,PictoIcon_Book_1,Components/Icon_PictoIcons,Assets/ThirdParty/Layer Lab/GUI Pro-SuperCasual/ResourcesData/Sprites/Components/Icon_PictoIcons/128/PictoIcon_Book_1.Png,png
645,PictoIcon_Book_2,Components/Icon_PictoIcons,Assets/ThirdParty/Layer Lab/GUI Pro-SuperCasual/ResourcesData/Sprites/Components/Icon_PictoIcons/128/PictoIcon_Book_2.Png,png
646,PictoIcon_Book_3,Components/Icon_PictoIcons,Assets/ThirdParty/Layer Lab/GUI Pro-SuperCasual/ResourcesData/Sprites/Components/Icon_PictoIcons/128/PictoIcon_Book_3.Png,png
647,PictoIcon_Boots,Components/Icon_PictoIcons,Assets/ThirdParty/Layer Lab/GUI Pro-SuperCasual/ResourcesData/Sprites/Components/Icon_PictoIcons/128/PictoIcon_Boots.Png,png
648,PictoIcon_Boss,Components/Icon_PictoIcons,Assets/ThirdParty/Layer Lab/GUI Pro-SuperCasual/ResourcesData/Sprites/Components/Icon_PictoIcons/128/PictoIcon_Boss.Png,png
649,PictoIcon_Bow,Components/Icon_PictoIcons,Assets/ThirdParty/Layer Lab/GUI Pro-SuperCasual/ResourcesData/Sprites/Components/Icon_PictoIcons/128/PictoIcon_Bow.Png,png
650,PictoIcon_Brief_Bag,Components/Icon_PictoIcons,Assets/ThirdParty/Layer Lab/GUI Pro-SuperCasual/ResourcesData/Sprites/Components/Icon_PictoIcons/128/PictoIcon_Brief_Bag.Png,png
651,PictoIcon_Brush,Components/Icon_PictoIcons,Assets/ThirdParty/Layer Lab/GUI Pro-SuperCasual/ResourcesData/Sprites/Components/Icon_PictoIcons/128/PictoIcon_Brush.Png,png
652,PictoIcon_Bulb,Components/Icon_PictoIcons,Assets/ThirdParty/Layer Lab/GUI Pro-SuperCasual/ResourcesData/Sprites/Components/Icon_PictoIcons/128/PictoIcon_Bulb.Png,png
653,PictoIcon_Bulb_Charge,Components/Icon_PictoIcons,Assets/ThirdParty/Layer Lab/GUI Pro-SuperCasual/ResourcesData/Sprites/Components/Icon_PictoIcons/128/PictoIcon_Bulb_Charge.Png,png
654,PictoIcon_Bullet,Components/Icon_PictoIcons,Assets/ThirdParty/Layer Lab/GUI Pro-SuperCasual/ResourcesData/Sprites/Components/Icon_PictoIcons/128/PictoIcon_Bullet.Png,png
655,PictoIcon_Calendar,Components/Icon_PictoIcons,Assets/ThirdParty/Layer Lab/GUI Pro-SuperCasual/ResourcesData/Sprites/Components/Icon_PictoIcons/128/PictoIcon_Calendar.Png,png
656,PictoIcon_Camera,Components/Icon_PictoIcons,Assets/ThirdParty/Layer Lab/GUI Pro-SuperCasual/ResourcesData/Sprites/Components/Icon_PictoIcons/128/PictoIcon_Camera.Png,png
657,PictoIcon_Camera_Off,Components/Icon_PictoIcons,Assets/ThirdParty/Layer Lab/GUI Pro-SuperCasual/ResourcesData/Sprites/Components/Icon_PictoIcons/128/PictoIcon_Camera_Off.Png,png
658,PictoIcon_Cap,Components/Icon_PictoIcons,Assets/ThirdParty/Layer Lab/GUI Pro-SuperCasual/ResourcesData/Sprites/Components/Icon_PictoIcons/128/PictoIcon_Cap.Png,png
659,PictoIcon_Card_1,Components/Icon_PictoIcons,Assets/ThirdParty/Layer Lab/GUI Pro-SuperCasual/ResourcesData/Sprites/Components/Icon_PictoIcons/128/PictoIcon_Card_1.Png,png
660,PictoIcon_Card_2,Components/Icon_PictoIcons,Assets/ThirdParty/Layer Lab/GUI Pro-SuperCasual/ResourcesData/Sprites/Components/Icon_PictoIcons/128/PictoIcon_Card_2.Png,png
661,PictoIcon_Cart_1,Components/Icon_PictoIcons,Assets/ThirdParty/Layer Lab/GUI Pro-SuperCasual/ResourcesData/Sprites/Components/Icon_PictoIcons/128/PictoIcon_Cart_1.Png,png
662,PictoIcon_Cart_2,Components/Icon_PictoIcons,Assets/ThirdParty/Layer Lab/GUI Pro-SuperCasual/ResourcesData/Sprites/Components/Icon_PictoIcons/128/PictoIcon_Cart_2.Png,png
663,PictoIcon_Castle,Components/Icon_PictoIcons,Assets/ThirdParty/Layer Lab/GUI Pro-SuperCasual/ResourcesData/Sprites/Components/Icon_PictoIcons/128/PictoIcon_Castle.Png,png
664,PictoIcon_Caution,Components/Icon_PictoIcons,Assets/ThirdParty/Layer Lab/GUI Pro-SuperCasual/ResourcesData/Sprites/Components/Icon_PictoIcons/128/PictoIcon_Caution.Png,png
665,PictoIcon_Certification,Components/Icon_PictoIcons,Assets/ThirdParty/Layer Lab/GUI Pro-SuperCasual/ResourcesData/Sprites/Components/Icon_PictoIcons/128/PictoIcon_Certification.Png,png
666,PictoIcon_Change,Components/Icon_PictoIcons,Assets/ThirdParty/Layer Lab/GUI Pro-SuperCasual/ResourcesData/Sprites/Components/Icon_PictoIcons/128/PictoIcon_Change.Png,png
667,PictoIcon_Chat_1,Components/Icon_PictoIcons,Assets/ThirdParty/Layer Lab/GUI Pro-SuperCasual/ResourcesData/Sprites/Components/Icon_PictoIcons/128/PictoIcon_Chat_1.Png,png
668,PictoIcon_Chat_2,Components/Icon_PictoIcons,Assets/ThirdParty/Layer Lab/GUI Pro-SuperCasual/ResourcesData/Sprites/Components/Icon_PictoIcons/128/PictoIcon_Chat_2.Png,png
669,PictoIcon_Check_1,Components/Icon_PictoIcons,Assets/ThirdParty/Layer Lab/GUI Pro-SuperCasual/ResourcesData/Sprites/Components/Icon_PictoIcons/128/PictoIcon_Check_1.Png,png
670,PictoIcon_Check_2,Components/Icon_PictoIcons,Assets/ThirdParty/Layer Lab/GUI Pro-SuperCasual/ResourcesData/Sprites/Components/Icon_PictoIcons/128/PictoIcon_Check_2.Png,png
671,PictoIcon_Chest,Components/Icon_PictoIcons,Assets/ThirdParty/Layer Lab/GUI Pro-SuperCasual/ResourcesData/Sprites/Components/Icon_PictoIcons/128/PictoIcon_Chest.Png,png
672,PictoIcon_Chisel,Components/Icon_PictoIcons,Assets/ThirdParty/Layer Lab/GUI Pro-SuperCasual/ResourcesData/Sprites/Components/Icon_PictoIcons/128/PictoIcon_Chisel.Png,png
673,PictoIcon_Class_A,Components/Icon_PictoIcons,Assets/ThirdParty/Layer Lab/GUI Pro-SuperCasual/ResourcesData/Sprites/Components/Icon_PictoIcons/128/PictoIcon_Class_A.Png,png
674,PictoIcon_Class_B,Components/Icon_PictoIcons,Assets/ThirdParty/Layer Lab/GUI Pro-SuperCasual/ResourcesData/Sprites/Components/Icon_PictoIcons/128/PictoIcon_Class_B.Png,png
675,PictoIcon_Class_C,Components/Icon_PictoIcons,Assets/ThirdParty/Layer Lab/GUI Pro-SuperCasual/ResourcesData/Sprites/Components/Icon_PictoIcons/128/PictoIcon_Class_C.Png,png
676,PictoIcon_Class_D,Components/Icon_PictoIcons,Assets/ThirdParty/Layer Lab/GUI Pro-SuperCasual/ResourcesData/Sprites/Components/Icon_PictoIcons/128/PictoIcon_Class_D.Png,png
677,PictoIcon_Class_S,Components/Icon_PictoIcons,Assets/ThirdParty/Layer Lab/GUI Pro-SuperCasual/ResourcesData/Sprites/Components/Icon_PictoIcons/128/PictoIcon_Class_S.Png,png
678,PictoIcon_Class_Ss,Components/Icon_PictoIcons,Assets/ThirdParty/Layer Lab/GUI Pro-SuperCasual/ResourcesData/Sprites/Components/Icon_PictoIcons/128/PictoIcon_Class_Ss.Png,png
679,PictoIcon_Clock_1,Components/Icon_PictoIcons,Assets/ThirdParty/Layer Lab/GUI Pro-SuperCasual/ResourcesData/Sprites/Components/Icon_PictoIcons/128/PictoIcon_Clock_1.Png,png
680,PictoIcon_Clock_2,Components/Icon_PictoIcons,Assets/ThirdParty/Layer Lab/GUI Pro-SuperCasual/ResourcesData/Sprites/Components/Icon_PictoIcons/128/PictoIcon_Clock_2.Png,png
681,PictoIcon_Closet,Components/Icon_PictoIcons,Assets/ThirdParty/Layer Lab/GUI Pro-SuperCasual/ResourcesData/Sprites/Components/Icon_PictoIcons/128/PictoIcon_Closet.Png,png
682,PictoIcon_Clothes,Components/Icon_PictoIcons,Assets/ThirdParty/Layer Lab/GUI Pro-SuperCasual/ResourcesData/Sprites/Components/Icon_PictoIcons/128/PictoIcon_Clothes.Png,png
683,PictoIcon_Coin,Components/Icon_PictoIcons,Assets/ThirdParty/Layer Lab/GUI Pro-SuperCasual/ResourcesData/Sprites/Components/Icon_PictoIcons/128/PictoIcon_Coin.Png,png
684,PictoIcon_Coin_Star,Components/Icon_PictoIcons,Assets/ThirdParty/Layer Lab/GUI Pro-SuperCasual/ResourcesData/Sprites/Components/Icon_PictoIcons/128/PictoIcon_Coin_Star.Png,png
685,PictoIcon_Compass,Components/Icon_PictoIcons,Assets/ThirdParty/Layer Lab/GUI Pro-SuperCasual/ResourcesData/Sprites/Components/Icon_PictoIcons/128/PictoIcon_Compass.Png,png
686,PictoIcon_Console_1,Components/Icon_PictoIcons,Assets/ThirdParty/Layer Lab/GUI Pro-SuperCasual/ResourcesData/Sprites/Components/Icon_PictoIcons/128/PictoIcon_Console_1.Png,png
687,PictoIcon_Console_2,Components/Icon_PictoIcons,Assets/ThirdParty/Layer Lab/GUI Pro-SuperCasual/ResourcesData/Sprites/Components/Icon_PictoIcons/128/PictoIcon_Console_2.Png,png
688,PictoIcon_Contraction,Components/Icon_PictoIcons,Assets/ThirdParty/Layer Lab/GUI Pro-SuperCasual/ResourcesData/Sprites/Components/Icon_PictoIcons/128/PictoIcon_Contraction.Png,png
689,PictoIcon_Cooking,Components/Icon_PictoIcons,Assets/ThirdParty/Layer Lab/GUI Pro-SuperCasual/ResourcesData/Sprites/Components/Icon_PictoIcons/128/PictoIcon_Cooking.Png,png
690,PictoIcon_Copy,Components/Icon_PictoIcons,Assets/ThirdParty/Layer Lab/GUI Pro-SuperCasual/ResourcesData/Sprites/Components/Icon_PictoIcons/128/PictoIcon_Copy.Png,png
691,PictoIcon_Costume,Components/Icon_PictoIcons,Assets/ThirdParty/Layer Lab/GUI Pro-SuperCasual/ResourcesData/Sprites/Components/Icon_PictoIcons/128/PictoIcon_Costume.Png,png
692,PictoIcon_Critical_1,Components/Icon_PictoIcons,Assets/ThirdParty/Layer Lab/GUI Pro-SuperCasual/ResourcesData/Sprites/Components/Icon_PictoIcons/128/PictoIcon_Critical_1.Png,png
693,PictoIcon_Critical_2,Components/Icon_PictoIcons,Assets/ThirdParty/Layer Lab/GUI Pro-SuperCasual/ResourcesData/Sprites/Components/Icon_PictoIcons/128/PictoIcon_Critical_2.Png,png
694,PictoIcon_Critical_3,Components/Icon_PictoIcons,Assets/ThirdParty/Layer Lab/GUI Pro-SuperCasual/ResourcesData/Sprites/Components/Icon_PictoIcons/128/PictoIcon_Critical_3.Png,png
695,PictoIcon_Crown_1,Components/Icon_PictoIcons,Assets/ThirdParty/Layer Lab/GUI Pro-SuperCasual/ResourcesData/Sprites/Components/Icon_PictoIcons/128/PictoIcon_Crown_1.Png,png
696,PictoIcon_Crown_2,Components/Icon_PictoIcons,Assets/ThirdParty/Layer Lab/GUI Pro-SuperCasual/ResourcesData/Sprites/Components/Icon_PictoIcons/128/PictoIcon_Crown_2.Png,png
697,PictoIcon_Crystal,Components/Icon_PictoIcons,Assets/ThirdParty/Layer Lab/GUI Pro-SuperCasual/ResourcesData/Sprites/Components/Icon_PictoIcons/128/PictoIcon_Crystal.Png,png
698,PictoIcon_Delete,Components/Icon_PictoIcons,Assets/ThirdParty/Layer Lab/GUI Pro-SuperCasual/ResourcesData/Sprites/Components/Icon_PictoIcons/128/PictoIcon_Delete.Png,png
699,PictoIcon_Diamond,Components/Icon_PictoIcons,Assets/ThirdParty/Layer Lab/GUI Pro-SuperCasual/ResourcesData/Sprites/Components/Icon_PictoIcons/128/PictoIcon_Diamond.Png,png
700,PictoIcon_Dice,Components/Icon_PictoIcons,Assets/ThirdParty/Layer Lab/GUI Pro-SuperCasual/ResourcesData/Sprites/Components/Icon_PictoIcons/128/PictoIcon_Dice.Png,png
701,PictoIcon_Direction_1,Components/Icon_PictoIcons,Assets/ThirdParty/Layer Lab/GUI Pro-SuperCasual/ResourcesData/Sprites/Components/Icon_PictoIcons/128/PictoIcon_Direction_1.Png,png
702,PictoIcon_Direction_2,Components/Icon_PictoIcons,Assets/ThirdParty/Layer Lab/GUI Pro-SuperCasual/ResourcesData/Sprites/Components/Icon_PictoIcons/128/PictoIcon_Direction_2.Png,png
703,PictoIcon_Discount,Components/Icon_PictoIcons,Assets/ThirdParty/Layer Lab/GUI Pro-SuperCasual/ResourcesData/Sprites/Components/Icon_PictoIcons/128/PictoIcon_Discount.Png,png
704,PictoIcon_Dollar_1,Components/Icon_PictoIcons,Assets/ThirdParty/Layer Lab/GUI Pro-SuperCasual/ResourcesData/Sprites/Components/Icon_PictoIcons/128/PictoIcon_Dollar_1.Png,png
705,PictoIcon_Dollar_2,Components/Icon_PictoIcons,Assets/ThirdParty/Layer Lab/GUI Pro-SuperCasual/ResourcesData/Sprites/Components/Icon_PictoIcons/128/PictoIcon_Dollar_2.Png,png
706,PictoIcon_Download,Components/Icon_PictoIcons,Assets/ThirdParty/Layer Lab/GUI Pro-SuperCasual/ResourcesData/Sprites/Components/Icon_PictoIcons/128/PictoIcon_Download.Png,png
707,PictoIcon_Earth,Components/Icon_PictoIcons,Assets/ThirdParty/Layer Lab/GUI Pro-SuperCasual/ResourcesData/Sprites/Components/Icon_PictoIcons/128/PictoIcon_Earth.Png,png
708,PictoIcon_Earth_Pin,Components/Icon_PictoIcons,Assets/ThirdParty/Layer Lab/GUI Pro-SuperCasual/ResourcesData/Sprites/Components/Icon_PictoIcons/128/PictoIcon_Earth_Pin.Png,png
709,PictoIcon_Effect,Components/Icon_PictoIcons,Assets/ThirdParty/Layer Lab/GUI Pro-SuperCasual/ResourcesData/Sprites/Components/Icon_PictoIcons/128/PictoIcon_Effect.Png,png
710,PictoIcon_Energy_1,Components/Icon_PictoIcons,Assets/ThirdParty/Layer Lab/GUI Pro-SuperCasual/ResourcesData/Sprites/Components/Icon_PictoIcons/128/PictoIcon_Energy_1.Png,png
711,PictoIcon_Energy_2,Components/Icon_PictoIcons,Assets/ThirdParty/Layer Lab/GUI Pro-SuperCasual/ResourcesData/Sprites/Components/Icon_PictoIcons/128/PictoIcon_Energy_2.Png,png
712,PictoIcon_Exit,Components/Icon_PictoIcons,Assets/ThirdParty/Layer Lab/GUI Pro-SuperCasual/ResourcesData/Sprites/Components/Icon_PictoIcons/128/PictoIcon_Exit.Png,png
713,PictoIcon_Exit_1,Components/Icon_PictoIcons,Assets/ThirdParty/Layer Lab/GUI Pro-SuperCasual/ResourcesData/Sprites/Components/Icon_PictoIcons/128/PictoIcon_Exit_1.Png,png
714,PictoIcon_Exit_2,Components/Icon_PictoIcons,Assets/ThirdParty/Layer Lab/GUI Pro-SuperCasual/ResourcesData/Sprites/Components/Icon_PictoIcons/128/PictoIcon_Exit_2.Png,png
715,PictoIcon_Exp,Components/Icon_PictoIcons,Assets/ThirdParty/Layer Lab/GUI Pro-SuperCasual/ResourcesData/Sprites/Components/Icon_PictoIcons/128/PictoIcon_Exp.Png,png
716,PictoIcon_Expansion,Components/Icon_PictoIcons,Assets/ThirdParty/Layer Lab/GUI Pro-SuperCasual/ResourcesData/Sprites/Components/Icon_PictoIcons/128/PictoIcon_Expansion.Png,png
717,PictoIcon_Face,Components/Icon_PictoIcons,Assets/ThirdParty/Layer Lab/GUI Pro-SuperCasual/ResourcesData/Sprites/Components/Icon_PictoIcons/128/PictoIcon_Face.Png,png
718,PictoIcon_Faint,Components/Icon_PictoIcons,Assets/ThirdParty/Layer Lab/GUI Pro-SuperCasual/ResourcesData/Sprites/Components/Icon_PictoIcons/128/PictoIcon_Faint.Png,png
719,PictoIcon_Female,Components/Icon_PictoIcons,Assets/ThirdParty/Layer Lab/GUI Pro-SuperCasual/ResourcesData/Sprites/Components/Icon_PictoIcons/128/PictoIcon_Female.Png,png
720,PictoIcon_Fire,Components/Icon_PictoIcons,Assets/ThirdParty/Layer Lab/GUI Pro-SuperCasual/ResourcesData/Sprites/Components/Icon_PictoIcons/128/PictoIcon_Fire.Png,png
721,PictoIcon_Firework,Components/Icon_PictoIcons,Assets/ThirdParty/Layer Lab/GUI Pro-SuperCasual/ResourcesData/Sprites/Components/Icon_PictoIcons/128/PictoIcon_Firework.Png,png
722,PictoIcon_Fish,Components/Icon_PictoIcons,Assets/ThirdParty/Layer Lab/GUI Pro-SuperCasual/ResourcesData/Sprites/Components/Icon_PictoIcons/128/PictoIcon_Fish.Png,png
723,PictoIcon_Fishing,Components/Icon_PictoIcons,Assets/ThirdParty/Layer Lab/GUI Pro-SuperCasual/ResourcesData/Sprites/Components/Icon_PictoIcons/128/PictoIcon_Fishing.Png,png
724,PictoIcon_Flag,Components/Icon_PictoIcons,Assets/ThirdParty/Layer Lab/GUI Pro-SuperCasual/ResourcesData/Sprites/Components/Icon_PictoIcons/128/PictoIcon_Flag.Png,png
725,PictoIcon_Float,Components/Icon_PictoIcons,Assets/ThirdParty/Layer Lab/GUI Pro-SuperCasual/ResourcesData/Sprites/Components/Icon_PictoIcons/128/PictoIcon_Float.Png,png
726,PictoIcon_Food,Components/Icon_PictoIcons,Assets/ThirdParty/Layer Lab/GUI Pro-SuperCasual/ResourcesData/Sprites/Components/Icon_PictoIcons/128/PictoIcon_Food.Png,png
727,PictoIcon_Freezee,Components/Icon_PictoIcons,Assets/ThirdParty/Layer Lab/GUI Pro-SuperCasual/ResourcesData/Sprites/Components/Icon_PictoIcons/128/PictoIcon_Freezee.Png,png
728,PictoIcon_Friends,Components/Icon_PictoIcons,Assets/ThirdParty/Layer Lab/GUI Pro-SuperCasual/ResourcesData/Sprites/Components/Icon_PictoIcons/128/PictoIcon_Friends.Png,png
729,PictoIcon_Gallery,Components/Icon_PictoIcons,Assets/ThirdParty/Layer Lab/GUI Pro-SuperCasual/ResourcesData/Sprites/Components/Icon_PictoIcons/128/PictoIcon_Gallery.Png,png
730,PictoIcon_Game,Components/Icon_PictoIcons,Assets/ThirdParty/Layer Lab/GUI Pro-SuperCasual/ResourcesData/Sprites/Components/Icon_PictoIcons/128/PictoIcon_Game.Png,png
731,PictoIcon_Gear,Components/Icon_PictoIcons,Assets/ThirdParty/Layer Lab/GUI Pro-SuperCasual/ResourcesData/Sprites/Components/Icon_PictoIcons/128/PictoIcon_Gear.Png,png
732,PictoIcon_Gift,Components/Icon_PictoIcons,Assets/ThirdParty/Layer Lab/GUI Pro-SuperCasual/ResourcesData/Sprites/Components/Icon_PictoIcons/128/PictoIcon_Gift.Png,png
733,PictoIcon_Glasses,Components/Icon_PictoIcons,Assets/ThirdParty/Layer Lab/GUI Pro-SuperCasual/ResourcesData/Sprites/Components/Icon_PictoIcons/128/PictoIcon_Glasses.Png,png
734,PictoIcon_Globe,Components/Icon_PictoIcons,Assets/ThirdParty/Layer Lab/GUI Pro-SuperCasual/ResourcesData/Sprites/Components/Icon_PictoIcons/128/PictoIcon_Globe.Png,png
735,PictoIcon_Graduation_Cap,Components/Icon_PictoIcons,Assets/ThirdParty/Layer Lab/GUI Pro-SuperCasual/ResourcesData/Sprites/Components/Icon_PictoIcons/128/PictoIcon_Graduation_Cap.Png,png
736,PictoIcon_Hammer,Components/Icon_PictoIcons,Assets/ThirdParty/Layer Lab/GUI Pro-SuperCasual/ResourcesData/Sprites/Components/Icon_PictoIcons/128/PictoIcon_Hammer.Png,png
737,PictoIcon_Hammer_Claw,Components/Icon_PictoIcons,Assets/ThirdParty/Layer Lab/GUI Pro-SuperCasual/ResourcesData/Sprites/Components/Icon_PictoIcons/128/PictoIcon_Hammer_Claw.Png,png
738,PictoIcon_Hand_Touch,Components/Icon_PictoIcons,Assets/ThirdParty/Layer Lab/GUI Pro-SuperCasual/ResourcesData/Sprites/Components/Icon_PictoIcons/128/PictoIcon_Hand_Touch.Png,png
739,PictoIcon_Hanger,Components/Icon_PictoIcons,Assets/ThirdParty/Layer Lab/GUI Pro-SuperCasual/ResourcesData/Sprites/Components/Icon_PictoIcons/128/PictoIcon_Hanger.Png,png
740,PictoIcon_Hat,Components/Icon_PictoIcons,Assets/ThirdParty/Layer Lab/GUI Pro-SuperCasual/ResourcesData/Sprites/Components/Icon_PictoIcons/128/PictoIcon_Hat.Png,png
741,PictoIcon_Headset,Components/Icon_PictoIcons,Assets/ThirdParty/Layer Lab/GUI Pro-SuperCasual/ResourcesData/Sprites/Components/Icon_PictoIcons/128/PictoIcon_Headset.Png,png
742,PictoIcon_Heart,Components/Icon_PictoIcons,Assets/ThirdParty/Layer Lab/GUI Pro-SuperCasual/ResourcesData/Sprites/Components/Icon_PictoIcons/128/PictoIcon_Heart.Png,png
743,PictoIcon_Heart_Add,Components/Icon_PictoIcons,Assets/ThirdParty/Layer Lab/GUI Pro-SuperCasual/ResourcesData/Sprites/Components/Icon_PictoIcons/128/PictoIcon_Heart_Add.Png,png
744,PictoIcon_Heart_Empty,Components/Icon_PictoIcons,Assets/ThirdParty/Layer Lab/GUI Pro-SuperCasual/ResourcesData/Sprites/Components/Icon_PictoIcons/128/PictoIcon_Heart_Empty.Png,png
745,PictoIcon_Helmet_1,Components/Icon_PictoIcons,Assets/ThirdParty/Layer Lab/GUI Pro-SuperCasual/ResourcesData/Sprites/Components/Icon_PictoIcons/128/PictoIcon_Helmet_1.Png,png
746,PictoIcon_Helmet_2,Components/Icon_PictoIcons,Assets/ThirdParty/Layer Lab/GUI Pro-SuperCasual/ResourcesData/Sprites/Components/Icon_PictoIcons/128/PictoIcon_Helmet_2.Png,png
747,PictoIcon_Help_1,Components/Icon_PictoIcons,Assets/ThirdParty/Layer Lab/GUI Pro-SuperCasual/ResourcesData/Sprites/Components/Icon_PictoIcons/128/PictoIcon_Help_1.Png,png
748,PictoIcon_Help_2,Components/Icon_PictoIcons,Assets/ThirdParty/Layer Lab/GUI Pro-SuperCasual/ResourcesData/Sprites/Components/Icon_PictoIcons/128/PictoIcon_Help_2.Png,png
749,PictoIcon_History,Components/Icon_PictoIcons,Assets/ThirdParty/Layer Lab/GUI Pro-SuperCasual/ResourcesData/Sprites/Components/Icon_PictoIcons/128/PictoIcon_History.Png,png
750,PictoIcon_Home_1,Components/Icon_PictoIcons,Assets/ThirdParty/Layer Lab/GUI Pro-SuperCasual/ResourcesData/Sprites/Components/Icon_PictoIcons/128/PictoIcon_Home_1.Png,png
751,PictoIcon_Home_2,Components/Icon_PictoIcons,Assets/ThirdParty/Layer Lab/GUI Pro-SuperCasual/ResourcesData/Sprites/Components/Icon_PictoIcons/128/PictoIcon_Home_2.Png,png
752,PictoIcon_Hp,Components/Icon_PictoIcons,Assets/ThirdParty/Layer Lab/GUI Pro-SuperCasual/ResourcesData/Sprites/Components/Icon_PictoIcons/128/PictoIcon_Hp.Png,png
753,PictoIcon_Icecream,Components/Icon_PictoIcons,Assets/ThirdParty/Layer Lab/GUI Pro-SuperCasual/ResourcesData/Sprites/Components/Icon_PictoIcons/128/PictoIcon_Icecream.Png,png
754,PictoIcon_Illuminati,Components/Icon_PictoIcons,Assets/ThirdParty/Layer Lab/GUI Pro-SuperCasual/ResourcesData/Sprites/Components/Icon_PictoIcons/128/PictoIcon_Illuminati.Png,png
755,PictoIcon_Infinity,Components/Icon_PictoIcons,Assets/ThirdParty/Layer Lab/GUI Pro-SuperCasual/ResourcesData/Sprites/Components/Icon_PictoIcons/128/PictoIcon_Infinity.Png,png
756,PictoIcon_Info_1,Components/Icon_PictoIcons,Assets/ThirdParty/Layer Lab/GUI Pro-SuperCasual/ResourcesData/Sprites/Components/Icon_PictoIcons/128/PictoIcon_Info_1.Png,png
757,PictoIcon_Info_2,Components/Icon_PictoIcons,Assets/ThirdParty/Layer Lab/GUI Pro-SuperCasual/ResourcesData/Sprites/Components/Icon_PictoIcons/128/PictoIcon_Info_2.Png,png
758,PictoIcon_Info_3,Components/Icon_PictoIcons,Assets/ThirdParty/Layer Lab/GUI Pro-SuperCasual/ResourcesData/Sprites/Components/Icon_PictoIcons/128/PictoIcon_Info_3.Png,png
759,PictoIcon_Info_4,Components/Icon_PictoIcons,Assets/ThirdParty/Layer Lab/GUI Pro-SuperCasual/ResourcesData/Sprites/Components/Icon_PictoIcons/128/PictoIcon_Info_4.Png,png
760,PictoIcon_Key,Components/Icon_PictoIcons,Assets/ThirdParty/Layer Lab/GUI Pro-SuperCasual/ResourcesData/Sprites/Components/Icon_PictoIcons/128/PictoIcon_Key.Png,png
761,PictoIcon_Kitchen_Knife,Components/Icon_PictoIcons,Assets/ThirdParty/Layer Lab/GUI Pro-SuperCasual/ResourcesData/Sprites/Components/Icon_PictoIcons/128/PictoIcon_Kitchen_Knife.Png,png
762,PictoIcon_Layer_1,Components/Icon_PictoIcons,Assets/ThirdParty/Layer Lab/GUI Pro-SuperCasual/ResourcesData/Sprites/Components/Icon_PictoIcons/128/PictoIcon_Layer_1.Png,png
763,PictoIcon_Layer_2,Components/Icon_PictoIcons,Assets/ThirdParty/Layer Lab/GUI Pro-SuperCasual/ResourcesData/Sprites/Components/Icon_PictoIcons/128/PictoIcon_Layer_2.Png,png
764,PictoIcon_Leaf,Components/Icon_PictoIcons,Assets/ThirdParty/Layer Lab/GUI Pro-SuperCasual/ResourcesData/Sprites/Components/Icon_PictoIcons/128/PictoIcon_Leaf.Png,png
765,PictoIcon_Link,Components/Icon_PictoIcons,Assets/ThirdParty/Layer Lab/GUI Pro-SuperCasual/ResourcesData/Sprites/Components/Icon_PictoIcons/128/PictoIcon_Link.Png,png
766,PictoIcon_Lock_1,Components/Icon_PictoIcons,Assets/ThirdParty/Layer Lab/GUI Pro-SuperCasual/ResourcesData/Sprites/Components/Icon_PictoIcons/128/PictoIcon_Lock_1.Png,png
767,PictoIcon_Lock_2,Components/Icon_PictoIcons,Assets/ThirdParty/Layer Lab/GUI Pro-SuperCasual/ResourcesData/Sprites/Components/Icon_PictoIcons/128/PictoIcon_Lock_2.Png,png
768,PictoIcon_Lock_Open,Components/Icon_PictoIcons,Assets/ThirdParty/Layer Lab/GUI Pro-SuperCasual/ResourcesData/Sprites/Components/Icon_PictoIcons/128/PictoIcon_Lock_Open.Png,png
769,PictoIcon_Magic,Components/Icon_PictoIcons,Assets/ThirdParty/Layer Lab/GUI Pro-SuperCasual/ResourcesData/Sprites/Components/Icon_PictoIcons/128/PictoIcon_Magic.Png,png
770,PictoIcon_Magic_Ball,Components/Icon_PictoIcons,Assets/ThirdParty/Layer Lab/GUI Pro-SuperCasual/ResourcesData/Sprites/Components/Icon_PictoIcons/128/PictoIcon_Magic_Ball.Png,png
771,PictoIcon_Mail_1,Components/Icon_PictoIcons,Assets/ThirdParty/Layer Lab/GUI Pro-SuperCasual/ResourcesData/Sprites/Components/Icon_PictoIcons/128/PictoIcon_Mail_1.Png,png
772,PictoIcon_Mail_2,Components/Icon_PictoIcons,Assets/ThirdParty/Layer Lab/GUI Pro-SuperCasual/ResourcesData/Sprites/Components/Icon_PictoIcons/128/PictoIcon_Mail_2.Png,png
773,PictoIcon_Male,Components/Icon_PictoIcons,Assets/ThirdParty/Layer Lab/GUI Pro-SuperCasual/ResourcesData/Sprites/Components/Icon_PictoIcons/128/PictoIcon_Male.Png,png
774,PictoIcon_Map_1,Components/Icon_PictoIcons,Assets/ThirdParty/Layer Lab/GUI Pro-SuperCasual/ResourcesData/Sprites/Components/Icon_PictoIcons/128/PictoIcon_Map_1.Png,png
775,PictoIcon_Map_2,Components/Icon_PictoIcons,Assets/ThirdParty/Layer Lab/GUI Pro-SuperCasual/ResourcesData/Sprites/Components/Icon_PictoIcons/128/PictoIcon_Map_2.Png,png
776,PictoIcon_Map_Pin,Components/Icon_PictoIcons,Assets/ThirdParty/Layer Lab/GUI Pro-SuperCasual/ResourcesData/Sprites/Components/Icon_PictoIcons/128/PictoIcon_Map_Pin.Png,png
777,PictoIcon_Meal,Components/Icon_PictoIcons,Assets/ThirdParty/Layer Lab/GUI Pro-SuperCasual/ResourcesData/Sprites/Components/Icon_PictoIcons/128/PictoIcon_Meal.Png,png
778,PictoIcon_Medal_1,Components/Icon_PictoIcons,Assets/ThirdParty/Layer Lab/GUI Pro-SuperCasual/ResourcesData/Sprites/Components/Icon_PictoIcons/128/PictoIcon_Medal_1.Png,png
779,PictoIcon_Medal_2,Components/Icon_PictoIcons,Assets/ThirdParty/Layer Lab/GUI Pro-SuperCasual/ResourcesData/Sprites/Components/Icon_PictoIcons/128/PictoIcon_Medal_2.Png,png
780,PictoIcon_Megaphone,Components/Icon_PictoIcons,Assets/ThirdParty/Layer Lab/GUI Pro-SuperCasual/ResourcesData/Sprites/Components/Icon_PictoIcons/128/PictoIcon_Megaphone.Png,png
781,PictoIcon_Menu_1,Components/Icon_PictoIcons,Assets/ThirdParty/Layer Lab/GUI Pro-SuperCasual/ResourcesData/Sprites/Components/Icon_PictoIcons/128/PictoIcon_Menu_1.Png,png
782,PictoIcon_Menu_2,Components/Icon_PictoIcons,Assets/ThirdParty/Layer Lab/GUI Pro-SuperCasual/ResourcesData/Sprites/Components/Icon_PictoIcons/128/PictoIcon_Menu_2.Png,png
783,PictoIcon_Menu_3,Components/Icon_PictoIcons,Assets/ThirdParty/Layer Lab/GUI Pro-SuperCasual/ResourcesData/Sprites/Components/Icon_PictoIcons/128/PictoIcon_Menu_3.Png,png
784,PictoIcon_Menu_4,Components/Icon_PictoIcons,Assets/ThirdParty/Layer Lab/GUI Pro-SuperCasual/ResourcesData/Sprites/Components/Icon_PictoIcons/128/PictoIcon_Menu_4.Png,png
785,PictoIcon_Menu_5,Components/Icon_PictoIcons,Assets/ThirdParty/Layer Lab/GUI Pro-SuperCasual/ResourcesData/Sprites/Components/Icon_PictoIcons/128/PictoIcon_Menu_5.Png,png
786,PictoIcon_Menu_6,Components/Icon_PictoIcons,Assets/ThirdParty/Layer Lab/GUI Pro-SuperCasual/ResourcesData/Sprites/Components/Icon_PictoIcons/128/PictoIcon_Menu_6.Png,png
787,PictoIcon_Merge,Components/Icon_PictoIcons,Assets/ThirdParty/Layer Lab/GUI Pro-SuperCasual/ResourcesData/Sprites/Components/Icon_PictoIcons/128/PictoIcon_Merge.Png,png
788,PictoIcon_Message_Bottle,Components/Icon_PictoIcons,Assets/ThirdParty/Layer Lab/GUI Pro-SuperCasual/ResourcesData/Sprites/Components/Icon_PictoIcons/128/PictoIcon_Message_Bottle.Png,png
789,PictoIcon_Minus_1,Components/Icon_PictoIcons,Assets/ThirdParty/Layer Lab/GUI Pro-SuperCasual/ResourcesData/Sprites/Components/Icon_PictoIcons/128/PictoIcon_Minus_1.Png,png
790,PictoIcon_Minus_2,Components/Icon_PictoIcons,Assets/ThirdParty/Layer Lab/GUI Pro-SuperCasual/ResourcesData/Sprites/Components/Icon_PictoIcons/128/PictoIcon_Minus_2.Png,png
791,PictoIcon_Mission,Components/Icon_PictoIcons,Assets/ThirdParty/Layer Lab/GUI Pro-SuperCasual/ResourcesData/Sprites/Components/Icon_PictoIcons/128/PictoIcon_Mission.Png,png
792,PictoIcon_Money_1,Components/Icon_PictoIcons,Assets/ThirdParty/Layer Lab/GUI Pro-SuperCasual/ResourcesData/Sprites/Components/Icon_PictoIcons/128/PictoIcon_Money_1.Png,png
793,PictoIcon_Money_2,Components/Icon_PictoIcons,Assets/ThirdParty/Layer Lab/GUI Pro-SuperCasual/ResourcesData/Sprites/Components/Icon_PictoIcons/128/PictoIcon_Money_2.Png,png
794,PictoIcon_Money_Pouch,Components/Icon_PictoIcons,Assets/ThirdParty/Layer Lab/GUI Pro-SuperCasual/ResourcesData/Sprites/Components/Icon_PictoIcons/128/PictoIcon_Money_Pouch.Png,png
795,PictoIcon_Movie,Components/Icon_PictoIcons,Assets/ThirdParty/Layer Lab/GUI Pro-SuperCasual/ResourcesData/Sprites/Components/Icon_PictoIcons/128/PictoIcon_Movie.Png,png
796,PictoIcon_Mushroom,Components/Icon_PictoIcons,Assets/ThirdParty/Layer Lab/GUI Pro-SuperCasual/ResourcesData/Sprites/Components/Icon_PictoIcons/128/PictoIcon_Mushroom.Png,png
797,PictoIcon_Music_1,Components/Icon_PictoIcons,Assets/ThirdParty/Layer Lab/GUI Pro-SuperCasual/ResourcesData/Sprites/Components/Icon_PictoIcons/128/PictoIcon_Music_1.Png,png
798,PictoIcon_Music_1_Off,Components/Icon_PictoIcons,Assets/ThirdParty/Layer Lab/GUI Pro-SuperCasual/ResourcesData/Sprites/Components/Icon_PictoIcons/128/PictoIcon_Music_1_Off.Png,png
799,PictoIcon_Music_2,Components/Icon_PictoIcons,Assets/ThirdParty/Layer Lab/GUI Pro-SuperCasual/ResourcesData/Sprites/Components/Icon_PictoIcons/128/PictoIcon_Music_2.Png,png
800,PictoIcon_Music_2_Off,Components/Icon_PictoIcons,Assets/ThirdParty/Layer Lab/GUI Pro-SuperCasual/ResourcesData/Sprites/Components/Icon_PictoIcons/128/PictoIcon_Music_2_Off.Png,png
801,PictoIcon_Necklace,Components/Icon_PictoIcons,Assets/ThirdParty/Layer Lab/GUI Pro-SuperCasual/ResourcesData/Sprites/Components/Icon_PictoIcons/128/PictoIcon_Necklace.Png,png
802,PictoIcon_Night,Components/Icon_PictoIcons,Assets/ThirdParty/Layer Lab/GUI Pro-SuperCasual/ResourcesData/Sprites/Components/Icon_PictoIcons/128/PictoIcon_Night.Png,png
803,PictoIcon_Note,Components/Icon_PictoIcons,Assets/ThirdParty/Layer Lab/GUI Pro-SuperCasual/ResourcesData/Sprites/Components/Icon_PictoIcons/128/PictoIcon_Note.Png,png
804,PictoIcon_Object,Components/Icon_PictoIcons,Assets/ThirdParty/Layer Lab/GUI Pro-SuperCasual/ResourcesData/Sprites/Components/Icon_PictoIcons/128/PictoIcon_Object.Png,png
805,PictoIcon_Page_Next,Components/Icon_PictoIcons,Assets/ThirdParty/Layer Lab/GUI Pro-SuperCasual/ResourcesData/Sprites/Components/Icon_PictoIcons/128/PictoIcon_Page_Next.Png,png
806,PictoIcon_Page_Prev,Components/Icon_PictoIcons,Assets/ThirdParty/Layer Lab/GUI Pro-SuperCasual/ResourcesData/Sprites/Components/Icon_PictoIcons/128/PictoIcon_Page_Prev.Png,png
807,PictoIcon_Paper_1,Components/Icon_PictoIcons,Assets/ThirdParty/Layer Lab/GUI Pro-SuperCasual/ResourcesData/Sprites/Components/Icon_PictoIcons/128/PictoIcon_Paper_1.Png,png
808,PictoIcon_Paper_2,Components/Icon_PictoIcons,Assets/ThirdParty/Layer Lab/GUI Pro-SuperCasual/ResourcesData/Sprites/Components/Icon_PictoIcons/128/PictoIcon_Paper_2.Png,png
809,PictoIcon_Path,Components/Icon_PictoIcons,Assets/ThirdParty/Layer Lab/GUI Pro-SuperCasual/ResourcesData/Sprites/Components/Icon_PictoIcons/128/PictoIcon_Path.Png,png
810,PictoIcon_Pause_1,Components/Icon_PictoIcons,Assets/ThirdParty/Layer Lab/GUI Pro-SuperCasual/ResourcesData/Sprites/Components/Icon_PictoIcons/128/PictoIcon_Pause_1.Png,png
811,PictoIcon_Pause_2,Components/Icon_PictoIcons,Assets/ThirdParty/Layer Lab/GUI Pro-SuperCasual/ResourcesData/Sprites/Components/Icon_PictoIcons/128/PictoIcon_Pause_2.Png,png
812,PictoIcon_Paw,Components/Icon_PictoIcons,Assets/ThirdParty/Layer Lab/GUI Pro-SuperCasual/ResourcesData/Sprites/Components/Icon_PictoIcons/128/PictoIcon_Paw.Png,png
813,PictoIcon_Pen,Components/Icon_PictoIcons,Assets/ThirdParty/Layer Lab/GUI Pro-SuperCasual/ResourcesData/Sprites/Components/Icon_PictoIcons/128/PictoIcon_Pen.Png,png
814,PictoIcon_Pen_Feather,Components/Icon_PictoIcons,Assets/ThirdParty/Layer Lab/GUI Pro-SuperCasual/ResourcesData/Sprites/Components/Icon_PictoIcons/128/PictoIcon_Pen_Feather.Png,png
815,PictoIcon_Pencil,Components/Icon_PictoIcons,Assets/ThirdParty/Layer Lab/GUI Pro-SuperCasual/ResourcesData/Sprites/Components/Icon_PictoIcons/128/PictoIcon_Pencil.Png,png
816,PictoIcon_Phone,Components/Icon_PictoIcons,Assets/ThirdParty/Layer Lab/GUI Pro-SuperCasual/ResourcesData/Sprites/Components/Icon_PictoIcons/128/PictoIcon_Phone.Png,png
817,PictoIcon_Photo_1,Components/Icon_PictoIcons,Assets/ThirdParty/Layer Lab/GUI Pro-SuperCasual/ResourcesData/Sprites/Components/Icon_PictoIcons/128/PictoIcon_Photo_1.Png,png
818,PictoIcon_Photo_2,Components/Icon_PictoIcons,Assets/ThirdParty/Layer Lab/GUI Pro-SuperCasual/ResourcesData/Sprites/Components/Icon_PictoIcons/128/PictoIcon_Photo_2.Png,png
819,PictoIcon_Pick,Components/Icon_PictoIcons,Assets/ThirdParty/Layer Lab/GUI Pro-SuperCasual/ResourcesData/Sprites/Components/Icon_PictoIcons/128/PictoIcon_Pick.Png,png
820,PictoIcon_Pickax,Components/Icon_PictoIcons,Assets/ThirdParty/Layer Lab/GUI Pro-SuperCasual/ResourcesData/Sprites/Components/Icon_PictoIcons/128/PictoIcon_Pickax.Png,png
821,PictoIcon_Plants,Components/Icon_PictoIcons,Assets/ThirdParty/Layer Lab/GUI Pro-SuperCasual/ResourcesData/Sprites/Components/Icon_PictoIcons/128/PictoIcon_Plants.Png,png
822,PictoIcon_Play_1,Components/Icon_PictoIcons,Assets/ThirdParty/Layer Lab/GUI Pro-SuperCasual/ResourcesData/Sprites/Components/Icon_PictoIcons/128/PictoIcon_Play_1.Png,png
823,PictoIcon_Play_2,Components/Icon_PictoIcons,Assets/ThirdParty/Layer Lab/GUI Pro-SuperCasual/ResourcesData/Sprites/Components/Icon_PictoIcons/128/PictoIcon_Play_2.Png,png
824,PictoIcon_Plus_1,Components/Icon_PictoIcons,Assets/ThirdParty/Layer Lab/GUI Pro-SuperCasual/ResourcesData/Sprites/Components/Icon_PictoIcons/128/PictoIcon_Plus_1.Png,png
825,PictoIcon_Plus_2,Components/Icon_PictoIcons,Assets/ThirdParty/Layer Lab/GUI Pro-SuperCasual/ResourcesData/Sprites/Components/Icon_PictoIcons/128/PictoIcon_Plus_2.Png,png
826,PictoIcon_Potion_1,Components/Icon_PictoIcons,Assets/ThirdParty/Layer Lab/GUI Pro-SuperCasual/ResourcesData/Sprites/Components/Icon_PictoIcons/128/PictoIcon_Potion_1.Png,png
827,PictoIcon_Potion_2,Components/Icon_PictoIcons,Assets/ThirdParty/Layer Lab/GUI Pro-SuperCasual/ResourcesData/Sprites/Components/Icon_PictoIcons/128/PictoIcon_Potion_2.Png,png
828,PictoIcon_Potion_3,Components/Icon_PictoIcons,Assets/ThirdParty/Layer Lab/GUI Pro-SuperCasual/ResourcesData/Sprites/Components/Icon_PictoIcons/128/PictoIcon_Potion_3.Png,png
829,PictoIcon_Pouch,Components/Icon_PictoIcons,Assets/ThirdParty/Layer Lab/GUI Pro-SuperCasual/ResourcesData/Sprites/Components/Icon_PictoIcons/128/PictoIcon_Pouch.Png,png
830,PictoIcon_Power_1,Components/Icon_PictoIcons,Assets/ThirdParty/Layer Lab/GUI Pro-SuperCasual/ResourcesData/Sprites/Components/Icon_PictoIcons/128/PictoIcon_Power_1.Png,png
831,PictoIcon_Power_2,Components/Icon_PictoIcons,Assets/ThirdParty/Layer Lab/GUI Pro-SuperCasual/ResourcesData/Sprites/Components/Icon_PictoIcons/128/PictoIcon_Power_2.Png,png
832,PictoIcon_Power_Off,Components/Icon_PictoIcons,Assets/ThirdParty/Layer Lab/GUI Pro-SuperCasual/ResourcesData/Sprites/Components/Icon_PictoIcons/128/PictoIcon_Power_Off.Png,png
833,PictoIcon_Rampart,Components/Icon_PictoIcons,Assets/ThirdParty/Layer Lab/GUI Pro-SuperCasual/ResourcesData/Sprites/Components/Icon_PictoIcons/128/PictoIcon_Rampart.Png,png
834,PictoIcon_Rank_1,Components/Icon_PictoIcons,Assets/ThirdParty/Layer Lab/GUI Pro-SuperCasual/ResourcesData/Sprites/Components/Icon_PictoIcons/128/PictoIcon_Rank_1.Png,png
835,PictoIcon_Rank_2,Components/Icon_PictoIcons,Assets/ThirdParty/Layer Lab/GUI Pro-SuperCasual/ResourcesData/Sprites/Components/Icon_PictoIcons/128/PictoIcon_Rank_2.Png,png
836,PictoIcon_Recommendation,Components/Icon_PictoIcons,Assets/ThirdParty/Layer Lab/GUI Pro-SuperCasual/ResourcesData/Sprites/Components/Icon_PictoIcons/128/PictoIcon_Recommendation.Png,png
837,PictoIcon_Recycle,Components/Icon_PictoIcons,Assets/ThirdParty/Layer Lab/GUI Pro-SuperCasual/ResourcesData/Sprites/Components/Icon_PictoIcons/128/PictoIcon_Recycle.Png,png
838,PictoIcon_Refresh_1,Components/Icon_PictoIcons,Assets/ThirdParty/Layer Lab/GUI Pro-SuperCasual/ResourcesData/Sprites/Components/Icon_PictoIcons/128/PictoIcon_Refresh_1.Png,png
839,PictoIcon_Refresh_2,Components/Icon_PictoIcons,Assets/ThirdParty/Layer Lab/GUI Pro-SuperCasual/ResourcesData/Sprites/Components/Icon_PictoIcons/128/PictoIcon_Refresh_2.Png,png
840,PictoIcon_Refresh_3,Components/Icon_PictoIcons,Assets/ThirdParty/Layer Lab/GUI Pro-SuperCasual/ResourcesData/Sprites/Components/Icon_PictoIcons/128/PictoIcon_Refresh_3.Png,png
841,PictoIcon_Refresh_4,Components/Icon_PictoIcons,Assets/ThirdParty/Layer Lab/GUI Pro-SuperCasual/ResourcesData/Sprites/Components/Icon_PictoIcons/128/PictoIcon_Refresh_4.Png,png
842,PictoIcon_Ring,Components/Icon_PictoIcons,Assets/ThirdParty/Layer Lab/GUI Pro-SuperCasual/ResourcesData/Sprites/Components/Icon_PictoIcons/128/PictoIcon_Ring.Png,png
843,PictoIcon_Roulette,Components/Icon_PictoIcons,Assets/ThirdParty/Layer Lab/GUI Pro-SuperCasual/ResourcesData/Sprites/Components/Icon_PictoIcons/128/PictoIcon_Roulette.Png,png
844,PictoIcon_Safebox,Components/Icon_PictoIcons,Assets/ThirdParty/Layer Lab/GUI Pro-SuperCasual/ResourcesData/Sprites/Components/Icon_PictoIcons/128/PictoIcon_Safebox.Png,png
845,PictoIcon_Sandglass,Components/Icon_PictoIcons,Assets/ThirdParty/Layer Lab/GUI Pro-SuperCasual/ResourcesData/Sprites/Components/Icon_PictoIcons/128/PictoIcon_Sandglass.Png,png
846,PictoIcon_Saw,Components/Icon_PictoIcons,Assets/ThirdParty/Layer Lab/GUI Pro-SuperCasual/ResourcesData/Sprites/Components/Icon_PictoIcons/128/PictoIcon_Saw.Png,png
847,PictoIcon_Scale,Components/Icon_PictoIcons,Assets/ThirdParty/Layer Lab/GUI Pro-SuperCasual/ResourcesData/Sprites/Components/Icon_PictoIcons/128/PictoIcon_Scale.Png,png
848,PictoIcon_Scroll_Old,Components/Icon_PictoIcons,Assets/ThirdParty/Layer Lab/GUI Pro-SuperCasual/ResourcesData/Sprites/Components/Icon_PictoIcons/128/PictoIcon_Scroll_Old.Png,png
849,PictoIcon_Search,Components/Icon_PictoIcons,Assets/ThirdParty/Layer Lab/GUI Pro-SuperCasual/ResourcesData/Sprites/Components/Icon_PictoIcons/128/PictoIcon_Search.Png,png
850,PictoIcon_Security,Components/Icon_PictoIcons,Assets/ThirdParty/Layer Lab/GUI Pro-SuperCasual/ResourcesData/Sprites/Components/Icon_PictoIcons/128/PictoIcon_Security.Png,png
851,PictoIcon_Setting,Components/Icon_PictoIcons,Assets/ThirdParty/Layer Lab/GUI Pro-SuperCasual/ResourcesData/Sprites/Components/Icon_PictoIcons/128/PictoIcon_Setting.Png,png
852,PictoIcon_Share,Components/Icon_PictoIcons,Assets/ThirdParty/Layer Lab/GUI Pro-SuperCasual/ResourcesData/Sprites/Components/Icon_PictoIcons/128/PictoIcon_Share.Png,png
853,PictoIcon_Sheos,Components/Icon_PictoIcons,Assets/ThirdParty/Layer Lab/GUI Pro-SuperCasual/ResourcesData/Sprites/Components/Icon_PictoIcons/128/PictoIcon_Sheos.Png,png
854,PictoIcon_Sheos_Wing,Components/Icon_PictoIcons,Assets/ThirdParty/Layer Lab/GUI Pro-SuperCasual/ResourcesData/Sprites/Components/Icon_PictoIcons/128/PictoIcon_Sheos_Wing.Png,png
855,PictoIcon_Sheriff,Components/Icon_PictoIcons,Assets/ThirdParty/Layer Lab/GUI Pro-SuperCasual/ResourcesData/Sprites/Components/Icon_PictoIcons/128/PictoIcon_Sheriff.Png,png
856,PictoIcon_Shield_1,Components/Icon_PictoIcons,Assets/ThirdParty/Layer Lab/GUI Pro-SuperCasual/ResourcesData/Sprites/Components/Icon_PictoIcons/128/PictoIcon_Shield_1.Png,png
857,PictoIcon_Shield_2,Components/Icon_PictoIcons,Assets/ThirdParty/Layer Lab/GUI Pro-SuperCasual/ResourcesData/Sprites/Components/Icon_PictoIcons/128/PictoIcon_Shield_2.Png,png
858,PictoIcon_Shield_Viking,Components/Icon_PictoIcons,Assets/ThirdParty/Layer Lab/GUI Pro-SuperCasual/ResourcesData/Sprites/Components/Icon_PictoIcons/128/PictoIcon_Shield_Viking.Png,png
859,PictoIcon_Ship,Components/Icon_PictoIcons,Assets/ThirdParty/Layer Lab/GUI Pro-SuperCasual/ResourcesData/Sprites/Components/Icon_PictoIcons/128/PictoIcon_Ship.Png,png
860,PictoIcon_Shop_1,Components/Icon_PictoIcons,Assets/ThirdParty/Layer Lab/GUI Pro-SuperCasual/ResourcesData/Sprites/Components/Icon_PictoIcons/128/PictoIcon_Shop_1.Png,png
861,PictoIcon_Shop_2,Components/Icon_PictoIcons,Assets/ThirdParty/Layer Lab/GUI Pro-SuperCasual/ResourcesData/Sprites/Components/Icon_PictoIcons/128/PictoIcon_Shop_2.Png,png
862,PictoIcon_Shop_3,Components/Icon_PictoIcons,Assets/ThirdParty/Layer Lab/GUI Pro-SuperCasual/ResourcesData/Sprites/Components/Icon_PictoIcons/128/PictoIcon_Shop_3.Png,png
863,PictoIcon_Shovel,Components/Icon_PictoIcons,Assets/ThirdParty/Layer Lab/GUI Pro-SuperCasual/ResourcesData/Sprites/Components/Icon_PictoIcons/128/PictoIcon_Shovel.Png,png
864,PictoIcon_Sickle,Components/Icon_PictoIcons,Assets/ThirdParty/Layer Lab/GUI Pro-SuperCasual/ResourcesData/Sprites/Components/Icon_PictoIcons/128/PictoIcon_Sickle.Png,png
865,PictoIcon_Sign,Components/Icon_PictoIcons,Assets/ThirdParty/Layer Lab/GUI Pro-SuperCasual/ResourcesData/Sprites/Components/Icon_PictoIcons/128/PictoIcon_Sign.Png,png
866,PictoIcon_Skull,Components/Icon_PictoIcons,Assets/ThirdParty/Layer Lab/GUI Pro-SuperCasual/ResourcesData/Sprites/Components/Icon_PictoIcons/128/PictoIcon_Skull.Png,png
867,PictoIcon_Sound,Components/Icon_PictoIcons,Assets/ThirdParty/Layer Lab/GUI Pro-SuperCasual/ResourcesData/Sprites/Components/Icon_PictoIcons/128/PictoIcon_Sound.Png,png
868,PictoIcon_Sound_Off,Components/Icon_PictoIcons,Assets/ThirdParty/Layer Lab/GUI Pro-SuperCasual/ResourcesData/Sprites/Components/Icon_PictoIcons/128/PictoIcon_Sound_Off.Png,png
869,PictoIcon_Star_1,Components/Icon_PictoIcons,Assets/ThirdParty/Layer Lab/GUI Pro-SuperCasual/ResourcesData/Sprites/Components/Icon_PictoIcons/128/PictoIcon_Star_1.Png,png
870,PictoIcon_Star_2,Components/Icon_PictoIcons,Assets/ThirdParty/Layer Lab/GUI Pro-SuperCasual/ResourcesData/Sprites/Components/Icon_PictoIcons/128/PictoIcon_Star_2.Png,png
871,PictoIcon_Star_3,Components/Icon_PictoIcons,Assets/ThirdParty/Layer Lab/GUI Pro-SuperCasual/ResourcesData/Sprites/Components/Icon_PictoIcons/128/PictoIcon_Star_3.Png,png
872,PictoIcon_Star_Empty,Components/Icon_PictoIcons,Assets/ThirdParty/Layer Lab/GUI Pro-SuperCasual/ResourcesData/Sprites/Components/Icon_PictoIcons/128/PictoIcon_Star_Empty.Png,png
873,PictoIcon_Step,Components/Icon_PictoIcons,Assets/ThirdParty/Layer Lab/GUI Pro-SuperCasual/ResourcesData/Sprites/Components/Icon_PictoIcons/128/PictoIcon_Step.Png,png
874,PictoIcon_Stopwatch_1,Components/Icon_PictoIcons,Assets/ThirdParty/Layer Lab/GUI Pro-SuperCasual/ResourcesData/Sprites/Components/Icon_PictoIcons/128/PictoIcon_Stopwatch_1.Png,png
875,PictoIcon_Stopwatch_2,Components/Icon_PictoIcons,Assets/ThirdParty/Layer Lab/GUI Pro-SuperCasual/ResourcesData/Sprites/Components/Icon_PictoIcons/128/PictoIcon_Stopwatch_2.Png,png
876,PictoIcon_Storage,Components/Icon_PictoIcons,Assets/ThirdParty/Layer Lab/GUI Pro-SuperCasual/ResourcesData/Sprites/Components/Icon_PictoIcons/128/PictoIcon_Storage.Png,png
877,PictoIcon_Sun,Components/Icon_PictoIcons,Assets/ThirdParty/Layer Lab/GUI Pro-SuperCasual/ResourcesData/Sprites/Components/Icon_PictoIcons/128/PictoIcon_Sun.Png,png
878,PictoIcon_Switch,Components/Icon_PictoIcons,Assets/ThirdParty/Layer Lab/GUI Pro-SuperCasual/ResourcesData/Sprites/Components/Icon_PictoIcons/128/PictoIcon_Switch.Png,png
879,PictoIcon_Sword_1,Components/Icon_PictoIcons,Assets/ThirdParty/Layer Lab/GUI Pro-SuperCasual/ResourcesData/Sprites/Components/Icon_PictoIcons/128/PictoIcon_Sword_1.Png,png
880,PictoIcon_Sword_2,Components/Icon_PictoIcons,Assets/ThirdParty/Layer Lab/GUI Pro-SuperCasual/ResourcesData/Sprites/Components/Icon_PictoIcons/128/PictoIcon_Sword_2.Png,png
881,PictoIcon_Tag,Components/Icon_PictoIcons,Assets/ThirdParty/Layer Lab/GUI Pro-SuperCasual/ResourcesData/Sprites/Components/Icon_PictoIcons/128/PictoIcon_Tag.Png,png
882,PictoIcon_Target,Components/Icon_PictoIcons,Assets/ThirdParty/Layer Lab/GUI Pro-SuperCasual/ResourcesData/Sprites/Components/Icon_PictoIcons/128/PictoIcon_Target.Png,png
883,PictoIcon_Telescope,Components/Icon_PictoIcons,Assets/ThirdParty/Layer Lab/GUI Pro-SuperCasual/ResourcesData/Sprites/Components/Icon_PictoIcons/128/PictoIcon_Telescope.Png,png
884,PictoIcon_Temple,Components/Icon_PictoIcons,Assets/ThirdParty/Layer Lab/GUI Pro-SuperCasual/ResourcesData/Sprites/Components/Icon_PictoIcons/128/PictoIcon_Temple.Png,png
885,PictoIcon_Ticket,Components/Icon_PictoIcons,Assets/ThirdParty/Layer Lab/GUI Pro-SuperCasual/ResourcesData/Sprites/Components/Icon_PictoIcons/128/PictoIcon_Ticket.Png,png
886,PictoIcon_Tool_Fix,Components/Icon_PictoIcons,Assets/ThirdParty/Layer Lab/GUI Pro-SuperCasual/ResourcesData/Sprites/Components/Icon_PictoIcons/128/PictoIcon_Tool_Fix.Png,png
887,PictoIcon_Top,Components/Icon_PictoIcons,Assets/ThirdParty/Layer Lab/GUI Pro-SuperCasual/ResourcesData/Sprites/Components/Icon_PictoIcons/128/PictoIcon_Top.Png,png
888,PictoIcon_Trophy_1,Components/Icon_PictoIcons,Assets/ThirdParty/Layer Lab/GUI Pro-SuperCasual/ResourcesData/Sprites/Components/Icon_PictoIcons/128/PictoIcon_Trophy_1.Png,png
889,PictoIcon_Trophy_2,Components/Icon_PictoIcons,Assets/ThirdParty/Layer Lab/GUI Pro-SuperCasual/ResourcesData/Sprites/Components/Icon_PictoIcons/128/PictoIcon_Trophy_2.Png,png
890,PictoIcon_Tv,Components/Icon_PictoIcons,Assets/ThirdParty/Layer Lab/GUI Pro-SuperCasual/ResourcesData/Sprites/Components/Icon_PictoIcons/128/PictoIcon_Tv.Png,png
891,PictoIcon_Typhoon,Components/Icon_PictoIcons,Assets/ThirdParty/Layer Lab/GUI Pro-SuperCasual/ResourcesData/Sprites/Components/Icon_PictoIcons/128/PictoIcon_Typhoon.Png,png
892,PictoIcon_Under,Components/Icon_PictoIcons,Assets/ThirdParty/Layer Lab/GUI Pro-SuperCasual/ResourcesData/Sprites/Components/Icon_PictoIcons/128/PictoIcon_Under.Png,png
893,PictoIcon_User,Components/Icon_PictoIcons,Assets/ThirdParty/Layer Lab/GUI Pro-SuperCasual/ResourcesData/Sprites/Components/Icon_PictoIcons/128/PictoIcon_User.Png,png
894,PictoIcon_User_Add,Components/Icon_PictoIcons,Assets/ThirdParty/Layer Lab/GUI Pro-SuperCasual/ResourcesData/Sprites/Components/Icon_PictoIcons/128/PictoIcon_User_Add.Png,png
895,PictoIcon_User_Info,Components/Icon_PictoIcons,Assets/ThirdParty/Layer Lab/GUI Pro-SuperCasual/ResourcesData/Sprites/Components/Icon_PictoIcons/128/PictoIcon_User_Info.Png,png
896,PictoIcon_Video,Components/Icon_PictoIcons,Assets/ThirdParty/Layer Lab/GUI Pro-SuperCasual/ResourcesData/Sprites/Components/Icon_PictoIcons/128/PictoIcon_Video.Png,png
897,PictoIcon_View,Components/Icon_PictoIcons,Assets/ThirdParty/Layer Lab/GUI Pro-SuperCasual/ResourcesData/Sprites/Components/Icon_PictoIcons/128/PictoIcon_View.Png,png
898,PictoIcon_View_Off,Components/Icon_PictoIcons,Assets/ThirdParty/Layer Lab/GUI Pro-SuperCasual/ResourcesData/Sprites/Components/Icon_PictoIcons/128/PictoIcon_View_Off.Png,png
899,PictoIcon_Vr,Components/Icon_PictoIcons,Assets/ThirdParty/Layer Lab/GUI Pro-SuperCasual/ResourcesData/Sprites/Components/Icon_PictoIcons/128/PictoIcon_Vr.Png,png
900,PictoIcon_Warehouse,Components/Icon_PictoIcons,Assets/ThirdParty/Layer Lab/GUI Pro-SuperCasual/ResourcesData/Sprites/Components/Icon_PictoIcons/128/PictoIcon_Warehouse.Png,png
901,PictoIcon_Water,Components/Icon_PictoIcons,Assets/ThirdParty/Layer Lab/GUI Pro-SuperCasual/ResourcesData/Sprites/Components/Icon_PictoIcons/128/PictoIcon_Water.Png,png
902,PictoIcon_Wing,Components/Icon_PictoIcons,Assets/ThirdParty/Layer Lab/GUI Pro-SuperCasual/ResourcesData/Sprites/Components/Icon_PictoIcons/128/PictoIcon_Wing.Png,png
903,PictoIcon_Wood,Components/Icon_PictoIcons,Assets/ThirdParty/Layer Lab/GUI Pro-SuperCasual/ResourcesData/Sprites/Components/Icon_PictoIcons/128/PictoIcon_Wood.Png,png
904,PictoIcon_World,Components/Icon_PictoIcons,Assets/ThirdParty/Layer Lab/GUI Pro-SuperCasual/ResourcesData/Sprites/Components/Icon_PictoIcons/128/PictoIcon_World.Png,png
905,PictoIcon_Zoom_In,Components/Icon_PictoIcons,Assets/ThirdParty/Layer Lab/GUI Pro-SuperCasual/ResourcesData/Sprites/Components/Icon_PictoIcons/128/PictoIcon_Zoom_In.Png,png
906,PictoIcon_Zoom_Out,Components/Icon_PictoIcons,Assets/ThirdParty/Layer Lab/GUI Pro-SuperCasual/ResourcesData/Sprites/Components/Icon_PictoIcons/128/PictoIcon_Zoom_Out.Png,png
907,PictoIcon_Again_1,Components/Icon_PictoIcons,Assets/ThirdParty/Layer Lab/GUI Pro-SuperCasual/ResourcesData/Sprites/Components/Icon_PictoIcons/256/PictoIcon_Again_1.Png,png
908,PictoIcon_Again_2,Components/Icon_PictoIcons,Assets/ThirdParty/Layer Lab/GUI Pro-SuperCasual/ResourcesData/Sprites/Components/Icon_PictoIcons/256/PictoIcon_Again_2.Png,png
909,PictoIcon_Aiming_1,Components/Icon_PictoIcons,Assets/ThirdParty/Layer Lab/GUI Pro-SuperCasual/ResourcesData/Sprites/Components/Icon_PictoIcons/256/PictoIcon_Aiming_1.Png,png
910,PictoIcon_Aiming_2,Components/Icon_PictoIcons,Assets/ThirdParty/Layer Lab/GUI Pro-SuperCasual/ResourcesData/Sprites/Components/Icon_PictoIcons/256/PictoIcon_Aiming_2.Png,png
911,PictoIcon_Alarm,Components/Icon_PictoIcons,Assets/ThirdParty/Layer Lab/GUI Pro-SuperCasual/ResourcesData/Sprites/Components/Icon_PictoIcons/256/PictoIcon_Alarm.Png,png
912,PictoIcon_Anchor,Components/Icon_PictoIcons,Assets/ThirdParty/Layer Lab/GUI Pro-SuperCasual/ResourcesData/Sprites/Components/Icon_PictoIcons/256/PictoIcon_Anchor.Png,png
913,PictoIcon_Archer,Components/Icon_PictoIcons,Assets/ThirdParty/Layer Lab/GUI Pro-SuperCasual/ResourcesData/Sprites/Components/Icon_PictoIcons/256/PictoIcon_Archer.Png,png
914,PictoIcon_Armor,Components/Icon_PictoIcons,Assets/ThirdParty/Layer Lab/GUI Pro-SuperCasual/ResourcesData/Sprites/Components/Icon_PictoIcons/256/PictoIcon_Armor.Png,png
915,PictoIcon_Arrow_Down,Components/Icon_PictoIcons,Assets/ThirdParty/Layer Lab/GUI Pro-SuperCasual/ResourcesData/Sprites/Components/Icon_PictoIcons/256/PictoIcon_Arrow_Down.Png,png
916,PictoIcon_Arrow_Left_1,Components/Icon_PictoIcons,Assets/ThirdParty/Layer Lab/GUI Pro-SuperCasual/ResourcesData/Sprites/Components/Icon_PictoIcons/256/PictoIcon_Arrow_Left_1.Png,png
917,PictoIcon_Arrow_Left_2,Components/Icon_PictoIcons,Assets/ThirdParty/Layer Lab/GUI Pro-SuperCasual/ResourcesData/Sprites/Components/Icon_PictoIcons/256/PictoIcon_Arrow_Left_2.Png,png
918,PictoIcon_Arrow_Left_3,Components/Icon_PictoIcons,Assets/ThirdParty/Layer Lab/GUI Pro-SuperCasual/ResourcesData/Sprites/Components/Icon_PictoIcons/256/PictoIcon_Arrow_Left_3.Png,png
919,PictoIcon_Arrow_Right_1,Components/Icon_PictoIcons,Assets/ThirdParty/Layer Lab/GUI Pro-SuperCasual/ResourcesData/Sprites/Components/Icon_PictoIcons/256/PictoIcon_Arrow_Right_1.Png,png
920,PictoIcon_Arrow_Right_2,Components/Icon_PictoIcons,Assets/ThirdParty/Layer Lab/GUI Pro-SuperCasual/ResourcesData/Sprites/Components/Icon_PictoIcons/256/PictoIcon_Arrow_Right_2.Png,png
921,PictoIcon_Arrow_Right_3,Components/Icon_PictoIcons,Assets/ThirdParty/Layer Lab/GUI Pro-SuperCasual/ResourcesData/Sprites/Components/Icon_PictoIcons/256/PictoIcon_Arrow_Right_3.Png,png
922,PictoIcon_Arrow_Up,Components/Icon_PictoIcons,Assets/ThirdParty/Layer Lab/GUI Pro-SuperCasual/ResourcesData/Sprites/Components/Icon_PictoIcons/256/PictoIcon_Arrow_Up.Png,png
923,PictoIcon_At,Components/Icon_PictoIcons,Assets/ThirdParty/Layer Lab/GUI Pro-SuperCasual/ResourcesData/Sprites/Components/Icon_PictoIcons/256/PictoIcon_At.Png,png
924,PictoIcon_Attack,Components/Icon_PictoIcons,Assets/ThirdParty/Layer Lab/GUI Pro-SuperCasual/ResourcesData/Sprites/Components/Icon_PictoIcons/256/PictoIcon_Attack.Png,png
925,PictoIcon_Ax,Components/Icon_PictoIcons,Assets/ThirdParty/Layer Lab/GUI Pro-SuperCasual/ResourcesData/Sprites/Components/Icon_PictoIcons/256/PictoIcon_Ax.Png,png
926,PictoIcon_Ax_Double,Components/Icon_PictoIcons,Assets/ThirdParty/Layer Lab/GUI Pro-SuperCasual/ResourcesData/Sprites/Components/Icon_PictoIcons/256/PictoIcon_Ax_Double.Png,png
927,PictoIcon_Back_1,Components/Icon_PictoIcons,Assets/ThirdParty/Layer Lab/GUI Pro-SuperCasual/ResourcesData/Sprites/Components/Icon_PictoIcons/256/PictoIcon_Back_1.Png,png
928,PictoIcon_Back_2,Components/Icon_PictoIcons,Assets/ThirdParty/Layer Lab/GUI Pro-SuperCasual/ResourcesData/Sprites/Components/Icon_PictoIcons/256/PictoIcon_Back_2.Png,png
929,PictoIcon_Badge,Components/Icon_PictoIcons,Assets/ThirdParty/Layer Lab/GUI Pro-SuperCasual/ResourcesData/Sprites/Components/Icon_PictoIcons/256/PictoIcon_Badge.Png,png
930,PictoIcon_Bag,Components/Icon_PictoIcons,Assets/ThirdParty/Layer Lab/GUI Pro-SuperCasual/ResourcesData/Sprites/Components/Icon_PictoIcons/256/PictoIcon_Bag.Png,png
931,PictoIcon_Bank,Components/Icon_PictoIcons,Assets/ThirdParty/Layer Lab/GUI Pro-SuperCasual/ResourcesData/Sprites/Components/Icon_PictoIcons/256/PictoIcon_Bank.Png,png
932,PictoIcon_Basket,Components/Icon_PictoIcons,Assets/ThirdParty/Layer Lab/GUI Pro-SuperCasual/ResourcesData/Sprites/Components/Icon_PictoIcons/256/PictoIcon_Basket.Png,png
933,PictoIcon_Battery_Charge,Components/Icon_PictoIcons,Assets/ThirdParty/Layer Lab/GUI Pro-SuperCasual/ResourcesData/Sprites/Components/Icon_PictoIcons/256/PictoIcon_Battery_Charge.Png,png
934,PictoIcon_Battle,Components/Icon_PictoIcons,Assets/ThirdParty/Layer Lab/GUI Pro-SuperCasual/ResourcesData/Sprites/Components/Icon_PictoIcons/256/PictoIcon_Battle.Png,png
935,PictoIcon_Bell,Components/Icon_PictoIcons,Assets/ThirdParty/Layer Lab/GUI Pro-SuperCasual/ResourcesData/Sprites/Components/Icon_PictoIcons/256/PictoIcon_Bell.Png,png
936,PictoIcon_Bell_Off,Components/Icon_PictoIcons,Assets/ThirdParty/Layer Lab/GUI Pro-SuperCasual/ResourcesData/Sprites/Components/Icon_PictoIcons/256/PictoIcon_Bell_Off.Png,png
937,PictoIcon_Bell_On,Components/Icon_PictoIcons,Assets/ThirdParty/Layer Lab/GUI Pro-SuperCasual/ResourcesData/Sprites/Components/Icon_PictoIcons/256/PictoIcon_Bell_On.Png,png
938,PictoIcon_Bell_Sleep,Components/Icon_PictoIcons,Assets/ThirdParty/Layer Lab/GUI Pro-SuperCasual/ResourcesData/Sprites/Components/Icon_PictoIcons/256/PictoIcon_Bell_Sleep.Png,png
939,PictoIcon_Blacksmith,Components/Icon_PictoIcons,Assets/ThirdParty/Layer Lab/GUI Pro-SuperCasual/ResourcesData/Sprites/Components/Icon_PictoIcons/256/PictoIcon_Blacksmith.Png,png
940,PictoIcon_Block,Components/Icon_PictoIcons,Assets/ThirdParty/Layer Lab/GUI Pro-SuperCasual/ResourcesData/Sprites/Components/Icon_PictoIcons/256/PictoIcon_Block.Png,png
941,PictoIcon_Bluetooth,Components/Icon_PictoIcons,Assets/ThirdParty/Layer Lab/GUI Pro-SuperCasual/ResourcesData/Sprites/Components/Icon_PictoIcons/256/PictoIcon_Bluetooth.Png,png
942,PictoIcon_Bomb_1,Components/Icon_PictoIcons,Assets/ThirdParty/Layer Lab/GUI Pro-SuperCasual/ResourcesData/Sprites/Components/Icon_PictoIcons/256/PictoIcon_Bomb_1.Png,png
943,PictoIcon_Bomb_2,Components/Icon_PictoIcons,Assets/ThirdParty/Layer Lab/GUI Pro-SuperCasual/ResourcesData/Sprites/Components/Icon_PictoIcons/256/PictoIcon_Bomb_2.Png,png
944,PictoIcon_Book_1,Components/Icon_PictoIcons,Assets/ThirdParty/Layer Lab/GUI Pro-SuperCasual/ResourcesData/Sprites/Components/Icon_PictoIcons/256/PictoIcon_Book_1.Png,png
945,PictoIcon_Book_2,Components/Icon_PictoIcons,Assets/ThirdParty/Layer Lab/GUI Pro-SuperCasual/ResourcesData/Sprites/Components/Icon_PictoIcons/256/PictoIcon_Book_2.Png,png
946,PictoIcon_Book_3,Components/Icon_PictoIcons,Assets/ThirdParty/Layer Lab/GUI Pro-SuperCasual/ResourcesData/Sprites/Components/Icon_PictoIcons/256/PictoIcon_Book_3.Png,png
947,PictoIcon_Boots,Components/Icon_PictoIcons,Assets/ThirdParty/Layer Lab/GUI Pro-SuperCasual/ResourcesData/Sprites/Components/Icon_PictoIcons/256/PictoIcon_Boots.Png,png
948,PictoIcon_Boss,Components/Icon_PictoIcons,Assets/ThirdParty/Layer Lab/GUI Pro-SuperCasual/ResourcesData/Sprites/Components/Icon_PictoIcons/256/PictoIcon_Boss.Png,png
949,PictoIcon_Bow,Components/Icon_PictoIcons,Assets/ThirdParty/Layer Lab/GUI Pro-SuperCasual/ResourcesData/Sprites/Components/Icon_PictoIcons/256/PictoIcon_Bow.Png,png
950,PictoIcon_Brief_Bag,Components/Icon_PictoIcons,Assets/ThirdParty/Layer Lab/GUI Pro-SuperCasual/ResourcesData/Sprites/Components/Icon_PictoIcons/256/PictoIcon_Brief_Bag.Png,png
951,PictoIcon_Brush,Components/Icon_PictoIcons,Assets/ThirdParty/Layer Lab/GUI Pro-SuperCasual/ResourcesData/Sprites/Components/Icon_PictoIcons/256/PictoIcon_Brush.Png,png
952,PictoIcon_Bulb,Components/Icon_PictoIcons,Assets/ThirdParty/Layer Lab/GUI Pro-SuperCasual/ResourcesData/Sprites/Components/Icon_PictoIcons/256/PictoIcon_Bulb.Png,png
953,PictoIcon_Bulb_Charge,Components/Icon_PictoIcons,Assets/ThirdParty/Layer Lab/GUI Pro-SuperCasual/ResourcesData/Sprites/Components/Icon_PictoIcons/256/PictoIcon_Bulb_Charge.Png,png
954,PictoIcon_Bullet,Components/Icon_PictoIcons,Assets/ThirdParty/Layer Lab/GUI Pro-SuperCasual/ResourcesData/Sprites/Components/Icon_PictoIcons/256/PictoIcon_Bullet.Png,png
955,PictoIcon_Calendar,Components/Icon_PictoIcons,Assets/ThirdParty/Layer Lab/GUI Pro-SuperCasual/ResourcesData/Sprites/Components/Icon_PictoIcons/256/PictoIcon_Calendar.Png,png
956,PictoIcon_Camera,Components/Icon_PictoIcons,Assets/ThirdParty/Layer Lab/GUI Pro-SuperCasual/ResourcesData/Sprites/Components/Icon_PictoIcons/256/PictoIcon_Camera.Png,png
957,PictoIcon_Camera_Off,Components/Icon_PictoIcons,Assets/ThirdParty/Layer Lab/GUI Pro-SuperCasual/ResourcesData/Sprites/Components/Icon_PictoIcons/256/PictoIcon_Camera_Off.Png,png
958,PictoIcon_Cap,Components/Icon_PictoIcons,Assets/ThirdParty/Layer Lab/GUI Pro-SuperCasual/ResourcesData/Sprites/Components/Icon_PictoIcons/256/PictoIcon_Cap.Png,png
959,PictoIcon_Card_1,Components/Icon_PictoIcons,Assets/ThirdParty/Layer Lab/GUI Pro-SuperCasual/ResourcesData/Sprites/Components/Icon_PictoIcons/256/PictoIcon_Card_1.Png,png
960,PictoIcon_Card_2,Components/Icon_PictoIcons,Assets/ThirdParty/Layer Lab/GUI Pro-SuperCasual/ResourcesData/Sprites/Components/Icon_PictoIcons/256/PictoIcon_Card_2.Png,png
961,PictoIcon_Cart_1,Components/Icon_PictoIcons,Assets/ThirdParty/Layer Lab/GUI Pro-SuperCasual/ResourcesData/Sprites/Components/Icon_PictoIcons/256/PictoIcon_Cart_1.Png,png
962,PictoIcon_Cart_2,Components/Icon_PictoIcons,Assets/ThirdParty/Layer Lab/GUI Pro-SuperCasual/ResourcesData/Sprites/Components/Icon_PictoIcons/256/PictoIcon_Cart_2.Png,png
963,PictoIcon_Castle,Components/Icon_PictoIcons,Assets/ThirdParty/Layer Lab/GUI Pro-SuperCasual/ResourcesData/Sprites/Components/Icon_PictoIcons/256/PictoIcon_Castle.Png,png
964,PictoIcon_Caution,Components/Icon_PictoIcons,Assets/ThirdParty/Layer Lab/GUI Pro-SuperCasual/ResourcesData/Sprites/Components/Icon_PictoIcons/256/PictoIcon_Caution.Png,png
965,PictoIcon_Certification,Components/Icon_PictoIcons,Assets/ThirdParty/Layer Lab/GUI Pro-SuperCasual/ResourcesData/Sprites/Components/Icon_PictoIcons/256/PictoIcon_Certification.Png,png
966,PictoIcon_Change,Components/Icon_PictoIcons,Assets/ThirdParty/Layer Lab/GUI Pro-SuperCasual/ResourcesData/Sprites/Components/Icon_PictoIcons/256/PictoIcon_Change.Png,png
967,PictoIcon_Chat_1,Components/Icon_PictoIcons,Assets/ThirdParty/Layer Lab/GUI Pro-SuperCasual/ResourcesData/Sprites/Components/Icon_PictoIcons/256/PictoIcon_Chat_1.Png,png
968,PictoIcon_Chat_2,Components/Icon_PictoIcons,Assets/ThirdParty/Layer Lab/GUI Pro-SuperCasual/ResourcesData/Sprites/Components/Icon_PictoIcons/256/PictoIcon_Chat_2.Png,png
969,PictoIcon_Check_1,Components/Icon_PictoIcons,Assets/ThirdParty/Layer Lab/GUI Pro-SuperCasual/ResourcesData/Sprites/Components/Icon_PictoIcons/256/PictoIcon_Check_1.Png,png
970,PictoIcon_Check_2,Components/Icon_PictoIcons,Assets/ThirdParty/Layer Lab/GUI Pro-SuperCasual/ResourcesData/Sprites/Components/Icon_PictoIcons/256/PictoIcon_Check_2.Png,png
971,PictoIcon_Chest,Components/Icon_PictoIcons,Assets/ThirdParty/Layer Lab/GUI Pro-SuperCasual/ResourcesData/Sprites/Components/Icon_PictoIcons/256/PictoIcon_Chest.Png,png
972,PictoIcon_Chisel,Components/Icon_PictoIcons,Assets/ThirdParty/Layer Lab/GUI Pro-SuperCasual/ResourcesData/Sprites/Components/Icon_PictoIcons/256/PictoIcon_Chisel.Png,png
973,PictoIcon_Class_A,Components/Icon_PictoIcons,Assets/ThirdParty/Layer Lab/GUI Pro-SuperCasual/ResourcesData/Sprites/Components/Icon_PictoIcons/256/PictoIcon_Class_A.Png,png
974,PictoIcon_Class_B,Components/Icon_PictoIcons,Assets/ThirdParty/Layer Lab/GUI Pro-SuperCasual/ResourcesData/Sprites/Components/Icon_PictoIcons/256/PictoIcon_Class_B.Png,png
975,PictoIcon_Class_C,Components/Icon_PictoIcons,Assets/ThirdParty/Layer Lab/GUI Pro-SuperCasual/ResourcesData/Sprites/Components/Icon_PictoIcons/256/PictoIcon_Class_C.Png,png
976,PictoIcon_Class_D,Components/Icon_PictoIcons,Assets/ThirdParty/Layer Lab/GUI Pro-SuperCasual/ResourcesData/Sprites/Components/Icon_PictoIcons/256/PictoIcon_Class_D.Png,png
977,PictoIcon_Class_S,Components/Icon_PictoIcons,Assets/ThirdParty/Layer Lab/GUI Pro-SuperCasual/ResourcesData/Sprites/Components/Icon_PictoIcons/256/PictoIcon_Class_S.Png,png
978,PictoIcon_Class_Ss,Components/Icon_PictoIcons,Assets/ThirdParty/Layer Lab/GUI Pro-SuperCasual/ResourcesData/Sprites/Components/Icon_PictoIcons/256/PictoIcon_Class_Ss.Png,png
979,PictoIcon_Clock_1,Components/Icon_PictoIcons,Assets/ThirdParty/Layer Lab/GUI Pro-SuperCasual/ResourcesData/Sprites/Components/Icon_PictoIcons/256/PictoIcon_Clock_1.Png,png
980,PictoIcon_Clock_2,Components/Icon_PictoIcons,Assets/ThirdParty/Layer Lab/GUI Pro-SuperCasual/ResourcesData/Sprites/Components/Icon_PictoIcons/256/PictoIcon_Clock_2.Png,png
981,PictoIcon_Closet,Components/Icon_PictoIcons,Assets/ThirdParty/Layer Lab/GUI Pro-SuperCasual/ResourcesData/Sprites/Components/Icon_PictoIcons/256/PictoIcon_Closet.Png,png
982,PictoIcon_Clothes,Components/Icon_PictoIcons,Assets/ThirdParty/Layer Lab/GUI Pro-SuperCasual/ResourcesData/Sprites/Components/Icon_PictoIcons/256/PictoIcon_Clothes.Png,png
983,PictoIcon_Coin,Components/Icon_PictoIcons,Assets/ThirdParty/Layer Lab/GUI Pro-SuperCasual/ResourcesData/Sprites/Components/Icon_PictoIcons/256/PictoIcon_Coin.Png,png
984,PictoIcon_Coin_Star,Components/Icon_PictoIcons,Assets/ThirdParty/Layer Lab/GUI Pro-SuperCasual/ResourcesData/Sprites/Components/Icon_PictoIcons/256/PictoIcon_Coin_Star.Png,png
985,PictoIcon_Compass,Components/Icon_PictoIcons,Assets/ThirdParty/Layer Lab/GUI Pro-SuperCasual/ResourcesData/Sprites/Components/Icon_PictoIcons/256/PictoIcon_Compass.Png,png
986,PictoIcon_Console_1,Components/Icon_PictoIcons,Assets/ThirdParty/Layer Lab/GUI Pro-SuperCasual/ResourcesData/Sprites/Components/Icon_PictoIcons/256/PictoIcon_Console_1.Png,png
987,PictoIcon_Console_2,Components/Icon_PictoIcons,Assets/ThirdParty/Layer Lab/GUI Pro-SuperCasual/ResourcesData/Sprites/Components/Icon_PictoIcons/256/PictoIcon_Console_2.Png,png
988,PictoIcon_Contraction,Components/Icon_PictoIcons,Assets/ThirdParty/Layer Lab/GUI Pro-SuperCasual/ResourcesData/Sprites/Components/Icon_PictoIcons/256/PictoIcon_Contraction.Png,png
989,PictoIcon_Cooking,Components/Icon_PictoIcons,Assets/ThirdParty/Layer Lab/GUI Pro-SuperCasual/ResourcesData/Sprites/Components/Icon_PictoIcons/256/PictoIcon_Cooking.Png,png
990,PictoIcon_Copy,Components/Icon_PictoIcons,Assets/ThirdParty/Layer Lab/GUI Pro-SuperCasual/ResourcesData/Sprites/Components/Icon_PictoIcons/256/PictoIcon_Copy.Png,png
991,PictoIcon_Costume,Components/Icon_PictoIcons,Assets/ThirdParty/Layer Lab/GUI Pro-SuperCasual/ResourcesData/Sprites/Components/Icon_PictoIcons/256/PictoIcon_Costume.Png,png
992,PictoIcon_Critical_1,Components/Icon_PictoIcons,Assets/ThirdParty/Layer Lab/GUI Pro-SuperCasual/ResourcesData/Sprites/Components/Icon_PictoIcons/256/PictoIcon_Critical_1.Png,png
993,PictoIcon_Critical_2,Components/Icon_PictoIcons,Assets/ThirdParty/Layer Lab/GUI Pro-SuperCasual/ResourcesData/Sprites/Components/Icon_PictoIcons/256/PictoIcon_Critical_2.Png,png
994,PictoIcon_Critical_3,Components/Icon_PictoIcons,Assets/ThirdParty/Layer Lab/GUI Pro-SuperCasual/ResourcesData/Sprites/Components/Icon_PictoIcons/256/PictoIcon_Critical_3.Png,png
995,PictoIcon_Crown_1,Components/Icon_PictoIcons,Assets/ThirdParty/Layer Lab/GUI Pro-SuperCasual/ResourcesData/Sprites/Components/Icon_PictoIcons/256/PictoIcon_Crown_1.Png,png
996,PictoIcon_Crown_2,Components/Icon_PictoIcons,Assets/ThirdParty/Layer Lab/GUI Pro-SuperCasual/ResourcesData/Sprites/Components/Icon_PictoIcons/256/PictoIcon_Crown_2.Png,png
997,PictoIcon_Crystal,Components/Icon_PictoIcons,Assets/ThirdParty/Layer Lab/GUI Pro-SuperCasual/ResourcesData/Sprites/Components/Icon_PictoIcons/256/PictoIcon_Crystal.Png,png
998,PictoIcon_Delete,Components/Icon_PictoIcons,Assets/ThirdParty/Layer Lab/GUI Pro-SuperCasual/ResourcesData/Sprites/Components/Icon_PictoIcons/256/PictoIcon_Delete.Png,png
999,PictoIcon_Diamond,Components/Icon_PictoIcons,Assets/ThirdParty/Layer Lab/GUI Pro-SuperCasual/ResourcesData/Sprites/Components/Icon_PictoIcons/256/PictoIcon_Diamond.Png,png
1000,PictoIcon_Dice,Components/Icon_PictoIcons,Assets/ThirdParty/Layer Lab/GUI Pro-SuperCasual/ResourcesData/Sprites/Components/Icon_PictoIcons/256/PictoIcon_Dice.Png,png
1001,PictoIcon_Direction_1,Components/Icon_PictoIcons,Assets/ThirdParty/Layer Lab/GUI Pro-SuperCasual/ResourcesData/Sprites/Components/Icon_PictoIcons/256/PictoIcon_Direction_1.Png,png
1002,PictoIcon_Direction_2,Components/Icon_PictoIcons,Assets/ThirdParty/Layer Lab/GUI Pro-SuperCasual/ResourcesData/Sprites/Components/Icon_PictoIcons/256/PictoIcon_Direction_2.Png,png
1003,PictoIcon_Discount,Components/Icon_PictoIcons,Assets/ThirdParty/Layer Lab/GUI Pro-SuperCasual/ResourcesData/Sprites/Components/Icon_PictoIcons/256/PictoIcon_Discount.Png,png
1004,PictoIcon_Dollar_1,Components/Icon_PictoIcons,Assets/ThirdParty/Layer Lab/GUI Pro-SuperCasual/ResourcesData/Sprites/Components/Icon_PictoIcons/256/PictoIcon_Dollar_1.Png,png
1005,PictoIcon_Dollar_2,Components/Icon_PictoIcons,Assets/ThirdParty/Layer Lab/GUI Pro-SuperCasual/ResourcesData/Sprites/Components/Icon_PictoIcons/256/PictoIcon_Dollar_2.Png,png
1006,PictoIcon_Download,Components/Icon_PictoIcons,Assets/ThirdParty/Layer Lab/GUI Pro-SuperCasual/ResourcesData/Sprites/Components/Icon_PictoIcons/256/PictoIcon_Download.Png,png
1007,PictoIcon_Earth,Components/Icon_PictoIcons,Assets/ThirdParty/Layer Lab/GUI Pro-SuperCasual/ResourcesData/Sprites/Components/Icon_PictoIcons/256/PictoIcon_Earth.Png,png
1008,PictoIcon_Earth_Pin,Components/Icon_PictoIcons,Assets/ThirdParty/Layer Lab/GUI Pro-SuperCasual/ResourcesData/Sprites/Components/Icon_PictoIcons/256/PictoIcon_Earth_Pin.Png,png
1009,PictoIcon_Effect,Components/Icon_PictoIcons,Assets/ThirdParty/Layer Lab/GUI Pro-SuperCasual/ResourcesData/Sprites/Components/Icon_PictoIcons/256/PictoIcon_Effect.Png,png
1010,PictoIcon_Energy_1,Components/Icon_PictoIcons,Assets/ThirdParty/Layer Lab/GUI Pro-SuperCasual/ResourcesData/Sprites/Components/Icon_PictoIcons/256/PictoIcon_Energy_1.Png,png
1011,PictoIcon_Energy_2,Components/Icon_PictoIcons,Assets/ThirdParty/Layer Lab/GUI Pro-SuperCasual/ResourcesData/Sprites/Components/Icon_PictoIcons/256/PictoIcon_Energy_2.Png,png
1012,PictoIcon_Exit,Components/Icon_PictoIcons,Assets/ThirdParty/Layer Lab/GUI Pro-SuperCasual/ResourcesData/Sprites/Components/Icon_PictoIcons/256/PictoIcon_Exit.Png,png
1013,PictoIcon_Exit_1,Components/Icon_PictoIcons,Assets/ThirdParty/Layer Lab/GUI Pro-SuperCasual/ResourcesData/Sprites/Components/Icon_PictoIcons/256/PictoIcon_Exit_1.Png,png
1014,PictoIcon_Exit_2,Components/Icon_PictoIcons,Assets/ThirdParty/Layer Lab/GUI Pro-SuperCasual/ResourcesData/Sprites/Components/Icon_PictoIcons/256/PictoIcon_Exit_2.Png,png
1015,PictoIcon_Exp,Components/Icon_PictoIcons,Assets/ThirdParty/Layer Lab/GUI Pro-SuperCasual/ResourcesData/Sprites/Components/Icon_PictoIcons/256/PictoIcon_Exp.Png,png
1016,PictoIcon_Expansion,Components/Icon_PictoIcons,Assets/ThirdParty/Layer Lab/GUI Pro-SuperCasual/ResourcesData/Sprites/Components/Icon_PictoIcons/256/PictoIcon_Expansion.Png,png
1017,PictoIcon_Face,Components/Icon_PictoIcons,Assets/ThirdParty/Layer Lab/GUI Pro-SuperCasual/ResourcesData/Sprites/Components/Icon_PictoIcons/256/PictoIcon_Face.Png,png
1018,PictoIcon_Faint,Components/Icon_PictoIcons,Assets/ThirdParty/Layer Lab/GUI Pro-SuperCasual/ResourcesData/Sprites/Components/Icon_PictoIcons/256/PictoIcon_Faint.Png,png
1019,PictoIcon_Female,Components/Icon_PictoIcons,Assets/ThirdParty/Layer Lab/GUI Pro-SuperCasual/ResourcesData/Sprites/Components/Icon_PictoIcons/256/PictoIcon_Female.Png,png
1020,PictoIcon_Fire,Components/Icon_PictoIcons,Assets/ThirdParty/Layer Lab/GUI Pro-SuperCasual/ResourcesData/Sprites/Components/Icon_PictoIcons/256/PictoIcon_Fire.Png,png
1021,PictoIcon_Firework,Components/Icon_PictoIcons,Assets/ThirdParty/Layer Lab/GUI Pro-SuperCasual/ResourcesData/Sprites/Components/Icon_PictoIcons/256/PictoIcon_Firework.Png,png
1022,PictoIcon_Fish,Components/Icon_PictoIcons,Assets/ThirdParty/Layer Lab/GUI Pro-SuperCasual/ResourcesData/Sprites/Components/Icon_PictoIcons/256/PictoIcon_Fish.Png,png
1023,PictoIcon_Fishing,Components/Icon_PictoIcons,Assets/ThirdParty/Layer Lab/GUI Pro-SuperCasual/ResourcesData/Sprites/Components/Icon_PictoIcons/256/PictoIcon_Fishing.Png,png
1024,PictoIcon_Flag,Components/Icon_PictoIcons,Assets/ThirdParty/Layer Lab/GUI Pro-SuperCasual/ResourcesData/Sprites/Components/Icon_PictoIcons/256/PictoIcon_Flag.Png,png
1025,PictoIcon_Float,Components/Icon_PictoIcons,Assets/ThirdParty/Layer Lab/GUI Pro-SuperCasual/ResourcesData/Sprites/Components/Icon_PictoIcons/256/PictoIcon_Float.Png,png
1026,PictoIcon_Food,Components/Icon_PictoIcons,Assets/ThirdParty/Layer Lab/GUI Pro-SuperCasual/ResourcesData/Sprites/Components/Icon_PictoIcons/256/PictoIcon_Food.Png,png
1027,PictoIcon_Freezee,Components/Icon_PictoIcons,Assets/ThirdParty/Layer Lab/GUI Pro-SuperCasual/ResourcesData/Sprites/Components/Icon_PictoIcons/256/PictoIcon_Freezee.Png,png
1028,PictoIcon_Friends,Components/Icon_PictoIcons,Assets/ThirdParty/Layer Lab/GUI Pro-SuperCasual/ResourcesData/Sprites/Components/Icon_PictoIcons/256/PictoIcon_Friends.Png,png
1029,PictoIcon_Gallery,Components/Icon_PictoIcons,Assets/ThirdParty/Layer Lab/GUI Pro-SuperCasual/ResourcesData/Sprites/Components/Icon_PictoIcons/256/PictoIcon_Gallery.Png,png
1030,PictoIcon_Game,Components/Icon_PictoIcons,Assets/ThirdParty/Layer Lab/GUI Pro-SuperCasual/ResourcesData/Sprites/Components/Icon_PictoIcons/256/PictoIcon_Game.Png,png
1031,PictoIcon_Gear,Components/Icon_PictoIcons,Assets/ThirdParty/Layer Lab/GUI Pro-SuperCasual/ResourcesData/Sprites/Components/Icon_PictoIcons/256/PictoIcon_Gear.Png,png
1032,PictoIcon_Gift,Components/Icon_PictoIcons,Assets/ThirdParty/Layer Lab/GUI Pro-SuperCasual/ResourcesData/Sprites/Components/Icon_PictoIcons/256/PictoIcon_Gift.Png,png
1033,PictoIcon_Glasses,Components/Icon_PictoIcons,Assets/ThirdParty/Layer Lab/GUI Pro-SuperCasual/ResourcesData/Sprites/Components/Icon_PictoIcons/256/PictoIcon_Glasses.Png,png
1034,PictoIcon_Globe,Components/Icon_PictoIcons,Assets/ThirdParty/Layer Lab/GUI Pro-SuperCasual/ResourcesData/Sprites/Components/Icon_PictoIcons/256/PictoIcon_Globe.Png,png
1035,PictoIcon_Graduation_Cap,Components/Icon_PictoIcons,Assets/ThirdParty/Layer Lab/GUI Pro-SuperCasual/ResourcesData/Sprites/Components/Icon_PictoIcons/256/PictoIcon_Graduation_Cap.Png,png
1036,PictoIcon_Hammer,Components/Icon_PictoIcons,Assets/ThirdParty/Layer Lab/GUI Pro-SuperCasual/ResourcesData/Sprites/Components/Icon_PictoIcons/256/PictoIcon_Hammer.Png,png
1037,PictoIcon_Hammer_Claw,Components/Icon_PictoIcons,Assets/ThirdParty/Layer Lab/GUI Pro-SuperCasual/ResourcesData/Sprites/Components/Icon_PictoIcons/256/PictoIcon_Hammer_Claw.Png,png
1038,PictoIcon_Hand_Touch,Components/Icon_PictoIcons,Assets/ThirdParty/Layer Lab/GUI Pro-SuperCasual/ResourcesData/Sprites/Components/Icon_PictoIcons/256/PictoIcon_Hand_Touch.Png,png
1039,PictoIcon_Hanger,Components/Icon_PictoIcons,Assets/ThirdParty/Layer Lab/GUI Pro-SuperCasual/ResourcesData/Sprites/Components/Icon_PictoIcons/256/PictoIcon_Hanger.Png,png
1040,PictoIcon_Hat,Components/Icon_PictoIcons,Assets/ThirdParty/Layer Lab/GUI Pro-SuperCasual/ResourcesData/Sprites/Components/Icon_PictoIcons/256/PictoIcon_Hat.Png,png
1041,PictoIcon_Headset,Components/Icon_PictoIcons,Assets/ThirdParty/Layer Lab/GUI Pro-SuperCasual/ResourcesData/Sprites/Components/Icon_PictoIcons/256/PictoIcon_Headset.Png,png
1042,PictoIcon_Heart,Components/Icon_PictoIcons,Assets/ThirdParty/Layer Lab/GUI Pro-SuperCasual/ResourcesData/Sprites/Components/Icon_PictoIcons/256/PictoIcon_Heart.Png,png
1043,PictoIcon_Heart_Add,Components/Icon_PictoIcons,Assets/ThirdParty/Layer Lab/GUI Pro-SuperCasual/ResourcesData/Sprites/Components/Icon_PictoIcons/256/PictoIcon_Heart_Add.Png,png
1044,PictoIcon_Heart_Empty,Components/Icon_PictoIcons,Assets/ThirdParty/Layer Lab/GUI Pro-SuperCasual/ResourcesData/Sprites/Components/Icon_PictoIcons/256/PictoIcon_Heart_Empty.Png,png
1045,PictoIcon_Helmet_1,Components/Icon_PictoIcons,Assets/ThirdParty/Layer Lab/GUI Pro-SuperCasual/ResourcesData/Sprites/Components/Icon_PictoIcons/256/PictoIcon_Helmet_1.Png,png
1046,PictoIcon_Helmet_2,Components/Icon_PictoIcons,Assets/ThirdParty/Layer Lab/GUI Pro-SuperCasual/ResourcesData/Sprites/Components/Icon_PictoIcons/256/PictoIcon_Helmet_2.Png,png
1047,PictoIcon_Help_1,Components/Icon_PictoIcons,Assets/ThirdParty/Layer Lab/GUI Pro-SuperCasual/ResourcesData/Sprites/Components/Icon_PictoIcons/256/PictoIcon_Help_1.Png,png
1048,PictoIcon_Help_2,Components/Icon_PictoIcons,Assets/ThirdParty/Layer Lab/GUI Pro-SuperCasual/ResourcesData/Sprites/Components/Icon_PictoIcons/256/PictoIcon_Help_2.Png,png
1049,PictoIcon_History,Components/Icon_PictoIcons,Assets/ThirdParty/Layer Lab/GUI Pro-SuperCasual/ResourcesData/Sprites/Components/Icon_PictoIcons/256/PictoIcon_History.Png,png
1050,PictoIcon_Home_1,Components/Icon_PictoIcons,Assets/ThirdParty/Layer Lab/GUI Pro-SuperCasual/ResourcesData/Sprites/Components/Icon_PictoIcons/256/PictoIcon_Home_1.Png,png
1051,PictoIcon_Home_2,Components/Icon_PictoIcons,Assets/ThirdParty/Layer Lab/GUI Pro-SuperCasual/ResourcesData/Sprites/Components/Icon_PictoIcons/256/PictoIcon_Home_2.Png,png
1052,PictoIcon_Hp,Components/Icon_PictoIcons,Assets/ThirdParty/Layer Lab/GUI Pro-SuperCasual/ResourcesData/Sprites/Components/Icon_PictoIcons/256/PictoIcon_Hp.Png,png
1053,PictoIcon_Icecream,Components/Icon_PictoIcons,Assets/ThirdParty/Layer Lab/GUI Pro-SuperCasual/ResourcesData/Sprites/Components/Icon_PictoIcons/256/PictoIcon_Icecream.Png,png
1054,PictoIcon_Illuminati,Components/Icon_PictoIcons,Assets/ThirdParty/Layer Lab/GUI Pro-SuperCasual/ResourcesData/Sprites/Components/Icon_PictoIcons/256/PictoIcon_Illuminati.Png,png
1055,PictoIcon_Infinity,Components/Icon_PictoIcons,Assets/ThirdParty/Layer Lab/GUI Pro-SuperCasual/ResourcesData/Sprites/Components/Icon_PictoIcons/256/PictoIcon_Infinity.Png,png
1056,PictoIcon_Info_1,Components/Icon_PictoIcons,Assets/ThirdParty/Layer Lab/GUI Pro-SuperCasual/ResourcesData/Sprites/Components/Icon_PictoIcons/256/PictoIcon_Info_1.Png,png
1057,PictoIcon_Info_2,Components/Icon_PictoIcons,Assets/ThirdParty/Layer Lab/GUI Pro-SuperCasual/ResourcesData/Sprites/Components/Icon_PictoIcons/256/PictoIcon_Info_2.Png,png
1058,PictoIcon_Info_3,Components/Icon_PictoIcons,Assets/ThirdParty/Layer Lab/GUI Pro-SuperCasual/ResourcesData/Sprites/Components/Icon_PictoIcons/256/PictoIcon_Info_3.Png,png
1059,PictoIcon_Info_4,Components/Icon_PictoIcons,Assets/ThirdParty/Layer Lab/GUI Pro-SuperCasual/ResourcesData/Sprites/Components/Icon_PictoIcons/256/PictoIcon_Info_4.Png,png
1060,PictoIcon_Key,Components/Icon_PictoIcons,Assets/ThirdParty/Layer Lab/GUI Pro-SuperCasual/ResourcesData/Sprites/Components/Icon_PictoIcons/256/PictoIcon_Key.Png,png
1061,PictoIcon_Kitchen_Knife,Components/Icon_PictoIcons,Assets/ThirdParty/Layer Lab/GUI Pro-SuperCasual/ResourcesData/Sprites/Components/Icon_PictoIcons/256/PictoIcon_Kitchen_Knife.Png,png
1062,PictoIcon_Layer_1,Components/Icon_PictoIcons,Assets/ThirdParty/Layer Lab/GUI Pro-SuperCasual/ResourcesData/Sprites/Components/Icon_PictoIcons/256/PictoIcon_Layer_1.Png,png
1063,PictoIcon_Layer_2,Components/Icon_PictoIcons,Assets/ThirdParty/Layer Lab/GUI Pro-SuperCasual/ResourcesData/Sprites/Components/Icon_PictoIcons/256/PictoIcon_Layer_2.Png,png
1064,PictoIcon_Leaf,Components/Icon_PictoIcons,Assets/ThirdParty/Layer Lab/GUI Pro-SuperCasual/ResourcesData/Sprites/Components/Icon_PictoIcons/256/PictoIcon_Leaf.Png,png
1065,PictoIcon_Link,Components/Icon_PictoIcons,Assets/ThirdParty/Layer Lab/GUI Pro-SuperCasual/ResourcesData/Sprites/Components/Icon_PictoIcons/256/PictoIcon_Link.Png,png
1066,PictoIcon_Lock_1,Components/Icon_PictoIcons,Assets/ThirdParty/Layer Lab/GUI Pro-SuperCasual/ResourcesData/Sprites/Components/Icon_PictoIcons/256/PictoIcon_Lock_1.Png,png
1067,PictoIcon_Lock_2,Components/Icon_PictoIcons,Assets/ThirdParty/Layer Lab/GUI Pro-SuperCasual/ResourcesData/Sprites/Components/Icon_PictoIcons/256/PictoIcon_Lock_2.Png,png
1068,PictoIcon_Lock_Open,Components/Icon_PictoIcons,Assets/ThirdParty/Layer Lab/GUI Pro-SuperCasual/ResourcesData/Sprites/Components/Icon_PictoIcons/256/PictoIcon_Lock_Open.Png,png
1069,PictoIcon_Magic,Components/Icon_PictoIcons,Assets/ThirdParty/Layer Lab/GUI Pro-SuperCasual/ResourcesData/Sprites/Components/Icon_PictoIcons/256/PictoIcon_Magic.Png,png
1070,PictoIcon_Magic_Ball,Components/Icon_PictoIcons,Assets/ThirdParty/Layer Lab/GUI Pro-SuperCasual/ResourcesData/Sprites/Components/Icon_PictoIcons/256/PictoIcon_Magic_Ball.Png,png
1071,PictoIcon_Mail_1,Components/Icon_PictoIcons,Assets/ThirdParty/Layer Lab/GUI Pro-SuperCasual/ResourcesData/Sprites/Components/Icon_PictoIcons/256/PictoIcon_Mail_1.Png,png
1072,PictoIcon_Mail_2,Components/Icon_PictoIcons,Assets/ThirdParty/Layer Lab/GUI Pro-SuperCasual/ResourcesData/Sprites/Components/Icon_PictoIcons/256/PictoIcon_Mail_2.Png,png
1073,PictoIcon_Male,Components/Icon_PictoIcons,Assets/ThirdParty/Layer Lab/GUI Pro-SuperCasual/ResourcesData/Sprites/Components/Icon_PictoIcons/256/PictoIcon_Male.Png,png
1074,PictoIcon_Map_1,Components/Icon_PictoIcons,Assets/ThirdParty/Layer Lab/GUI Pro-SuperCasual/ResourcesData/Sprites/Components/Icon_PictoIcons/256/PictoIcon_Map_1.Png,png
1075,PictoIcon_Map_2,Components/Icon_PictoIcons,Assets/ThirdParty/Layer Lab/GUI Pro-SuperCasual/ResourcesData/Sprites/Components/Icon_PictoIcons/256/PictoIcon_Map_2.Png,png
1076,PictoIcon_Map_Pin,Components/Icon_PictoIcons,Assets/ThirdParty/Layer Lab/GUI Pro-SuperCasual/ResourcesData/Sprites/Components/Icon_PictoIcons/256/PictoIcon_Map_Pin.Png,png
1077,PictoIcon_Meal,Components/Icon_PictoIcons,Assets/ThirdParty/Layer Lab/GUI Pro-SuperCasual/ResourcesData/Sprites/Components/Icon_PictoIcons/256/PictoIcon_Meal.Png,png
1078,PictoIcon_Medal_1,Components/Icon_PictoIcons,Assets/ThirdParty/Layer Lab/GUI Pro-SuperCasual/ResourcesData/Sprites/Components/Icon_PictoIcons/256/PictoIcon_Medal_1.Png,png
1079,PictoIcon_Medal_2,Components/Icon_PictoIcons,Assets/ThirdParty/Layer Lab/GUI Pro-SuperCasual/ResourcesData/Sprites/Components/Icon_PictoIcons/256/PictoIcon_Medal_2.Png,png
1080,PictoIcon_Megaphone,Components/Icon_PictoIcons,Assets/ThirdParty/Layer Lab/GUI Pro-SuperCasual/ResourcesData/Sprites/Components/Icon_PictoIcons/256/PictoIcon_Megaphone.Png,png
1081,PictoIcon_Menu_1,Components/Icon_PictoIcons,Assets/ThirdParty/Layer Lab/GUI Pro-SuperCasual/ResourcesData/Sprites/Components/Icon_PictoIcons/256/PictoIcon_Menu_1.Png,png
1082,PictoIcon_Menu_2,Components/Icon_PictoIcons,Assets/ThirdParty/Layer Lab/GUI Pro-SuperCasual/ResourcesData/Sprites/Components/Icon_PictoIcons/256/PictoIcon_Menu_2.Png,png
1083,PictoIcon_Menu_3,Components/Icon_PictoIcons,Assets/ThirdParty/Layer Lab/GUI Pro-SuperCasual/ResourcesData/Sprites/Components/Icon_PictoIcons/256/PictoIcon_Menu_3.Png,png
1084,PictoIcon_Menu_4,Components/Icon_PictoIcons,Assets/ThirdParty/Layer Lab/GUI Pro-SuperCasual/ResourcesData/Sprites/Components/Icon_PictoIcons/256/PictoIcon_Menu_4.Png,png
1085,PictoIcon_Menu_5,Components/Icon_PictoIcons,Assets/ThirdParty/Layer Lab/GUI Pro-SuperCasual/ResourcesData/Sprites/Components/Icon_PictoIcons/256/PictoIcon_Menu_5.Png,png
1086,PictoIcon_Menu_6,Components/Icon_PictoIcons,Assets/ThirdParty/Layer Lab/GUI Pro-SuperCasual/ResourcesData/Sprites/Components/Icon_PictoIcons/256/PictoIcon_Menu_6.Png,png
1087,PictoIcon_Merge,Components/Icon_PictoIcons,Assets/ThirdParty/Layer Lab/GUI Pro-SuperCasual/ResourcesData/Sprites/Components/Icon_PictoIcons/256/PictoIcon_Merge.Png,png
1088,PictoIcon_Message_Bottle,Components/Icon_PictoIcons,Assets/ThirdParty/Layer Lab/GUI Pro-SuperCasual/ResourcesData/Sprites/Components/Icon_PictoIcons/256/PictoIcon_Message_Bottle.Png,png
1089,PictoIcon_Minus_1,Components/Icon_PictoIcons,Assets/ThirdParty/Layer Lab/GUI Pro-SuperCasual/ResourcesData/Sprites/Components/Icon_PictoIcons/256/PictoIcon_Minus_1.Png,png
1090,PictoIcon_Minus_2,Components/Icon_PictoIcons,Assets/ThirdParty/Layer Lab/GUI Pro-SuperCasual/ResourcesData/Sprites/Components/Icon_PictoIcons/256/PictoIcon_Minus_2.Png,png
1091,PictoIcon_Mission,Components/Icon_PictoIcons,Assets/ThirdParty/Layer Lab/GUI Pro-SuperCasual/ResourcesData/Sprites/Components/Icon_PictoIcons/256/PictoIcon_Mission.Png,png
1092,PictoIcon_Money_1,Components/Icon_PictoIcons,Assets/ThirdParty/Layer Lab/GUI Pro-SuperCasual/ResourcesData/Sprites/Components/Icon_PictoIcons/256/PictoIcon_Money_1.Png,png
1093,PictoIcon_Money_2,Components/Icon_PictoIcons,Assets/ThirdParty/Layer Lab/GUI Pro-SuperCasual/ResourcesData/Sprites/Components/Icon_PictoIcons/256/PictoIcon_Money_2.Png,png
1094,PictoIcon_Money_Pouch,Components/Icon_PictoIcons,Assets/ThirdParty/Layer Lab/GUI Pro-SuperCasual/ResourcesData/Sprites/Components/Icon_PictoIcons/256/PictoIcon_Money_Pouch.Png,png
1095,PictoIcon_Movie,Components/Icon_PictoIcons,Assets/ThirdParty/Layer Lab/GUI Pro-SuperCasual/ResourcesData/Sprites/Components/Icon_PictoIcons/256/PictoIcon_Movie.Png,png
1096,PictoIcon_Mushroom,Components/Icon_PictoIcons,Assets/ThirdParty/Layer Lab/GUI Pro-SuperCasual/ResourcesData/Sprites/Components/Icon_PictoIcons/256/PictoIcon_Mushroom.Png,png
1097,PictoIcon_Music_1,Components/Icon_PictoIcons,Assets/ThirdParty/Layer Lab/GUI Pro-SuperCasual/ResourcesData/Sprites/Components/Icon_PictoIcons/256/PictoIcon_Music_1.Png,png
1098,PictoIcon_Music_1_Off,Components/Icon_PictoIcons,Assets/ThirdParty/Layer Lab/GUI Pro-SuperCasual/ResourcesData/Sprites/Components/Icon_PictoIcons/256/PictoIcon_Music_1_Off.Png,png
1099,PictoIcon_Music_2,Components/Icon_PictoIcons,Assets/ThirdParty/Layer Lab/GUI Pro-SuperCasual/ResourcesData/Sprites/Components/Icon_PictoIcons/256/PictoIcon_Music_2.Png,png
1100,PictoIcon_Music_2_Off,Components/Icon_PictoIcons,Assets/ThirdParty/Layer Lab/GUI Pro-SuperCasual/ResourcesData/Sprites/Components/Icon_PictoIcons/256/PictoIcon_Music_2_Off.Png,png
1101,PictoIcon_Necklace,Components/Icon_PictoIcons,Assets/ThirdParty/Layer Lab/GUI Pro-SuperCasual/ResourcesData/Sprites/Components/Icon_PictoIcons/256/PictoIcon_Necklace.Png,png
1102,PictoIcon_Night,Components/Icon_PictoIcons,Assets/ThirdParty/Layer Lab/GUI Pro-SuperCasual/ResourcesData/Sprites/Components/Icon_PictoIcons/256/PictoIcon_Night.Png,png
1103,PictoIcon_Note,Components/Icon_PictoIcons,Assets/ThirdParty/Layer Lab/GUI Pro-SuperCasual/ResourcesData/Sprites/Components/Icon_PictoIcons/256/PictoIcon_Note.Png,png
1104,PictoIcon_Object,Components/Icon_PictoIcons,Assets/ThirdParty/Layer Lab/GUI Pro-SuperCasual/ResourcesData/Sprites/Components/Icon_PictoIcons/256/PictoIcon_Object.Png,png
1105,PictoIcon_Page_Next,Components/Icon_PictoIcons,Assets/ThirdParty/Layer Lab/GUI Pro-SuperCasual/ResourcesData/Sprites/Components/Icon_PictoIcons/256/PictoIcon_Page_Next.Png,png
1106,PictoIcon_Page_Prev,Components/Icon_PictoIcons,Assets/ThirdParty/Layer Lab/GUI Pro-SuperCasual/ResourcesData/Sprites/Components/Icon_PictoIcons/256/PictoIcon_Page_Prev.Png,png
1107,PictoIcon_Paper_1,Components/Icon_PictoIcons,Assets/ThirdParty/Layer Lab/GUI Pro-SuperCasual/ResourcesData/Sprites/Components/Icon_PictoIcons/256/PictoIcon_Paper_1.Png,png
1108,PictoIcon_Paper_2,Components/Icon_PictoIcons,Assets/ThirdParty/Layer Lab/GUI Pro-SuperCasual/ResourcesData/Sprites/Components/Icon_PictoIcons/256/PictoIcon_Paper_2.Png,png
1109,PictoIcon_Path,Components/Icon_PictoIcons,Assets/ThirdParty/Layer Lab/GUI Pro-SuperCasual/ResourcesData/Sprites/Components/Icon_PictoIcons/256/PictoIcon_Path.Png,png
1110,PictoIcon_Pause_1,Components/Icon_PictoIcons,Assets/ThirdParty/Layer Lab/GUI Pro-SuperCasual/ResourcesData/Sprites/Components/Icon_PictoIcons/256/PictoIcon_Pause_1.Png,png
1111,PictoIcon_Pause_2,Components/Icon_PictoIcons,Assets/ThirdParty/Layer Lab/GUI Pro-SuperCasual/ResourcesData/Sprites/Components/Icon_PictoIcons/256/PictoIcon_Pause_2.Png,png
1112,PictoIcon_Paw,Components/Icon_PictoIcons,Assets/ThirdParty/Layer Lab/GUI Pro-SuperCasual/ResourcesData/Sprites/Components/Icon_PictoIcons/256/PictoIcon_Paw.Png,png
1113,PictoIcon_Pen,Components/Icon_PictoIcons,Assets/ThirdParty/Layer Lab/GUI Pro-SuperCasual/ResourcesData/Sprites/Components/Icon_PictoIcons/256/PictoIcon_Pen.Png,png
1114,PictoIcon_Pen_Feather,Components/Icon_PictoIcons,Assets/ThirdParty/Layer Lab/GUI Pro-SuperCasual/ResourcesData/Sprites/Components/Icon_PictoIcons/256/PictoIcon_Pen_Feather.Png,png
1115,PictoIcon_Pencil,Components/Icon_PictoIcons,Assets/ThirdParty/Layer Lab/GUI Pro-SuperCasual/ResourcesData/Sprites/Components/Icon_PictoIcons/256/PictoIcon_Pencil.Png,png
1116,PictoIcon_Phone,Components/Icon_PictoIcons,Assets/ThirdParty/Layer Lab/GUI Pro-SuperCasual/ResourcesData/Sprites/Components/Icon_PictoIcons/256/PictoIcon_Phone.Png,png
1117,PictoIcon_Photo_1,Components/Icon_PictoIcons,Assets/ThirdParty/Layer Lab/GUI Pro-SuperCasual/ResourcesData/Sprites/Components/Icon_PictoIcons/256/PictoIcon_Photo_1.Png,png
1118,PictoIcon_Photo_2,Components/Icon_PictoIcons,Assets/ThirdParty/Layer Lab/GUI Pro-SuperCasual/ResourcesData/Sprites/Components/Icon_PictoIcons/256/PictoIcon_Photo_2.Png,png
1119,PictoIcon_Pick,Components/Icon_PictoIcons,Assets/ThirdParty/Layer Lab/GUI Pro-SuperCasual/ResourcesData/Sprites/Components/Icon_PictoIcons/256/PictoIcon_Pick.Png,png
1120,PictoIcon_Pickax,Components/Icon_PictoIcons,Assets/ThirdParty/Layer Lab/GUI Pro-SuperCasual/ResourcesData/Sprites/Components/Icon_PictoIcons/256/PictoIcon_Pickax.Png,png
1121,PictoIcon_Plants,Components/Icon_PictoIcons,Assets/ThirdParty/Layer Lab/GUI Pro-SuperCasual/ResourcesData/Sprites/Components/Icon_PictoIcons/256/PictoIcon_Plants.Png,png
1122,PictoIcon_Play_1,Components/Icon_PictoIcons,Assets/ThirdParty/Layer Lab/GUI Pro-SuperCasual/ResourcesData/Sprites/Components/Icon_PictoIcons/256/PictoIcon_Play_1.Png,png
1123,PictoIcon_Play_2,Components/Icon_PictoIcons,Assets/ThirdParty/Layer Lab/GUI Pro-SuperCasual/ResourcesData/Sprites/Components/Icon_PictoIcons/256/PictoIcon_Play_2.Png,png
1124,PictoIcon_Plus_1,Components/Icon_PictoIcons,Assets/ThirdParty/Layer Lab/GUI Pro-SuperCasual/ResourcesData/Sprites/Components/Icon_PictoIcons/256/PictoIcon_Plus_1.Png,png
1125,PictoIcon_Plus_2,Components/Icon_PictoIcons,Assets/ThirdParty/Layer Lab/GUI Pro-SuperCasual/ResourcesData/Sprites/Components/Icon_PictoIcons/256/PictoIcon_Plus_2.Png,png
1126,PictoIcon_Potion_1,Components/Icon_PictoIcons,Assets/ThirdParty/Layer Lab/GUI Pro-SuperCasual/ResourcesData/Sprites/Components/Icon_PictoIcons/256/PictoIcon_Potion_1.Png,png
1127,PictoIcon_Potion_2,Components/Icon_PictoIcons,Assets/ThirdParty/Layer Lab/GUI Pro-SuperCasual/ResourcesData/Sprites/Components/Icon_PictoIcons/256/PictoIcon_Potion_2.Png,png
1128,PictoIcon_Potion_3,Components/Icon_PictoIcons,Assets/ThirdParty/Layer Lab/GUI Pro-SuperCasual/ResourcesData/Sprites/Components/Icon_PictoIcons/256/PictoIcon_Potion_3.Png,png
1129,PictoIcon_Pouch,Components/Icon_PictoIcons,Assets/ThirdParty/Layer Lab/GUI Pro-SuperCasual/ResourcesData/Sprites/Components/Icon_PictoIcons/256/PictoIcon_Pouch.Png,png
1130,PictoIcon_Power_1,Components/Icon_PictoIcons,Assets/ThirdParty/Layer Lab/GUI Pro-SuperCasual/ResourcesData/Sprites/Components/Icon_PictoIcons/256/PictoIcon_Power_1.Png,png
1131,PictoIcon_Power_2,Components/Icon_PictoIcons,Assets/ThirdParty/Layer Lab/GUI Pro-SuperCasual/ResourcesData/Sprites/Components/Icon_PictoIcons/256/PictoIcon_Power_2.Png,png
1132,PictoIcon_Power_Off,Components/Icon_PictoIcons,Assets/ThirdParty/Layer Lab/GUI Pro-SuperCasual/ResourcesData/Sprites/Components/Icon_PictoIcons/256/PictoIcon_Power_Off.Png,png
1133,PictoIcon_Rampart,Components/Icon_PictoIcons,Assets/ThirdParty/Layer Lab/GUI Pro-SuperCasual/ResourcesData/Sprites/Components/Icon_PictoIcons/256/PictoIcon_Rampart.Png,png
1134,PictoIcon_Rank_1,Components/Icon_PictoIcons,Assets/ThirdParty/Layer Lab/GUI Pro-SuperCasual/ResourcesData/Sprites/Components/Icon_PictoIcons/256/PictoIcon_Rank_1.Png,png
1135,PictoIcon_Rank_2,Components/Icon_PictoIcons,Assets/ThirdParty/Layer Lab/GUI Pro-SuperCasual/ResourcesData/Sprites/Components/Icon_PictoIcons/256/PictoIcon_Rank_2.Png,png
1136,PictoIcon_Recommendation,Components/Icon_PictoIcons,Assets/ThirdParty/Layer Lab/GUI Pro-SuperCasual/ResourcesData/Sprites/Components/Icon_PictoIcons/256/PictoIcon_Recommendation.Png,png
1137,PictoIcon_Recycle,Components/Icon_PictoIcons,Assets/ThirdParty/Layer Lab/GUI Pro-SuperCasual/ResourcesData/Sprites/Components/Icon_PictoIcons/256/PictoIcon_Recycle.Png,png
1138,PictoIcon_Refresh_1,Components/Icon_PictoIcons,Assets/ThirdParty/Layer Lab/GUI Pro-SuperCasual/ResourcesData/Sprites/Components/Icon_PictoIcons/256/PictoIcon_Refresh_1.Png,png
1139,PictoIcon_Refresh_2,Components/Icon_PictoIcons,Assets/ThirdParty/Layer Lab/GUI Pro-SuperCasual/ResourcesData/Sprites/Components/Icon_PictoIcons/256/PictoIcon_Refresh_2.Png,png
1140,PictoIcon_Refresh_3,Components/Icon_PictoIcons,Assets/ThirdParty/Layer Lab/GUI Pro-SuperCasual/ResourcesData/Sprites/Components/Icon_PictoIcons/256/PictoIcon_Refresh_3.Png,png
1141,PictoIcon_Refresh_4,Components/Icon_PictoIcons,Assets/ThirdParty/Layer Lab/GUI Pro-SuperCasual/ResourcesData/Sprites/Components/Icon_PictoIcons/256/PictoIcon_Refresh_4.Png,png
1142,PictoIcon_Ring,Components/Icon_PictoIcons,Assets/ThirdParty/Layer Lab/GUI Pro-SuperCasual/ResourcesData/Sprites/Components/Icon_PictoIcons/256/PictoIcon_Ring.Png,png
1143,PictoIcon_Roulette,Components/Icon_PictoIcons,Assets/ThirdParty/Layer Lab/GUI Pro-SuperCasual/ResourcesData/Sprites/Components/Icon_PictoIcons/256/PictoIcon_Roulette.Png,png
1144,PictoIcon_Safebox,Components/Icon_PictoIcons,Assets/ThirdParty/Layer Lab/GUI Pro-SuperCasual/ResourcesData/Sprites/Components/Icon_PictoIcons/256/PictoIcon_Safebox.Png,png
1145,PictoIcon_Sandglass,Components/Icon_PictoIcons,Assets/ThirdParty/Layer Lab/GUI Pro-SuperCasual/ResourcesData/Sprites/Components/Icon_PictoIcons/256/PictoIcon_Sandglass.Png,png
1146,PictoIcon_Saw,Components/Icon_PictoIcons,Assets/ThirdParty/Layer Lab/GUI Pro-SuperCasual/ResourcesData/Sprites/Components/Icon_PictoIcons/256/PictoIcon_Saw.Png,png
1147,PictoIcon_Scale,Components/Icon_PictoIcons,Assets/ThirdParty/Layer Lab/GUI Pro-SuperCasual/ResourcesData/Sprites/Components/Icon_PictoIcons/256/PictoIcon_Scale.Png,png
1148,PictoIcon_Scroll_Old,Components/Icon_PictoIcons,Assets/ThirdParty/Layer Lab/GUI Pro-SuperCasual/ResourcesData/Sprites/Components/Icon_PictoIcons/256/PictoIcon_Scroll_Old.Png,png
1149,PictoIcon_Search,Components/Icon_PictoIcons,Assets/ThirdParty/Layer Lab/GUI Pro-SuperCasual/ResourcesData/Sprites/Components/Icon_PictoIcons/256/PictoIcon_Search.Png,png
1150,PictoIcon_Security,Components/Icon_PictoIcons,Assets/ThirdParty/Layer Lab/GUI Pro-SuperCasual/ResourcesData/Sprites/Components/Icon_PictoIcons/256/PictoIcon_Security.Png,png
1151,PictoIcon_Setting,Components/Icon_PictoIcons,Assets/ThirdParty/Layer Lab/GUI Pro-SuperCasual/ResourcesData/Sprites/Components/Icon_PictoIcons/256/PictoIcon_Setting.Png,png
1152,PictoIcon_Share,Components/Icon_PictoIcons,Assets/ThirdParty/Layer Lab/GUI Pro-SuperCasual/ResourcesData/Sprites/Components/Icon_PictoIcons/256/PictoIcon_Share.Png,png
1153,PictoIcon_Sheos,Components/Icon_PictoIcons,Assets/ThirdParty/Layer Lab/GUI Pro-SuperCasual/ResourcesData/Sprites/Components/Icon_PictoIcons/256/PictoIcon_Sheos.Png,png
1154,PictoIcon_Sheos_Wing,Components/Icon_PictoIcons,Assets/ThirdParty/Layer Lab/GUI Pro-SuperCasual/ResourcesData/Sprites/Components/Icon_PictoIcons/256/PictoIcon_Sheos_Wing.Png,png
1155,PictoIcon_Sheriff,Components/Icon_PictoIcons,Assets/ThirdParty/Layer Lab/GUI Pro-SuperCasual/ResourcesData/Sprites/Components/Icon_PictoIcons/256/PictoIcon_Sheriff.Png,png
1156,PictoIcon_Shield_1,Components/Icon_PictoIcons,Assets/ThirdParty/Layer Lab/GUI Pro-SuperCasual/ResourcesData/Sprites/Components/Icon_PictoIcons/256/PictoIcon_Shield_1.Png,png
1157,PictoIcon_Shield_2,Components/Icon_PictoIcons,Assets/ThirdParty/Layer Lab/GUI Pro-SuperCasual/ResourcesData/Sprites/Components/Icon_PictoIcons/256/PictoIcon_Shield_2.Png,png
1158,PictoIcon_Shield_Viking,Components/Icon_PictoIcons,Assets/ThirdParty/Layer Lab/GUI Pro-SuperCasual/ResourcesData/Sprites/Components/Icon_PictoIcons/256/PictoIcon_Shield_Viking.Png,png
1159,PictoIcon_Ship,Components/Icon_PictoIcons,Assets/ThirdParty/Layer Lab/GUI Pro-SuperCasual/ResourcesData/Sprites/Components/Icon_PictoIcons/256/PictoIcon_Ship.Png,png
1160,PictoIcon_Shop_1,Components/Icon_PictoIcons,Assets/ThirdParty/Layer Lab/GUI Pro-SuperCasual/ResourcesData/Sprites/Components/Icon_PictoIcons/256/PictoIcon_Shop_1.Png,png
1161,PictoIcon_Shop_2,Components/Icon_PictoIcons,Assets/ThirdParty/Layer Lab/GUI Pro-SuperCasual/ResourcesData/Sprites/Components/Icon_PictoIcons/256/PictoIcon_Shop_2.Png,png
1162,PictoIcon_Shop_3,Components/Icon_PictoIcons,Assets/ThirdParty/Layer Lab/GUI Pro-SuperCasual/ResourcesData/Sprites/Components/Icon_PictoIcons/256/PictoIcon_Shop_3.Png,png
1163,PictoIcon_Shovel,Components/Icon_PictoIcons,Assets/ThirdParty/Layer Lab/GUI Pro-SuperCasual/ResourcesData/Sprites/Components/Icon_PictoIcons/256/PictoIcon_Shovel.Png,png
1164,PictoIcon_Sickle,Components/Icon_PictoIcons,Assets/ThirdParty/Layer Lab/GUI Pro-SuperCasual/ResourcesData/Sprites/Components/Icon_PictoIcons/256/PictoIcon_Sickle.Png,png
1165,PictoIcon_Sign,Components/Icon_PictoIcons,Assets/ThirdParty/Layer Lab/GUI Pro-SuperCasual/ResourcesData/Sprites/Components/Icon_PictoIcons/256/PictoIcon_Sign.Png,png
1166,PictoIcon_Skull,Components/Icon_PictoIcons,Assets/ThirdParty/Layer Lab/GUI Pro-SuperCasual/ResourcesData/Sprites/Components/Icon_PictoIcons/256/PictoIcon_Skull.Png,png
1167,PictoIcon_Sound,Components/Icon_PictoIcons,Assets/ThirdParty/Layer Lab/GUI Pro-SuperCasual/ResourcesData/Sprites/Components/Icon_PictoIcons/256/PictoIcon_Sound.Png,png
1168,PictoIcon_Sound_Off,Components/Icon_PictoIcons,Assets/ThirdParty/Layer Lab/GUI Pro-SuperCasual/ResourcesData/Sprites/Components/Icon_PictoIcons/256/PictoIcon_Sound_Off.Png,png
1169,PictoIcon_Star_1,Components/Icon_PictoIcons,Assets/ThirdParty/Layer Lab/GUI Pro-SuperCasual/ResourcesData/Sprites/Components/Icon_PictoIcons/256/PictoIcon_Star_1.Png,png
1170,PictoIcon_Star_2,Components/Icon_PictoIcons,Assets/ThirdParty/Layer Lab/GUI Pro-SuperCasual/ResourcesData/Sprites/Components/Icon_PictoIcons/256/PictoIcon_Star_2.Png,png
1171,PictoIcon_Star_3,Components/Icon_PictoIcons,Assets/ThirdParty/Layer Lab/GUI Pro-SuperCasual/ResourcesData/Sprites/Components/Icon_PictoIcons/256/PictoIcon_Star_3.Png,png
1172,PictoIcon_Star_Empty,Components/Icon_PictoIcons,Assets/ThirdParty/Layer Lab/GUI Pro-SuperCasual/ResourcesData/Sprites/Components/Icon_PictoIcons/256/PictoIcon_Star_Empty.Png,png
1173,PictoIcon_Step,Components/Icon_PictoIcons,Assets/ThirdParty/Layer Lab/GUI Pro-SuperCasual/ResourcesData/Sprites/Components/Icon_PictoIcons/256/PictoIcon_Step.Png,png
1174,PictoIcon_Stopwatch_1,Components/Icon_PictoIcons,Assets/ThirdParty/Layer Lab/GUI Pro-SuperCasual/ResourcesData/Sprites/Components/Icon_PictoIcons/256/PictoIcon_Stopwatch_1.Png,png
1175,PictoIcon_Stopwatch_2,Components/Icon_PictoIcons,Assets/ThirdParty/Layer Lab/GUI Pro-SuperCasual/ResourcesData/Sprites/Components/Icon_PictoIcons/256/PictoIcon_Stopwatch_2.Png,png
1176,PictoIcon_Storage,Components/Icon_PictoIcons,Assets/ThirdParty/Layer Lab/GUI Pro-SuperCasual/ResourcesData/Sprites/Components/Icon_PictoIcons/256/PictoIcon_Storage.Png,png
1177,PictoIcon_Sun,Components/Icon_PictoIcons,Assets/ThirdParty/Layer Lab/GUI Pro-SuperCasual/ResourcesData/Sprites/Components/Icon_PictoIcons/256/PictoIcon_Sun.Png,png
1178,PictoIcon_Switch,Components/Icon_PictoIcons,Assets/ThirdParty/Layer Lab/GUI Pro-SuperCasual/ResourcesData/Sprites/Components/Icon_PictoIcons/256/PictoIcon_Switch.Png,png
1179,PictoIcon_Sword_1,Components/Icon_PictoIcons,Assets/ThirdParty/Layer Lab/GUI Pro-SuperCasual/ResourcesData/Sprites/Components/Icon_PictoIcons/256/PictoIcon_Sword_1.Png,png
1180,PictoIcon_Sword_2,Components/Icon_PictoIcons,Assets/ThirdParty/Layer Lab/GUI Pro-SuperCasual/ResourcesData/Sprites/Components/Icon_PictoIcons/256/PictoIcon_Sword_2.Png,png
1181,PictoIcon_Tag,Components/Icon_PictoIcons,Assets/ThirdParty/Layer Lab/GUI Pro-SuperCasual/ResourcesData/Sprites/Components/Icon_PictoIcons/256/PictoIcon_Tag.Png,png
1182,PictoIcon_Target,Components/Icon_PictoIcons,Assets/ThirdParty/Layer Lab/GUI Pro-SuperCasual/ResourcesData/Sprites/Components/Icon_PictoIcons/256/PictoIcon_Target.Png,png
1183,PictoIcon_Telescope,Components/Icon_PictoIcons,Assets/ThirdParty/Layer Lab/GUI Pro-SuperCasual/ResourcesData/Sprites/Components/Icon_PictoIcons/256/PictoIcon_Telescope.Png,png
1184,PictoIcon_Temple,Components/Icon_PictoIcons,Assets/ThirdParty/Layer Lab/GUI Pro-SuperCasual/ResourcesData/Sprites/Components/Icon_PictoIcons/256/PictoIcon_Temple.Png,png
1185,PictoIcon_Ticket,Components/Icon_PictoIcons,Assets/ThirdParty/Layer Lab/GUI Pro-SuperCasual/ResourcesData/Sprites/Components/Icon_PictoIcons/256/PictoIcon_Ticket.Png,png
1186,PictoIcon_Tool_Fix,Components/Icon_PictoIcons,Assets/ThirdParty/Layer Lab/GUI Pro-SuperCasual/ResourcesData/Sprites/Components/Icon_PictoIcons/256/PictoIcon_Tool_Fix.Png,png
1187,PictoIcon_Top,Components/Icon_PictoIcons,Assets/ThirdParty/Layer Lab/GUI Pro-SuperCasual/ResourcesData/Sprites/Components/Icon_PictoIcons/256/PictoIcon_Top.Png,png
1188,PictoIcon_Trophy_1,Components/Icon_PictoIcons,Assets/ThirdParty/Layer Lab/GUI Pro-SuperCasual/ResourcesData/Sprites/Components/Icon_PictoIcons/256/PictoIcon_Trophy_1.Png,png
1189,PictoIcon_Trophy_2,Components/Icon_PictoIcons,Assets/ThirdParty/Layer Lab/GUI Pro-SuperCasual/ResourcesData/Sprites/Components/Icon_PictoIcons/256/PictoIcon_Trophy_2.Png,png
1190,PictoIcon_Tv,Components/Icon_PictoIcons,Assets/ThirdParty/Layer Lab/GUI Pro-SuperCasual/ResourcesData/Sprites/Components/Icon_PictoIcons/256/PictoIcon_Tv.Png,png
1191,PictoIcon_Typhoon,Components/Icon_PictoIcons,Assets/ThirdParty/Layer Lab/GUI Pro-SuperCasual/ResourcesData/Sprites/Components/Icon_PictoIcons/256/PictoIcon_Typhoon.Png,png
1192,PictoIcon_Under,Components/Icon_PictoIcons,Assets/ThirdParty/Layer Lab/GUI Pro-SuperCasual/ResourcesData/Sprites/Components/Icon_PictoIcons/256/PictoIcon_Under.Png,png
1193,PictoIcon_User,Components/Icon_PictoIcons,Assets/ThirdParty/Layer Lab/GUI Pro-SuperCasual/ResourcesData/Sprites/Components/Icon_PictoIcons/256/PictoIcon_User.Png,png
1194,PictoIcon_User_Add,Components/Icon_PictoIcons,Assets/ThirdParty/Layer Lab/GUI Pro-SuperCasual/ResourcesData/Sprites/Components/Icon_PictoIcons/256/PictoIcon_User_Add.Png,png
1195,PictoIcon_User_Info,Components/Icon_PictoIcons,Assets/ThirdParty/Layer Lab/GUI Pro-SuperCasual/ResourcesData/Sprites/Components/Icon_PictoIcons/256/PictoIcon_User_Info.Png,png
1196,PictoIcon_Video,Components/Icon_PictoIcons,Assets/ThirdParty/Layer Lab/GUI Pro-SuperCasual/ResourcesData/Sprites/Components/Icon_PictoIcons/256/PictoIcon_Video.Png,png
1197,PictoIcon_View,Components/Icon_PictoIcons,Assets/ThirdParty/Layer Lab/GUI Pro-SuperCasual/ResourcesData/Sprites/Components/Icon_PictoIcons/256/PictoIcon_View.Png,png
1198,PictoIcon_View_Off,Components/Icon_PictoIcons,Assets/ThirdParty/Layer Lab/GUI Pro-SuperCasual/ResourcesData/Sprites/Components/Icon_PictoIcons/256/PictoIcon_View_Off.Png,png
1199,PictoIcon_Vr,Components/Icon_PictoIcons,Assets/ThirdParty/Layer Lab/GUI Pro-SuperCasual/ResourcesData/Sprites/Components/Icon_PictoIcons/256/PictoIcon_Vr.Png,png
1200,PictoIcon_Warehouse,Components/Icon_PictoIcons,Assets/ThirdParty/Layer Lab/GUI Pro-SuperCasual/ResourcesData/Sprites/Components/Icon_PictoIcons/256/PictoIcon_Warehouse.Png,png
1201,PictoIcon_Water,Components/Icon_PictoIcons,Assets/ThirdParty/Layer Lab/GUI Pro-SuperCasual/ResourcesData/Sprites/Components/Icon_PictoIcons/256/PictoIcon_Water.Png,png
1202,PictoIcon_Wing,Components/Icon_PictoIcons,Assets/ThirdParty/Layer Lab/GUI Pro-SuperCasual/ResourcesData/Sprites/Components/Icon_PictoIcons/256/PictoIcon_Wing.Png,png
1203,PictoIcon_Wood,Components/Icon_PictoIcons,Assets/ThirdParty/Layer Lab/GUI Pro-SuperCasual/ResourcesData/Sprites/Components/Icon_PictoIcons/256/PictoIcon_Wood.Png,png
1204,PictoIcon_World,Components/Icon_PictoIcons,Assets/ThirdParty/Layer Lab/GUI Pro-SuperCasual/ResourcesData/Sprites/Components/Icon_PictoIcons/256/PictoIcon_World.Png,png
1205,PictoIcon_Zoom_In,Components/Icon_PictoIcons,Assets/ThirdParty/Layer Lab/GUI Pro-SuperCasual/ResourcesData/Sprites/Components/Icon_PictoIcons/256/PictoIcon_Zoom_In.Png,png
1206,PictoIcon_Zoom_Out,Components/Icon_PictoIcons,Assets/ThirdParty/Layer Lab/GUI Pro-SuperCasual/ResourcesData/Sprites/Components/Icon_PictoIcons/256/PictoIcon_Zoom_Out.Png,png
1207,PictoIcon_Again_1,Components/Icon_PictoIcons,Assets/ThirdParty/Layer Lab/GUI Pro-SuperCasual/ResourcesData/Sprites/Components/Icon_PictoIcons/512/PictoIcon_Again_1.Png,png
1208,PictoIcon_Again_2,Components/Icon_PictoIcons,Assets/ThirdParty/Layer Lab/GUI Pro-SuperCasual/ResourcesData/Sprites/Components/Icon_PictoIcons/512/PictoIcon_Again_2.Png,png
1209,PictoIcon_Aiming_1,Components/Icon_PictoIcons,Assets/ThirdParty/Layer Lab/GUI Pro-SuperCasual/ResourcesData/Sprites/Components/Icon_PictoIcons/512/PictoIcon_Aiming_1.Png,png
1210,PictoIcon_Aiming_2,Components/Icon_PictoIcons,Assets/ThirdParty/Layer Lab/GUI Pro-SuperCasual/ResourcesData/Sprites/Components/Icon_PictoIcons/512/PictoIcon_Aiming_2.Png,png
1211,PictoIcon_Alarm,Components/Icon_PictoIcons,Assets/ThirdParty/Layer Lab/GUI Pro-SuperCasual/ResourcesData/Sprites/Components/Icon_PictoIcons/512/PictoIcon_Alarm.Png,png
1212,PictoIcon_Anchor,Components/Icon_PictoIcons,Assets/ThirdParty/Layer Lab/GUI Pro-SuperCasual/ResourcesData/Sprites/Components/Icon_PictoIcons/512/PictoIcon_Anchor.Png,png
1213,PictoIcon_Archer,Components/Icon_PictoIcons,Assets/ThirdParty/Layer Lab/GUI Pro-SuperCasual/ResourcesData/Sprites/Components/Icon_PictoIcons/512/PictoIcon_Archer.Png,png
1214,PictoIcon_Armor,Components/Icon_PictoIcons,Assets/ThirdParty/Layer Lab/GUI Pro-SuperCasual/ResourcesData/Sprites/Components/Icon_PictoIcons/512/PictoIcon_Armor.Png,png
1215,PictoIcon_Arrow_Down,Components/Icon_PictoIcons,Assets/ThirdParty/Layer Lab/GUI Pro-SuperCasual/ResourcesData/Sprites/Components/Icon_PictoIcons/512/PictoIcon_Arrow_Down.Png,png
1216,PictoIcon_Arrow_Left_1,Components/Icon_PictoIcons,Assets/ThirdParty/Layer Lab/GUI Pro-SuperCasual/ResourcesData/Sprites/Components/Icon_PictoIcons/512/PictoIcon_Arrow_Left_1.Png,png
1217,PictoIcon_Arrow_Left_2,Components/Icon_PictoIcons,Assets/ThirdParty/Layer Lab/GUI Pro-SuperCasual/ResourcesData/Sprites/Components/Icon_PictoIcons/512/PictoIcon_Arrow_Left_2.Png,png
1218,PictoIcon_Arrow_Left_3,Components/Icon_PictoIcons,Assets/ThirdParty/Layer Lab/GUI Pro-SuperCasual/ResourcesData/Sprites/Components/Icon_PictoIcons/512/PictoIcon_Arrow_Left_3.Png,png
1219,PictoIcon_Arrow_Right_1,Components/Icon_PictoIcons,Assets/ThirdParty/Layer Lab/GUI Pro-SuperCasual/ResourcesData/Sprites/Components/Icon_PictoIcons/512/PictoIcon_Arrow_Right_1.Png,png
1220,PictoIcon_Arrow_Right_2,Components/Icon_PictoIcons,Assets/ThirdParty/Layer Lab/GUI Pro-SuperCasual/ResourcesData/Sprites/Components/Icon_PictoIcons/512/PictoIcon_Arrow_Right_2.Png,png
1221,PictoIcon_Arrow_Right_3,Components/Icon_PictoIcons,Assets/ThirdParty/Layer Lab/GUI Pro-SuperCasual/ResourcesData/Sprites/Components/Icon_PictoIcons/512/PictoIcon_Arrow_Right_3.Png,png
1222,PictoIcon_Arrow_Up,Components/Icon_PictoIcons,Assets/ThirdParty/Layer Lab/GUI Pro-SuperCasual/ResourcesData/Sprites/Components/Icon_PictoIcons/512/PictoIcon_Arrow_Up.Png,png
1223,PictoIcon_At,Components/Icon_PictoIcons,Assets/ThirdParty/Layer Lab/GUI Pro-SuperCasual/ResourcesData/Sprites/Components/Icon_PictoIcons/512/PictoIcon_At.Png,png
1224,PictoIcon_Attack,Components/Icon_PictoIcons,Assets/ThirdParty/Layer Lab/GUI Pro-SuperCasual/ResourcesData/Sprites/Components/Icon_PictoIcons/512/PictoIcon_Attack.Png,png
1225,PictoIcon_Ax,Components/Icon_PictoIcons,Assets/ThirdParty/Layer Lab/GUI Pro-SuperCasual/ResourcesData/Sprites/Components/Icon_PictoIcons/512/PictoIcon_Ax.Png,png
1226,PictoIcon_Ax_Double,Components/Icon_PictoIcons,Assets/ThirdParty/Layer Lab/GUI Pro-SuperCasual/ResourcesData/Sprites/Components/Icon_PictoIcons/512/PictoIcon_Ax_Double.Png,png
1227,PictoIcon_Back_1,Components/Icon_PictoIcons,Assets/ThirdParty/Layer Lab/GUI Pro-SuperCasual/ResourcesData/Sprites/Components/Icon_PictoIcons/512/PictoIcon_Back_1.Png,png
1228,PictoIcon_Back_2,Components/Icon_PictoIcons,Assets/ThirdParty/Layer Lab/GUI Pro-SuperCasual/ResourcesData/Sprites/Components/Icon_PictoIcons/512/PictoIcon_Back_2.Png,png
1229,PictoIcon_Badge,Components/Icon_PictoIcons,Assets/ThirdParty/Layer Lab/GUI Pro-SuperCasual/ResourcesData/Sprites/Components/Icon_PictoIcons/512/PictoIcon_Badge.Png,png
1230,PictoIcon_Bag,Components/Icon_PictoIcons,Assets/ThirdParty/Layer Lab/GUI Pro-SuperCasual/ResourcesData/Sprites/Components/Icon_PictoIcons/512/PictoIcon_Bag.Png,png
1231,PictoIcon_Bank,Components/Icon_PictoIcons,Assets/ThirdParty/Layer Lab/GUI Pro-SuperCasual/ResourcesData/Sprites/Components/Icon_PictoIcons/512/PictoIcon_Bank.Png,png
1232,PictoIcon_Basket,Components/Icon_PictoIcons,Assets/ThirdParty/Layer Lab/GUI Pro-SuperCasual/ResourcesData/Sprites/Components/Icon_PictoIcons/512/PictoIcon_Basket.Png,png
1233,PictoIcon_Battery_Charge,Components/Icon_PictoIcons,Assets/ThirdParty/Layer Lab/GUI Pro-SuperCasual/ResourcesData/Sprites/Components/Icon_PictoIcons/512/PictoIcon_Battery_Charge.Png,png
1234,PictoIcon_Battle,Components/Icon_PictoIcons,Assets/ThirdParty/Layer Lab/GUI Pro-SuperCasual/ResourcesData/Sprites/Components/Icon_PictoIcons/512/PictoIcon_Battle.Png,png
1235,PictoIcon_Bell,Components/Icon_PictoIcons,Assets/ThirdParty/Layer Lab/GUI Pro-SuperCasual/ResourcesData/Sprites/Components/Icon_PictoIcons/512/PictoIcon_Bell.Png,png
1236,PictoIcon_Bell_Off,Components/Icon_PictoIcons,Assets/ThirdParty/Layer Lab/GUI Pro-SuperCasual/ResourcesData/Sprites/Components/Icon_PictoIcons/512/PictoIcon_Bell_Off.Png,png
1237,PictoIcon_Bell_On,Components/Icon_PictoIcons,Assets/ThirdParty/Layer Lab/GUI Pro-SuperCasual/ResourcesData/Sprites/Components/Icon_PictoIcons/512/PictoIcon_Bell_On.Png,png
1238,PictoIcon_Bell_Sleep,Components/Icon_PictoIcons,Assets/ThirdParty/Layer Lab/GUI Pro-SuperCasual/ResourcesData/Sprites/Components/Icon_PictoIcons/512/PictoIcon_Bell_Sleep.Png,png
1239,PictoIcon_Blacksmith,Components/Icon_PictoIcons,Assets/ThirdParty/Layer Lab/GUI Pro-SuperCasual/ResourcesData/Sprites/Components/Icon_PictoIcons/512/PictoIcon_Blacksmith.Png,png
1240,PictoIcon_Block,Components/Icon_PictoIcons,Assets/ThirdParty/Layer Lab/GUI Pro-SuperCasual/ResourcesData/Sprites/Components/Icon_PictoIcons/512/PictoIcon_Block.Png,png
1241,PictoIcon_Bluetooth,Components/Icon_PictoIcons,Assets/ThirdParty/Layer Lab/GUI Pro-SuperCasual/ResourcesData/Sprites/Components/Icon_PictoIcons/512/PictoIcon_Bluetooth.Png,png
1242,PictoIcon_Bomb_1,Components/Icon_PictoIcons,Assets/ThirdParty/Layer Lab/GUI Pro-SuperCasual/ResourcesData/Sprites/Components/Icon_PictoIcons/512/PictoIcon_Bomb_1.Png,png
1243,PictoIcon_Bomb_2,Components/Icon_PictoIcons,Assets/ThirdParty/Layer Lab/GUI Pro-SuperCasual/ResourcesData/Sprites/Components/Icon_PictoIcons/512/PictoIcon_Bomb_2.Png,png
1244,PictoIcon_Book_1,Components/Icon_PictoIcons,Assets/ThirdParty/Layer Lab/GUI Pro-SuperCasual/ResourcesData/Sprites/Components/Icon_PictoIcons/512/PictoIcon_Book_1.Png,png
1245,PictoIcon_Book_2,Components/Icon_PictoIcons,Assets/ThirdParty/Layer Lab/GUI Pro-SuperCasual/ResourcesData/Sprites/Components/Icon_PictoIcons/512/PictoIcon_Book_2.Png,png
1246,PictoIcon_Book_3,Components/Icon_PictoIcons,Assets/ThirdParty/Layer Lab/GUI Pro-SuperCasual/ResourcesData/Sprites/Components/Icon_PictoIcons/512/PictoIcon_Book_3.Png,png
1247,PictoIcon_Boots,Components/Icon_PictoIcons,Assets/ThirdParty/Layer Lab/GUI Pro-SuperCasual/ResourcesData/Sprites/Components/Icon_PictoIcons/512/PictoIcon_Boots.Png,png
1248,PictoIcon_Boss,Components/Icon_PictoIcons,Assets/ThirdParty/Layer Lab/GUI Pro-SuperCasual/ResourcesData/Sprites/Components/Icon_PictoIcons/512/PictoIcon_Boss.Png,png
1249,PictoIcon_Bow,Components/Icon_PictoIcons,Assets/ThirdParty/Layer Lab/GUI Pro-SuperCasual/ResourcesData/Sprites/Components/Icon_PictoIcons/512/PictoIcon_Bow.Png,png
1250,PictoIcon_Brief_Bag,Components/Icon_PictoIcons,Assets/ThirdParty/Layer Lab/GUI Pro-SuperCasual/ResourcesData/Sprites/Components/Icon_PictoIcons/512/PictoIcon_Brief_Bag.Png,png
1251,PictoIcon_Brush,Components/Icon_PictoIcons,Assets/ThirdParty/Layer Lab/GUI Pro-SuperCasual/ResourcesData/Sprites/Components/Icon_PictoIcons/512/PictoIcon_Brush.Png,png
1252,PictoIcon_Bulb,Components/Icon_PictoIcons,Assets/ThirdParty/Layer Lab/GUI Pro-SuperCasual/ResourcesData/Sprites/Components/Icon_PictoIcons/512/PictoIcon_Bulb.Png,png
1253,PictoIcon_Bulb_Charge,Components/Icon_PictoIcons,Assets/ThirdParty/Layer Lab/GUI Pro-SuperCasual/ResourcesData/Sprites/Components/Icon_PictoIcons/512/PictoIcon_Bulb_Charge.Png,png
1254,PictoIcon_Bullet,Components/Icon_PictoIcons,Assets/ThirdParty/Layer Lab/GUI Pro-SuperCasual/ResourcesData/Sprites/Components/Icon_PictoIcons/512/PictoIcon_Bullet.Png,png
1255,PictoIcon_Calendar,Components/Icon_PictoIcons,Assets/ThirdParty/Layer Lab/GUI Pro-SuperCasual/ResourcesData/Sprites/Components/Icon_PictoIcons/512/PictoIcon_Calendar.Png,png
1256,PictoIcon_Camera,Components/Icon_PictoIcons,Assets/ThirdParty/Layer Lab/GUI Pro-SuperCasual/ResourcesData/Sprites/Components/Icon_PictoIcons/512/PictoIcon_Camera.Png,png
1257,PictoIcon_Camera_Off,Components/Icon_PictoIcons,Assets/ThirdParty/Layer Lab/GUI Pro-SuperCasual/ResourcesData/Sprites/Components/Icon_PictoIcons/512/PictoIcon_Camera_Off.Png,png
1258,PictoIcon_Cap,Components/Icon_PictoIcons,Assets/ThirdParty/Layer Lab/GUI Pro-SuperCasual/ResourcesData/Sprites/Components/Icon_PictoIcons/512/PictoIcon_Cap.Png,png
1259,PictoIcon_Card_1,Components/Icon_PictoIcons,Assets/ThirdParty/Layer Lab/GUI Pro-SuperCasual/ResourcesData/Sprites/Components/Icon_PictoIcons/512/PictoIcon_Card_1.Png,png
1260,PictoIcon_Card_2,Components/Icon_PictoIcons,Assets/ThirdParty/Layer Lab/GUI Pro-SuperCasual/ResourcesData/Sprites/Components/Icon_PictoIcons/512/PictoIcon_Card_2.Png,png
1261,PictoIcon_Cart_1,Components/Icon_PictoIcons,Assets/ThirdParty/Layer Lab/GUI Pro-SuperCasual/ResourcesData/Sprites/Components/Icon_PictoIcons/512/PictoIcon_Cart_1.Png,png
1262,PictoIcon_Cart_2,Components/Icon_PictoIcons,Assets/ThirdParty/Layer Lab/GUI Pro-SuperCasual/ResourcesData/Sprites/Components/Icon_PictoIcons/512/PictoIcon_Cart_2.Png,png
1263,PictoIcon_Castle,Components/Icon_PictoIcons,Assets/ThirdParty/Layer Lab/GUI Pro-SuperCasual/ResourcesData/Sprites/Components/Icon_PictoIcons/512/PictoIcon_Castle.Png,png
1264,PictoIcon_Caution,Components/Icon_PictoIcons,Assets/ThirdParty/Layer Lab/GUI Pro-SuperCasual/ResourcesData/Sprites/Components/Icon_PictoIcons/512/PictoIcon_Caution.Png,png
1265,PictoIcon_Certification,Components/Icon_PictoIcons,Assets/ThirdParty/Layer Lab/GUI Pro-SuperCasual/ResourcesData/Sprites/Components/Icon_PictoIcons/512/PictoIcon_Certification.Png,png
1266,PictoIcon_Change,Components/Icon_PictoIcons,Assets/ThirdParty/Layer Lab/GUI Pro-SuperCasual/ResourcesData/Sprites/Components/Icon_PictoIcons/512/PictoIcon_Change.Png,png
1267,PictoIcon_Chat_1,Components/Icon_PictoIcons,Assets/ThirdParty/Layer Lab/GUI Pro-SuperCasual/ResourcesData/Sprites/Components/Icon_PictoIcons/512/PictoIcon_Chat_1.Png,png
1268,PictoIcon_Chat_2,Components/Icon_PictoIcons,Assets/ThirdParty/Layer Lab/GUI Pro-SuperCasual/ResourcesData/Sprites/Components/Icon_PictoIcons/512/PictoIcon_Chat_2.Png,png
1269,PictoIcon_Check_1,Components/Icon_PictoIcons,Assets/ThirdParty/Layer Lab/GUI Pro-SuperCasual/ResourcesData/Sprites/Components/Icon_PictoIcons/512/PictoIcon_Check_1.Png,png
1270,PictoIcon_Check_2,Components/Icon_PictoIcons,Assets/ThirdParty/Layer Lab/GUI Pro-SuperCasual/ResourcesData/Sprites/Components/Icon_PictoIcons/512/PictoIcon_Check_2.Png,png
1271,PictoIcon_Chest,Components/Icon_PictoIcons,Assets/ThirdParty/Layer Lab/GUI Pro-SuperCasual/ResourcesData/Sprites/Components/Icon_PictoIcons/512/PictoIcon_Chest.Png,png
1272,PictoIcon_Chisel,Components/Icon_PictoIcons,Assets/ThirdParty/Layer Lab/GUI Pro-SuperCasual/ResourcesData/Sprites/Components/Icon_PictoIcons/512/PictoIcon_Chisel.Png,png
1273,PictoIcon_Class_A,Components/Icon_PictoIcons,Assets/ThirdParty/Layer Lab/GUI Pro-SuperCasual/ResourcesData/Sprites/Components/Icon_PictoIcons/512/PictoIcon_Class_A.Png,png
1274,PictoIcon_Class_B,Components/Icon_PictoIcons,Assets/ThirdParty/Layer Lab/GUI Pro-SuperCasual/ResourcesData/Sprites/Components/Icon_PictoIcons/512/PictoIcon_Class_B.Png,png
1275,PictoIcon_Class_C,Components/Icon_PictoIcons,Assets/ThirdParty/Layer Lab/GUI Pro-SuperCasual/ResourcesData/Sprites/Components/Icon_PictoIcons/512/PictoIcon_Class_C.Png,png
1276,PictoIcon_Class_D,Components/Icon_PictoIcons,Assets/ThirdParty/Layer Lab/GUI Pro-SuperCasual/ResourcesData/Sprites/Components/Icon_PictoIcons/512/PictoIcon_Class_D.Png,png
1277,PictoIcon_Class_S,Components/Icon_PictoIcons,Assets/ThirdParty/Layer Lab/GUI Pro-SuperCasual/ResourcesData/Sprites/Components/Icon_PictoIcons/512/PictoIcon_Class_S.Png,png
1278,PictoIcon_Class_Ss,Components/Icon_PictoIcons,Assets/ThirdParty/Layer Lab/GUI Pro-SuperCasual/ResourcesData/Sprites/Components/Icon_PictoIcons/512/PictoIcon_Class_Ss.Png,png
1279,PictoIcon_Clock_1,Components/Icon_PictoIcons,Assets/ThirdParty/Layer Lab/GUI Pro-SuperCasual/ResourcesData/Sprites/Components/Icon_PictoIcons/512/PictoIcon_Clock_1.Png,png
1280,PictoIcon_Clock_2,Components/Icon_PictoIcons,Assets/ThirdParty/Layer Lab/GUI Pro-SuperCasual/ResourcesData/Sprites/Components/Icon_PictoIcons/512/PictoIcon_Clock_2.Png,png
1281,PictoIcon_Closet,Components/Icon_PictoIcons,Assets/ThirdParty/Layer Lab/GUI Pro-SuperCasual/ResourcesData/Sprites/Components/Icon_PictoIcons/512/PictoIcon_Closet.Png,png
1282,PictoIcon_Clothes,Components/Icon_PictoIcons,Assets/ThirdParty/Layer Lab/GUI Pro-SuperCasual/ResourcesData/Sprites/Components/Icon_PictoIcons/512/PictoIcon_Clothes.Png,png
1283,PictoIcon_Coin,Components/Icon_PictoIcons,Assets/ThirdParty/Layer Lab/GUI Pro-SuperCasual/ResourcesData/Sprites/Components/Icon_PictoIcons/512/PictoIcon_Coin.Png,png
1284,PictoIcon_Coin_Star,Components/Icon_PictoIcons,Assets/ThirdParty/Layer Lab/GUI Pro-SuperCasual/ResourcesData/Sprites/Components/Icon_PictoIcons/512/PictoIcon_Coin_Star.Png,png
1285,PictoIcon_Compass,Components/Icon_PictoIcons,Assets/ThirdParty/Layer Lab/GUI Pro-SuperCasual/ResourcesData/Sprites/Components/Icon_PictoIcons/512/PictoIcon_Compass.Png,png
1286,PictoIcon_Console_1,Components/Icon_PictoIcons,Assets/ThirdParty/Layer Lab/GUI Pro-SuperCasual/ResourcesData/Sprites/Components/Icon_PictoIcons/512/PictoIcon_Console_1.Png,png
1287,PictoIcon_Console_2,Components/Icon_PictoIcons,Assets/ThirdParty/Layer Lab/GUI Pro-SuperCasual/ResourcesData/Sprites/Components/Icon_PictoIcons/512/PictoIcon_Console_2.Png,png
1288,PictoIcon_Contraction,Components/Icon_PictoIcons,Assets/ThirdParty/Layer Lab/GUI Pro-SuperCasual/ResourcesData/Sprites/Components/Icon_PictoIcons/512/PictoIcon_Contraction.Png,png
1289,PictoIcon_Cooking,Components/Icon_PictoIcons,Assets/ThirdParty/Layer Lab/GUI Pro-SuperCasual/ResourcesData/Sprites/Components/Icon_PictoIcons/512/PictoIcon_Cooking.Png,png
1290,PictoIcon_Copy,Components/Icon_PictoIcons,Assets/ThirdParty/Layer Lab/GUI Pro-SuperCasual/ResourcesData/Sprites/Components/Icon_PictoIcons/512/PictoIcon_Copy.Png,png
1291,PictoIcon_Costume,Components/Icon_PictoIcons,Assets/ThirdParty/Layer Lab/GUI Pro-SuperCasual/ResourcesData/Sprites/Components/Icon_PictoIcons/512/PictoIcon_Costume.Png,png
1292,PictoIcon_Critical_1,Components/Icon_PictoIcons,Assets/ThirdParty/Layer Lab/GUI Pro-SuperCasual/ResourcesData/Sprites/Components/Icon_PictoIcons/512/PictoIcon_Critical_1.Png,png
1293,PictoIcon_Critical_2,Components/Icon_PictoIcons,Assets/ThirdParty/Layer Lab/GUI Pro-SuperCasual/ResourcesData/Sprites/Components/Icon_PictoIcons/512/PictoIcon_Critical_2.Png,png
1294,PictoIcon_Critical_3,Components/Icon_PictoIcons,Assets/ThirdParty/Layer Lab/GUI Pro-SuperCasual/ResourcesData/Sprites/Components/Icon_PictoIcons/512/PictoIcon_Critical_3.Png,png
1295,PictoIcon_Crown_1,Components/Icon_PictoIcons,Assets/ThirdParty/Layer Lab/GUI Pro-SuperCasual/ResourcesData/Sprites/Components/Icon_PictoIcons/512/PictoIcon_Crown_1.Png,png
1296,PictoIcon_Crown_2,Components/Icon_PictoIcons,Assets/ThirdParty/Layer Lab/GUI Pro-SuperCasual/ResourcesData/Sprites/Components/Icon_PictoIcons/512/PictoIcon_Crown_2.Png,png
1297,PictoIcon_Crystal,Components/Icon_PictoIcons,Assets/ThirdParty/Layer Lab/GUI Pro-SuperCasual/ResourcesData/Sprites/Components/Icon_PictoIcons/512/PictoIcon_Crystal.Png,png
1298,PictoIcon_Delete,Components/Icon_PictoIcons,Assets/ThirdParty/Layer Lab/GUI Pro-SuperCasual/ResourcesData/Sprites/Components/Icon_PictoIcons/512/PictoIcon_Delete.Png,png
1299,PictoIcon_Diamond,Components/Icon_PictoIcons,Assets/ThirdParty/Layer Lab/GUI Pro-SuperCasual/ResourcesData/Sprites/Components/Icon_PictoIcons/512/PictoIcon_Diamond.Png,png
1300,PictoIcon_Dice,Components/Icon_PictoIcons,Assets/ThirdParty/Layer Lab/GUI Pro-SuperCasual/ResourcesData/Sprites/Components/Icon_PictoIcons/512/PictoIcon_Dice.Png,png
1301,PictoIcon_Direction_1,Components/Icon_PictoIcons,Assets/ThirdParty/Layer Lab/GUI Pro-SuperCasual/ResourcesData/Sprites/Components/Icon_PictoIcons/512/PictoIcon_Direction_1.Png,png
1302,PictoIcon_Direction_2,Components/Icon_PictoIcons,Assets/ThirdParty/Layer Lab/GUI Pro-SuperCasual/ResourcesData/Sprites/Components/Icon_PictoIcons/512/PictoIcon_Direction_2.Png,png
1303,PictoIcon_Discount,Components/Icon_PictoIcons,Assets/ThirdParty/Layer Lab/GUI Pro-SuperCasual/ResourcesData/Sprites/Components/Icon_PictoIcons/512/PictoIcon_Discount.Png,png
1304,PictoIcon_Dollar_1,Components/Icon_PictoIcons,Assets/ThirdParty/Layer Lab/GUI Pro-SuperCasual/ResourcesData/Sprites/Components/Icon_PictoIcons/512/PictoIcon_Dollar_1.Png,png
1305,PictoIcon_Dollar_2,Components/Icon_PictoIcons,Assets/ThirdParty/Layer Lab/GUI Pro-SuperCasual/ResourcesData/Sprites/Components/Icon_PictoIcons/512/PictoIcon_Dollar_2.Png,png
1306,PictoIcon_Download,Components/Icon_PictoIcons,Assets/ThirdParty/Layer Lab/GUI Pro-SuperCasual/ResourcesData/Sprites/Components/Icon_PictoIcons/512/PictoIcon_Download.Png,png
1307,PictoIcon_Earth,Components/Icon_PictoIcons,Assets/ThirdParty/Layer Lab/GUI Pro-SuperCasual/ResourcesData/Sprites/Components/Icon_PictoIcons/512/PictoIcon_Earth.Png,png
1308,PictoIcon_Earth_Pin,Components/Icon_PictoIcons,Assets/ThirdParty/Layer Lab/GUI Pro-SuperCasual/ResourcesData/Sprites/Components/Icon_PictoIcons/512/PictoIcon_Earth_Pin.Png,png
1309,PictoIcon_Effect,Components/Icon_PictoIcons,Assets/ThirdParty/Layer Lab/GUI Pro-SuperCasual/ResourcesData/Sprites/Components/Icon_PictoIcons/512/PictoIcon_Effect.Png,png
1310,PictoIcon_Energy_1,Components/Icon_PictoIcons,Assets/ThirdParty/Layer Lab/GUI Pro-SuperCasual/ResourcesData/Sprites/Components/Icon_PictoIcons/512/PictoIcon_Energy_1.Png,png
1311,PictoIcon_Energy_2,Components/Icon_PictoIcons,Assets/ThirdParty/Layer Lab/GUI Pro-SuperCasual/ResourcesData/Sprites/Components/Icon_PictoIcons/512/PictoIcon_Energy_2.Png,png
1312,PictoIcon_Exit,Components/Icon_PictoIcons,Assets/ThirdParty/Layer Lab/GUI Pro-SuperCasual/ResourcesData/Sprites/Components/Icon_PictoIcons/512/PictoIcon_Exit.Png,png
1313,PictoIcon_Exit_1,Components/Icon_PictoIcons,Assets/ThirdParty/Layer Lab/GUI Pro-SuperCasual/ResourcesData/Sprites/Components/Icon_PictoIcons/512/PictoIcon_Exit_1.Png,png
1314,PictoIcon_Exit_2,Components/Icon_PictoIcons,Assets/ThirdParty/Layer Lab/GUI Pro-SuperCasual/ResourcesData/Sprites/Components/Icon_PictoIcons/512/PictoIcon_Exit_2.Png,png
1315,PictoIcon_Exp,Components/Icon_PictoIcons,Assets/ThirdParty/Layer Lab/GUI Pro-SuperCasual/ResourcesData/Sprites/Components/Icon_PictoIcons/512/PictoIcon_Exp.Png,png
1316,PictoIcon_Expansion,Components/Icon_PictoIcons,Assets/ThirdParty/Layer Lab/GUI Pro-SuperCasual/ResourcesData/Sprites/Components/Icon_PictoIcons/512/PictoIcon_Expansion.Png,png
1317,PictoIcon_Face,Components/Icon_PictoIcons,Assets/ThirdParty/Layer Lab/GUI Pro-SuperCasual/ResourcesData/Sprites/Components/Icon_PictoIcons/512/PictoIcon_Face.Png,png
1318,PictoIcon_Faint,Components/Icon_PictoIcons,Assets/ThirdParty/Layer Lab/GUI Pro-SuperCasual/ResourcesData/Sprites/Components/Icon_PictoIcons/512/PictoIcon_Faint.Png,png
1319,PictoIcon_Female,Components/Icon_PictoIcons,Assets/ThirdParty/Layer Lab/GUI Pro-SuperCasual/ResourcesData/Sprites/Components/Icon_PictoIcons/512/PictoIcon_Female.Png,png
1320,PictoIcon_Fire,Components/Icon_PictoIcons,Assets/ThirdParty/Layer Lab/GUI Pro-SuperCasual/ResourcesData/Sprites/Components/Icon_PictoIcons/512/PictoIcon_Fire.Png,png
1321,PictoIcon_Firework,Components/Icon_PictoIcons,Assets/ThirdParty/Layer Lab/GUI Pro-SuperCasual/ResourcesData/Sprites/Components/Icon_PictoIcons/512/PictoIcon_Firework.Png,png
1322,PictoIcon_Fish,Components/Icon_PictoIcons,Assets/ThirdParty/Layer Lab/GUI Pro-SuperCasual/ResourcesData/Sprites/Components/Icon_PictoIcons/512/PictoIcon_Fish.Png,png
1323,PictoIcon_Fishing,Components/Icon_PictoIcons,Assets/ThirdParty/Layer Lab/GUI Pro-SuperCasual/ResourcesData/Sprites/Components/Icon_PictoIcons/512/PictoIcon_Fishing.Png,png
1324,PictoIcon_Flag,Components/Icon_PictoIcons,Assets/ThirdParty/Layer Lab/GUI Pro-SuperCasual/ResourcesData/Sprites/Components/Icon_PictoIcons/512/PictoIcon_Flag.Png,png
1325,PictoIcon_Float,Components/Icon_PictoIcons,Assets/ThirdParty/Layer Lab/GUI Pro-SuperCasual/ResourcesData/Sprites/Components/Icon_PictoIcons/512/PictoIcon_Float.Png,png
1326,PictoIcon_Food,Components/Icon_PictoIcons,Assets/ThirdParty/Layer Lab/GUI Pro-SuperCasual/ResourcesData/Sprites/Components/Icon_PictoIcons/512/PictoIcon_Food.Png,png
1327,PictoIcon_Freezee,Components/Icon_PictoIcons,Assets/ThirdParty/Layer Lab/GUI Pro-SuperCasual/ResourcesData/Sprites/Components/Icon_PictoIcons/512/PictoIcon_Freezee.Png,png
1328,PictoIcon_Friends,Components/Icon_PictoIcons,Assets/ThirdParty/Layer Lab/GUI Pro-SuperCasual/ResourcesData/Sprites/Components/Icon_PictoIcons/512/PictoIcon_Friends.Png,png
1329,PictoIcon_Gallery,Components/Icon_PictoIcons,Assets/ThirdParty/Layer Lab/GUI Pro-SuperCasual/ResourcesData/Sprites/Components/Icon_PictoIcons/512/PictoIcon_Gallery.Png,png
1330,PictoIcon_Game,Components/Icon_PictoIcons,Assets/ThirdParty/Layer Lab/GUI Pro-SuperCasual/ResourcesData/Sprites/Components/Icon_PictoIcons/512/PictoIcon_Game.Png,png
1331,PictoIcon_Gear,Components/Icon_PictoIcons,Assets/ThirdParty/Layer Lab/GUI Pro-SuperCasual/ResourcesData/Sprites/Components/Icon_PictoIcons/512/PictoIcon_Gear.Png,png
1332,PictoIcon_Gift,Components/Icon_PictoIcons,Assets/ThirdParty/Layer Lab/GUI Pro-SuperCasual/ResourcesData/Sprites/Components/Icon_PictoIcons/512/PictoIcon_Gift.Png,png
1333,PictoIcon_Glasses,Components/Icon_PictoIcons,Assets/ThirdParty/Layer Lab/GUI Pro-SuperCasual/ResourcesData/Sprites/Components/Icon_PictoIcons/512/PictoIcon_Glasses.Png,png
1334,PictoIcon_Globe,Components/Icon_PictoIcons,Assets/ThirdParty/Layer Lab/GUI Pro-SuperCasual/ResourcesData/Sprites/Components/Icon_PictoIcons/512/PictoIcon_Globe.Png,png
1335,PictoIcon_Graduation_Cap,Components/Icon_PictoIcons,Assets/ThirdParty/Layer Lab/GUI Pro-SuperCasual/ResourcesData/Sprites/Components/Icon_PictoIcons/512/PictoIcon_Graduation_Cap.Png,png
1336,PictoIcon_Hammer,Components/Icon_PictoIcons,Assets/ThirdParty/Layer Lab/GUI Pro-SuperCasual/ResourcesData/Sprites/Components/Icon_PictoIcons/512/PictoIcon_Hammer.Png,png
1337,PictoIcon_Hammer_Claw,Components/Icon_PictoIcons,Assets/ThirdParty/Layer Lab/GUI Pro-SuperCasual/ResourcesData/Sprites/Components/Icon_PictoIcons/512/PictoIcon_Hammer_Claw.Png,png
1338,PictoIcon_Hand_Touch,Components/Icon_PictoIcons,Assets/ThirdParty/Layer Lab/GUI Pro-SuperCasual/ResourcesData/Sprites/Components/Icon_PictoIcons/512/PictoIcon_Hand_Touch.Png,png
1339,PictoIcon_Hanger,Components/Icon_PictoIcons,Assets/ThirdParty/Layer Lab/GUI Pro-SuperCasual/ResourcesData/Sprites/Components/Icon_PictoIcons/512/PictoIcon_Hanger.Png,png
1340,PictoIcon_Hat,Components/Icon_PictoIcons,Assets/ThirdParty/Layer Lab/GUI Pro-SuperCasual/ResourcesData/Sprites/Components/Icon_PictoIcons/512/PictoIcon_Hat.Png,png
1341,PictoIcon_Headset,Components/Icon_PictoIcons,Assets/ThirdParty/Layer Lab/GUI Pro-SuperCasual/ResourcesData/Sprites/Components/Icon_PictoIcons/512/PictoIcon_Headset.Png,png
1342,PictoIcon_Heart,Components/Icon_PictoIcons,Assets/ThirdParty/Layer Lab/GUI Pro-SuperCasual/ResourcesData/Sprites/Components/Icon_PictoIcons/512/PictoIcon_Heart.Png,png
1343,PictoIcon_Heart_Add,Components/Icon_PictoIcons,Assets/ThirdParty/Layer Lab/GUI Pro-SuperCasual/ResourcesData/Sprites/Components/Icon_PictoIcons/512/PictoIcon_Heart_Add.Png,png
1344,PictoIcon_Heart_Empty,Components/Icon_PictoIcons,Assets/ThirdParty/Layer Lab/GUI Pro-SuperCasual/ResourcesData/Sprites/Components/Icon_PictoIcons/512/PictoIcon_Heart_Empty.Png,png
1345,PictoIcon_Helmet_1,Components/Icon_PictoIcons,Assets/ThirdParty/Layer Lab/GUI Pro-SuperCasual/ResourcesData/Sprites/Components/Icon_PictoIcons/512/PictoIcon_Helmet_1.Png,png
1346,PictoIcon_Helmet_2,Components/Icon_PictoIcons,Assets/ThirdParty/Layer Lab/GUI Pro-SuperCasual/ResourcesData/Sprites/Components/Icon_PictoIcons/512/PictoIcon_Helmet_2.Png,png
1347,PictoIcon_Help_1,Components/Icon_PictoIcons,Assets/ThirdParty/Layer Lab/GUI Pro-SuperCasual/ResourcesData/Sprites/Components/Icon_PictoIcons/512/PictoIcon_Help_1.Png,png
1348,PictoIcon_Help_2,Components/Icon_PictoIcons,Assets/ThirdParty/Layer Lab/GUI Pro-SuperCasual/ResourcesData/Sprites/Components/Icon_PictoIcons/512/PictoIcon_Help_2.Png,png
1349,PictoIcon_History,Components/Icon_PictoIcons,Assets/ThirdParty/Layer Lab/GUI Pro-SuperCasual/ResourcesData/Sprites/Components/Icon_PictoIcons/512/PictoIcon_History.Png,png
1350,PictoIcon_Home_1,Components/Icon_PictoIcons,Assets/ThirdParty/Layer Lab/GUI Pro-SuperCasual/ResourcesData/Sprites/Components/Icon_PictoIcons/512/PictoIcon_Home_1.Png,png
1351,PictoIcon_Home_2,Components/Icon_PictoIcons,Assets/ThirdParty/Layer Lab/GUI Pro-SuperCasual/ResourcesData/Sprites/Components/Icon_PictoIcons/512/PictoIcon_Home_2.Png,png
1352,PictoIcon_Hp,Components/Icon_PictoIcons,Assets/ThirdParty/Layer Lab/GUI Pro-SuperCasual/ResourcesData/Sprites/Components/Icon_PictoIcons/512/PictoIcon_Hp.Png,png
1353,PictoIcon_Icecream,Components/Icon_PictoIcons,Assets/ThirdParty/Layer Lab/GUI Pro-SuperCasual/ResourcesData/Sprites/Components/Icon_PictoIcons/512/PictoIcon_Icecream.Png,png
1354,PictoIcon_Illuminati,Components/Icon_PictoIcons,Assets/ThirdParty/Layer Lab/GUI Pro-SuperCasual/ResourcesData/Sprites/Components/Icon_PictoIcons/512/PictoIcon_Illuminati.Png,png
1355,PictoIcon_Infinity,Components/Icon_PictoIcons,Assets/ThirdParty/Layer Lab/GUI Pro-SuperCasual/ResourcesData/Sprites/Components/Icon_PictoIcons/512/PictoIcon_Infinity.Png,png
1356,PictoIcon_Info_1,Components/Icon_PictoIcons,Assets/ThirdParty/Layer Lab/GUI Pro-SuperCasual/ResourcesData/Sprites/Components/Icon_PictoIcons/512/PictoIcon_Info_1.Png,png
1357,PictoIcon_Info_2,Components/Icon_PictoIcons,Assets/ThirdParty/Layer Lab/GUI Pro-SuperCasual/ResourcesData/Sprites/Components/Icon_PictoIcons/512/PictoIcon_Info_2.Png,png
1358,PictoIcon_Info_3,Components/Icon_PictoIcons,Assets/ThirdParty/Layer Lab/GUI Pro-SuperCasual/ResourcesData/Sprites/Components/Icon_PictoIcons/512/PictoIcon_Info_3.Png,png
1359,PictoIcon_Info_4,Components/Icon_PictoIcons,Assets/ThirdParty/Layer Lab/GUI Pro-SuperCasual/ResourcesData/Sprites/Components/Icon_PictoIcons/512/PictoIcon_Info_4.Png,png
1360,PictoIcon_Key,Components/Icon_PictoIcons,Assets/ThirdParty/Layer Lab/GUI Pro-SuperCasual/ResourcesData/Sprites/Components/Icon_PictoIcons/512/PictoIcon_Key.Png,png
1361,PictoIcon_Kitchen_Knife,Components/Icon_PictoIcons,Assets/ThirdParty/Layer Lab/GUI Pro-SuperCasual/ResourcesData/Sprites/Components/Icon_PictoIcons/512/PictoIcon_Kitchen_Knife.Png,png
1362,PictoIcon_Layer_1,Components/Icon_PictoIcons,Assets/ThirdParty/Layer Lab/GUI Pro-SuperCasual/ResourcesData/Sprites/Components/Icon_PictoIcons/512/PictoIcon_Layer_1.Png,png
1363,PictoIcon_Layer_2,Components/Icon_PictoIcons,Assets/ThirdParty/Layer Lab/GUI Pro-SuperCasual/ResourcesData/Sprites/Components/Icon_PictoIcons/512/PictoIcon_Layer_2.Png,png
1364,PictoIcon_Leaf,Components/Icon_PictoIcons,Assets/ThirdParty/Layer Lab/GUI Pro-SuperCasual/ResourcesData/Sprites/Components/Icon_PictoIcons/512/PictoIcon_Leaf.Png,png
1365,PictoIcon_Link,Components/Icon_PictoIcons,Assets/ThirdParty/Layer Lab/GUI Pro-SuperCasual/ResourcesData/Sprites/Components/Icon_PictoIcons/512/PictoIcon_Link.Png,png
1366,PictoIcon_Lock_1,Components/Icon_PictoIcons,Assets/ThirdParty/Layer Lab/GUI Pro-SuperCasual/ResourcesData/Sprites/Components/Icon_PictoIcons/512/PictoIcon_Lock_1.Png,png
1367,PictoIcon_Lock_2,Components/Icon_PictoIcons,Assets/ThirdParty/Layer Lab/GUI Pro-SuperCasual/ResourcesData/Sprites/Components/Icon_PictoIcons/512/PictoIcon_Lock_2.Png,png
1368,PictoIcon_Lock_Open,Components/Icon_PictoIcons,Assets/ThirdParty/Layer Lab/GUI Pro-SuperCasual/ResourcesData/Sprites/Components/Icon_PictoIcons/512/PictoIcon_Lock_Open.Png,png
1369,PictoIcon_Magic,Components/Icon_PictoIcons,Assets/ThirdParty/Layer Lab/GUI Pro-SuperCasual/ResourcesData/Sprites/Components/Icon_PictoIcons/512/PictoIcon_Magic.Png,png
1370,PictoIcon_Magic_Ball,Components/Icon_PictoIcons,Assets/ThirdParty/Layer Lab/GUI Pro-SuperCasual/ResourcesData/Sprites/Components/Icon_PictoIcons/512/PictoIcon_Magic_Ball.Png,png
1371,PictoIcon_Mail_1,Components/Icon_PictoIcons,Assets/ThirdParty/Layer Lab/GUI Pro-SuperCasual/ResourcesData/Sprites/Components/Icon_PictoIcons/512/PictoIcon_Mail_1.Png,png
1372,PictoIcon_Mail_2,Components/Icon_PictoIcons,Assets/ThirdParty/Layer Lab/GUI Pro-SuperCasual/ResourcesData/Sprites/Components/Icon_PictoIcons/512/PictoIcon_Mail_2.Png,png
1373,PictoIcon_Male,Components/Icon_PictoIcons,Assets/ThirdParty/Layer Lab/GUI Pro-SuperCasual/ResourcesData/Sprites/Components/Icon_PictoIcons/512/PictoIcon_Male.Png,png
1374,PictoIcon_Map_1,Components/Icon_PictoIcons,Assets/ThirdParty/Layer Lab/GUI Pro-SuperCasual/ResourcesData/Sprites/Components/Icon_PictoIcons/512/PictoIcon_Map_1.Png,png
1375,PictoIcon_Map_2,Components/Icon_PictoIcons,Assets/ThirdParty/Layer Lab/GUI Pro-SuperCasual/ResourcesData/Sprites/Components/Icon_PictoIcons/512/PictoIcon_Map_2.Png,png
1376,PictoIcon_Map_Pin,Components/Icon_PictoIcons,Assets/ThirdParty/Layer Lab/GUI Pro-SuperCasual/ResourcesData/Sprites/Components/Icon_PictoIcons/512/PictoIcon_Map_Pin.Png,png
1377,PictoIcon_Meal,Components/Icon_PictoIcons,Assets/ThirdParty/Layer Lab/GUI Pro-SuperCasual/ResourcesData/Sprites/Components/Icon_PictoIcons/512/PictoIcon_Meal.Png,png
1378,PictoIcon_Medal_1,Components/Icon_PictoIcons,Assets/ThirdParty/Layer Lab/GUI Pro-SuperCasual/ResourcesData/Sprites/Components/Icon_PictoIcons/512/PictoIcon_Medal_1.Png,png
1379,PictoIcon_Medal_2,Components/Icon_PictoIcons,Assets/ThirdParty/Layer Lab/GUI Pro-SuperCasual/ResourcesData/Sprites/Components/Icon_PictoIcons/512/PictoIcon_Medal_2.Png,png
1380,PictoIcon_Megaphone,Components/Icon_PictoIcons,Assets/ThirdParty/Layer Lab/GUI Pro-SuperCasual/ResourcesData/Sprites/Components/Icon_PictoIcons/512/PictoIcon_Megaphone.Png,png
1381,PictoIcon_Menu_1,Components/Icon_PictoIcons,Assets/ThirdParty/Layer Lab/GUI Pro-SuperCasual/ResourcesData/Sprites/Components/Icon_PictoIcons/512/PictoIcon_Menu_1.Png,png
1382,PictoIcon_Menu_2,Components/Icon_PictoIcons,Assets/ThirdParty/Layer Lab/GUI Pro-SuperCasual/ResourcesData/Sprites/Components/Icon_PictoIcons/512/PictoIcon_Menu_2.Png,png
1383,PictoIcon_Menu_3,Components/Icon_PictoIcons,Assets/ThirdParty/Layer Lab/GUI Pro-SuperCasual/ResourcesData/Sprites/Components/Icon_PictoIcons/512/PictoIcon_Menu_3.Png,png
1384,PictoIcon_Menu_4,Components/Icon_PictoIcons,Assets/ThirdParty/Layer Lab/GUI Pro-SuperCasual/ResourcesData/Sprites/Components/Icon_PictoIcons/512/PictoIcon_Menu_4.Png,png
1385,PictoIcon_Menu_5,Components/Icon_PictoIcons,Assets/ThirdParty/Layer Lab/GUI Pro-SuperCasual/ResourcesData/Sprites/Components/Icon_PictoIcons/512/PictoIcon_Menu_5.Png,png
1386,PictoIcon_Menu_6,Components/Icon_PictoIcons,Assets/ThirdParty/Layer Lab/GUI Pro-SuperCasual/ResourcesData/Sprites/Components/Icon_PictoIcons/512/PictoIcon_Menu_6.Png,png
1387,PictoIcon_Merge,Components/Icon_PictoIcons,Assets/ThirdParty/Layer Lab/GUI Pro-SuperCasual/ResourcesData/Sprites/Components/Icon_PictoIcons/512/PictoIcon_Merge.Png,png
1388,PictoIcon_Message_Bottle,Components/Icon_PictoIcons,Assets/ThirdParty/Layer Lab/GUI Pro-SuperCasual/ResourcesData/Sprites/Components/Icon_PictoIcons/512/PictoIcon_Message_Bottle.Png,png
1389,PictoIcon_Minus_1,Components/Icon_PictoIcons,Assets/ThirdParty/Layer Lab/GUI Pro-SuperCasual/ResourcesData/Sprites/Components/Icon_PictoIcons/512/PictoIcon_Minus_1.Png,png
1390,PictoIcon_Minus_2,Components/Icon_PictoIcons,Assets/ThirdParty/Layer Lab/GUI Pro-SuperCasual/ResourcesData/Sprites/Components/Icon_PictoIcons/512/PictoIcon_Minus_2.Png,png
1391,PictoIcon_Mission,Components/Icon_PictoIcons,Assets/ThirdParty/Layer Lab/GUI Pro-SuperCasual/ResourcesData/Sprites/Components/Icon_PictoIcons/512/PictoIcon_Mission.Png,png
1392,PictoIcon_Money_1,Components/Icon_PictoIcons,Assets/ThirdParty/Layer Lab/GUI Pro-SuperCasual/ResourcesData/Sprites/Components/Icon_PictoIcons/512/PictoIcon_Money_1.Png,png
1393,PictoIcon_Money_2,Components/Icon_PictoIcons,Assets/ThirdParty/Layer Lab/GUI Pro-SuperCasual/ResourcesData/Sprites/Components/Icon_PictoIcons/512/PictoIcon_Money_2.Png,png
1394,PictoIcon_Money_Pouch,Components/Icon_PictoIcons,Assets/ThirdParty/Layer Lab/GUI Pro-SuperCasual/ResourcesData/Sprites/Components/Icon_PictoIcons/512/PictoIcon_Money_Pouch.Png,png
1395,PictoIcon_Movie,Components/Icon_PictoIcons,Assets/ThirdParty/Layer Lab/GUI Pro-SuperCasual/ResourcesData/Sprites/Components/Icon_PictoIcons/512/PictoIcon_Movie.Png,png
1396,PictoIcon_Mushroom,Components/Icon_PictoIcons,Assets/ThirdParty/Layer Lab/GUI Pro-SuperCasual/ResourcesData/Sprites/Components/Icon_PictoIcons/512/PictoIcon_Mushroom.Png,png
1397,PictoIcon_Music_1,Components/Icon_PictoIcons,Assets/ThirdParty/Layer Lab/GUI Pro-SuperCasual/ResourcesData/Sprites/Components/Icon_PictoIcons/512/PictoIcon_Music_1.Png,png
1398,PictoIcon_Music_1_Off,Components/Icon_PictoIcons,Assets/ThirdParty/Layer Lab/GUI Pro-SuperCasual/ResourcesData/Sprites/Components/Icon_PictoIcons/512/PictoIcon_Music_1_Off.Png,png
1399,PictoIcon_Music_2,Components/Icon_PictoIcons,Assets/ThirdParty/Layer Lab/GUI Pro-SuperCasual/ResourcesData/Sprites/Components/Icon_PictoIcons/512/PictoIcon_Music_2.Png,png
1400,PictoIcon_Music_2_Off,Components/Icon_PictoIcons,Assets/ThirdParty/Layer Lab/GUI Pro-SuperCasual/ResourcesData/Sprites/Components/Icon_PictoIcons/512/PictoIcon_Music_2_Off.Png,png
1401,PictoIcon_Necklace,Components/Icon_PictoIcons,Assets/ThirdParty/Layer Lab/GUI Pro-SuperCasual/ResourcesData/Sprites/Components/Icon_PictoIcons/512/PictoIcon_Necklace.Png,png
1402,PictoIcon_Night,Components/Icon_PictoIcons,Assets/ThirdParty/Layer Lab/GUI Pro-SuperCasual/ResourcesData/Sprites/Components/Icon_PictoIcons/512/PictoIcon_Night.Png,png
1403,PictoIcon_Note,Components/Icon_PictoIcons,Assets/ThirdParty/Layer Lab/GUI Pro-SuperCasual/ResourcesData/Sprites/Components/Icon_PictoIcons/512/PictoIcon_Note.Png,png
1404,PictoIcon_Object,Components/Icon_PictoIcons,Assets/ThirdParty/Layer Lab/GUI Pro-SuperCasual/ResourcesData/Sprites/Components/Icon_PictoIcons/512/PictoIcon_Object.Png,png
1405,PictoIcon_Page_Next,Components/Icon_PictoIcons,Assets/ThirdParty/Layer Lab/GUI Pro-SuperCasual/ResourcesData/Sprites/Components/Icon_PictoIcons/512/PictoIcon_Page_Next.Png,png
1406,PictoIcon_Page_Prev,Components/Icon_PictoIcons,Assets/ThirdParty/Layer Lab/GUI Pro-SuperCasual/ResourcesData/Sprites/Components/Icon_PictoIcons/512/PictoIcon_Page_Prev.Png,png
1407,PictoIcon_Paper_1,Components/Icon_PictoIcons,Assets/ThirdParty/Layer Lab/GUI Pro-SuperCasual/ResourcesData/Sprites/Components/Icon_PictoIcons/512/PictoIcon_Paper_1.Png,png
1408,PictoIcon_Paper_2,Components/Icon_PictoIcons,Assets/ThirdParty/Layer Lab/GUI Pro-SuperCasual/ResourcesData/Sprites/Components/Icon_PictoIcons/512/PictoIcon_Paper_2.Png,png
1409,PictoIcon_Path,Components/Icon_PictoIcons,Assets/ThirdParty/Layer Lab/GUI Pro-SuperCasual/ResourcesData/Sprites/Components/Icon_PictoIcons/512/PictoIcon_Path.Png,png
1410,PictoIcon_Pause_1,Components/Icon_PictoIcons,Assets/ThirdParty/Layer Lab/GUI Pro-SuperCasual/ResourcesData/Sprites/Components/Icon_PictoIcons/512/PictoIcon_Pause_1.Png,png
1411,PictoIcon_Pause_2,Components/Icon_PictoIcons,Assets/ThirdParty/Layer Lab/GUI Pro-SuperCasual/ResourcesData/Sprites/Components/Icon_PictoIcons/512/PictoIcon_Pause_2.Png,png
1412,PictoIcon_Paw,Components/Icon_PictoIcons,Assets/ThirdParty/Layer Lab/GUI Pro-SuperCasual/ResourcesData/Sprites/Components/Icon_PictoIcons/512/PictoIcon_Paw.Png,png
1413,PictoIcon_Pen,Components/Icon_PictoIcons,Assets/ThirdParty/Layer Lab/GUI Pro-SuperCasual/ResourcesData/Sprites/Components/Icon_PictoIcons/512/PictoIcon_Pen.Png,png
1414,PictoIcon_Pen_Feather,Components/Icon_PictoIcons,Assets/ThirdParty/Layer Lab/GUI Pro-SuperCasual/ResourcesData/Sprites/Components/Icon_PictoIcons/512/PictoIcon_Pen_Feather.Png,png
1415,PictoIcon_Pencil,Components/Icon_PictoIcons,Assets/ThirdParty/Layer Lab/GUI Pro-SuperCasual/ResourcesData/Sprites/Components/Icon_PictoIcons/512/PictoIcon_Pencil.Png,png
1416,PictoIcon_Phone,Components/Icon_PictoIcons,Assets/ThirdParty/Layer Lab/GUI Pro-SuperCasual/ResourcesData/Sprites/Components/Icon_PictoIcons/512/PictoIcon_Phone.Png,png
1417,PictoIcon_Photo_1,Components/Icon_PictoIcons,Assets/ThirdParty/Layer Lab/GUI Pro-SuperCasual/ResourcesData/Sprites/Components/Icon_PictoIcons/512/PictoIcon_Photo_1.Png,png
1418,PictoIcon_Photo_2,Components/Icon_PictoIcons,Assets/ThirdParty/Layer Lab/GUI Pro-SuperCasual/ResourcesData/Sprites/Components/Icon_PictoIcons/512/PictoIcon_Photo_2.Png,png
1419,PictoIcon_Pick,Components/Icon_PictoIcons,Assets/ThirdParty/Layer Lab/GUI Pro-SuperCasual/ResourcesData/Sprites/Components/Icon_PictoIcons/512/PictoIcon_Pick.Png,png
1420,PictoIcon_Pickax,Components/Icon_PictoIcons,Assets/ThirdParty/Layer Lab/GUI Pro-SuperCasual/ResourcesData/Sprites/Components/Icon_PictoIcons/512/PictoIcon_Pickax.Png,png
1421,PictoIcon_Plants,Components/Icon_PictoIcons,Assets/ThirdParty/Layer Lab/GUI Pro-SuperCasual/ResourcesData/Sprites/Components/Icon_PictoIcons/512/PictoIcon_Plants.Png,png
1422,PictoIcon_Play_1,Components/Icon_PictoIcons,Assets/ThirdParty/Layer Lab/GUI Pro-SuperCasual/ResourcesData/Sprites/Components/Icon_PictoIcons/512/PictoIcon_Play_1.Png,png
1423,PictoIcon_Play_2,Components/Icon_PictoIcons,Assets/ThirdParty/Layer Lab/GUI Pro-SuperCasual/ResourcesData/Sprites/Components/Icon_PictoIcons/512/PictoIcon_Play_2.Png,png
1424,PictoIcon_Plus_1,Components/Icon_PictoIcons,Assets/ThirdParty/Layer Lab/GUI Pro-SuperCasual/ResourcesData/Sprites/Components/Icon_PictoIcons/512/PictoIcon_Plus_1.Png,png
1425,PictoIcon_Plus_2,Components/Icon_PictoIcons,Assets/ThirdParty/Layer Lab/GUI Pro-SuperCasual/ResourcesData/Sprites/Components/Icon_PictoIcons/512/PictoIcon_Plus_2.Png,png
1426,PictoIcon_Potion_1,Components/Icon_PictoIcons,Assets/ThirdParty/Layer Lab/GUI Pro-SuperCasual/ResourcesData/Sprites/Components/Icon_PictoIcons/512/PictoIcon_Potion_1.Png,png
1427,PictoIcon_Potion_2,Components/Icon_PictoIcons,Assets/ThirdParty/Layer Lab/GUI Pro-SuperCasual/ResourcesData/Sprites/Components/Icon_PictoIcons/512/PictoIcon_Potion_2.Png,png
1428,PictoIcon_Potion_3,Components/Icon_PictoIcons,Assets/ThirdParty/Layer Lab/GUI Pro-SuperCasual/ResourcesData/Sprites/Components/Icon_PictoIcons/512/PictoIcon_Potion_3.Png,png
1429,PictoIcon_Pouch,Components/Icon_PictoIcons,Assets/ThirdParty/Layer Lab/GUI Pro-SuperCasual/ResourcesData/Sprites/Components/Icon_PictoIcons/512/PictoIcon_Pouch.Png,png
1430,PictoIcon_Power_1,Components/Icon_PictoIcons,Assets/ThirdParty/Layer Lab/GUI Pro-SuperCasual/ResourcesData/Sprites/Components/Icon_PictoIcons/512/PictoIcon_Power_1.Png,png
1431,PictoIcon_Power_2,Components/Icon_PictoIcons,Assets/ThirdParty/Layer Lab/GUI Pro-SuperCasual/ResourcesData/Sprites/Components/Icon_PictoIcons/512/PictoIcon_Power_2.Png,png
1432,PictoIcon_Power_Off,Components/Icon_PictoIcons,Assets/ThirdParty/Layer Lab/GUI Pro-SuperCasual/ResourcesData/Sprites/Components/Icon_PictoIcons/512/PictoIcon_Power_Off.Png,png
1433,PictoIcon_Rampart,Components/Icon_PictoIcons,Assets/ThirdParty/Layer Lab/GUI Pro-SuperCasual/ResourcesData/Sprites/Components/Icon_PictoIcons/512/PictoIcon_Rampart.Png,png
1434,PictoIcon_Rank_1,Components/Icon_PictoIcons,Assets/ThirdParty/Layer Lab/GUI Pro-SuperCasual/ResourcesData/Sprites/Components/Icon_PictoIcons/512/PictoIcon_Rank_1.Png,png
1435,PictoIcon_Rank_2,Components/Icon_PictoIcons,Assets/ThirdParty/Layer Lab/GUI Pro-SuperCasual/ResourcesData/Sprites/Components/Icon_PictoIcons/512/PictoIcon_Rank_2.Png,png
1436,PictoIcon_Recommendation,Components/Icon_PictoIcons,Assets/ThirdParty/Layer Lab/GUI Pro-SuperCasual/ResourcesData/Sprites/Components/Icon_PictoIcons/512/PictoIcon_Recommendation.Png,png
1437,PictoIcon_Recycle,Components/Icon_PictoIcons,Assets/ThirdParty/Layer Lab/GUI Pro-SuperCasual/ResourcesData/Sprites/Components/Icon_PictoIcons/512/PictoIcon_Recycle.Png,png
1438,PictoIcon_Refresh_1,Components/Icon_PictoIcons,Assets/ThirdParty/Layer Lab/GUI Pro-SuperCasual/ResourcesData/Sprites/Components/Icon_PictoIcons/512/PictoIcon_Refresh_1.Png,png
1439,PictoIcon_Refresh_2,Components/Icon_PictoIcons,Assets/ThirdParty/Layer Lab/GUI Pro-SuperCasual/ResourcesData/Sprites/Components/Icon_PictoIcons/512/PictoIcon_Refresh_2.Png,png
1440,PictoIcon_Refresh_3,Components/Icon_PictoIcons,Assets/ThirdParty/Layer Lab/GUI Pro-SuperCasual/ResourcesData/Sprites/Components/Icon_PictoIcons/512/PictoIcon_Refresh_3.Png,png
1441,PictoIcon_Refresh_4,Components/Icon_PictoIcons,Assets/ThirdParty/Layer Lab/GUI Pro-SuperCasual/ResourcesData/Sprites/Components/Icon_PictoIcons/512/PictoIcon_Refresh_4.Png,png
1442,PictoIcon_Ring,Components/Icon_PictoIcons,Assets/ThirdParty/Layer Lab/GUI Pro-SuperCasual/ResourcesData/Sprites/Components/Icon_PictoIcons/512/PictoIcon_Ring.Png,png
1443,PictoIcon_Roulette,Components/Icon_PictoIcons,Assets/ThirdParty/Layer Lab/GUI Pro-SuperCasual/ResourcesData/Sprites/Components/Icon_PictoIcons/512/PictoIcon_Roulette.Png,png
1444,PictoIcon_Safebox,Components/Icon_PictoIcons,Assets/ThirdParty/Layer Lab/GUI Pro-SuperCasual/ResourcesData/Sprites/Components/Icon_PictoIcons/512/PictoIcon_Safebox.Png,png
1445,PictoIcon_Sandglass,Components/Icon_PictoIcons,Assets/ThirdParty/Layer Lab/GUI Pro-SuperCasual/ResourcesData/Sprites/Components/Icon_PictoIcons/512/PictoIcon_Sandglass.Png,png
1446,PictoIcon_Saw,Components/Icon_PictoIcons,Assets/ThirdParty/Layer Lab/GUI Pro-SuperCasual/ResourcesData/Sprites/Components/Icon_PictoIcons/512/PictoIcon_Saw.Png,png
1447,PictoIcon_Scale,Components/Icon_PictoIcons,Assets/ThirdParty/Layer Lab/GUI Pro-SuperCasual/ResourcesData/Sprites/Components/Icon_PictoIcons/512/PictoIcon_Scale.Png,png
1448,PictoIcon_Scroll_Old,Components/Icon_PictoIcons,Assets/ThirdParty/Layer Lab/GUI Pro-SuperCasual/ResourcesData/Sprites/Components/Icon_PictoIcons/512/PictoIcon_Scroll_Old.Png,png
1449,PictoIcon_Search,Components/Icon_PictoIcons,Assets/ThirdParty/Layer Lab/GUI Pro-SuperCasual/ResourcesData/Sprites/Components/Icon_PictoIcons/512/PictoIcon_Search.Png,png
1450,PictoIcon_Security,Components/Icon_PictoIcons,Assets/ThirdParty/Layer Lab/GUI Pro-SuperCasual/ResourcesData/Sprites/Components/Icon_PictoIcons/512/PictoIcon_Security.Png,png
1451,PictoIcon_Setting,Components/Icon_PictoIcons,Assets/ThirdParty/Layer Lab/GUI Pro-SuperCasual/ResourcesData/Sprites/Components/Icon_PictoIcons/512/PictoIcon_Setting.Png,png
1452,PictoIcon_Share,Components/Icon_PictoIcons,Assets/ThirdParty/Layer Lab/GUI Pro-SuperCasual/ResourcesData/Sprites/Components/Icon_PictoIcons/512/PictoIcon_Share.Png,png
1453,PictoIcon_Sheos,Components/Icon_PictoIcons,Assets/ThirdParty/Layer Lab/GUI Pro-SuperCasual/ResourcesData/Sprites/Components/Icon_PictoIcons/512/PictoIcon_Sheos.Png,png
1454,PictoIcon_Sheos_Wing,Components/Icon_PictoIcons,Assets/ThirdParty/Layer Lab/GUI Pro-SuperCasual/ResourcesData/Sprites/Components/Icon_PictoIcons/512/PictoIcon_Sheos_Wing.Png,png
1455,PictoIcon_Sheriff,Components/Icon_PictoIcons,Assets/ThirdParty/Layer Lab/GUI Pro-SuperCasual/ResourcesData/Sprites/Components/Icon_PictoIcons/512/PictoIcon_Sheriff.Png,png
1456,PictoIcon_Shield_1,Components/Icon_PictoIcons,Assets/ThirdParty/Layer Lab/GUI Pro-SuperCasual/ResourcesData/Sprites/Components/Icon_PictoIcons/512/PictoIcon_Shield_1.Png,png
1457,PictoIcon_Shield_2,Components/Icon_PictoIcons,Assets/ThirdParty/Layer Lab/GUI Pro-SuperCasual/ResourcesData/Sprites/Components/Icon_PictoIcons/512/PictoIcon_Shield_2.Png,png
1458,PictoIcon_Shield_Viking,Components/Icon_PictoIcons,Assets/ThirdParty/Layer Lab/GUI Pro-SuperCasual/ResourcesData/Sprites/Components/Icon_PictoIcons/512/PictoIcon_Shield_Viking.Png,png
1459,PictoIcon_Ship,Components/Icon_PictoIcons,Assets/ThirdParty/Layer Lab/GUI Pro-SuperCasual/ResourcesData/Sprites/Components/Icon_PictoIcons/512/PictoIcon_Ship.Png,png
1460,PictoIcon_Shop_1,Components/Icon_PictoIcons,Assets/ThirdParty/Layer Lab/GUI Pro-SuperCasual/ResourcesData/Sprites/Components/Icon_PictoIcons/512/PictoIcon_Shop_1.Png,png
1461,PictoIcon_Shop_2,Components/Icon_PictoIcons,Assets/ThirdParty/Layer Lab/GUI Pro-SuperCasual/ResourcesData/Sprites/Components/Icon_PictoIcons/512/PictoIcon_Shop_2.Png,png
1462,PictoIcon_Shop_3,Components/Icon_PictoIcons,Assets/ThirdParty/Layer Lab/GUI Pro-SuperCasual/ResourcesData/Sprites/Components/Icon_PictoIcons/512/PictoIcon_Shop_3.Png,png
1463,PictoIcon_Shovel,Components/Icon_PictoIcons,Assets/ThirdParty/Layer Lab/GUI Pro-SuperCasual/ResourcesData/Sprites/Components/Icon_PictoIcons/512/PictoIcon_Shovel.Png,png
1464,PictoIcon_Sickle,Components/Icon_PictoIcons,Assets/ThirdParty/Layer Lab/GUI Pro-SuperCasual/ResourcesData/Sprites/Components/Icon_PictoIcons/512/PictoIcon_Sickle.Png,png
1465,PictoIcon_Sign,Components/Icon_PictoIcons,Assets/ThirdParty/Layer Lab/GUI Pro-SuperCasual/ResourcesData/Sprites/Components/Icon_PictoIcons/512/PictoIcon_Sign.Png,png
1466,PictoIcon_Skull,Components/Icon_PictoIcons,Assets/ThirdParty/Layer Lab/GUI Pro-SuperCasual/ResourcesData/Sprites/Components/Icon_PictoIcons/512/PictoIcon_Skull.Png,png
1467,PictoIcon_Sound,Components/Icon_PictoIcons,Assets/ThirdParty/Layer Lab/GUI Pro-SuperCasual/ResourcesData/Sprites/Components/Icon_PictoIcons/512/PictoIcon_Sound.Png,png
1468,PictoIcon_Sound_Off,Components/Icon_PictoIcons,Assets/ThirdParty/Layer Lab/GUI Pro-SuperCasual/ResourcesData/Sprites/Components/Icon_PictoIcons/512/PictoIcon_Sound_Off.Png,png
1469,PictoIcon_Star_1,Components/Icon_PictoIcons,Assets/ThirdParty/Layer Lab/GUI Pro-SuperCasual/ResourcesData/Sprites/Components/Icon_PictoIcons/512/PictoIcon_Star_1.Png,png
1470,PictoIcon_Star_2,Components/Icon_PictoIcons,Assets/ThirdParty/Layer Lab/GUI Pro-SuperCasual/ResourcesData/Sprites/Components/Icon_PictoIcons/512/PictoIcon_Star_2.Png,png
1471,PictoIcon_Star_3,Components/Icon_PictoIcons,Assets/ThirdParty/Layer Lab/GUI Pro-SuperCasual/ResourcesData/Sprites/Components/Icon_PictoIcons/512/PictoIcon_Star_3.Png,png
1472,PictoIcon_Star_Empty,Components/Icon_PictoIcons,Assets/ThirdParty/Layer Lab/GUI Pro-SuperCasual/ResourcesData/Sprites/Components/Icon_PictoIcons/512/PictoIcon_Star_Empty.Png,png
1473,PictoIcon_Step,Components/Icon_PictoIcons,Assets/ThirdParty/Layer Lab/GUI Pro-SuperCasual/ResourcesData/Sprites/Components/Icon_PictoIcons/512/PictoIcon_Step.Png,png
1474,PictoIcon_Stopwatch_1,Components/Icon_PictoIcons,Assets/ThirdParty/Layer Lab/GUI Pro-SuperCasual/ResourcesData/Sprites/Components/Icon_PictoIcons/512/PictoIcon_Stopwatch_1.Png,png
1475,PictoIcon_Stopwatch_2,Components/Icon_PictoIcons,Assets/ThirdParty/Layer Lab/GUI Pro-SuperCasual/ResourcesData/Sprites/Components/Icon_PictoIcons/512/PictoIcon_Stopwatch_2.Png,png
1476,PictoIcon_Storage,Components/Icon_PictoIcons,Assets/ThirdParty/Layer Lab/GUI Pro-SuperCasual/ResourcesData/Sprites/Components/Icon_PictoIcons/512/PictoIcon_Storage.Png,png
1477,PictoIcon_Sun,Components/Icon_PictoIcons,Assets/ThirdParty/Layer Lab/GUI Pro-SuperCasual/ResourcesData/Sprites/Components/Icon_PictoIcons/512/PictoIcon_Sun.Png,png
1478,PictoIcon_Switch,Components/Icon_PictoIcons,Assets/ThirdParty/Layer Lab/GUI Pro-SuperCasual/ResourcesData/Sprites/Components/Icon_PictoIcons/512/PictoIcon_Switch.Png,png
1479,PictoIcon_Sword_1,Components/Icon_PictoIcons,Assets/ThirdParty/Layer Lab/GUI Pro-SuperCasual/ResourcesData/Sprites/Components/Icon_PictoIcons/512/PictoIcon_Sword_1.Png,png
1480,PictoIcon_Sword_2,Components/Icon_PictoIcons,Assets/ThirdParty/Layer Lab/GUI Pro-SuperCasual/ResourcesData/Sprites/Components/Icon_PictoIcons/512/PictoIcon_Sword_2.Png,png
1481,PictoIcon_Tag,Components/Icon_PictoIcons,Assets/ThirdParty/Layer Lab/GUI Pro-SuperCasual/ResourcesData/Sprites/Components/Icon_PictoIcons/512/PictoIcon_Tag.Png,png
1482,PictoIcon_Target,Components/Icon_PictoIcons,Assets/ThirdParty/Layer Lab/GUI Pro-SuperCasual/ResourcesData/Sprites/Components/Icon_PictoIcons/512/PictoIcon_Target.Png,png
1483,PictoIcon_Telescope,Components/Icon_PictoIcons,Assets/ThirdParty/Layer Lab/GUI Pro-SuperCasual/ResourcesData/Sprites/Components/Icon_PictoIcons/512/PictoIcon_Telescope.Png,png
1484,PictoIcon_Temple,Components/Icon_PictoIcons,Assets/ThirdParty/Layer Lab/GUI Pro-SuperCasual/ResourcesData/Sprites/Components/Icon_PictoIcons/512/PictoIcon_Temple.Png,png
1485,PictoIcon_Ticket,Components/Icon_PictoIcons,Assets/ThirdParty/Layer Lab/GUI Pro-SuperCasual/ResourcesData/Sprites/Components/Icon_PictoIcons/512/PictoIcon_Ticket.Png,png
1486,PictoIcon_Tool_Fix,Components/Icon_PictoIcons,Assets/ThirdParty/Layer Lab/GUI Pro-SuperCasual/ResourcesData/Sprites/Components/Icon_PictoIcons/512/PictoIcon_Tool_Fix.Png,png
1487,PictoIcon_Top,Components/Icon_PictoIcons,Assets/ThirdParty/Layer Lab/GUI Pro-SuperCasual/ResourcesData/Sprites/Components/Icon_PictoIcons/512/PictoIcon_Top.Png,png
1488,PictoIcon_Trophy_1,Components/Icon_PictoIcons,Assets/ThirdParty/Layer Lab/GUI Pro-SuperCasual/ResourcesData/Sprites/Components/Icon_PictoIcons/512/PictoIcon_Trophy_1.Png,png
1489,PictoIcon_Trophy_2,Components/Icon_PictoIcons,Assets/ThirdParty/Layer Lab/GUI Pro-SuperCasual/ResourcesData/Sprites/Components/Icon_PictoIcons/512/PictoIcon_Trophy_2.Png,png
1490,PictoIcon_Tv,Components/Icon_PictoIcons,Assets/ThirdParty/Layer Lab/GUI Pro-SuperCasual/ResourcesData/Sprites/Components/Icon_PictoIcons/512/PictoIcon_Tv.Png,png
1491,PictoIcon_Typhoon,Components/Icon_PictoIcons,Assets/ThirdParty/Layer Lab/GUI Pro-SuperCasual/ResourcesData/Sprites/Components/Icon_PictoIcons/512/PictoIcon_Typhoon.Png,png
1492,PictoIcon_Under,Components/Icon_PictoIcons,Assets/ThirdParty/Layer Lab/GUI Pro-SuperCasual/ResourcesData/Sprites/Components/Icon_PictoIcons/512/PictoIcon_Under.Png,png
1493,PictoIcon_User,Components/Icon_PictoIcons,Assets/ThirdParty/Layer Lab/GUI Pro-SuperCasual/ResourcesData/Sprites/Components/Icon_PictoIcons/512/PictoIcon_User.Png,png
1494,PictoIcon_User_Add,Components/Icon_PictoIcons,Assets/ThirdParty/Layer Lab/GUI Pro-SuperCasual/ResourcesData/Sprites/Components/Icon_PictoIcons/512/PictoIcon_User_Add.Png,png
1495,PictoIcon_User_Info,Components/Icon_PictoIcons,Assets/ThirdParty/Layer Lab/GUI Pro-SuperCasual/ResourcesData/Sprites/Components/Icon_PictoIcons/512/PictoIcon_User_Info.Png,png
1496,PictoIcon_Video,Components/Icon_PictoIcons,Assets/ThirdParty/Layer Lab/GUI Pro-SuperCasual/ResourcesData/Sprites/Components/Icon_PictoIcons/512/PictoIcon_Video.Png,png
1497,PictoIcon_View,Components/Icon_PictoIcons,Assets/ThirdParty/Layer Lab/GUI Pro-SuperCasual/ResourcesData/Sprites/Components/Icon_PictoIcons/512/PictoIcon_View.Png,png
1498,PictoIcon_View_Off,Components/Icon_PictoIcons,Assets/ThirdParty/Layer Lab/GUI Pro-SuperCasual/ResourcesData/Sprites/Components/Icon_PictoIcons/512/PictoIcon_View_Off.Png,png
1499,PictoIcon_Vr,Components/Icon_PictoIcons,Assets/ThirdParty/Layer Lab/GUI Pro-SuperCasual/ResourcesData/Sprites/Components/Icon_PictoIcons/512/PictoIcon_Vr.Png,png
1500,PictoIcon_Warehouse,Components/Icon_PictoIcons,Assets/ThirdParty/Layer Lab/GUI Pro-SuperCasual/ResourcesData/Sprites/Components/Icon_PictoIcons/512/PictoIcon_Warehouse.Png,png
1501,PictoIcon_Water,Components/Icon_PictoIcons,Assets/ThirdParty/Layer Lab/GUI Pro-SuperCasual/ResourcesData/Sprites/Components/Icon_PictoIcons/512/PictoIcon_Water.Png,png
1502,PictoIcon_Wing,Components/Icon_PictoIcons,Assets/ThirdParty/Layer Lab/GUI Pro-SuperCasual/ResourcesData/Sprites/Components/Icon_PictoIcons/512/PictoIcon_Wing.Png,png
1503,PictoIcon_Wood,Components/Icon_PictoIcons,Assets/ThirdParty/Layer Lab/GUI Pro-SuperCasual/ResourcesData/Sprites/Components/Icon_PictoIcons/512/PictoIcon_Wood.Png,png
1504,PictoIcon_World,Components/Icon_PictoIcons,Assets/ThirdParty/Layer Lab/GUI Pro-SuperCasual/ResourcesData/Sprites/Components/Icon_PictoIcons/512/PictoIcon_World.Png,png
1505,PictoIcon_Zoom_In,Components/Icon_PictoIcons,Assets/ThirdParty/Layer Lab/GUI Pro-SuperCasual/ResourcesData/Sprites/Components/Icon_PictoIcons/512/PictoIcon_Zoom_In.Png,png
1506,PictoIcon_Zoom_Out,Components/Icon_PictoIcons,Assets/ThirdParty/Layer Lab/GUI Pro-SuperCasual/ResourcesData/Sprites/Components/Icon_PictoIcons/512/PictoIcon_Zoom_Out.Png,png
1507,PictoIcon_Again_1,Components/Icon_PictoIcons,Assets/ThirdParty/Layer Lab/GUI Pro-SuperCasual/ResourcesData/Sprites/Components/Icon_PictoIcons/64/PictoIcon_Again_1.Png,png
1508,PictoIcon_Again_2,Components/Icon_PictoIcons,Assets/ThirdParty/Layer Lab/GUI Pro-SuperCasual/ResourcesData/Sprites/Components/Icon_PictoIcons/64/PictoIcon_Again_2.Png,png
1509,PictoIcon_Aiming_1,Components/Icon_PictoIcons,Assets/ThirdParty/Layer Lab/GUI Pro-SuperCasual/ResourcesData/Sprites/Components/Icon_PictoIcons/64/PictoIcon_Aiming_1.Png,png
1510,PictoIcon_Aiming_2,Components/Icon_PictoIcons,Assets/ThirdParty/Layer Lab/GUI Pro-SuperCasual/ResourcesData/Sprites/Components/Icon_PictoIcons/64/PictoIcon_Aiming_2.Png,png
1511,PictoIcon_Alarm,Components/Icon_PictoIcons,Assets/ThirdParty/Layer Lab/GUI Pro-SuperCasual/ResourcesData/Sprites/Components/Icon_PictoIcons/64/PictoIcon_Alarm.Png,png
1512,PictoIcon_Anchor,Components/Icon_PictoIcons,Assets/ThirdParty/Layer Lab/GUI Pro-SuperCasual/ResourcesData/Sprites/Components/Icon_PictoIcons/64/PictoIcon_Anchor.Png,png
1513,PictoIcon_Archer,Components/Icon_PictoIcons,Assets/ThirdParty/Layer Lab/GUI Pro-SuperCasual/ResourcesData/Sprites/Components/Icon_PictoIcons/64/PictoIcon_Archer.Png,png
1514,PictoIcon_Armor,Components/Icon_PictoIcons,Assets/ThirdParty/Layer Lab/GUI Pro-SuperCasual/ResourcesData/Sprites/Components/Icon_PictoIcons/64/PictoIcon_Armor.Png,png
1515,PictoIcon_Arrow_Down,Components/Icon_PictoIcons,Assets/ThirdParty/Layer Lab/GUI Pro-SuperCasual/ResourcesData/Sprites/Components/Icon_PictoIcons/64/PictoIcon_Arrow_Down.Png,png
1516,PictoIcon_Arrow_Left_1,Components/Icon_PictoIcons,Assets/ThirdParty/Layer Lab/GUI Pro-SuperCasual/ResourcesData/Sprites/Components/Icon_PictoIcons/64/PictoIcon_Arrow_Left_1.Png,png
1517,PictoIcon_Arrow_Left_2,Components/Icon_PictoIcons,Assets/ThirdParty/Layer Lab/GUI Pro-SuperCasual/ResourcesData/Sprites/Components/Icon_PictoIcons/64/PictoIcon_Arrow_Left_2.Png,png
1518,PictoIcon_Arrow_Left_3,Components/Icon_PictoIcons,Assets/ThirdParty/Layer Lab/GUI Pro-SuperCasual/ResourcesData/Sprites/Components/Icon_PictoIcons/64/PictoIcon_Arrow_Left_3.Png,png
1519,PictoIcon_Arrow_Right_1,Components/Icon_PictoIcons,Assets/ThirdParty/Layer Lab/GUI Pro-SuperCasual/ResourcesData/Sprites/Components/Icon_PictoIcons/64/PictoIcon_Arrow_Right_1.Png,png
1520,PictoIcon_Arrow_Right_2,Components/Icon_PictoIcons,Assets/ThirdParty/Layer Lab/GUI Pro-SuperCasual/ResourcesData/Sprites/Components/Icon_PictoIcons/64/PictoIcon_Arrow_Right_2.Png,png
1521,PictoIcon_Arrow_Right_3,Components/Icon_PictoIcons,Assets/ThirdParty/Layer Lab/GUI Pro-SuperCasual/ResourcesData/Sprites/Components/Icon_PictoIcons/64/PictoIcon_Arrow_Right_3.Png,png
1522,PictoIcon_Arrow_Up,Components/Icon_PictoIcons,Assets/ThirdParty/Layer Lab/GUI Pro-SuperCasual/ResourcesData/Sprites/Components/Icon_PictoIcons/64/PictoIcon_Arrow_Up.Png,png
1523,PictoIcon_At,Components/Icon_PictoIcons,Assets/ThirdParty/Layer Lab/GUI Pro-SuperCasual/ResourcesData/Sprites/Components/Icon_PictoIcons/64/PictoIcon_At.Png,png
1524,PictoIcon_Attack,Components/Icon_PictoIcons,Assets/ThirdParty/Layer Lab/GUI Pro-SuperCasual/ResourcesData/Sprites/Components/Icon_PictoIcons/64/PictoIcon_Attack.Png,png
1525,PictoIcon_Ax,Components/Icon_PictoIcons,Assets/ThirdParty/Layer Lab/GUI Pro-SuperCasual/ResourcesData/Sprites/Components/Icon_PictoIcons/64/PictoIcon_Ax.Png,png
1526,PictoIcon_Ax_Double,Components/Icon_PictoIcons,Assets/ThirdParty/Layer Lab/GUI Pro-SuperCasual/ResourcesData/Sprites/Components/Icon_PictoIcons/64/PictoIcon_Ax_Double.Png,png
1527,PictoIcon_Back_1,Components/Icon_PictoIcons,Assets/ThirdParty/Layer Lab/GUI Pro-SuperCasual/ResourcesData/Sprites/Components/Icon_PictoIcons/64/PictoIcon_Back_1.Png,png
1528,PictoIcon_Back_2,Components/Icon_PictoIcons,Assets/ThirdParty/Layer Lab/GUI Pro-SuperCasual/ResourcesData/Sprites/Components/Icon_PictoIcons/64/PictoIcon_Back_2.Png,png
1529,PictoIcon_Badge,Components/Icon_PictoIcons,Assets/ThirdParty/Layer Lab/GUI Pro-SuperCasual/ResourcesData/Sprites/Components/Icon_PictoIcons/64/PictoIcon_Badge.Png,png
1530,PictoIcon_Bag,Components/Icon_PictoIcons,Assets/ThirdParty/Layer Lab/GUI Pro-SuperCasual/ResourcesData/Sprites/Components/Icon_PictoIcons/64/PictoIcon_Bag.Png,png
1531,PictoIcon_Bank,Components/Icon_PictoIcons,Assets/ThirdParty/Layer Lab/GUI Pro-SuperCasual/ResourcesData/Sprites/Components/Icon_PictoIcons/64/PictoIcon_Bank.Png,png
1532,PictoIcon_Basket,Components/Icon_PictoIcons,Assets/ThirdParty/Layer Lab/GUI Pro-SuperCasual/ResourcesData/Sprites/Components/Icon_PictoIcons/64/PictoIcon_Basket.Png,png
1533,PictoIcon_Battery_Charge,Components/Icon_PictoIcons,Assets/ThirdParty/Layer Lab/GUI Pro-SuperCasual/ResourcesData/Sprites/Components/Icon_PictoIcons/64/PictoIcon_Battery_Charge.Png,png
1534,PictoIcon_Battle,Components/Icon_PictoIcons,Assets/ThirdParty/Layer Lab/GUI Pro-SuperCasual/ResourcesData/Sprites/Components/Icon_PictoIcons/64/PictoIcon_Battle.Png,png
1535,PictoIcon_Bell,Components/Icon_PictoIcons,Assets/ThirdParty/Layer Lab/GUI Pro-SuperCasual/ResourcesData/Sprites/Components/Icon_PictoIcons/64/PictoIcon_Bell.Png,png
1536,PictoIcon_Bell_Off,Components/Icon_PictoIcons,Assets/ThirdParty/Layer Lab/GUI Pro-SuperCasual/ResourcesData/Sprites/Components/Icon_PictoIcons/64/PictoIcon_Bell_Off.Png,png
1537,PictoIcon_Bell_On,Components/Icon_PictoIcons,Assets/ThirdParty/Layer Lab/GUI Pro-SuperCasual/ResourcesData/Sprites/Components/Icon_PictoIcons/64/PictoIcon_Bell_On.Png,png
1538,PictoIcon_Bell_Sleep,Components/Icon_PictoIcons,Assets/ThirdParty/Layer Lab/GUI Pro-SuperCasual/ResourcesData/Sprites/Components/Icon_PictoIcons/64/PictoIcon_Bell_Sleep.Png,png
1539,PictoIcon_Blacksmith,Components/Icon_PictoIcons,Assets/ThirdParty/Layer Lab/GUI Pro-SuperCasual/ResourcesData/Sprites/Components/Icon_PictoIcons/64/PictoIcon_Blacksmith.Png,png
1540,PictoIcon_Block,Components/Icon_PictoIcons,Assets/ThirdParty/Layer Lab/GUI Pro-SuperCasual/ResourcesData/Sprites/Components/Icon_PictoIcons/64/PictoIcon_Block.Png,png
1541,PictoIcon_Bluetooth,Components/Icon_PictoIcons,Assets/ThirdParty/Layer Lab/GUI Pro-SuperCasual/ResourcesData/Sprites/Components/Icon_PictoIcons/64/PictoIcon_Bluetooth.Png,png
1542,PictoIcon_Bomb_1,Components/Icon_PictoIcons,Assets/ThirdParty/Layer Lab/GUI Pro-SuperCasual/ResourcesData/Sprites/Components/Icon_PictoIcons/64/PictoIcon_Bomb_1.Png,png
1543,PictoIcon_Bomb_2,Components/Icon_PictoIcons,Assets/ThirdParty/Layer Lab/GUI Pro-SuperCasual/ResourcesData/Sprites/Components/Icon_PictoIcons/64/PictoIcon_Bomb_2.Png,png
1544,PictoIcon_Book_1,Components/Icon_PictoIcons,Assets/ThirdParty/Layer Lab/GUI Pro-SuperCasual/ResourcesData/Sprites/Components/Icon_PictoIcons/64/PictoIcon_Book_1.Png,png
1545,PictoIcon_Book_2,Components/Icon_PictoIcons,Assets/ThirdParty/Layer Lab/GUI Pro-SuperCasual/ResourcesData/Sprites/Components/Icon_PictoIcons/64/PictoIcon_Book_2.Png,png
1546,PictoIcon_Book_3,Components/Icon_PictoIcons,Assets/ThirdParty/Layer Lab/GUI Pro-SuperCasual/ResourcesData/Sprites/Components/Icon_PictoIcons/64/PictoIcon_Book_3.Png,png
1547,PictoIcon_Boots,Components/Icon_PictoIcons,Assets/ThirdParty/Layer Lab/GUI Pro-SuperCasual/ResourcesData/Sprites/Components/Icon_PictoIcons/64/PictoIcon_Boots.Png,png
1548,PictoIcon_Boss,Components/Icon_PictoIcons,Assets/ThirdParty/Layer Lab/GUI Pro-SuperCasual/ResourcesData/Sprites/Components/Icon_PictoIcons/64/PictoIcon_Boss.Png,png
1549,PictoIcon_Bow,Components/Icon_PictoIcons,Assets/ThirdParty/Layer Lab/GUI Pro-SuperCasual/ResourcesData/Sprites/Components/Icon_PictoIcons/64/PictoIcon_Bow.Png,png
1550,PictoIcon_Brief_Bag,Components/Icon_PictoIcons,Assets/ThirdParty/Layer Lab/GUI Pro-SuperCasual/ResourcesData/Sprites/Components/Icon_PictoIcons/64/PictoIcon_Brief_Bag.Png,png
1551,PictoIcon_Brush,Components/Icon_PictoIcons,Assets/ThirdParty/Layer Lab/GUI Pro-SuperCasual/ResourcesData/Sprites/Components/Icon_PictoIcons/64/PictoIcon_Brush.Png,png
1552,PictoIcon_Bulb,Components/Icon_PictoIcons,Assets/ThirdParty/Layer Lab/GUI Pro-SuperCasual/ResourcesData/Sprites/Components/Icon_PictoIcons/64/PictoIcon_Bulb.Png,png
1553,PictoIcon_Bulb_Charge,Components/Icon_PictoIcons,Assets/ThirdParty/Layer Lab/GUI Pro-SuperCasual/ResourcesData/Sprites/Components/Icon_PictoIcons/64/PictoIcon_Bulb_Charge.Png,png
1554,PictoIcon_Bullet,Components/Icon_PictoIcons,Assets/ThirdParty/Layer Lab/GUI Pro-SuperCasual/ResourcesData/Sprites/Components/Icon_PictoIcons/64/PictoIcon_Bullet.Png,png
1555,PictoIcon_Calendar,Components/Icon_PictoIcons,Assets/ThirdParty/Layer Lab/GUI Pro-SuperCasual/ResourcesData/Sprites/Components/Icon_PictoIcons/64/PictoIcon_Calendar.Png,png
1556,PictoIcon_Camera,Components/Icon_PictoIcons,Assets/ThirdParty/Layer Lab/GUI Pro-SuperCasual/ResourcesData/Sprites/Components/Icon_PictoIcons/64/PictoIcon_Camera.Png,png
1557,PictoIcon_Camera_Off,Components/Icon_PictoIcons,Assets/ThirdParty/Layer Lab/GUI Pro-SuperCasual/ResourcesData/Sprites/Components/Icon_PictoIcons/64/PictoIcon_Camera_Off.Png,png
1558,PictoIcon_Cap,Components/Icon_PictoIcons,Assets/ThirdParty/Layer Lab/GUI Pro-SuperCasual/ResourcesData/Sprites/Components/Icon_PictoIcons/64/PictoIcon_Cap.Png,png
1559,PictoIcon_Card_1,Components/Icon_PictoIcons,Assets/ThirdParty/Layer Lab/GUI Pro-SuperCasual/ResourcesData/Sprites/Components/Icon_PictoIcons/64/PictoIcon_Card_1.Png,png
1560,PictoIcon_Card_2,Components/Icon_PictoIcons,Assets/ThirdParty/Layer Lab/GUI Pro-SuperCasual/ResourcesData/Sprites/Components/Icon_PictoIcons/64/PictoIcon_Card_2.Png,png
1561,PictoIcon_Cart_1,Components/Icon_PictoIcons,Assets/ThirdParty/Layer Lab/GUI Pro-SuperCasual/ResourcesData/Sprites/Components/Icon_PictoIcons/64/PictoIcon_Cart_1.Png,png
1562,PictoIcon_Cart_2,Components/Icon_PictoIcons,Assets/ThirdParty/Layer Lab/GUI Pro-SuperCasual/ResourcesData/Sprites/Components/Icon_PictoIcons/64/PictoIcon_Cart_2.Png,png
1563,PictoIcon_Castle,Components/Icon_PictoIcons,Assets/ThirdParty/Layer Lab/GUI Pro-SuperCasual/ResourcesData/Sprites/Components/Icon_PictoIcons/64/PictoIcon_Castle.Png,png
1564,PictoIcon_Caution,Components/Icon_PictoIcons,Assets/ThirdParty/Layer Lab/GUI Pro-SuperCasual/ResourcesData/Sprites/Components/Icon_PictoIcons/64/PictoIcon_Caution.Png,png
1565,PictoIcon_Certification,Components/Icon_PictoIcons,Assets/ThirdParty/Layer Lab/GUI Pro-SuperCasual/ResourcesData/Sprites/Components/Icon_PictoIcons/64/PictoIcon_Certification.Png,png
1566,PictoIcon_Change,Components/Icon_PictoIcons,Assets/ThirdParty/Layer Lab/GUI Pro-SuperCasual/ResourcesData/Sprites/Components/Icon_PictoIcons/64/PictoIcon_Change.Png,png
1567,PictoIcon_Chat_1,Components/Icon_PictoIcons,Assets/ThirdParty/Layer Lab/GUI Pro-SuperCasual/ResourcesData/Sprites/Components/Icon_PictoIcons/64/PictoIcon_Chat_1.Png,png
1568,PictoIcon_Chat_2,Components/Icon_PictoIcons,Assets/ThirdParty/Layer Lab/GUI Pro-SuperCasual/ResourcesData/Sprites/Components/Icon_PictoIcons/64/PictoIcon_Chat_2.Png,png
1569,PictoIcon_Check_1,Components/Icon_PictoIcons,Assets/ThirdParty/Layer Lab/GUI Pro-SuperCasual/ResourcesData/Sprites/Components/Icon_PictoIcons/64/PictoIcon_Check_1.Png,png
1570,PictoIcon_Check_2,Components/Icon_PictoIcons,Assets/ThirdParty/Layer Lab/GUI Pro-SuperCasual/ResourcesData/Sprites/Components/Icon_PictoIcons/64/PictoIcon_Check_2.Png,png
1571,PictoIcon_Chest,Components/Icon_PictoIcons,Assets/ThirdParty/Layer Lab/GUI Pro-SuperCasual/ResourcesData/Sprites/Components/Icon_PictoIcons/64/PictoIcon_Chest.Png,png
1572,PictoIcon_Chisel,Components/Icon_PictoIcons,Assets/ThirdParty/Layer Lab/GUI Pro-SuperCasual/ResourcesData/Sprites/Components/Icon_PictoIcons/64/PictoIcon_Chisel.Png,png
1573,PictoIcon_Class_A,Components/Icon_PictoIcons,Assets/ThirdParty/Layer Lab/GUI Pro-SuperCasual/ResourcesData/Sprites/Components/Icon_PictoIcons/64/PictoIcon_Class_A.Png,png
1574,PictoIcon_Class_B,Components/Icon_PictoIcons,Assets/ThirdParty/Layer Lab/GUI Pro-SuperCasual/ResourcesData/Sprites/Components/Icon_PictoIcons/64/PictoIcon_Class_B.Png,png
1575,PictoIcon_Class_C,Components/Icon_PictoIcons,Assets/ThirdParty/Layer Lab/GUI Pro-SuperCasual/ResourcesData/Sprites/Components/Icon_PictoIcons/64/PictoIcon_Class_C.Png,png
1576,PictoIcon_Class_D,Components/Icon_PictoIcons,Assets/ThirdParty/Layer Lab/GUI Pro-SuperCasual/ResourcesData/Sprites/Components/Icon_PictoIcons/64/PictoIcon_Class_D.Png,png
1577,PictoIcon_Class_S,Components/Icon_PictoIcons,Assets/ThirdParty/Layer Lab/GUI Pro-SuperCasual/ResourcesData/Sprites/Components/Icon_PictoIcons/64/PictoIcon_Class_S.Png,png
1578,PictoIcon_Class_Ss,Components/Icon_PictoIcons,Assets/ThirdParty/Layer Lab/GUI Pro-SuperCasual/ResourcesData/Sprites/Components/Icon_PictoIcons/64/PictoIcon_Class_Ss.Png,png
1579,PictoIcon_Clock_1,Components/Icon_PictoIcons,Assets/ThirdParty/Layer Lab/GUI Pro-SuperCasual/ResourcesData/Sprites/Components/Icon_PictoIcons/64/PictoIcon_Clock_1.Png,png
1580,PictoIcon_Clock_2,Components/Icon_PictoIcons,Assets/ThirdParty/Layer Lab/GUI Pro-SuperCasual/ResourcesData/Sprites/Components/Icon_PictoIcons/64/PictoIcon_Clock_2.Png,png
1581,PictoIcon_Closet,Components/Icon_PictoIcons,Assets/ThirdParty/Layer Lab/GUI Pro-SuperCasual/ResourcesData/Sprites/Components/Icon_PictoIcons/64/PictoIcon_Closet.Png,png
1582,PictoIcon_Clothes,Components/Icon_PictoIcons,Assets/ThirdParty/Layer Lab/GUI Pro-SuperCasual/ResourcesData/Sprites/Components/Icon_PictoIcons/64/PictoIcon_Clothes.Png,png
1583,PictoIcon_Coin,Components/Icon_PictoIcons,Assets/ThirdParty/Layer Lab/GUI Pro-SuperCasual/ResourcesData/Sprites/Components/Icon_PictoIcons/64/PictoIcon_Coin.Png,png
1584,PictoIcon_Coin_Star,Components/Icon_PictoIcons,Assets/ThirdParty/Layer Lab/GUI Pro-SuperCasual/ResourcesData/Sprites/Components/Icon_PictoIcons/64/PictoIcon_Coin_Star.Png,png
1585,PictoIcon_Compass,Components/Icon_PictoIcons,Assets/ThirdParty/Layer Lab/GUI Pro-SuperCasual/ResourcesData/Sprites/Components/Icon_PictoIcons/64/PictoIcon_Compass.Png,png
1586,PictoIcon_Console_1,Components/Icon_PictoIcons,Assets/ThirdParty/Layer Lab/GUI Pro-SuperCasual/ResourcesData/Sprites/Components/Icon_PictoIcons/64/PictoIcon_Console_1.Png,png
1587,PictoIcon_Console_2,Components/Icon_PictoIcons,Assets/ThirdParty/Layer Lab/GUI Pro-SuperCasual/ResourcesData/Sprites/Components/Icon_PictoIcons/64/PictoIcon_Console_2.Png,png
1588,PictoIcon_Contraction,Components/Icon_PictoIcons,Assets/ThirdParty/Layer Lab/GUI Pro-SuperCasual/ResourcesData/Sprites/Components/Icon_PictoIcons/64/PictoIcon_Contraction.Png,png
1589,PictoIcon_Cooking,Components/Icon_PictoIcons,Assets/ThirdParty/Layer Lab/GUI Pro-SuperCasual/ResourcesData/Sprites/Components/Icon_PictoIcons/64/PictoIcon_Cooking.Png,png
1590,PictoIcon_Copy,Components/Icon_PictoIcons,Assets/ThirdParty/Layer Lab/GUI Pro-SuperCasual/ResourcesData/Sprites/Components/Icon_PictoIcons/64/PictoIcon_Copy.Png,png
1591,PictoIcon_Costume,Components/Icon_PictoIcons,Assets/ThirdParty/Layer Lab/GUI Pro-SuperCasual/ResourcesData/Sprites/Components/Icon_PictoIcons/64/PictoIcon_Costume.Png,png
1592,PictoIcon_Critical_1,Components/Icon_PictoIcons,Assets/ThirdParty/Layer Lab/GUI Pro-SuperCasual/ResourcesData/Sprites/Components/Icon_PictoIcons/64/PictoIcon_Critical_1.Png,png
1593,PictoIcon_Critical_2,Components/Icon_PictoIcons,Assets/ThirdParty/Layer Lab/GUI Pro-SuperCasual/ResourcesData/Sprites/Components/Icon_PictoIcons/64/PictoIcon_Critical_2.Png,png
1594,PictoIcon_Critical_3,Components/Icon_PictoIcons,Assets/ThirdParty/Layer Lab/GUI Pro-SuperCasual/ResourcesData/Sprites/Components/Icon_PictoIcons/64/PictoIcon_Critical_3.Png,png
1595,PictoIcon_Crown_1,Components/Icon_PictoIcons,Assets/ThirdParty/Layer Lab/GUI Pro-SuperCasual/ResourcesData/Sprites/Components/Icon_PictoIcons/64/PictoIcon_Crown_1.Png,png
1596,PictoIcon_Crown_2,Components/Icon_PictoIcons,Assets/ThirdParty/Layer Lab/GUI Pro-SuperCasual/ResourcesData/Sprites/Components/Icon_PictoIcons/64/PictoIcon_Crown_2.Png,png
1597,PictoIcon_Crystal,Components/Icon_PictoIcons,Assets/ThirdParty/Layer Lab/GUI Pro-SuperCasual/ResourcesData/Sprites/Components/Icon_PictoIcons/64/PictoIcon_Crystal.Png,png
1598,PictoIcon_Delete,Components/Icon_PictoIcons,Assets/ThirdParty/Layer Lab/GUI Pro-SuperCasual/ResourcesData/Sprites/Components/Icon_PictoIcons/64/PictoIcon_Delete.Png,png
1599,PictoIcon_Diamond,Components/Icon_PictoIcons,Assets/ThirdParty/Layer Lab/GUI Pro-SuperCasual/ResourcesData/Sprites/Components/Icon_PictoIcons/64/PictoIcon_Diamond.Png,png
1600,PictoIcon_Dice,Components/Icon_PictoIcons,Assets/ThirdParty/Layer Lab/GUI Pro-SuperCasual/ResourcesData/Sprites/Components/Icon_PictoIcons/64/PictoIcon_Dice.Png,png
1601,PictoIcon_Direction_1,Components/Icon_PictoIcons,Assets/ThirdParty/Layer Lab/GUI Pro-SuperCasual/ResourcesData/Sprites/Components/Icon_PictoIcons/64/PictoIcon_Direction_1.Png,png
1602,PictoIcon_Direction_2,Components/Icon_PictoIcons,Assets/ThirdParty/Layer Lab/GUI Pro-SuperCasual/ResourcesData/Sprites/Components/Icon_PictoIcons/64/PictoIcon_Direction_2.Png,png
1603,PictoIcon_Discount,Components/Icon_PictoIcons,Assets/ThirdParty/Layer Lab/GUI Pro-SuperCasual/ResourcesData/Sprites/Components/Icon_PictoIcons/64/PictoIcon_Discount.Png,png
1604,PictoIcon_Dollar_1,Components/Icon_PictoIcons,Assets/ThirdParty/Layer Lab/GUI Pro-SuperCasual/ResourcesData/Sprites/Components/Icon_PictoIcons/64/PictoIcon_Dollar_1.Png,png
1605,PictoIcon_Dollar_2,Components/Icon_PictoIcons,Assets/ThirdParty/Layer Lab/GUI Pro-SuperCasual/ResourcesData/Sprites/Components/Icon_PictoIcons/64/PictoIcon_Dollar_2.Png,png
1606,PictoIcon_Download,Components/Icon_PictoIcons,Assets/ThirdParty/Layer Lab/GUI Pro-SuperCasual/ResourcesData/Sprites/Components/Icon_PictoIcons/64/PictoIcon_Download.Png,png
1607,PictoIcon_Earth,Components/Icon_PictoIcons,Assets/ThirdParty/Layer Lab/GUI Pro-SuperCasual/ResourcesData/Sprites/Components/Icon_PictoIcons/64/PictoIcon_Earth.Png,png
1608,PictoIcon_Earth_Pin,Components/Icon_PictoIcons,Assets/ThirdParty/Layer Lab/GUI Pro-SuperCasual/ResourcesData/Sprites/Components/Icon_PictoIcons/64/PictoIcon_Earth_Pin.Png,png
1609,PictoIcon_Effect,Components/Icon_PictoIcons,Assets/ThirdParty/Layer Lab/GUI Pro-SuperCasual/ResourcesData/Sprites/Components/Icon_PictoIcons/64/PictoIcon_Effect.Png,png
1610,PictoIcon_Energy_1,Components/Icon_PictoIcons,Assets/ThirdParty/Layer Lab/GUI Pro-SuperCasual/ResourcesData/Sprites/Components/Icon_PictoIcons/64/PictoIcon_Energy_1.Png,png
1611,PictoIcon_Energy_2,Components/Icon_PictoIcons,Assets/ThirdParty/Layer Lab/GUI Pro-SuperCasual/ResourcesData/Sprites/Components/Icon_PictoIcons/64/PictoIcon_Energy_2.Png,png
1612,PictoIcon_Exit,Components/Icon_PictoIcons,Assets/ThirdParty/Layer Lab/GUI Pro-SuperCasual/ResourcesData/Sprites/Components/Icon_PictoIcons/64/PictoIcon_Exit.Png,png
1613,PictoIcon_Exit_1,Components/Icon_PictoIcons,Assets/ThirdParty/Layer Lab/GUI Pro-SuperCasual/ResourcesData/Sprites/Components/Icon_PictoIcons/64/PictoIcon_Exit_1.Png,png
1614,PictoIcon_Exit_2,Components/Icon_PictoIcons,Assets/ThirdParty/Layer Lab/GUI Pro-SuperCasual/ResourcesData/Sprites/Components/Icon_PictoIcons/64/PictoIcon_Exit_2.Png,png
1615,PictoIcon_Exp,Components/Icon_PictoIcons,Assets/ThirdParty/Layer Lab/GUI Pro-SuperCasual/ResourcesData/Sprites/Components/Icon_PictoIcons/64/PictoIcon_Exp.Png,png
1616,PictoIcon_Expansion,Components/Icon_PictoIcons,Assets/ThirdParty/Layer Lab/GUI Pro-SuperCasual/ResourcesData/Sprites/Components/Icon_PictoIcons/64/PictoIcon_Expansion.Png,png
1617,PictoIcon_Face,Components/Icon_PictoIcons,Assets/ThirdParty/Layer Lab/GUI Pro-SuperCasual/ResourcesData/Sprites/Components/Icon_PictoIcons/64/PictoIcon_Face.Png,png
1618,PictoIcon_Faint,Components/Icon_PictoIcons,Assets/ThirdParty/Layer Lab/GUI Pro-SuperCasual/ResourcesData/Sprites/Components/Icon_PictoIcons/64/PictoIcon_Faint.Png,png
1619,PictoIcon_Female,Components/Icon_PictoIcons,Assets/ThirdParty/Layer Lab/GUI Pro-SuperCasual/ResourcesData/Sprites/Components/Icon_PictoIcons/64/PictoIcon_Female.Png,png
1620,PictoIcon_Fire,Components/Icon_PictoIcons,Assets/ThirdParty/Layer Lab/GUI Pro-SuperCasual/ResourcesData/Sprites/Components/Icon_PictoIcons/64/PictoIcon_Fire.Png,png
1621,PictoIcon_Firework,Components/Icon_PictoIcons,Assets/ThirdParty/Layer Lab/GUI Pro-SuperCasual/ResourcesData/Sprites/Components/Icon_PictoIcons/64/PictoIcon_Firework.Png,png
1622,PictoIcon_Fish,Components/Icon_PictoIcons,Assets/ThirdParty/Layer Lab/GUI Pro-SuperCasual/ResourcesData/Sprites/Components/Icon_PictoIcons/64/PictoIcon_Fish.Png,png
1623,PictoIcon_Fishing,Components/Icon_PictoIcons,Assets/ThirdParty/Layer Lab/GUI Pro-SuperCasual/ResourcesData/Sprites/Components/Icon_PictoIcons/64/PictoIcon_Fishing.Png,png
1624,PictoIcon_Flag,Components/Icon_PictoIcons,Assets/ThirdParty/Layer Lab/GUI Pro-SuperCasual/ResourcesData/Sprites/Components/Icon_PictoIcons/64/PictoIcon_Flag.Png,png
1625,PictoIcon_Float,Components/Icon_PictoIcons,Assets/ThirdParty/Layer Lab/GUI Pro-SuperCasual/ResourcesData/Sprites/Components/Icon_PictoIcons/64/PictoIcon_Float.Png,png
1626,PictoIcon_Food,Components/Icon_PictoIcons,Assets/ThirdParty/Layer Lab/GUI Pro-SuperCasual/ResourcesData/Sprites/Components/Icon_PictoIcons/64/PictoIcon_Food.Png,png
1627,PictoIcon_Freezee,Components/Icon_PictoIcons,Assets/ThirdParty/Layer Lab/GUI Pro-SuperCasual/ResourcesData/Sprites/Components/Icon_PictoIcons/64/PictoIcon_Freezee.Png,png
1628,PictoIcon_Friends,Components/Icon_PictoIcons,Assets/ThirdParty/Layer Lab/GUI Pro-SuperCasual/ResourcesData/Sprites/Components/Icon_PictoIcons/64/PictoIcon_Friends.Png,png
1629,PictoIcon_Gallery,Components/Icon_PictoIcons,Assets/ThirdParty/Layer Lab/GUI Pro-SuperCasual/ResourcesData/Sprites/Components/Icon_PictoIcons/64/PictoIcon_Gallery.Png,png
1630,PictoIcon_Game,Components/Icon_PictoIcons,Assets/ThirdParty/Layer Lab/GUI Pro-SuperCasual/ResourcesData/Sprites/Components/Icon_PictoIcons/64/PictoIcon_Game.Png,png
1631,PictoIcon_Gear,Components/Icon_PictoIcons,Assets/ThirdParty/Layer Lab/GUI Pro-SuperCasual/ResourcesData/Sprites/Components/Icon_PictoIcons/64/PictoIcon_Gear.Png,png
1632,PictoIcon_Gift,Components/Icon_PictoIcons,Assets/ThirdParty/Layer Lab/GUI Pro-SuperCasual/ResourcesData/Sprites/Components/Icon_PictoIcons/64/PictoIcon_Gift.Png,png
1633,PictoIcon_Glasses,Components/Icon_PictoIcons,Assets/ThirdParty/Layer Lab/GUI Pro-SuperCasual/ResourcesData/Sprites/Components/Icon_PictoIcons/64/PictoIcon_Glasses.Png,png
1634,PictoIcon_Globe,Components/Icon_PictoIcons,Assets/ThirdParty/Layer Lab/GUI Pro-SuperCasual/ResourcesData/Sprites/Components/Icon_PictoIcons/64/PictoIcon_Globe.Png,png
1635,PictoIcon_Graduation_Cap,Components/Icon_PictoIcons,Assets/ThirdParty/Layer Lab/GUI Pro-SuperCasual/ResourcesData/Sprites/Components/Icon_PictoIcons/64/PictoIcon_Graduation_Cap.Png,png
1636,PictoIcon_Hammer,Components/Icon_PictoIcons,Assets/ThirdParty/Layer Lab/GUI Pro-SuperCasual/ResourcesData/Sprites/Components/Icon_PictoIcons/64/PictoIcon_Hammer.Png,png
1637,PictoIcon_Hammer_Claw,Components/Icon_PictoIcons,Assets/ThirdParty/Layer Lab/GUI Pro-SuperCasual/ResourcesData/Sprites/Components/Icon_PictoIcons/64/PictoIcon_Hammer_Claw.Png,png
1638,PictoIcon_Hand_Touch,Components/Icon_PictoIcons,Assets/ThirdParty/Layer Lab/GUI Pro-SuperCasual/ResourcesData/Sprites/Components/Icon_PictoIcons/64/PictoIcon_Hand_Touch.Png,png
1639,PictoIcon_Hanger,Components/Icon_PictoIcons,Assets/ThirdParty/Layer Lab/GUI Pro-SuperCasual/ResourcesData/Sprites/Components/Icon_PictoIcons/64/PictoIcon_Hanger.Png,png
1640,PictoIcon_Hat,Components/Icon_PictoIcons,Assets/ThirdParty/Layer Lab/GUI Pro-SuperCasual/ResourcesData/Sprites/Components/Icon_PictoIcons/64/PictoIcon_Hat.Png,png
1641,PictoIcon_Headset,Components/Icon_PictoIcons,Assets/ThirdParty/Layer Lab/GUI Pro-SuperCasual/ResourcesData/Sprites/Components/Icon_PictoIcons/64/PictoIcon_Headset.Png,png
1642,PictoIcon_Heart,Components/Icon_PictoIcons,Assets/ThirdParty/Layer Lab/GUI Pro-SuperCasual/ResourcesData/Sprites/Components/Icon_PictoIcons/64/PictoIcon_Heart.Png,png
1643,PictoIcon_Heart_Add,Components/Icon_PictoIcons,Assets/ThirdParty/Layer Lab/GUI Pro-SuperCasual/ResourcesData/Sprites/Components/Icon_PictoIcons/64/PictoIcon_Heart_Add.Png,png
1644,PictoIcon_Heart_Empty,Components/Icon_PictoIcons,Assets/ThirdParty/Layer Lab/GUI Pro-SuperCasual/ResourcesData/Sprites/Components/Icon_PictoIcons/64/PictoIcon_Heart_Empty.Png,png
1645,PictoIcon_Helmet_1,Components/Icon_PictoIcons,Assets/ThirdParty/Layer Lab/GUI Pro-SuperCasual/ResourcesData/Sprites/Components/Icon_PictoIcons/64/PictoIcon_Helmet_1.Png,png
1646,PictoIcon_Helmet_2,Components/Icon_PictoIcons,Assets/ThirdParty/Layer Lab/GUI Pro-SuperCasual/ResourcesData/Sprites/Components/Icon_PictoIcons/64/PictoIcon_Helmet_2.Png,png
1647,PictoIcon_Help_1,Components/Icon_PictoIcons,Assets/ThirdParty/Layer Lab/GUI Pro-SuperCasual/ResourcesData/Sprites/Components/Icon_PictoIcons/64/PictoIcon_Help_1.Png,png
1648,PictoIcon_Help_2,Components/Icon_PictoIcons,Assets/ThirdParty/Layer Lab/GUI Pro-SuperCasual/ResourcesData/Sprites/Components/Icon_PictoIcons/64/PictoIcon_Help_2.Png,png
1649,PictoIcon_History,Components/Icon_PictoIcons,Assets/ThirdParty/Layer Lab/GUI Pro-SuperCasual/ResourcesData/Sprites/Components/Icon_PictoIcons/64/PictoIcon_History.Png,png
1650,PictoIcon_Home_1,Components/Icon_PictoIcons,Assets/ThirdParty/Layer Lab/GUI Pro-SuperCasual/ResourcesData/Sprites/Components/Icon_PictoIcons/64/PictoIcon_Home_1.Png,png
1651,PictoIcon_Home_2,Components/Icon_PictoIcons,Assets/ThirdParty/Layer Lab/GUI Pro-SuperCasual/ResourcesData/Sprites/Components/Icon_PictoIcons/64/PictoIcon_Home_2.Png,png
1652,PictoIcon_Hp,Components/Icon_PictoIcons,Assets/ThirdParty/Layer Lab/GUI Pro-SuperCasual/ResourcesData/Sprites/Components/Icon_PictoIcons/64/PictoIcon_Hp.Png,png
1653,PictoIcon_Icecream,Components/Icon_PictoIcons,Assets/ThirdParty/Layer Lab/GUI Pro-SuperCasual/ResourcesData/Sprites/Components/Icon_PictoIcons/64/PictoIcon_Icecream.Png,png
1654,PictoIcon_Illuminati,Components/Icon_PictoIcons,Assets/ThirdParty/Layer Lab/GUI Pro-SuperCasual/ResourcesData/Sprites/Components/Icon_PictoIcons/64/PictoIcon_Illuminati.Png,png
1655,PictoIcon_Infinity,Components/Icon_PictoIcons,Assets/ThirdParty/Layer Lab/GUI Pro-SuperCasual/ResourcesData/Sprites/Components/Icon_PictoIcons/64/PictoIcon_Infinity.Png,png
1656,PictoIcon_Info_1,Components/Icon_PictoIcons,Assets/ThirdParty/Layer Lab/GUI Pro-SuperCasual/ResourcesData/Sprites/Components/Icon_PictoIcons/64/PictoIcon_Info_1.Png,png
1657,PictoIcon_Info_2,Components/Icon_PictoIcons,Assets/ThirdParty/Layer Lab/GUI Pro-SuperCasual/ResourcesData/Sprites/Components/Icon_PictoIcons/64/PictoIcon_Info_2.Png,png
1658,PictoIcon_Info_3,Components/Icon_PictoIcons,Assets/ThirdParty/Layer Lab/GUI Pro-SuperCasual/ResourcesData/Sprites/Components/Icon_PictoIcons/64/PictoIcon_Info_3.Png,png
1659,PictoIcon_Info_4,Components/Icon_PictoIcons,Assets/ThirdParty/Layer Lab/GUI Pro-SuperCasual/ResourcesData/Sprites/Components/Icon_PictoIcons/64/PictoIcon_Info_4.Png,png
1660,PictoIcon_Key,Components/Icon_PictoIcons,Assets/ThirdParty/Layer Lab/GUI Pro-SuperCasual/ResourcesData/Sprites/Components/Icon_PictoIcons/64/PictoIcon_Key.Png,png
1661,PictoIcon_Kitchen_Knife,Components/Icon_PictoIcons,Assets/ThirdParty/Layer Lab/GUI Pro-SuperCasual/ResourcesData/Sprites/Components/Icon_PictoIcons/64/PictoIcon_Kitchen_Knife.Png,png
1662,PictoIcon_Layer_1,Components/Icon_PictoIcons,Assets/ThirdParty/Layer Lab/GUI Pro-SuperCasual/ResourcesData/Sprites/Components/Icon_PictoIcons/64/PictoIcon_Layer_1.Png,png
1663,PictoIcon_Layer_2,Components/Icon_PictoIcons,Assets/ThirdParty/Layer Lab/GUI Pro-SuperCasual/ResourcesData/Sprites/Components/Icon_PictoIcons/64/PictoIcon_Layer_2.Png,png
1664,PictoIcon_Leaf,Components/Icon_PictoIcons,Assets/ThirdParty/Layer Lab/GUI Pro-SuperCasual/ResourcesData/Sprites/Components/Icon_PictoIcons/64/PictoIcon_Leaf.Png,png
1665,PictoIcon_Link,Components/Icon_PictoIcons,Assets/ThirdParty/Layer Lab/GUI Pro-SuperCasual/ResourcesData/Sprites/Components/Icon_PictoIcons/64/PictoIcon_Link.Png,png
1666,PictoIcon_Lock_1,Components/Icon_PictoIcons,Assets/ThirdParty/Layer Lab/GUI Pro-SuperCasual/ResourcesData/Sprites/Components/Icon_PictoIcons/64/PictoIcon_Lock_1.Png,png
1667,PictoIcon_Lock_2,Components/Icon_PictoIcons,Assets/ThirdParty/Layer Lab/GUI Pro-SuperCasual/ResourcesData/Sprites/Components/Icon_PictoIcons/64/PictoIcon_Lock_2.Png,png
1668,PictoIcon_Lock_Open,Components/Icon_PictoIcons,Assets/ThirdParty/Layer Lab/GUI Pro-SuperCasual/ResourcesData/Sprites/Components/Icon_PictoIcons/64/PictoIcon_Lock_Open.Png,png
1669,PictoIcon_Magic,Components/Icon_PictoIcons,Assets/ThirdParty/Layer Lab/GUI Pro-SuperCasual/ResourcesData/Sprites/Components/Icon_PictoIcons/64/PictoIcon_Magic.Png,png
1670,PictoIcon_Magic_Ball,Components/Icon_PictoIcons,Assets/ThirdParty/Layer Lab/GUI Pro-SuperCasual/ResourcesData/Sprites/Components/Icon_PictoIcons/64/PictoIcon_Magic_Ball.Png,png
1671,PictoIcon_Mail_1,Components/Icon_PictoIcons,Assets/ThirdParty/Layer Lab/GUI Pro-SuperCasual/ResourcesData/Sprites/Components/Icon_PictoIcons/64/PictoIcon_Mail_1.Png,png
1672,PictoIcon_Mail_2,Components/Icon_PictoIcons,Assets/ThirdParty/Layer Lab/GUI Pro-SuperCasual/ResourcesData/Sprites/Components/Icon_PictoIcons/64/PictoIcon_Mail_2.Png,png
1673,PictoIcon_Male,Components/Icon_PictoIcons,Assets/ThirdParty/Layer Lab/GUI Pro-SuperCasual/ResourcesData/Sprites/Components/Icon_PictoIcons/64/PictoIcon_Male.Png,png
1674,PictoIcon_Map_1,Components/Icon_PictoIcons,Assets/ThirdParty/Layer Lab/GUI Pro-SuperCasual/ResourcesData/Sprites/Components/Icon_PictoIcons/64/PictoIcon_Map_1.Png,png
1675,PictoIcon_Map_2,Components/Icon_PictoIcons,Assets/ThirdParty/Layer Lab/GUI Pro-SuperCasual/ResourcesData/Sprites/Components/Icon_PictoIcons/64/PictoIcon_Map_2.Png,png
1676,PictoIcon_Map_Pin,Components/Icon_PictoIcons,Assets/ThirdParty/Layer Lab/GUI Pro-SuperCasual/ResourcesData/Sprites/Components/Icon_PictoIcons/64/PictoIcon_Map_Pin.Png,png
1677,PictoIcon_Meal,Components/Icon_PictoIcons,Assets/ThirdParty/Layer Lab/GUI Pro-SuperCasual/ResourcesData/Sprites/Components/Icon_PictoIcons/64/PictoIcon_Meal.Png,png
1678,PictoIcon_Medal_1,Components/Icon_PictoIcons,Assets/ThirdParty/Layer Lab/GUI Pro-SuperCasual/ResourcesData/Sprites/Components/Icon_PictoIcons/64/PictoIcon_Medal_1.Png,png
1679,PictoIcon_Medal_2,Components/Icon_PictoIcons,Assets/ThirdParty/Layer Lab/GUI Pro-SuperCasual/ResourcesData/Sprites/Components/Icon_PictoIcons/64/PictoIcon_Medal_2.Png,png
1680,PictoIcon_Megaphone,Components/Icon_PictoIcons,Assets/ThirdParty/Layer Lab/GUI Pro-SuperCasual/ResourcesData/Sprites/Components/Icon_PictoIcons/64/PictoIcon_Megaphone.Png,png
1681,PictoIcon_Menu_1,Components/Icon_PictoIcons,Assets/ThirdParty/Layer Lab/GUI Pro-SuperCasual/ResourcesData/Sprites/Components/Icon_PictoIcons/64/PictoIcon_Menu_1.Png,png
1682,PictoIcon_Menu_2,Components/Icon_PictoIcons,Assets/ThirdParty/Layer Lab/GUI Pro-SuperCasual/ResourcesData/Sprites/Components/Icon_PictoIcons/64/PictoIcon_Menu_2.Png,png
1683,PictoIcon_Menu_3,Components/Icon_PictoIcons,Assets/ThirdParty/Layer Lab/GUI Pro-SuperCasual/ResourcesData/Sprites/Components/Icon_PictoIcons/64/PictoIcon_Menu_3.Png,png
1684,PictoIcon_Menu_4,Components/Icon_PictoIcons,Assets/ThirdParty/Layer Lab/GUI Pro-SuperCasual/ResourcesData/Sprites/Components/Icon_PictoIcons/64/PictoIcon_Menu_4.Png,png
1685,PictoIcon_Menu_5,Components/Icon_PictoIcons,Assets/ThirdParty/Layer Lab/GUI Pro-SuperCasual/ResourcesData/Sprites/Components/Icon_PictoIcons/64/PictoIcon_Menu_5.Png,png
1686,PictoIcon_Menu_6,Components/Icon_PictoIcons,Assets/ThirdParty/Layer Lab/GUI Pro-SuperCasual/ResourcesData/Sprites/Components/Icon_PictoIcons/64/PictoIcon_Menu_6.Png,png
1687,PictoIcon_Merge,Components/Icon_PictoIcons,Assets/ThirdParty/Layer Lab/GUI Pro-SuperCasual/ResourcesData/Sprites/Components/Icon_PictoIcons/64/PictoIcon_Merge.Png,png
1688,PictoIcon_Message_Bottle,Components/Icon_PictoIcons,Assets/ThirdParty/Layer Lab/GUI Pro-SuperCasual/ResourcesData/Sprites/Components/Icon_PictoIcons/64/PictoIcon_Message_Bottle.Png,png
1689,PictoIcon_Minus_1,Components/Icon_PictoIcons,Assets/ThirdParty/Layer Lab/GUI Pro-SuperCasual/ResourcesData/Sprites/Components/Icon_PictoIcons/64/PictoIcon_Minus_1.Png,png
1690,PictoIcon_Minus_2,Components/Icon_PictoIcons,Assets/ThirdParty/Layer Lab/GUI Pro-SuperCasual/ResourcesData/Sprites/Components/Icon_PictoIcons/64/PictoIcon_Minus_2.Png,png
1691,PictoIcon_Mission,Components/Icon_PictoIcons,Assets/ThirdParty/Layer Lab/GUI Pro-SuperCasual/ResourcesData/Sprites/Components/Icon_PictoIcons/64/PictoIcon_Mission.Png,png
1692,PictoIcon_Money_1,Components/Icon_PictoIcons,Assets/ThirdParty/Layer Lab/GUI Pro-SuperCasual/ResourcesData/Sprites/Components/Icon_PictoIcons/64/PictoIcon_Money_1.Png,png
1693,PictoIcon_Money_2,Components/Icon_PictoIcons,Assets/ThirdParty/Layer Lab/GUI Pro-SuperCasual/ResourcesData/Sprites/Components/Icon_PictoIcons/64/PictoIcon_Money_2.Png,png
1694,PictoIcon_Money_Pouch,Components/Icon_PictoIcons,Assets/ThirdParty/Layer Lab/GUI Pro-SuperCasual/ResourcesData/Sprites/Components/Icon_PictoIcons/64/PictoIcon_Money_Pouch.Png,png
1695,PictoIcon_Movie,Components/Icon_PictoIcons,Assets/ThirdParty/Layer Lab/GUI Pro-SuperCasual/ResourcesData/Sprites/Components/Icon_PictoIcons/64/PictoIcon_Movie.Png,png
1696,PictoIcon_Mushroom,Components/Icon_PictoIcons,Assets/ThirdParty/Layer Lab/GUI Pro-SuperCasual/ResourcesData/Sprites/Components/Icon_PictoIcons/64/PictoIcon_Mushroom.Png,png
1697,PictoIcon_Music_1,Components/Icon_PictoIcons,Assets/ThirdParty/Layer Lab/GUI Pro-SuperCasual/ResourcesData/Sprites/Components/Icon_PictoIcons/64/PictoIcon_Music_1.Png,png
1698,PictoIcon_Music_1_Off,Components/Icon_PictoIcons,Assets/ThirdParty/Layer Lab/GUI Pro-SuperCasual/ResourcesData/Sprites/Components/Icon_PictoIcons/64/PictoIcon_Music_1_Off.Png,png
1699,PictoIcon_Music_2,Components/Icon_PictoIcons,Assets/ThirdParty/Layer Lab/GUI Pro-SuperCasual/ResourcesData/Sprites/Components/Icon_PictoIcons/64/PictoIcon_Music_2.Png,png
1700,PictoIcon_Music_2_Off,Components/Icon_PictoIcons,Assets/ThirdParty/Layer Lab/GUI Pro-SuperCasual/ResourcesData/Sprites/Components/Icon_PictoIcons/64/PictoIcon_Music_2_Off.Png,png
1701,PictoIcon_Necklace,Components/Icon_PictoIcons,Assets/ThirdParty/Layer Lab/GUI Pro-SuperCasual/ResourcesData/Sprites/Components/Icon_PictoIcons/64/PictoIcon_Necklace.Png,png
1702,PictoIcon_Night,Components/Icon_PictoIcons,Assets/ThirdParty/Layer Lab/GUI Pro-SuperCasual/ResourcesData/Sprites/Components/Icon_PictoIcons/64/PictoIcon_Night.Png,png
1703,PictoIcon_Note,Components/Icon_PictoIcons,Assets/ThirdParty/Layer Lab/GUI Pro-SuperCasual/ResourcesData/Sprites/Components/Icon_PictoIcons/64/PictoIcon_Note.Png,png
1704,PictoIcon_Object,Components/Icon_PictoIcons,Assets/ThirdParty/Layer Lab/GUI Pro-SuperCasual/ResourcesData/Sprites/Components/Icon_PictoIcons/64/PictoIcon_Object.Png,png
1705,PictoIcon_Page_Next,Components/Icon_PictoIcons,Assets/ThirdParty/Layer Lab/GUI Pro-SuperCasual/ResourcesData/Sprites/Components/Icon_PictoIcons/64/PictoIcon_Page_Next.Png,png
1706,PictoIcon_Page_Prev,Components/Icon_PictoIcons,Assets/ThirdParty/Layer Lab/GUI Pro-SuperCasual/ResourcesData/Sprites/Components/Icon_PictoIcons/64/PictoIcon_Page_Prev.Png,png
1707,PictoIcon_Paper_1,Components/Icon_PictoIcons,Assets/ThirdParty/Layer Lab/GUI Pro-SuperCasual/ResourcesData/Sprites/Components/Icon_PictoIcons/64/PictoIcon_Paper_1.Png,png
1708,PictoIcon_Paper_2,Components/Icon_PictoIcons,Assets/ThirdParty/Layer Lab/GUI Pro-SuperCasual/ResourcesData/Sprites/Components/Icon_PictoIcons/64/PictoIcon_Paper_2.Png,png
1709,PictoIcon_Path,Components/Icon_PictoIcons,Assets/ThirdParty/Layer Lab/GUI Pro-SuperCasual/ResourcesData/Sprites/Components/Icon_PictoIcons/64/PictoIcon_Path.Png,png
1710,PictoIcon_Pause_1,Components/Icon_PictoIcons,Assets/ThirdParty/Layer Lab/GUI Pro-SuperCasual/ResourcesData/Sprites/Components/Icon_PictoIcons/64/PictoIcon_Pause_1.Png,png
1711,PictoIcon_Pause_2,Components/Icon_PictoIcons,Assets/ThirdParty/Layer Lab/GUI Pro-SuperCasual/ResourcesData/Sprites/Components/Icon_PictoIcons/64/PictoIcon_Pause_2.Png,png
1712,PictoIcon_Paw,Components/Icon_PictoIcons,Assets/ThirdParty/Layer Lab/GUI Pro-SuperCasual/ResourcesData/Sprites/Components/Icon_PictoIcons/64/PictoIcon_Paw.Png,png
1713,PictoIcon_Pen,Components/Icon_PictoIcons,Assets/ThirdParty/Layer Lab/GUI Pro-SuperCasual/ResourcesData/Sprites/Components/Icon_PictoIcons/64/PictoIcon_Pen.Png,png
1714,PictoIcon_Pen_Feather,Components/Icon_PictoIcons,Assets/ThirdParty/Layer Lab/GUI Pro-SuperCasual/ResourcesData/Sprites/Components/Icon_PictoIcons/64/PictoIcon_Pen_Feather.Png,png
1715,PictoIcon_Pencil,Components/Icon_PictoIcons,Assets/ThirdParty/Layer Lab/GUI Pro-SuperCasual/ResourcesData/Sprites/Components/Icon_PictoIcons/64/PictoIcon_Pencil.Png,png
1716,PictoIcon_Phone,Components/Icon_PictoIcons,Assets/ThirdParty/Layer Lab/GUI Pro-SuperCasual/ResourcesData/Sprites/Components/Icon_PictoIcons/64/PictoIcon_Phone.Png,png
1717,PictoIcon_Photo_1,Components/Icon_PictoIcons,Assets/ThirdParty/Layer Lab/GUI Pro-SuperCasual/ResourcesData/Sprites/Components/Icon_PictoIcons/64/PictoIcon_Photo_1.Png,png
1718,PictoIcon_Photo_2,Components/Icon_PictoIcons,Assets/ThirdParty/Layer Lab/GUI Pro-SuperCasual/ResourcesData/Sprites/Components/Icon_PictoIcons/64/PictoIcon_Photo_2.Png,png
1719,PictoIcon_Pick,Components/Icon_PictoIcons,Assets/ThirdParty/Layer Lab/GUI Pro-SuperCasual/ResourcesData/Sprites/Components/Icon_PictoIcons/64/PictoIcon_Pick.Png,png
1720,PictoIcon_Pickax,Components/Icon_PictoIcons,Assets/ThirdParty/Layer Lab/GUI Pro-SuperCasual/ResourcesData/Sprites/Components/Icon_PictoIcons/64/PictoIcon_Pickax.Png,png
1721,PictoIcon_Plants,Components/Icon_PictoIcons,Assets/ThirdParty/Layer Lab/GUI Pro-SuperCasual/ResourcesData/Sprites/Components/Icon_PictoIcons/64/PictoIcon_Plants.Png,png
1722,PictoIcon_Play_1,Components/Icon_PictoIcons,Assets/ThirdParty/Layer Lab/GUI Pro-SuperCasual/ResourcesData/Sprites/Components/Icon_PictoIcons/64/PictoIcon_Play_1.Png,png
1723,PictoIcon_Play_2,Components/Icon_PictoIcons,Assets/ThirdParty/Layer Lab/GUI Pro-SuperCasual/ResourcesData/Sprites/Components/Icon_PictoIcons/64/PictoIcon_Play_2.Png,png
1724,PictoIcon_Plus_1,Components/Icon_PictoIcons,Assets/ThirdParty/Layer Lab/GUI Pro-SuperCasual/ResourcesData/Sprites/Components/Icon_PictoIcons/64/PictoIcon_Plus_1.Png,png
1725,PictoIcon_Plus_2,Components/Icon_PictoIcons,Assets/ThirdParty/Layer Lab/GUI Pro-SuperCasual/ResourcesData/Sprites/Components/Icon_PictoIcons/64/PictoIcon_Plus_2.Png,png
1726,PictoIcon_Potion_1,Components/Icon_PictoIcons,Assets/ThirdParty/Layer Lab/GUI Pro-SuperCasual/ResourcesData/Sprites/Components/Icon_PictoIcons/64/PictoIcon_Potion_1.Png,png
1727,PictoIcon_Potion_2,Components/Icon_PictoIcons,Assets/ThirdParty/Layer Lab/GUI Pro-SuperCasual/ResourcesData/Sprites/Components/Icon_PictoIcons/64/PictoIcon_Potion_2.Png,png
1728,PictoIcon_Potion_3,Components/Icon_PictoIcons,Assets/ThirdParty/Layer Lab/GUI Pro-SuperCasual/ResourcesData/Sprites/Components/Icon_PictoIcons/64/PictoIcon_Potion_3.Png,png
1729,PictoIcon_Pouch,Components/Icon_PictoIcons,Assets/ThirdParty/Layer Lab/GUI Pro-SuperCasual/ResourcesData/Sprites/Components/Icon_PictoIcons/64/PictoIcon_Pouch.Png,png
1730,PictoIcon_Power_1,Components/Icon_PictoIcons,Assets/ThirdParty/Layer Lab/GUI Pro-SuperCasual/ResourcesData/Sprites/Components/Icon_PictoIcons/64/PictoIcon_Power_1.Png,png
1731,PictoIcon_Power_2,Components/Icon_PictoIcons,Assets/ThirdParty/Layer Lab/GUI Pro-SuperCasual/ResourcesData/Sprites/Components/Icon_PictoIcons/64/PictoIcon_Power_2.Png,png
1732,PictoIcon_Power_Off,Components/Icon_PictoIcons,Assets/ThirdParty/Layer Lab/GUI Pro-SuperCasual/ResourcesData/Sprites/Components/Icon_PictoIcons/64/PictoIcon_Power_Off.Png,png
1733,PictoIcon_Rampart,Components/Icon_PictoIcons,Assets/ThirdParty/Layer Lab/GUI Pro-SuperCasual/ResourcesData/Sprites/Components/Icon_PictoIcons/64/PictoIcon_Rampart.Png,png
1734,PictoIcon_Rank_1,Components/Icon_PictoIcons,Assets/ThirdParty/Layer Lab/GUI Pro-SuperCasual/ResourcesData/Sprites/Components/Icon_PictoIcons/64/PictoIcon_Rank_1.Png,png
1735,PictoIcon_Rank_2,Components/Icon_PictoIcons,Assets/ThirdParty/Layer Lab/GUI Pro-SuperCasual/ResourcesData/Sprites/Components/Icon_PictoIcons/64/PictoIcon_Rank_2.Png,png
1736,PictoIcon_Recommendation,Components/Icon_PictoIcons,Assets/ThirdParty/Layer Lab/GUI Pro-SuperCasual/ResourcesData/Sprites/Components/Icon_PictoIcons/64/PictoIcon_Recommendation.Png,png
1737,PictoIcon_Recycle,Components/Icon_PictoIcons,Assets/ThirdParty/Layer Lab/GUI Pro-SuperCasual/ResourcesData/Sprites/Components/Icon_PictoIcons/64/PictoIcon_Recycle.Png,png
1738,PictoIcon_Refresh_1,Components/Icon_PictoIcons,Assets/ThirdParty/Layer Lab/GUI Pro-SuperCasual/ResourcesData/Sprites/Components/Icon_PictoIcons/64/PictoIcon_Refresh_1.Png,png
1739,PictoIcon_Refresh_2,Components/Icon_PictoIcons,Assets/ThirdParty/Layer Lab/GUI Pro-SuperCasual/ResourcesData/Sprites/Components/Icon_PictoIcons/64/PictoIcon_Refresh_2.Png,png
1740,PictoIcon_Refresh_3,Components/Icon_PictoIcons,Assets/ThirdParty/Layer Lab/GUI Pro-SuperCasual/ResourcesData/Sprites/Components/Icon_PictoIcons/64/PictoIcon_Refresh_3.Png,png
1741,PictoIcon_Refresh_4,Components/Icon_PictoIcons,Assets/ThirdParty/Layer Lab/GUI Pro-SuperCasual/ResourcesData/Sprites/Components/Icon_PictoIcons/64/PictoIcon_Refresh_4.Png,png
1742,PictoIcon_Ring,Components/Icon_PictoIcons,Assets/ThirdParty/Layer Lab/GUI Pro-SuperCasual/ResourcesData/Sprites/Components/Icon_PictoIcons/64/PictoIcon_Ring.Png,png
1743,PictoIcon_Roulette,Components/Icon_PictoIcons,Assets/ThirdParty/Layer Lab/GUI Pro-SuperCasual/ResourcesData/Sprites/Components/Icon_PictoIcons/64/PictoIcon_Roulette.Png,png
1744,PictoIcon_Safebox,Components/Icon_PictoIcons,Assets/ThirdParty/Layer Lab/GUI Pro-SuperCasual/ResourcesData/Sprites/Components/Icon_PictoIcons/64/PictoIcon_Safebox.Png,png
1745,PictoIcon_Sandglass,Components/Icon_PictoIcons,Assets/ThirdParty/Layer Lab/GUI Pro-SuperCasual/ResourcesData/Sprites/Components/Icon_PictoIcons/64/PictoIcon_Sandglass.Png,png
1746,PictoIcon_Saw,Components/Icon_PictoIcons,Assets/ThirdParty/Layer Lab/GUI Pro-SuperCasual/ResourcesData/Sprites/Components/Icon_PictoIcons/64/PictoIcon_Saw.Png,png
1747,PictoIcon_Scale,Components/Icon_PictoIcons,Assets/ThirdParty/Layer Lab/GUI Pro-SuperCasual/ResourcesData/Sprites/Components/Icon_PictoIcons/64/PictoIcon_Scale.Png,png
1748,PictoIcon_Scroll_Old,Components/Icon_PictoIcons,Assets/ThirdParty/Layer Lab/GUI Pro-SuperCasual/ResourcesData/Sprites/Components/Icon_PictoIcons/64/PictoIcon_Scroll_Old.Png,png
1749,PictoIcon_Search,Components/Icon_PictoIcons,Assets/ThirdParty/Layer Lab/GUI Pro-SuperCasual/ResourcesData/Sprites/Components/Icon_PictoIcons/64/PictoIcon_Search.Png,png
1750,PictoIcon_Security,Components/Icon_PictoIcons,Assets/ThirdParty/Layer Lab/GUI Pro-SuperCasual/ResourcesData/Sprites/Components/Icon_PictoIcons/64/PictoIcon_Security.Png,png
1751,PictoIcon_Setting,Components/Icon_PictoIcons,Assets/ThirdParty/Layer Lab/GUI Pro-SuperCasual/ResourcesData/Sprites/Components/Icon_PictoIcons/64/PictoIcon_Setting.Png,png
1752,PictoIcon_Share,Components/Icon_PictoIcons,Assets/ThirdParty/Layer Lab/GUI Pro-SuperCasual/ResourcesData/Sprites/Components/Icon_PictoIcons/64/PictoIcon_Share.Png,png
1753,PictoIcon_Sheos,Components/Icon_PictoIcons,Assets/ThirdParty/Layer Lab/GUI Pro-SuperCasual/ResourcesData/Sprites/Components/Icon_PictoIcons/64/PictoIcon_Sheos.Png,png
1754,PictoIcon_Sheos_Wing,Components/Icon_PictoIcons,Assets/ThirdParty/Layer Lab/GUI Pro-SuperCasual/ResourcesData/Sprites/Components/Icon_PictoIcons/64/PictoIcon_Sheos_Wing.Png,png
1755,PictoIcon_Sheriff,Components/Icon_PictoIcons,Assets/ThirdParty/Layer Lab/GUI Pro-SuperCasual/ResourcesData/Sprites/Components/Icon_PictoIcons/64/PictoIcon_Sheriff.Png,png
1756,PictoIcon_Shield_1,Components/Icon_PictoIcons,Assets/ThirdParty/Layer Lab/GUI Pro-SuperCasual/ResourcesData/Sprites/Components/Icon_PictoIcons/64/PictoIcon_Shield_1.Png,png
1757,PictoIcon_Shield_2,Components/Icon_PictoIcons,Assets/ThirdParty/Layer Lab/GUI Pro-SuperCasual/ResourcesData/Sprites/Components/Icon_PictoIcons/64/PictoIcon_Shield_2.Png,png
1758,PictoIcon_Shield_Viking,Components/Icon_PictoIcons,Assets/ThirdParty/Layer Lab/GUI Pro-SuperCasual/ResourcesData/Sprites/Components/Icon_PictoIcons/64/PictoIcon_Shield_Viking.Png,png
1759,PictoIcon_Ship,Components/Icon_PictoIcons,Assets/ThirdParty/Layer Lab/GUI Pro-SuperCasual/ResourcesData/Sprites/Components/Icon_PictoIcons/64/PictoIcon_Ship.Png,png
1760,PictoIcon_Shop_1,Components/Icon_PictoIcons,Assets/ThirdParty/Layer Lab/GUI Pro-SuperCasual/ResourcesData/Sprites/Components/Icon_PictoIcons/64/PictoIcon_Shop_1.Png,png
1761,PictoIcon_Shop_2,Components/Icon_PictoIcons,Assets/ThirdParty/Layer Lab/GUI Pro-SuperCasual/ResourcesData/Sprites/Components/Icon_PictoIcons/64/PictoIcon_Shop_2.Png,png
1762,PictoIcon_Shop_3,Components/Icon_PictoIcons,Assets/ThirdParty/Layer Lab/GUI Pro-SuperCasual/ResourcesData/Sprites/Components/Icon_PictoIcons/64/PictoIcon_Shop_3.Png,png
1763,PictoIcon_Shovel,Components/Icon_PictoIcons,Assets/ThirdParty/Layer Lab/GUI Pro-SuperCasual/ResourcesData/Sprites/Components/Icon_PictoIcons/64/PictoIcon_Shovel.Png,png
1764,PictoIcon_Sickle,Components/Icon_PictoIcons,Assets/ThirdParty/Layer Lab/GUI Pro-SuperCasual/ResourcesData/Sprites/Components/Icon_PictoIcons/64/PictoIcon_Sickle.Png,png
1765,PictoIcon_Sign,Components/Icon_PictoIcons,Assets/ThirdParty/Layer Lab/GUI Pro-SuperCasual/ResourcesData/Sprites/Components/Icon_PictoIcons/64/PictoIcon_Sign.Png,png
1766,PictoIcon_Skull,Components/Icon_PictoIcons,Assets/ThirdParty/Layer Lab/GUI Pro-SuperCasual/ResourcesData/Sprites/Components/Icon_PictoIcons/64/PictoIcon_Skull.Png,png
1767,PictoIcon_Sound,Components/Icon_PictoIcons,Assets/ThirdParty/Layer Lab/GUI Pro-SuperCasual/ResourcesData/Sprites/Components/Icon_PictoIcons/64/PictoIcon_Sound.Png,png
1768,PictoIcon_Sound_Off,Components/Icon_PictoIcons,Assets/ThirdParty/Layer Lab/GUI Pro-SuperCasual/ResourcesData/Sprites/Components/Icon_PictoIcons/64/PictoIcon_Sound_Off.Png,png
1769,PictoIcon_Star_1,Components/Icon_PictoIcons,Assets/ThirdParty/Layer Lab/GUI Pro-SuperCasual/ResourcesData/Sprites/Components/Icon_PictoIcons/64/PictoIcon_Star_1.Png,png
1770,PictoIcon_Star_2,Components/Icon_PictoIcons,Assets/ThirdParty/Layer Lab/GUI Pro-SuperCasual/ResourcesData/Sprites/Components/Icon_PictoIcons/64/PictoIcon_Star_2.Png,png
1771,PictoIcon_Star_3,Components/Icon_PictoIcons,Assets/ThirdParty/Layer Lab/GUI Pro-SuperCasual/ResourcesData/Sprites/Components/Icon_PictoIcons/64/PictoIcon_Star_3.Png,png
1772,PictoIcon_Star_Empty,Components/Icon_PictoIcons,Assets/ThirdParty/Layer Lab/GUI Pro-SuperCasual/ResourcesData/Sprites/Components/Icon_PictoIcons/64/PictoIcon_Star_Empty.Png,png
1773,PictoIcon_Step,Components/Icon_PictoIcons,Assets/ThirdParty/Layer Lab/GUI Pro-SuperCasual/ResourcesData/Sprites/Components/Icon_PictoIcons/64/PictoIcon_Step.Png,png
1774,PictoIcon_Stopwatch_1,Components/Icon_PictoIcons,Assets/ThirdParty/Layer Lab/GUI Pro-SuperCasual/ResourcesData/Sprites/Components/Icon_PictoIcons/64/PictoIcon_Stopwatch_1.Png,png
1775,PictoIcon_Stopwatch_2,Components/Icon_PictoIcons,Assets/ThirdParty/Layer Lab/GUI Pro-SuperCasual/ResourcesData/Sprites/Components/Icon_PictoIcons/64/PictoIcon_Stopwatch_2.Png,png
1776,PictoIcon_Storage,Components/Icon_PictoIcons,Assets/ThirdParty/Layer Lab/GUI Pro-SuperCasual/ResourcesData/Sprites/Components/Icon_PictoIcons/64/PictoIcon_Storage.Png,png
1777,PictoIcon_Sun,Components/Icon_PictoIcons,Assets/ThirdParty/Layer Lab/GUI Pro-SuperCasual/ResourcesData/Sprites/Components/Icon_PictoIcons/64/PictoIcon_Sun.Png,png
1778,PictoIcon_Switch,Components/Icon_PictoIcons,Assets/ThirdParty/Layer Lab/GUI Pro-SuperCasual/ResourcesData/Sprites/Components/Icon_PictoIcons/64/PictoIcon_Switch.Png,png
1779,PictoIcon_Sword_1,Components/Icon_PictoIcons,Assets/ThirdParty/Layer Lab/GUI Pro-SuperCasual/ResourcesData/Sprites/Components/Icon_PictoIcons/64/PictoIcon_Sword_1.Png,png
1780,PictoIcon_Sword_2,Components/Icon_PictoIcons,Assets/ThirdParty/Layer Lab/GUI Pro-SuperCasual/ResourcesData/Sprites/Components/Icon_PictoIcons/64/PictoIcon_Sword_2.Png,png
1781,PictoIcon_Tag,Components/Icon_PictoIcons,Assets/ThirdParty/Layer Lab/GUI Pro-SuperCasual/ResourcesData/Sprites/Components/Icon_PictoIcons/64/PictoIcon_Tag.Png,png
1782,PictoIcon_Target,Components/Icon_PictoIcons,Assets/ThirdParty/Layer Lab/GUI Pro-SuperCasual/ResourcesData/Sprites/Components/Icon_PictoIcons/64/PictoIcon_Target.Png,png
1783,PictoIcon_Telescope,Components/Icon_PictoIcons,Assets/ThirdParty/Layer Lab/GUI Pro-SuperCasual/ResourcesData/Sprites/Components/Icon_PictoIcons/64/PictoIcon_Telescope.Png,png
1784,PictoIcon_Temple,Components/Icon_PictoIcons,Assets/ThirdParty/Layer Lab/GUI Pro-SuperCasual/ResourcesData/Sprites/Components/Icon_PictoIcons/64/PictoIcon_Temple.Png,png
1785,PictoIcon_Ticket,Components/Icon_PictoIcons,Assets/ThirdParty/Layer Lab/GUI Pro-SuperCasual/ResourcesData/Sprites/Components/Icon_PictoIcons/64/PictoIcon_Ticket.Png,png
1786,PictoIcon_Tool_Fix,Components/Icon_PictoIcons,Assets/ThirdParty/Layer Lab/GUI Pro-SuperCasual/ResourcesData/Sprites/Components/Icon_PictoIcons/64/PictoIcon_Tool_Fix.Png,png
1787,PictoIcon_Top,Components/Icon_PictoIcons,Assets/ThirdParty/Layer Lab/GUI Pro-SuperCasual/ResourcesData/Sprites/Components/Icon_PictoIcons/64/PictoIcon_Top.Png,png
1788,PictoIcon_Trophy_1,Components/Icon_PictoIcons,Assets/ThirdParty/Layer Lab/GUI Pro-SuperCasual/ResourcesData/Sprites/Components/Icon_PictoIcons/64/PictoIcon_Trophy_1.Png,png
1789,PictoIcon_Trophy_2,Components/Icon_PictoIcons,Assets/ThirdParty/Layer Lab/GUI Pro-SuperCasual/ResourcesData/Sprites/Components/Icon_PictoIcons/64/PictoIcon_Trophy_2.Png,png
1790,PictoIcon_Tv,Components/Icon_PictoIcons,Assets/ThirdParty/Layer Lab/GUI Pro-SuperCasual/ResourcesData/Sprites/Components/Icon_PictoIcons/64/PictoIcon_Tv.Png,png
1791,PictoIcon_Typhoon,Components/Icon_PictoIcons,Assets/ThirdParty/Layer Lab/GUI Pro-SuperCasual/ResourcesData/Sprites/Components/Icon_PictoIcons/64/PictoIcon_Typhoon.Png,png
1792,PictoIcon_Under,Components/Icon_PictoIcons,Assets/ThirdParty/Layer Lab/GUI Pro-SuperCasual/ResourcesData/Sprites/Components/Icon_PictoIcons/64/PictoIcon_Under.Png,png
1793,PictoIcon_User,Components/Icon_PictoIcons,Assets/ThirdParty/Layer Lab/GUI Pro-SuperCasual/ResourcesData/Sprites/Components/Icon_PictoIcons/64/PictoIcon_User.Png,png
1794,PictoIcon_User_Add,Components/Icon_PictoIcons,Assets/ThirdParty/Layer Lab/GUI Pro-SuperCasual/ResourcesData/Sprites/Components/Icon_PictoIcons/64/PictoIcon_User_Add.Png,png
1795,PictoIcon_User_Info,Components/Icon_PictoIcons,Assets/ThirdParty/Layer Lab/GUI Pro-SuperCasual/ResourcesData/Sprites/Components/Icon_PictoIcons/64/PictoIcon_User_Info.Png,png
1796,PictoIcon_Video,Components/Icon_PictoIcons,Assets/ThirdParty/Layer Lab/GUI Pro-SuperCasual/ResourcesData/Sprites/Components/Icon_PictoIcons/64/PictoIcon_Video.Png,png
1797,PictoIcon_View,Components/Icon_PictoIcons,Assets/ThirdParty/Layer Lab/GUI Pro-SuperCasual/ResourcesData/Sprites/Components/Icon_PictoIcons/64/PictoIcon_View.Png,png
1798,PictoIcon_View_Off,Components/Icon_PictoIcons,Assets/ThirdParty/Layer Lab/GUI Pro-SuperCasual/ResourcesData/Sprites/Components/Icon_PictoIcons/64/PictoIcon_View_Off.Png,png
1799,PictoIcon_Vr,Components/Icon_PictoIcons,Assets/ThirdParty/Layer Lab/GUI Pro-SuperCasual/ResourcesData/Sprites/Components/Icon_PictoIcons/64/PictoIcon_Vr.Png,png
1800,PictoIcon_Warehouse,Components/Icon_PictoIcons,Assets/ThirdParty/Layer Lab/GUI Pro-SuperCasual/ResourcesData/Sprites/Components/Icon_PictoIcons/64/PictoIcon_Warehouse.Png,png
1801,PictoIcon_Water,Components/Icon_PictoIcons,Assets/ThirdParty/Layer Lab/GUI Pro-SuperCasual/ResourcesData/Sprites/Components/Icon_PictoIcons/64/PictoIcon_Water.Png,png
1802,PictoIcon_Wing,Components/Icon_PictoIcons,Assets/ThirdParty/Layer Lab/GUI Pro-SuperCasual/ResourcesData/Sprites/Components/Icon_PictoIcons/64/PictoIcon_Wing.Png,png
1803,PictoIcon_Wood,Components/Icon_PictoIcons,Assets/ThirdParty/Layer Lab/GUI Pro-SuperCasual/ResourcesData/Sprites/Components/Icon_PictoIcons/64/PictoIcon_Wood.Png,png
1804,PictoIcon_World,Components/Icon_PictoIcons,Assets/ThirdParty/Layer Lab/GUI Pro-SuperCasual/ResourcesData/Sprites/Components/Icon_PictoIcons/64/PictoIcon_World.Png,png
1805,PictoIcon_Zoom_In,Components/Icon_PictoIcons,Assets/ThirdParty/Layer Lab/GUI Pro-SuperCasual/ResourcesData/Sprites/Components/Icon_PictoIcons/64/PictoIcon_Zoom_In.Png,png
1806,PictoIcon_Zoom_Out,Components/Icon_PictoIcons,Assets/ThirdParty/Layer Lab/GUI Pro-SuperCasual/ResourcesData/Sprites/Components/Icon_PictoIcons/64/PictoIcon_Zoom_Out.Png,png
1807,tutorial_hand_1,Components/Icon_TutorialHand,Assets/ThirdParty/Layer Lab/GUI Pro-SuperCasual/ResourcesData/Sprites/Components/Icon_TutorialHand/128/tutorial_hand_1.png,png
1808,tutorial_hand_2,Components/Icon_TutorialHand,Assets/ThirdParty/Layer Lab/GUI Pro-SuperCasual/ResourcesData/Sprites/Components/Icon_TutorialHand/128/tutorial_hand_2.png,png
1809,tutorial_hand_3,Components/Icon_TutorialHand,Assets/ThirdParty/Layer Lab/GUI Pro-SuperCasual/ResourcesData/Sprites/Components/Icon_TutorialHand/128/tutorial_hand_3.png,png
1810,tutorial_hand_4,Components/Icon_TutorialHand,Assets/ThirdParty/Layer Lab/GUI Pro-SuperCasual/ResourcesData/Sprites/Components/Icon_TutorialHand/128/tutorial_hand_4.png,png
1811,tutorial_hand_5,Components/Icon_TutorialHand,Assets/ThirdParty/Layer Lab/GUI Pro-SuperCasual/ResourcesData/Sprites/Components/Icon_TutorialHand/128/tutorial_hand_5.png,png
1812,tutorial_hand_6,Components/Icon_TutorialHand,Assets/ThirdParty/Layer Lab/GUI Pro-SuperCasual/ResourcesData/Sprites/Components/Icon_TutorialHand/128/tutorial_hand_6.png,png
1813,tutorial_hand_1,Components/Icon_TutorialHand,Assets/ThirdParty/Layer Lab/GUI Pro-SuperCasual/ResourcesData/Sprites/Components/Icon_TutorialHand/256/tutorial_hand_1.png,png
1814,tutorial_hand_2,Components/Icon_TutorialHand,Assets/ThirdParty/Layer Lab/GUI Pro-SuperCasual/ResourcesData/Sprites/Components/Icon_TutorialHand/256/tutorial_hand_2.png,png
1815,tutorial_hand_3,Components/Icon_TutorialHand,Assets/ThirdParty/Layer Lab/GUI Pro-SuperCasual/ResourcesData/Sprites/Components/Icon_TutorialHand/256/tutorial_hand_3.png,png
1816,tutorial_hand_4,Components/Icon_TutorialHand,Assets/ThirdParty/Layer Lab/GUI Pro-SuperCasual/ResourcesData/Sprites/Components/Icon_TutorialHand/256/tutorial_hand_4.png,png
1817,tutorial_hand_5,Components/Icon_TutorialHand,Assets/ThirdParty/Layer Lab/GUI Pro-SuperCasual/ResourcesData/Sprites/Components/Icon_TutorialHand/256/tutorial_hand_5.png,png
1818,tutorial_hand_6,Components/Icon_TutorialHand,Assets/ThirdParty/Layer Lab/GUI Pro-SuperCasual/ResourcesData/Sprites/Components/Icon_TutorialHand/256/tutorial_hand_6.png,png
1819,tutorial_hand_1,Components/Icon_TutorialHand,Assets/ThirdParty/Layer Lab/GUI Pro-SuperCasual/ResourcesData/Sprites/Components/Icon_TutorialHand/512/tutorial_hand_1.png,png
1820,tutorial_hand_2,Components/Icon_TutorialHand,Assets/ThirdParty/Layer Lab/GUI Pro-SuperCasual/ResourcesData/Sprites/Components/Icon_TutorialHand/512/tutorial_hand_2.png,png
1821,tutorial_hand_3,Components/Icon_TutorialHand,Assets/ThirdParty/Layer Lab/GUI Pro-SuperCasual/ResourcesData/Sprites/Components/Icon_TutorialHand/512/tutorial_hand_3.png,png
1822,tutorial_hand_4,Components/Icon_TutorialHand,Assets/ThirdParty/Layer Lab/GUI Pro-SuperCasual/ResourcesData/Sprites/Components/Icon_TutorialHand/512/tutorial_hand_4.png,png
1823,tutorial_hand_5,Components/Icon_TutorialHand,Assets/ThirdParty/Layer Lab/GUI Pro-SuperCasual/ResourcesData/Sprites/Components/Icon_TutorialHand/512/tutorial_hand_5.png,png
1824,tutorial_hand_6,Components/Icon_TutorialHand,Assets/ThirdParty/Layer Lab/GUI Pro-SuperCasual/ResourcesData/Sprites/Components/Icon_TutorialHand/512/tutorial_hand_6.png,png
1825,tutorial_hand_1,Components/Icon_TutorialHand,Assets/ThirdParty/Layer Lab/GUI Pro-SuperCasual/ResourcesData/Sprites/Components/Icon_TutorialHand/64/tutorial_hand_1.png,png
1826,tutorial_hand_2,Components/Icon_TutorialHand,Assets/ThirdParty/Layer Lab/GUI Pro-SuperCasual/ResourcesData/Sprites/Components/Icon_TutorialHand/64/tutorial_hand_2.png,png
1827,tutorial_hand_3,Components/Icon_TutorialHand,Assets/ThirdParty/Layer Lab/GUI Pro-SuperCasual/ResourcesData/Sprites/Components/Icon_TutorialHand/64/tutorial_hand_3.png,png
1828,tutorial_hand_4,Components/Icon_TutorialHand,Assets/ThirdParty/Layer Lab/GUI Pro-SuperCasual/ResourcesData/Sprites/Components/Icon_TutorialHand/64/tutorial_hand_4.png,png
1829,tutorial_hand_5,Components/Icon_TutorialHand,Assets/ThirdParty/Layer Lab/GUI Pro-SuperCasual/ResourcesData/Sprites/Components/Icon_TutorialHand/64/tutorial_hand_5.png,png
1830,tutorial_hand_6,Components/Icon_TutorialHand,Assets/ThirdParty/Layer Lab/GUI Pro-SuperCasual/ResourcesData/Sprites/Components/Icon_TutorialHand/64/tutorial_hand_6.png,png
1831,Label_Badge01_Green,Components/Label,Assets/ThirdParty/Layer Lab/GUI Pro-SuperCasual/ResourcesData/Sprites/Components/Label/Label_Badge01_Green.png,png
1832,Label_Badge01_Purple,Components/Label,Assets/ThirdParty/Layer Lab/GUI Pro-SuperCasual/ResourcesData/Sprites/Components/Label/Label_Badge01_Purple.png,png
1833,Label_Badge01_Red,Components/Label,Assets/ThirdParty/Layer Lab/GUI Pro-SuperCasual/ResourcesData/Sprites/Components/Label/Label_Badge01_Red.png,png
1834,Label_Badge01_Yellow,Components/Label,Assets/ThirdParty/Layer Lab/GUI Pro-SuperCasual/ResourcesData/Sprites/Components/Label/Label_Badge01_Yellow.png,png
1835,Label_Badge02,Components/Label,Assets/ThirdParty/Layer Lab/GUI Pro-SuperCasual/ResourcesData/Sprites/Components/Label/Label_Badge02.png,png
1836,Label_Bubble_Arrow,Components/Label,Assets/ThirdParty/Layer Lab/GUI Pro-SuperCasual/ResourcesData/Sprites/Components/Label/Label_Bubble_Arrow.png,png
1837,Label_Bubble_Bg,Components/Label,Assets/ThirdParty/Layer Lab/GUI Pro-SuperCasual/ResourcesData/Sprites/Components/Label/Label_Bubble_Bg.png,png
1838,Label_Parallelogram_Blue,Components/Label,Assets/ThirdParty/Layer Lab/GUI Pro-SuperCasual/ResourcesData/Sprites/Components/Label/Label_Parallelogram_Blue.png,png
1839,Label_Parallelogram_Gray,Components/Label,Assets/ThirdParty/Layer Lab/GUI Pro-SuperCasual/ResourcesData/Sprites/Components/Label/Label_Parallelogram_Gray.png,png
1840,Label_Parallelogram_Green,Components/Label,Assets/ThirdParty/Layer Lab/GUI Pro-SuperCasual/ResourcesData/Sprites/Components/Label/Label_Parallelogram_Green.png,png
1841,Label_Parallelogram_Hologram,Components/Label,Assets/ThirdParty/Layer Lab/GUI Pro-SuperCasual/ResourcesData/Sprites/Components/Label/Label_Parallelogram_Hologram.png,png
1842,Label_Parallelogram_Purple,Components/Label,Assets/ThirdParty/Layer Lab/GUI Pro-SuperCasual/ResourcesData/Sprites/Components/Label/Label_Parallelogram_Purple.png,png
1843,Label_Parallelogram_Red,Components/Label,Assets/ThirdParty/Layer Lab/GUI Pro-SuperCasual/ResourcesData/Sprites/Components/Label/Label_Parallelogram_Red.png,png
1844,Label_Parallelogram_White_Bg,Components/Label,Assets/ThirdParty/Layer Lab/GUI Pro-SuperCasual/ResourcesData/Sprites/Components/Label/Label_Parallelogram_White_Bg.png,png
1845,Label_Parallelogram_White_Inner,Components/Label,Assets/ThirdParty/Layer Lab/GUI Pro-SuperCasual/ResourcesData/Sprites/Components/Label/Label_Parallelogram_White_Inner.png,png
1846,Label_Parallelogram_Yellow,Components/Label,Assets/ThirdParty/Layer Lab/GUI Pro-SuperCasual/ResourcesData/Sprites/Components/Label/Label_Parallelogram_Yellow.png,png
1847,Label_Ribbon_Hologram,Components/Label,Assets/ThirdParty/Layer Lab/GUI Pro-SuperCasual/ResourcesData/Sprites/Components/Label/Label_Ribbon_Hologram.png,png
1848,Label_Ribbon_White,Components/Label,Assets/ThirdParty/Layer Lab/GUI Pro-SuperCasual/ResourcesData/Sprites/Components/Label/Label_Ribbon_White.png,png
1849,Label_Tail_Demo_Red,Components/Label,Assets/ThirdParty/Layer Lab/GUI Pro-SuperCasual/ResourcesData/Sprites/Components/Label/Label_Tail_Demo_Red.png,png
1850,Label_Tail_White_Bg,Components/Label,Assets/ThirdParty/Layer Lab/GUI Pro-SuperCasual/ResourcesData/Sprites/Components/Label/Label_Tail_White_Bg.png,png
1851,Label_Tail_White_Border,Components/Label,Assets/ThirdParty/Layer Lab/GUI Pro-SuperCasual/ResourcesData/Sprites/Components/Label/Label_Tail_White_Border.png,png
1852,Title_Line01_Divider_Left,Components/Label,Assets/ThirdParty/Layer Lab/GUI Pro-SuperCasual/ResourcesData/Sprites/Components/Label/Title_Line01_Divider_Left.png,png
1853,Title_Line01_Divider_Right,Components/Label,Assets/ThirdParty/Layer Lab/GUI Pro-SuperCasual/ResourcesData/Sprites/Components/Label/Title_Line01_Divider_Right.png,png
1854,Title_Line02_Divider_Left,Components/Label,Assets/ThirdParty/Layer Lab/GUI Pro-SuperCasual/ResourcesData/Sprites/Components/Label/Title_Line02_Divider_Left.png,png
1855,Title_Line02_Divider_Right,Components/Label,Assets/ThirdParty/Layer Lab/GUI Pro-SuperCasual/ResourcesData/Sprites/Components/Label/Title_Line02_Divider_Right.png,png
1856,Title_Line03_Divider,Components/Label,Assets/ThirdParty/Layer Lab/GUI Pro-SuperCasual/ResourcesData/Sprites/Components/Label/Title_Line03_Divider.png,png
1857,Title_LIne04_Under,Components/Label,Assets/ThirdParty/Layer Lab/GUI Pro-SuperCasual/ResourcesData/Sprites/Components/Label/Title_LIne04_Under.png,png
1858,Title_Oval,Components/Label,Assets/ThirdParty/Layer Lab/GUI Pro-SuperCasual/ResourcesData/Sprites/Components/Label/Title_Oval.png,png
1859,Title_Ribbon01_Blue,Components/Label,Assets/ThirdParty/Layer Lab/GUI Pro-SuperCasual/ResourcesData/Sprites/Components/Label/Title_Ribbon01_Blue.png,png
1860,Title_Ribbon01_Gray,Components/Label,Assets/ThirdParty/Layer Lab/GUI Pro-SuperCasual/ResourcesData/Sprites/Components/Label/Title_Ribbon01_Gray.png,png
1861,Title_Ribbon01_Green,Components/Label,Assets/ThirdParty/Layer Lab/GUI Pro-SuperCasual/ResourcesData/Sprites/Components/Label/Title_Ribbon01_Green.png,png
1862,Title_Ribbon01_Magenta,Components/Label,Assets/ThirdParty/Layer Lab/GUI Pro-SuperCasual/ResourcesData/Sprites/Components/Label/Title_Ribbon01_Magenta.png,png
1863,Title_Ribbon01_Navy,Components/Label,Assets/ThirdParty/Layer Lab/GUI Pro-SuperCasual/ResourcesData/Sprites/Components/Label/Title_Ribbon01_Navy.png,png
1864,Title_Ribbon01_Orange,Components/Label,Assets/ThirdParty/Layer Lab/GUI Pro-SuperCasual/ResourcesData/Sprites/Components/Label/Title_Ribbon01_Orange.png,png
1865,Title_Ribbon01_Peacock,Components/Label,Assets/ThirdParty/Layer Lab/GUI Pro-SuperCasual/ResourcesData/Sprites/Components/Label/Title_Ribbon01_Peacock.png,png
1866,Title_Ribbon01_Plum,Components/Label,Assets/ThirdParty/Layer Lab/GUI Pro-SuperCasual/ResourcesData/Sprites/Components/Label/Title_Ribbon01_Plum.png,png
1867,Title_Ribbon01_Purple,Components/Label,Assets/ThirdParty/Layer Lab/GUI Pro-SuperCasual/ResourcesData/Sprites/Components/Label/Title_Ribbon01_Purple.png,png
1868,Title_Ribbon01_Red,Components/Label,Assets/ThirdParty/Layer Lab/GUI Pro-SuperCasual/ResourcesData/Sprites/Components/Label/Title_Ribbon01_Red.png,png
1869,Title_Ribbon01_Sky,Components/Label,Assets/ThirdParty/Layer Lab/GUI Pro-SuperCasual/ResourcesData/Sprites/Components/Label/Title_Ribbon01_Sky.png,png
1870,Title_Ribbon01_Yellow,Components/Label,Assets/ThirdParty/Layer Lab/GUI Pro-SuperCasual/ResourcesData/Sprites/Components/Label/Title_Ribbon01_Yellow.png,png
1871,Title_Ribbon02_Red,Components/Label,Assets/ThirdParty/Layer Lab/GUI Pro-SuperCasual/ResourcesData/Sprites/Components/Label/Title_Ribbon02_Red.png,png
1872,Title_Ribbon02_White1,Components/Label,Assets/ThirdParty/Layer Lab/GUI Pro-SuperCasual/ResourcesData/Sprites/Components/Label/Title_Ribbon02_White1.png,png
1873,Title_Ribbon02_White2,Components/Label,Assets/ThirdParty/Layer Lab/GUI Pro-SuperCasual/ResourcesData/Sprites/Components/Label/Title_Ribbon02_White2.png,png
1874,Title_Ribbon03_Red,Components/Label,Assets/ThirdParty/Layer Lab/GUI Pro-SuperCasual/ResourcesData/Sprites/Components/Label/Title_Ribbon03_Red.png,png
1875,Title_Ribbon03_White1,Components/Label,Assets/ThirdParty/Layer Lab/GUI Pro-SuperCasual/ResourcesData/Sprites/Components/Label/Title_Ribbon03_White1.png,png
1876,Title_Ribbon03_White2,Components/Label,Assets/ThirdParty/Layer Lab/GUI Pro-SuperCasual/ResourcesData/Sprites/Components/Label/Title_Ribbon03_White2.png,png
1877,Title_Ribbon04_Red,Components/Label,Assets/ThirdParty/Layer Lab/GUI Pro-SuperCasual/ResourcesData/Sprites/Components/Label/Title_Ribbon04_Red.png,png
1878,Title_Ribbon05,Components/Label,Assets/ThirdParty/Layer Lab/GUI Pro-SuperCasual/ResourcesData/Sprites/Components/Label/Title_Ribbon05.png,png
1879,Title_Tapered01,Components/Label,Assets/ThirdParty/Layer Lab/GUI Pro-SuperCasual/ResourcesData/Sprites/Components/Label/Title_Tapered01.png,png
1880,Title_Tapered02,Components/Label,Assets/ThirdParty/Layer Lab/GUI Pro-SuperCasual/ResourcesData/Sprites/Components/Label/Title_Tapered02.png,png
1881,Title_Tapered03,Components/Label,Assets/ThirdParty/Layer Lab/GUI Pro-SuperCasual/ResourcesData/Sprites/Components/Label/Title_Tapered03.png,png
1882,Popup01_Basic_Demo,Components/Popup,Assets/ThirdParty/Layer Lab/GUI Pro-SuperCasual/ResourcesData/Sprites/Components/Popup/Popup01_Basic_Demo.png,png
1883,Popup01_Basic_White_Bg,Components/Popup,Assets/ThirdParty/Layer Lab/GUI Pro-SuperCasual/ResourcesData/Sprites/Components/Popup/Popup01_Basic_White_Bg.png,png
1884,Popup01_Basic_White_Light,Components/Popup,Assets/ThirdParty/Layer Lab/GUI Pro-SuperCasual/ResourcesData/Sprites/Components/Popup/Popup01_Basic_White_Light.png,png
1885,Popup02~09_Topber_Demo_Bg,Components/Popup,Assets/ThirdParty/Layer Lab/GUI Pro-SuperCasual/ResourcesData/Sprites/Components/Popup/Popup02~09_Topber_Demo_Bg.png,png
1886,Popup02~09_Topber_White_Bg,Components/Popup,Assets/ThirdParty/Layer Lab/GUI Pro-SuperCasual/ResourcesData/Sprites/Components/Popup/Popup02~09_Topber_White_Bg.png,png
1887,Popup02~09_Topber_White_BgTop,Components/Popup,Assets/ThirdParty/Layer Lab/GUI Pro-SuperCasual/ResourcesData/Sprites/Components/Popup/Popup02~09_Topber_White_BgTop.png,png
1888,Popup02~09_Topber_White_BgTopLight,Components/Popup,Assets/ThirdParty/Layer Lab/GUI Pro-SuperCasual/ResourcesData/Sprites/Components/Popup/Popup02~09_Topber_White_BgTopLight.png,png
1889,Popup03_Gradient,Components/Popup,Assets/ThirdParty/Layer Lab/GUI Pro-SuperCasual/ResourcesData/Sprites/Components/Popup/Popup03_Gradient.png,png
1890,Popup06_Glow_Bottom,Components/Popup,Assets/ThirdParty/Layer Lab/GUI Pro-SuperCasual/ResourcesData/Sprites/Components/Popup/Popup06_Glow_Bottom.png,png
1891,Popup06_Pattern,Components/Popup,Assets/ThirdParty/Layer Lab/GUI Pro-SuperCasual/ResourcesData/Sprites/Components/Popup/Popup06_Pattern.psd,psd
1892,Popup09_Topber_White_Label_Bg,Components/Popup,Assets/ThirdParty/Layer Lab/GUI Pro-SuperCasual/ResourcesData/Sprites/Components/Popup/Popup09_Topber_White_Label_Bg.png,png
1893,Popup09_Topber_White_Label_Inner,Components/Popup,Assets/ThirdParty/Layer Lab/GUI Pro-SuperCasual/ResourcesData/Sprites/Components/Popup/Popup09_Topber_White_Label_Inner.png,png
1894,Popup_Chat_Bg,Components/Popup,Assets/ThirdParty/Layer Lab/GUI Pro-SuperCasual/ResourcesData/Sprites/Components/Popup/Popup_Chat_Bg.png,png
1895,Popup_Chat_BgLight,Components/Popup,Assets/ThirdParty/Layer Lab/GUI Pro-SuperCasual/ResourcesData/Sprites/Components/Popup/Popup_Chat_BgLight.png,png
1896,Popup_Chat_TabFocus,Components/Popup,Assets/ThirdParty/Layer Lab/GUI Pro-SuperCasual/ResourcesData/Sprites/Components/Popup/Popup_Chat_TabFocus.png,png
1897,Popup_FullWidth_Dark,Components/Popup,Assets/ThirdParty/Layer Lab/GUI Pro-SuperCasual/ResourcesData/Sprites/Components/Popup/Popup_FullWidth_Dark.png,png
1898,Popup_FullWidth_White,Components/Popup,Assets/ThirdParty/Layer Lab/GUI Pro-SuperCasual/ResourcesData/Sprites/Components/Popup/Popup_FullWidth_White.png,png
1899,Popup_List_VerticalLayout,Components/Popup,Assets/ThirdParty/Layer Lab/GUI Pro-SuperCasual/ResourcesData/Sprites/Components/Popup/Popup_List_VerticalLayout.png,png
1900,Popup_OutTitle_Bg,Components/Popup,Assets/ThirdParty/Layer Lab/GUI Pro-SuperCasual/ResourcesData/Sprites/Components/Popup/Popup_OutTitle_Bg.png,png
1901,Popup_OutTitle_Bg_Title,Components/Popup,Assets/ThirdParty/Layer Lab/GUI Pro-SuperCasual/ResourcesData/Sprites/Components/Popup/Popup_OutTitle_Bg_Title.png,png
1902,Popup_OutTitle_Inner_Bottom,Components/Popup,Assets/ThirdParty/Layer Lab/GUI Pro-SuperCasual/ResourcesData/Sprites/Components/Popup/Popup_OutTitle_Inner_Bottom.png,png
1903,Popup_OutTitle_Inner_Top,Components/Popup,Assets/ThirdParty/Layer Lab/GUI Pro-SuperCasual/ResourcesData/Sprites/Components/Popup/Popup_OutTitle_Inner_Top.png,png
1904,Popup_Ticket_Bg,Components/Popup,Assets/ThirdParty/Layer Lab/GUI Pro-SuperCasual/ResourcesData/Sprites/Components/Popup/Popup_Ticket_Bg.png,png
1905,Popup_Ticket_Border,Components/Popup,Assets/ThirdParty/Layer Lab/GUI Pro-SuperCasual/ResourcesData/Sprites/Components/Popup/Popup_Ticket_Border.png,png
1906,Popup_Ticket_BottomPattern,Components/Popup,Assets/ThirdParty/Layer Lab/GUI Pro-SuperCasual/ResourcesData/Sprites/Components/Popup/Popup_Ticket_BottomPattern.png,png
1907,Popup_Ticket_Gradient,Components/Popup,Assets/ThirdParty/Layer Lab/GUI Pro-SuperCasual/ResourcesData/Sprites/Components/Popup/Popup_Ticket_Gradient.png,png
1908,_Slider_Basic_R6_Fill_Orange,Components/Slider,Assets/ThirdParty/Layer Lab/GUI Pro-SuperCasual/ResourcesData/Sprites/Components/Slider/_Slider_Basic_R6_Fill_Orange.png,png
1909,_Slider_Round6_01_White_Bg,Components/Slider,Assets/ThirdParty/Layer Lab/GUI Pro-SuperCasual/ResourcesData/Sprites/Components/Slider/_Slider_Round6_01_White_Bg.png,png
1910,_Slider_Round6_01_White_Fill,Components/Slider,Assets/ThirdParty/Layer Lab/GUI Pro-SuperCasual/ResourcesData/Sprites/Components/Slider/_Slider_Round6_01_White_Fill.png,png
1911,Slider_Basic01_Bg_Demo,Components/Slider,Assets/ThirdParty/Layer Lab/GUI Pro-SuperCasual/ResourcesData/Sprites/Components/Slider/Slider_Basic01_Bg_Demo.png,png
1912,Slider_Basic01_Bg_White1,Components/Slider,Assets/ThirdParty/Layer Lab/GUI Pro-SuperCasual/ResourcesData/Sprites/Components/Slider/Slider_Basic01_Bg_White1.png,png
1913,Slider_Basic01_Bg_White2,Components/Slider,Assets/ThirdParty/Layer Lab/GUI Pro-SuperCasual/ResourcesData/Sprites/Components/Slider/Slider_Basic01_Bg_White2.png,png
1914,Slider_Basic01_Fill_Blue,Components/Slider,Assets/ThirdParty/Layer Lab/GUI Pro-SuperCasual/ResourcesData/Sprites/Components/Slider/Slider_Basic01_Fill_Blue.png,png
1915,Slider_Basic01_Fill_Green,Components/Slider,Assets/ThirdParty/Layer Lab/GUI Pro-SuperCasual/ResourcesData/Sprites/Components/Slider/Slider_Basic01_Fill_Green.png,png
1916,Slider_Basic01_Fill_White,Components/Slider,Assets/ThirdParty/Layer Lab/GUI Pro-SuperCasual/ResourcesData/Sprites/Components/Slider/Slider_Basic01_Fill_White.png,png
1917,Slider_Basic01_Fill_Yellow,Components/Slider,Assets/ThirdParty/Layer Lab/GUI Pro-SuperCasual/ResourcesData/Sprites/Components/Slider/Slider_Basic01_Fill_Yellow.png,png
1918,Slider_Basic01_FillMask,Components/Slider,Assets/ThirdParty/Layer Lab/GUI Pro-SuperCasual/ResourcesData/Sprites/Components/Slider/Slider_Basic01_FillMask.png,png
1919,Slider_Basic02_Bg,Components/Slider,Assets/ThirdParty/Layer Lab/GUI Pro-SuperCasual/ResourcesData/Sprites/Components/Slider/Slider_Basic02_Bg.png,png
1920,Slider_Basic02_Fill_Blue,Components/Slider,Assets/ThirdParty/Layer Lab/GUI Pro-SuperCasual/ResourcesData/Sprites/Components/Slider/Slider_Basic02_Fill_Blue.png,png
1921,Slider_Basic02_Fill_Green,Components/Slider,Assets/ThirdParty/Layer Lab/GUI Pro-SuperCasual/ResourcesData/Sprites/Components/Slider/Slider_Basic02_Fill_Green.png,png
1922,Slider_Basic02_Fill_White,Components/Slider,Assets/ThirdParty/Layer Lab/GUI Pro-SuperCasual/ResourcesData/Sprites/Components/Slider/Slider_Basic02_Fill_White.png,png
1923,Slider_Basic02_Fill_Yellow,Components/Slider,Assets/ThirdParty/Layer Lab/GUI Pro-SuperCasual/ResourcesData/Sprites/Components/Slider/Slider_Basic02_Fill_Yellow.png,png
1924,Slider_Basic02_FillMask,Components/Slider,Assets/ThirdParty/Layer Lab/GUI Pro-SuperCasual/ResourcesData/Sprites/Components/Slider/Slider_Basic02_FillMask.png,png
1925,Slider_Basic03_Bg_Demo,Components/Slider,Assets/ThirdParty/Layer Lab/GUI Pro-SuperCasual/ResourcesData/Sprites/Components/Slider/Slider_Basic03_Bg_Demo.png,png
1926,Slider_Basic03_Bg_White1,Components/Slider,Assets/ThirdParty/Layer Lab/GUI Pro-SuperCasual/ResourcesData/Sprites/Components/Slider/Slider_Basic03_Bg_White1.png,png
1927,Slider_Basic03_Bg_White2,Components/Slider,Assets/ThirdParty/Layer Lab/GUI Pro-SuperCasual/ResourcesData/Sprites/Components/Slider/Slider_Basic03_Bg_White2.png,png
1928,Slider_Basic03_Fill_Blue,Components/Slider,Assets/ThirdParty/Layer Lab/GUI Pro-SuperCasual/ResourcesData/Sprites/Components/Slider/Slider_Basic03_Fill_Blue.png,png
1929,Slider_Basic03_Fill_Green,Components/Slider,Assets/ThirdParty/Layer Lab/GUI Pro-SuperCasual/ResourcesData/Sprites/Components/Slider/Slider_Basic03_Fill_Green.png,png
1930,Slider_Basic03_Fill_White,Components/Slider,Assets/ThirdParty/Layer Lab/GUI Pro-SuperCasual/ResourcesData/Sprites/Components/Slider/Slider_Basic03_Fill_White.png,png
1931,Slider_Basic03_Fill_Yellow,Components/Slider,Assets/ThirdParty/Layer Lab/GUI Pro-SuperCasual/ResourcesData/Sprites/Components/Slider/Slider_Basic03_Fill_Yellow.png,png
1932,Slider_Basic03_FillMask,Components/Slider,Assets/ThirdParty/Layer Lab/GUI Pro-SuperCasual/ResourcesData/Sprites/Components/Slider/Slider_Basic03_FillMask.png,png
1933,Slider_Basic04_Bg,Components/Slider,Assets/ThirdParty/Layer Lab/GUI Pro-SuperCasual/ResourcesData/Sprites/Components/Slider/Slider_Basic04_Bg.png,png
1934,Slider_Basic04_Fill_Blue,Components/Slider,Assets/ThirdParty/Layer Lab/GUI Pro-SuperCasual/ResourcesData/Sprites/Components/Slider/Slider_Basic04_Fill_Blue.png,png
1935,Slider_Basic04_Fill_Orange,Components/Slider,Assets/ThirdParty/Layer Lab/GUI Pro-SuperCasual/ResourcesData/Sprites/Components/Slider/Slider_Basic04_Fill_Orange.png,png
1936,Slider_Basic04_White_Fill1,Components/Slider,Assets/ThirdParty/Layer Lab/GUI Pro-SuperCasual/ResourcesData/Sprites/Components/Slider/Slider_Basic04_White_Fill1.png,png
1937,Slider_Basic04_White_Fill2,Components/Slider,Assets/ThirdParty/Layer Lab/GUI Pro-SuperCasual/ResourcesData/Sprites/Components/Slider/Slider_Basic04_White_Fill2.png,png
1938,Slider_Handle_Bg,Components/Slider,Assets/ThirdParty/Layer Lab/GUI Pro-SuperCasual/ResourcesData/Sprites/Components/Slider/Slider_Handle_Bg.png,png
1939,Slider_Handle_Fill_Pink,Components/Slider,Assets/ThirdParty/Layer Lab/GUI Pro-SuperCasual/ResourcesData/Sprites/Components/Slider/Slider_Handle_Fill_Pink.png,png
1940,Slider_Handle_Fill_White1,Components/Slider,Assets/ThirdParty/Layer Lab/GUI Pro-SuperCasual/ResourcesData/Sprites/Components/Slider/Slider_Handle_Fill_White1.png,png
1941,Slider_Handle_Fill_White2,Components/Slider,Assets/ThirdParty/Layer Lab/GUI Pro-SuperCasual/ResourcesData/Sprites/Components/Slider/Slider_Handle_Fill_White2.png,png
1942,Slider_Handle_FillMask,Components/Slider,Assets/ThirdParty/Layer Lab/GUI Pro-SuperCasual/ResourcesData/Sprites/Components/Slider/Slider_Handle_FillMask.png,png
1943,Slider_Handle_Handle,Components/Slider,Assets/ThirdParty/Layer Lab/GUI Pro-SuperCasual/ResourcesData/Sprites/Components/Slider/Slider_Handle_Handle.png,png
1944,Slider_Icon01_Bg,Components/Slider,Assets/ThirdParty/Layer Lab/GUI Pro-SuperCasual/ResourcesData/Sprites/Components/Slider/Slider_Icon01_Bg.png,png
1945,Slider_Icon01_Fill_Orange,Components/Slider,Assets/ThirdParty/Layer Lab/GUI Pro-SuperCasual/ResourcesData/Sprites/Components/Slider/Slider_Icon01_Fill_Orange.png,png
1946,Slider_Icon01_Fill_White,Components/Slider,Assets/ThirdParty/Layer Lab/GUI Pro-SuperCasual/ResourcesData/Sprites/Components/Slider/Slider_Icon01_Fill_White.png,png
1947,Slider_Icon01_FillMask,Components/Slider,Assets/ThirdParty/Layer Lab/GUI Pro-SuperCasual/ResourcesData/Sprites/Components/Slider/Slider_Icon01_FillMask.png,png
1948,Slider_Icon01_Icon1,Components/Slider,Assets/ThirdParty/Layer Lab/GUI Pro-SuperCasual/ResourcesData/Sprites/Components/Slider/Slider_Icon01_Icon1.png,png
1949,Slider_Icon01_Icon2,Components/Slider,Assets/ThirdParty/Layer Lab/GUI Pro-SuperCasual/ResourcesData/Sprites/Components/Slider/Slider_Icon01_Icon2.png,png
1950,Slider_Icon02_Badge1,Components/Slider,Assets/ThirdParty/Layer Lab/GUI Pro-SuperCasual/ResourcesData/Sprites/Components/Slider/Slider_Icon02_Badge1.png,png
1951,Slider_Icon02_Badge2,Components/Slider,Assets/ThirdParty/Layer Lab/GUI Pro-SuperCasual/ResourcesData/Sprites/Components/Slider/Slider_Icon02_Badge2.png,png
1952,Slider_Icon02_Bg,Components/Slider,Assets/ThirdParty/Layer Lab/GUI Pro-SuperCasual/ResourcesData/Sprites/Components/Slider/Slider_Icon02_Bg.png,png
1953,Slider_Icon02_Fill_Orange,Components/Slider,Assets/ThirdParty/Layer Lab/GUI Pro-SuperCasual/ResourcesData/Sprites/Components/Slider/Slider_Icon02_Fill_Orange.png,png
1954,Slider_Icon02_Fill_White,Components/Slider,Assets/ThirdParty/Layer Lab/GUI Pro-SuperCasual/ResourcesData/Sprites/Components/Slider/Slider_Icon02_Fill_White.png,png
1955,Slider_Icon02_FillMask,Components/Slider,Assets/ThirdParty/Layer Lab/GUI Pro-SuperCasual/ResourcesData/Sprites/Components/Slider/Slider_Icon02_FillMask.png,png
1956,Slider_Icon02_Icon1,Components/Slider,Assets/ThirdParty/Layer Lab/GUI Pro-SuperCasual/ResourcesData/Sprites/Components/Slider/Slider_Icon02_Icon1.png,png
1957,Slider_Level01_Badge_l,Components/Slider,Assets/ThirdParty/Layer Lab/GUI Pro-SuperCasual/ResourcesData/Sprites/Components/Slider/Slider_Level01_Badge_l.png,png
1958,Slider_Level01_Badge_s,Components/Slider,Assets/ThirdParty/Layer Lab/GUI Pro-SuperCasual/ResourcesData/Sprites/Components/Slider/Slider_Level01_Badge_s.png,png
1959,Slider_Level01_Bg,Components/Slider,Assets/ThirdParty/Layer Lab/GUI Pro-SuperCasual/ResourcesData/Sprites/Components/Slider/Slider_Level01_Bg.png,png
1960,Slider_Level01_Fill,Components/Slider,Assets/ThirdParty/Layer Lab/GUI Pro-SuperCasual/ResourcesData/Sprites/Components/Slider/Slider_Level01_Fill.png,png
1961,Slider_Level01_FillMask,Components/Slider,Assets/ThirdParty/Layer Lab/GUI Pro-SuperCasual/ResourcesData/Sprites/Components/Slider/Slider_Level01_FillMask.png,png
1962,Slider_Level02_Bg_Demo,Components/Slider,Assets/ThirdParty/Layer Lab/GUI Pro-SuperCasual/ResourcesData/Sprites/Components/Slider/Slider_Level02_Bg_Demo.png,png
1963,Slider_Level02_Bg_White1,Components/Slider,Assets/ThirdParty/Layer Lab/GUI Pro-SuperCasual/ResourcesData/Sprites/Components/Slider/Slider_Level02_Bg_White1.png,png
1964,Slider_Level02_Bg_White2,Components/Slider,Assets/ThirdParty/Layer Lab/GUI Pro-SuperCasual/ResourcesData/Sprites/Components/Slider/Slider_Level02_Bg_White2.png,png
1965,Slider_Level02_Fill01_Blue,Components/Slider,Assets/ThirdParty/Layer Lab/GUI Pro-SuperCasual/ResourcesData/Sprites/Components/Slider/Slider_Level02_Fill01_Blue.png,png
1966,Slider_Level02_Fill01_White,Components/Slider,Assets/ThirdParty/Layer Lab/GUI Pro-SuperCasual/ResourcesData/Sprites/Components/Slider/Slider_Level02_Fill01_White.png,png
1967,Slider_Level02_Fill01_Yellow,Components/Slider,Assets/ThirdParty/Layer Lab/GUI Pro-SuperCasual/ResourcesData/Sprites/Components/Slider/Slider_Level02_Fill01_Yellow.png,png
1968,Slider_Level02_Fill02_Blue,Components/Slider,Assets/ThirdParty/Layer Lab/GUI Pro-SuperCasual/ResourcesData/Sprites/Components/Slider/Slider_Level02_Fill02_Blue.png,png
1969,Slider_Level02_Fill02_White,Components/Slider,Assets/ThirdParty/Layer Lab/GUI Pro-SuperCasual/ResourcesData/Sprites/Components/Slider/Slider_Level02_Fill02_White.png,png
1970,Slider_Level02_Fill02_Yellow,Components/Slider,Assets/ThirdParty/Layer Lab/GUI Pro-SuperCasual/ResourcesData/Sprites/Components/Slider/Slider_Level02_Fill02_Yellow.png,png
1971,Slider_Level02_Icon_Badge_Blue,Components/Slider,Assets/ThirdParty/Layer Lab/GUI Pro-SuperCasual/ResourcesData/Sprites/Components/Slider/Slider_Level02_Icon_Badge_Blue.png,png
1972,Slider_Level02_Icon_Badge_Yellow,Components/Slider,Assets/ThirdParty/Layer Lab/GUI Pro-SuperCasual/ResourcesData/Sprites/Components/Slider/Slider_Level02_Icon_Badge_Yellow.png,png
1973,Slider_Level02_Icon_Up_Green,Components/Slider,Assets/ThirdParty/Layer Lab/GUI Pro-SuperCasual/ResourcesData/Sprites/Components/Slider/Slider_Level02_Icon_Up_Green.png,png
1974,Slider_Level02_Icon_Up_White,Components/Slider,Assets/ThirdParty/Layer Lab/GUI Pro-SuperCasual/ResourcesData/Sprites/Components/Slider/Slider_Level02_Icon_Up_White.png,png
1975,Slider_Level03_Badge1,Components/Slider,Assets/ThirdParty/Layer Lab/GUI Pro-SuperCasual/ResourcesData/Sprites/Components/Slider/Slider_Level03_Badge1.png,png
1976,Slider_Level03_Badge2,Components/Slider,Assets/ThirdParty/Layer Lab/GUI Pro-SuperCasual/ResourcesData/Sprites/Components/Slider/Slider_Level03_Badge2.png,png
1977,Slider_Level03_Bg,Components/Slider,Assets/ThirdParty/Layer Lab/GUI Pro-SuperCasual/ResourcesData/Sprites/Components/Slider/Slider_Level03_Bg.png,png
1978,Slider_Level03_Fill1,Components/Slider,Assets/ThirdParty/Layer Lab/GUI Pro-SuperCasual/ResourcesData/Sprites/Components/Slider/Slider_Level03_Fill1.png,png
1979,Slider_Level03_Fill2,Components/Slider,Assets/ThirdParty/Layer Lab/GUI Pro-SuperCasual/ResourcesData/Sprites/Components/Slider/Slider_Level03_Fill2.png,png
1980,Slider_Panel_Bg,Components/Slider,Assets/ThirdParty/Layer Lab/GUI Pro-SuperCasual/ResourcesData/Sprites/Components/Slider/Slider_Panel_Bg.png,png
1981,Slider_Panel_Fill1,Components/Slider,Assets/ThirdParty/Layer Lab/GUI Pro-SuperCasual/ResourcesData/Sprites/Components/Slider/Slider_Panel_Fill1.png,png
1982,Slider_Panel_Fill2,Components/Slider,Assets/ThirdParty/Layer Lab/GUI Pro-SuperCasual/ResourcesData/Sprites/Components/Slider/Slider_Panel_Fill2.png,png
1983,Slider_Play01_Bg,Components/Slider,Assets/ThirdParty/Layer Lab/GUI Pro-SuperCasual/ResourcesData/Sprites/Components/Slider/Slider_Play01_Bg.png,png
1984,Slider_Play01_Fill,Components/Slider,Assets/ThirdParty/Layer Lab/GUI Pro-SuperCasual/ResourcesData/Sprites/Components/Slider/Slider_Play01_Fill.png,png
1985,Slider_Play01_FillMask,Components/Slider,Assets/ThirdParty/Layer Lab/GUI Pro-SuperCasual/ResourcesData/Sprites/Components/Slider/Slider_Play01_FillMask.png,png
1986,Slider_Play02_Bg,Components/Slider,Assets/ThirdParty/Layer Lab/GUI Pro-SuperCasual/ResourcesData/Sprites/Components/Slider/Slider_Play02_Bg.png,png
1987,Slider_Play02_FillMask,Components/Slider,Assets/ThirdParty/Layer Lab/GUI Pro-SuperCasual/ResourcesData/Sprites/Components/Slider/Slider_Play02_FillMask.png,png
1988,Slider_StageHorizontal_Bg,Components/Slider,Assets/ThirdParty/Layer Lab/GUI Pro-SuperCasual/ResourcesData/Sprites/Components/Slider/Slider_StageHorizontal_Bg.png,png
1989,Slider_StageHorizontal_Icon_l_Blue,Components/Slider,Assets/ThirdParty/Layer Lab/GUI Pro-SuperCasual/ResourcesData/Sprites/Components/Slider/Slider_StageHorizontal_Icon_l_Blue.png,png
1990,Slider_StageHorizontal_Icon_l_Gray,Components/Slider,Assets/ThirdParty/Layer Lab/GUI Pro-SuperCasual/ResourcesData/Sprites/Components/Slider/Slider_StageHorizontal_Icon_l_Gray.png,png
1991,Slider_StageHorizontal_Icon_l_White1,Components/Slider,Assets/ThirdParty/Layer Lab/GUI Pro-SuperCasual/ResourcesData/Sprites/Components/Slider/Slider_StageHorizontal_Icon_l_White1.png,png
1992,Slider_StageHorizontal_Icon_l_White2,Components/Slider,Assets/ThirdParty/Layer Lab/GUI Pro-SuperCasual/ResourcesData/Sprites/Components/Slider/Slider_StageHorizontal_Icon_l_White2.png,png
1993,Slider_StageHorizontal_Icon_l_Yellow,Components/Slider,Assets/ThirdParty/Layer Lab/GUI Pro-SuperCasual/ResourcesData/Sprites/Components/Slider/Slider_StageHorizontal_Icon_l_Yellow.png,png
1994,Slider_StageHorizontal_Icon_s_Blue,Components/Slider,Assets/ThirdParty/Layer Lab/GUI Pro-SuperCasual/ResourcesData/Sprites/Components/Slider/Slider_StageHorizontal_Icon_s_Blue.png,png
1995,Slider_StageHorizontal_Icon_s_White1,Components/Slider,Assets/ThirdParty/Layer Lab/GUI Pro-SuperCasual/ResourcesData/Sprites/Components/Slider/Slider_StageHorizontal_Icon_s_White1.png,png
1996,Slider_StageHorizontal_Icon_s_White2,Components/Slider,Assets/ThirdParty/Layer Lab/GUI Pro-SuperCasual/ResourcesData/Sprites/Components/Slider/Slider_StageHorizontal_Icon_s_White2.png,png
1997,Slider_StageHorizontal_Icon_s_Yellow,Components/Slider,Assets/ThirdParty/Layer Lab/GUI Pro-SuperCasual/ResourcesData/Sprites/Components/Slider/Slider_StageHorizontal_Icon_s_Yellow.png,png
1998,Slider_StageVertical_Bg,Components/Slider,Assets/ThirdParty/Layer Lab/GUI Pro-SuperCasual/ResourcesData/Sprites/Components/Slider/Slider_StageVertical_Bg.png,png
1999,Slider_StageVertical_Icon1,Components/Slider,Assets/ThirdParty/Layer Lab/GUI Pro-SuperCasual/ResourcesData/Sprites/Components/Slider/Slider_StageVertical_Icon1.png,png
2000,Slider_StageVertical_Icon2,Components/Slider,Assets/ThirdParty/Layer Lab/GUI Pro-SuperCasual/ResourcesData/Sprites/Components/Slider/Slider_StageVertical_Icon2.png,png
2001,Slider_Wave_Badge1,Components/Slider,Assets/ThirdParty/Layer Lab/GUI Pro-SuperCasual/ResourcesData/Sprites/Components/Slider/Slider_Wave_Badge1.png,png
2002,Slider_Wave_Badge2,Components/Slider,Assets/ThirdParty/Layer Lab/GUI Pro-SuperCasual/ResourcesData/Sprites/Components/Slider/Slider_Wave_Badge2.png,png
2003,Slider_Wave_Bg,Components/Slider,Assets/ThirdParty/Layer Lab/GUI Pro-SuperCasual/ResourcesData/Sprites/Components/Slider/Slider_Wave_Bg.png,png
2004,Slider_Wave_Fill,Components/Slider,Assets/ThirdParty/Layer Lab/GUI Pro-SuperCasual/ResourcesData/Sprites/Components/Slider/Slider_Wave_Fill.png,png
2005,Alert_Circle_Icon_Exclamation,Components/UI_Etc,Assets/ThirdParty/Layer Lab/GUI Pro-SuperCasual/ResourcesData/Sprites/Components/UI_Etc/Alert_Circle_Icon_Exclamation.png,png
2006,Alert_Circle_l_Bg,Components/UI_Etc,Assets/ThirdParty/Layer Lab/GUI Pro-SuperCasual/ResourcesData/Sprites/Components/UI_Etc/Alert_Circle_l_Bg.png,png
2007,Alert_Circle_l_Border,Components/UI_Etc,Assets/ThirdParty/Layer Lab/GUI Pro-SuperCasual/ResourcesData/Sprites/Components/UI_Etc/Alert_Circle_l_Border.png,png
2008,Alert_Circle_s_Bg,Components/UI_Etc,Assets/ThirdParty/Layer Lab/GUI Pro-SuperCasual/ResourcesData/Sprites/Components/UI_Etc/Alert_Circle_s_Bg.png,png
2009,Alert_Circle_s_Border,Components/UI_Etc,Assets/ThirdParty/Layer Lab/GUI Pro-SuperCasual/ResourcesData/Sprites/Components/UI_Etc/Alert_Circle_s_Border.png,png
2010,Alert_Dot_Bg,Components/UI_Etc,Assets/ThirdParty/Layer Lab/GUI Pro-SuperCasual/ResourcesData/Sprites/Components/UI_Etc/Alert_Dot_Bg.png,png
2011,Alert_Dot_Border,Components/UI_Etc,Assets/ThirdParty/Layer Lab/GUI Pro-SuperCasual/ResourcesData/Sprites/Components/UI_Etc/Alert_Dot_Border.png,png
2012,Alert_Dot_Light,Components/UI_Etc,Assets/ThirdParty/Layer Lab/GUI Pro-SuperCasual/ResourcesData/Sprites/Components/UI_Etc/Alert_Dot_Light.png,png
2013,InputField01_Bg_Demo,Components/UI_Etc,Assets/ThirdParty/Layer Lab/GUI Pro-SuperCasual/ResourcesData/Sprites/Components/UI_Etc/InputField01_Bg_Demo.png,png
2014,InputField01_Bg_White1,Components/UI_Etc,Assets/ThirdParty/Layer Lab/GUI Pro-SuperCasual/ResourcesData/Sprites/Components/UI_Etc/InputField01_Bg_White1.png,png
2015,InputField01_Bg_White2,Components/UI_Etc,Assets/ThirdParty/Layer Lab/GUI Pro-SuperCasual/ResourcesData/Sprites/Components/UI_Etc/InputField01_Bg_White2.png,png
2016,InputField01_Bg_White3,Components/UI_Etc,Assets/ThirdParty/Layer Lab/GUI Pro-SuperCasual/ResourcesData/Sprites/Components/UI_Etc/InputField01_Bg_White3.png,png
2017,InputField01_Icon_Lock,Components/UI_Etc,Assets/ThirdParty/Layer Lab/GUI Pro-SuperCasual/ResourcesData/Sprites/Components/UI_Etc/InputField01_Icon_Lock.png,png
2018,InputField01_Icon_Mail,Components/UI_Etc,Assets/ThirdParty/Layer Lab/GUI Pro-SuperCasual/ResourcesData/Sprites/Components/UI_Etc/InputField01_Icon_Mail.png,png
2019,InputField02_Demo,Components/UI_Etc,Assets/ThirdParty/Layer Lab/GUI Pro-SuperCasual/ResourcesData/Sprites/Components/UI_Etc/InputField02_Demo.png,png
2020,InputField02_White1,Components/UI_Etc,Assets/ThirdParty/Layer Lab/GUI Pro-SuperCasual/ResourcesData/Sprites/Components/UI_Etc/InputField02_White1.png,png
2021,InputField02_White2,Components/UI_Etc,Assets/ThirdParty/Layer Lab/GUI Pro-SuperCasual/ResourcesData/Sprites/Components/UI_Etc/InputField02_White2.png,png
2022,InputField03,Components/UI_Etc,Assets/ThirdParty/Layer Lab/GUI Pro-SuperCasual/ResourcesData/Sprites/Components/UI_Etc/InputField03.png,png
2023,InputField04,Components/UI_Etc,Assets/ThirdParty/Layer Lab/GUI Pro-SuperCasual/ResourcesData/Sprites/Components/UI_Etc/InputField04.png,png
2024,ResourceBar_Demo_Bg,Components/UI_Etc,Assets/ThirdParty/Layer Lab/GUI Pro-SuperCasual/ResourcesData/Sprites/Components/UI_Etc/ResourceBar_Demo_Bg.png,png
2025,ResourceBar_Demo_Btn_Blue1,Components/UI_Etc,Assets/ThirdParty/Layer Lab/GUI Pro-SuperCasual/ResourcesData/Sprites/Components/UI_Etc/ResourceBar_Demo_Btn_Blue1.png,png
2026,ResourceBar_Demo_Btn_Blue2,Components/UI_Etc,Assets/ThirdParty/Layer Lab/GUI Pro-SuperCasual/ResourcesData/Sprites/Components/UI_Etc/ResourceBar_Demo_Btn_Blue2.png,png
2027,ResourceBar_Demo_Btn_Purple1,Components/UI_Etc,Assets/ThirdParty/Layer Lab/GUI Pro-SuperCasual/ResourcesData/Sprites/Components/UI_Etc/ResourceBar_Demo_Btn_Purple1.png,png
2028,ResourceBar_Demo_Btn_Purple2,Components/UI_Etc,Assets/ThirdParty/Layer Lab/GUI Pro-SuperCasual/ResourcesData/Sprites/Components/UI_Etc/ResourceBar_Demo_Btn_Purple2.png,png
2029,ResourceBar_Demo_Btn_Yellow1,Components/UI_Etc,Assets/ThirdParty/Layer Lab/GUI Pro-SuperCasual/ResourcesData/Sprites/Components/UI_Etc/ResourceBar_Demo_Btn_Yellow1.png,png
2030,ResourceBar_Demo_Btn_Yellow2,Components/UI_Etc,Assets/ThirdParty/Layer Lab/GUI Pro-SuperCasual/ResourcesData/Sprites/Components/UI_Etc/ResourceBar_Demo_Btn_Yellow2.png,png
2031,ResourceBar_Demo_Icon_Coin,Components/UI_Etc,Assets/ThirdParty/Layer Lab/GUI Pro-SuperCasual/ResourcesData/Sprites/Components/UI_Etc/ResourceBar_Demo_Icon_Coin.png,png
2032,ResourceBar_Demo_Icon_Energy,Components/UI_Etc,Assets/ThirdParty/Layer Lab/GUI Pro-SuperCasual/ResourcesData/Sprites/Components/UI_Etc/ResourceBar_Demo_Icon_Energy.png,png
2033,ResourceBar_Demo_Icon_Gem,Components/UI_Etc,Assets/ThirdParty/Layer Lab/GUI Pro-SuperCasual/ResourcesData/Sprites/Components/UI_Etc/ResourceBar_Demo_Icon_Gem.png,png
2034,ResourceBar_Demo_Icon_Monster,Components/UI_Etc,Assets/ThirdParty/Layer Lab/GUI Pro-SuperCasual/ResourcesData/Sprites/Components/UI_Etc/ResourceBar_Demo_Icon_Monster.png,png
2035,ResourceBar_White_Bg,Components/UI_Etc,Assets/ThirdParty/Layer Lab/GUI Pro-SuperCasual/ResourcesData/Sprites/Components/UI_Etc/ResourceBar_White_Bg.png,png
2036,ResourceBar_White_Btn1,Components/UI_Etc,Assets/ThirdParty/Layer Lab/GUI Pro-SuperCasual/ResourcesData/Sprites/Components/UI_Etc/ResourceBar_White_Btn1.png,png
2037,ResourceBar_White_Btn2,Components/UI_Etc,Assets/ThirdParty/Layer Lab/GUI Pro-SuperCasual/ResourcesData/Sprites/Components/UI_Etc/ResourceBar_White_Btn2.png,png
2038,ResourceBar_White_Btn3,Components/UI_Etc,Assets/ThirdParty/Layer Lab/GUI Pro-SuperCasual/ResourcesData/Sprites/Components/UI_Etc/ResourceBar_White_Btn3.png,png
2039,ResourceBar_White_Icon1,Components/UI_Etc,Assets/ThirdParty/Layer Lab/GUI Pro-SuperCasual/ResourcesData/Sprites/Components/UI_Etc/ResourceBar_White_Icon1.png,png
2040,ResourceBar_White_Icon2,Components/UI_Etc,Assets/ThirdParty/Layer Lab/GUI Pro-SuperCasual/ResourcesData/Sprites/Components/UI_Etc/ResourceBar_White_Icon2.png,png
2041,Switch_Demo_Bg,Components/UI_Etc,Assets/ThirdParty/Layer Lab/GUI Pro-SuperCasual/ResourcesData/Sprites/Components/UI_Etc/Switch_Demo_Bg.png,png
2042,Switch_Demo_Fill,Components/UI_Etc,Assets/ThirdParty/Layer Lab/GUI Pro-SuperCasual/ResourcesData/Sprites/Components/UI_Etc/Switch_Demo_Fill.png,png
2043,Switch_Demo_Handle,Components/UI_Etc,Assets/ThirdParty/Layer Lab/GUI Pro-SuperCasual/ResourcesData/Sprites/Components/UI_Etc/Switch_Demo_Handle.png,png
2044,Switch_White_Bg,Components/UI_Etc,Assets/ThirdParty/Layer Lab/GUI Pro-SuperCasual/ResourcesData/Sprites/Components/UI_Etc/Switch_White_Bg.png,png
2045,Switch_White_BgInner,Components/UI_Etc,Assets/ThirdParty/Layer Lab/GUI Pro-SuperCasual/ResourcesData/Sprites/Components/UI_Etc/Switch_White_BgInner.png,png
2046,Switch_White_Fill1,Components/UI_Etc,Assets/ThirdParty/Layer Lab/GUI Pro-SuperCasual/ResourcesData/Sprites/Components/UI_Etc/Switch_White_Fill1.png,png
2047,Switch_White_Fill2,Components/UI_Etc,Assets/ThirdParty/Layer Lab/GUI Pro-SuperCasual/ResourcesData/Sprites/Components/UI_Etc/Switch_White_Fill2.png,png
2048,Switch_White_Handle,Components/UI_Etc,Assets/ThirdParty/Layer Lab/GUI Pro-SuperCasual/ResourcesData/Sprites/Components/UI_Etc/Switch_White_Handle.png,png
2049,ToastMessage_Bg_Gray,Components/UI_Etc,Assets/ThirdParty/Layer Lab/GUI Pro-SuperCasual/ResourcesData/Sprites/Components/UI_Etc/ToastMessage_Bg_Gray.png,png
2050,ToastMessage_Bg_Green,Components/UI_Etc,Assets/ThirdParty/Layer Lab/GUI Pro-SuperCasual/ResourcesData/Sprites/Components/UI_Etc/ToastMessage_Bg_Green.png,png
2051,ToastMessage_Bg_Red,Components/UI_Etc,Assets/ThirdParty/Layer Lab/GUI Pro-SuperCasual/ResourcesData/Sprites/Components/UI_Etc/ToastMessage_Bg_Red.png,png
2052,ToastMessage_Bg_White,Components/UI_Etc,Assets/ThirdParty/Layer Lab/GUI Pro-SuperCasual/ResourcesData/Sprites/Components/UI_Etc/ToastMessage_Bg_White.png,png
2053,ToastMessage_Bg_Yellow,Components/UI_Etc,Assets/ThirdParty/Layer Lab/GUI Pro-SuperCasual/ResourcesData/Sprites/Components/UI_Etc/ToastMessage_Bg_Yellow.png,png
2054,ToastMessage_Gradient,Components/UI_Etc,Assets/ThirdParty/Layer Lab/GUI Pro-SuperCasual/ResourcesData/Sprites/Components/UI_Etc/ToastMessage_Gradient.png,png
2055,ToastMessage_Light1,Components/UI_Etc,Assets/ThirdParty/Layer Lab/GUI Pro-SuperCasual/ResourcesData/Sprites/Components/UI_Etc/ToastMessage_Light1.png,png
2056,ToastMessage_Light2,Components/UI_Etc,Assets/ThirdParty/Layer Lab/GUI Pro-SuperCasual/ResourcesData/Sprites/Components/UI_Etc/ToastMessage_Light2.png,png
2057,Toggle_Check_Demo_Bg,Components/UI_Etc,Assets/ThirdParty/Layer Lab/GUI Pro-SuperCasual/ResourcesData/Sprites/Components/UI_Etc/Toggle_Check_Demo_Bg.png,png
2058,Toggle_Check_Demo_Icon,Components/UI_Etc,Assets/ThirdParty/Layer Lab/GUI Pro-SuperCasual/ResourcesData/Sprites/Components/UI_Etc/Toggle_Check_Demo_Icon.png,png
2059,Toggle_Check_White_Bg,Components/UI_Etc,Assets/ThirdParty/Layer Lab/GUI Pro-SuperCasual/ResourcesData/Sprites/Components/UI_Etc/Toggle_Check_White_Bg.png,png
2060,Toggle_Check_White_BgLight,Components/UI_Etc,Assets/ThirdParty/Layer Lab/GUI Pro-SuperCasual/ResourcesData/Sprites/Components/UI_Etc/Toggle_Check_White_BgLight.png,png
2061,Toggle_Check_White_Icon,Components/UI_Etc,Assets/ThirdParty/Layer Lab/GUI Pro-SuperCasual/ResourcesData/Sprites/Components/UI_Etc/Toggle_Check_White_Icon.png,png
2062,ActionText_Attack,Demo/Demo_ActionText,Assets/ThirdParty/Layer Lab/GUI Pro-SuperCasual/ResourcesData/Sprites/Demo/Demo_ActionText/ActionText_Attack.png,png
2063,ActionText_Boss,Demo/Demo_ActionText,Assets/ThirdParty/Layer Lab/GUI Pro-SuperCasual/ResourcesData/Sprites/Demo/Demo_ActionText/ActionText_Boss.png,png
2064,ActionText_Clear,Demo/Demo_ActionText,Assets/ThirdParty/Layer Lab/GUI Pro-SuperCasual/ResourcesData/Sprites/Demo/Demo_ActionText/ActionText_Clear.png,png
2065,ActionText_Complete,Demo/Demo_ActionText,Assets/ThirdParty/Layer Lab/GUI Pro-SuperCasual/ResourcesData/Sprites/Demo/Demo_ActionText/ActionText_Complete.png,png
2066,ActionText_Critical,Demo/Demo_ActionText,Assets/ThirdParty/Layer Lab/GUI Pro-SuperCasual/ResourcesData/Sprites/Demo/Demo_ActionText/ActionText_Critical.png,png
2067,ActionText_Defeat,Demo/Demo_ActionText,Assets/ThirdParty/Layer Lab/GUI Pro-SuperCasual/ResourcesData/Sprites/Demo/Demo_ActionText/ActionText_Defeat.png,png
2068,ActionText_Go,Demo/Demo_ActionText,Assets/ThirdParty/Layer Lab/GUI Pro-SuperCasual/ResourcesData/Sprites/Demo/Demo_ActionText/ActionText_Go.png,png
2069,ActionText_Victory,Demo/Demo_ActionText,Assets/ThirdParty/Layer Lab/GUI Pro-SuperCasual/ResourcesData/Sprites/Demo/Demo_ActionText/ActionText_Victory.png,png
2070,txt_num_0,Demo/Demo_ActionText,Assets/ThirdParty/Layer Lab/GUI Pro-SuperCasual/ResourcesData/Sprites/Demo/Demo_ActionText/txt_num_0.png,png
2071,txt_num_1,Demo/Demo_ActionText,Assets/ThirdParty/Layer Lab/GUI Pro-SuperCasual/ResourcesData/Sprites/Demo/Demo_ActionText/txt_num_1.png,png
2072,txt_num_2,Demo/Demo_ActionText,Assets/ThirdParty/Layer Lab/GUI Pro-SuperCasual/ResourcesData/Sprites/Demo/Demo_ActionText/txt_num_2.png,png
2073,txt_num_3,Demo/Demo_ActionText,Assets/ThirdParty/Layer Lab/GUI Pro-SuperCasual/ResourcesData/Sprites/Demo/Demo_ActionText/txt_num_3.png,png
2074,txt_num_4,Demo/Demo_ActionText,Assets/ThirdParty/Layer Lab/GUI Pro-SuperCasual/ResourcesData/Sprites/Demo/Demo_ActionText/txt_num_4.png,png
2075,txt_num_5,Demo/Demo_ActionText,Assets/ThirdParty/Layer Lab/GUI Pro-SuperCasual/ResourcesData/Sprites/Demo/Demo_ActionText/txt_num_5.png,png
2076,txt_num_6,Demo/Demo_ActionText,Assets/ThirdParty/Layer Lab/GUI Pro-SuperCasual/ResourcesData/Sprites/Demo/Demo_ActionText/txt_num_6.png,png
2077,txt_num_7,Demo/Demo_ActionText,Assets/ThirdParty/Layer Lab/GUI Pro-SuperCasual/ResourcesData/Sprites/Demo/Demo_ActionText/txt_num_7.png,png
2078,txt_num_8,Demo/Demo_ActionText,Assets/ThirdParty/Layer Lab/GUI Pro-SuperCasual/ResourcesData/Sprites/Demo/Demo_ActionText/txt_num_8.png,png
2079,txt_num_9,Demo/Demo_ActionText,Assets/ThirdParty/Layer Lab/GUI Pro-SuperCasual/ResourcesData/Sprites/Demo/Demo_ActionText/txt_num_9.png,png
2080,Background_Lobby_bg_bottom,Demo/Demo_Background,Assets/ThirdParty/Layer Lab/GUI Pro-SuperCasual/ResourcesData/Sprites/Demo/Demo_Background/Background_Lobby_bg_bottom.png,png
2081,Background_Lobby_Bg_center,Demo/Demo_Background,Assets/ThirdParty/Layer Lab/GUI Pro-SuperCasual/ResourcesData/Sprites/Demo/Demo_Background/Background_Lobby_Bg_center.png,png
2082,Background_Pass_Bg_Gradient,Demo/Demo_Background,Assets/ThirdParty/Layer Lab/GUI Pro-SuperCasual/ResourcesData/Sprites/Demo/Demo_Background/Background_Pass_Bg_Gradient.png,png
2083,Background_Pass_Curtain_Left,Demo/Demo_Background,Assets/ThirdParty/Layer Lab/GUI Pro-SuperCasual/ResourcesData/Sprites/Demo/Demo_Background/Background_Pass_Curtain_Left.png,png
2084,Background_Pass_Curtain_Right,Demo/Demo_Background,Assets/ThirdParty/Layer Lab/GUI Pro-SuperCasual/ResourcesData/Sprites/Demo/Demo_Background/Background_Pass_Curtain_Right.png,png
2085,Background_Pass_Gold,Demo/Demo_Background,Assets/ThirdParty/Layer Lab/GUI Pro-SuperCasual/ResourcesData/Sprites/Demo/Demo_Background/Background_Pass_Gold.png,png
2086,Background_Pass_Gold_Left1,Demo/Demo_Background,Assets/ThirdParty/Layer Lab/GUI Pro-SuperCasual/ResourcesData/Sprites/Demo/Demo_Background/Background_Pass_Gold_Left1.png,png
2087,Background_Pass_Gold_Left2,Demo/Demo_Background,Assets/ThirdParty/Layer Lab/GUI Pro-SuperCasual/ResourcesData/Sprites/Demo/Demo_Background/Background_Pass_Gold_Left2.png,png
2088,Background_Pass_Gold_Right1,Demo/Demo_Background,Assets/ThirdParty/Layer Lab/GUI Pro-SuperCasual/ResourcesData/Sprites/Demo/Demo_Background/Background_Pass_Gold_Right1.png,png
2089,Background_Pass_Gold_Right2,Demo/Demo_Background,Assets/ThirdParty/Layer Lab/GUI Pro-SuperCasual/ResourcesData/Sprites/Demo/Demo_Background/Background_Pass_Gold_Right2.png,png
2090,Background_Sample01,Demo/Demo_Background,Assets/ThirdParty/Layer Lab/GUI Pro-SuperCasual/ResourcesData/Sprites/Demo/Demo_Background/Background_Sample01.png,png
2091,Background_Sample02,Demo/Demo_Background,Assets/ThirdParty/Layer Lab/GUI Pro-SuperCasual/ResourcesData/Sprites/Demo/Demo_Background/Background_Sample02.png,png
2092,Background_Sample03,Demo/Demo_Background,Assets/ThirdParty/Layer Lab/GUI Pro-SuperCasual/ResourcesData/Sprites/Demo/Demo_Background/Background_Sample03.png,png
2093,Background_Stage01_Bg,Demo/Demo_Background,Assets/ThirdParty/Layer Lab/GUI Pro-SuperCasual/ResourcesData/Sprites/Demo/Demo_Background/Background_Stage01_Bg.png,png
2094,Background_Stage01_Bg_Bottom,Demo/Demo_Background,Assets/ThirdParty/Layer Lab/GUI Pro-SuperCasual/ResourcesData/Sprites/Demo/Demo_Background/Background_Stage01_Bg_Bottom.png,png
2095,Background_Stage01_Icon,Demo/Demo_Background,Assets/ThirdParty/Layer Lab/GUI Pro-SuperCasual/ResourcesData/Sprites/Demo/Demo_Background/Background_Stage01_Icon.png,png
2096,Background_Stage02_Bg,Demo/Demo_Background,Assets/ThirdParty/Layer Lab/GUI Pro-SuperCasual/ResourcesData/Sprites/Demo/Demo_Background/Background_Stage02_Bg.png,png
2097,Background_Stage02_Bg_bottom_1,Demo/Demo_Background,Assets/ThirdParty/Layer Lab/GUI Pro-SuperCasual/ResourcesData/Sprites/Demo/Demo_Background/Background_Stage02_Bg_bottom_1.png,png
2098,Background_Stage02_Bg_bottom_2,Demo/Demo_Background,Assets/ThirdParty/Layer Lab/GUI Pro-SuperCasual/ResourcesData/Sprites/Demo/Demo_Background/Background_Stage02_Bg_bottom_2.png,png
2099,Background_Stage02_icon,Demo/Demo_Background,Assets/ThirdParty/Layer Lab/GUI Pro-SuperCasual/ResourcesData/Sprites/Demo/Demo_Background/Background_Stage02_icon.png,png
2100,Background_Stage03_Bg,Demo/Demo_Background,Assets/ThirdParty/Layer Lab/GUI Pro-SuperCasual/ResourcesData/Sprites/Demo/Demo_Background/Background_Stage03_Bg.png,png
2101,Background_Stage03_Bg_bottom,Demo/Demo_Background,Assets/ThirdParty/Layer Lab/GUI Pro-SuperCasual/ResourcesData/Sprites/Demo/Demo_Background/Background_Stage03_Bg_bottom.png,png
2102,Background_Stage03_bg_obj_1,Demo/Demo_Background,Assets/ThirdParty/Layer Lab/GUI Pro-SuperCasual/ResourcesData/Sprites/Demo/Demo_Background/Background_Stage03_bg_obj_1.png,png
2103,Background_Stage03_bg_obj_2,Demo/Demo_Background,Assets/ThirdParty/Layer Lab/GUI Pro-SuperCasual/ResourcesData/Sprites/Demo/Demo_Background/Background_Stage03_bg_obj_2.png,png
2104,Background_Stage03_icon,Demo/Demo_Background,Assets/ThirdParty/Layer Lab/GUI Pro-SuperCasual/ResourcesData/Sprites/Demo/Demo_Background/Background_Stage03_icon.png,png
2105,Background_Stage04_bg,Demo/Demo_Background,Assets/ThirdParty/Layer Lab/GUI Pro-SuperCasual/ResourcesData/Sprites/Demo/Demo_Background/Background_Stage04_bg.png,png
2106,Background_Stage04_bg_bottom,Demo/Demo_Background,Assets/ThirdParty/Layer Lab/GUI Pro-SuperCasual/ResourcesData/Sprites/Demo/Demo_Background/Background_Stage04_bg_bottom.png,png
2107,Background_Stage04_bg_obj_1,Demo/Demo_Background,Assets/ThirdParty/Layer Lab/GUI Pro-SuperCasual/ResourcesData/Sprites/Demo/Demo_Background/Background_Stage04_bg_obj_1.png,png
2108,Background_Stage04_bg_obj_2,Demo/Demo_Background,Assets/ThirdParty/Layer Lab/GUI Pro-SuperCasual/ResourcesData/Sprites/Demo/Demo_Background/Background_Stage04_bg_obj_2.png,png
2109,Background_Stage04_icon,Demo/Demo_Background,Assets/ThirdParty/Layer Lab/GUI Pro-SuperCasual/ResourcesData/Sprites/Demo/Demo_Background/Background_Stage04_icon.png,png
2110,Background_Stage05_bg,Demo/Demo_Background,Assets/ThirdParty/Layer Lab/GUI Pro-SuperCasual/ResourcesData/Sprites/Demo/Demo_Background/Background_Stage05_bg.png,png
2111,Background_Stage05_bg_obj_1,Demo/Demo_Background,Assets/ThirdParty/Layer Lab/GUI Pro-SuperCasual/ResourcesData/Sprites/Demo/Demo_Background/Background_Stage05_bg_obj_1.png,png
2112,Background_Stage05_bg_obj_2,Demo/Demo_Background,Assets/ThirdParty/Layer Lab/GUI Pro-SuperCasual/ResourcesData/Sprites/Demo/Demo_Background/Background_Stage05_bg_obj_2.png,png
2113,Background_Stage05_bg_obj_3,Demo/Demo_Background,Assets/ThirdParty/Layer Lab/GUI Pro-SuperCasual/ResourcesData/Sprites/Demo/Demo_Background/Background_Stage05_bg_obj_3.png,png
2114,Background_Stage05_bg_obj_4,Demo/Demo_Background,Assets/ThirdParty/Layer Lab/GUI Pro-SuperCasual/ResourcesData/Sprites/Demo/Demo_Background/Background_Stage05_bg_obj_4.png,png
2115,Background_Stage05_icon,Demo/Demo_Background,Assets/ThirdParty/Layer Lab/GUI Pro-SuperCasual/ResourcesData/Sprites/Demo/Demo_Background/Background_Stage05_icon.png,png
2116,Glow_Panel01,Demo/Demo_Background,Assets/ThirdParty/Layer Lab/GUI Pro-SuperCasual/ResourcesData/Sprites/Demo/Demo_Background/Glow_Panel01.png,png
2117,panal_dim_Black,Demo/Demo_Background,Assets/ThirdParty/Layer Lab/GUI Pro-SuperCasual/ResourcesData/Sprites/Demo/Demo_Background/panal_dim_Black.png,png
2118,panal_dim_Navy,Demo/Demo_Background,Assets/ThirdParty/Layer Lab/GUI Pro-SuperCasual/ResourcesData/Sprites/Demo/Demo_Background/panal_dim_Navy.png,png
2119,Pattern01,Demo/Demo_Background,Assets/ThirdParty/Layer Lab/GUI Pro-SuperCasual/ResourcesData/Sprites/Demo/Demo_Background/Pattern01.psd,psd
2120,Pattern02,Demo/Demo_Background,Assets/ThirdParty/Layer Lab/GUI Pro-SuperCasual/ResourcesData/Sprites/Demo/Demo_Background/Pattern02.png,png
2121,CharacterList_Sample01,Demo/Demo_Character,Assets/ThirdParty/Layer Lab/GUI Pro-SuperCasual/ResourcesData/Sprites/Demo/Demo_Character/CharacterList_Sample01.png,png
2122,CharacterList_Sample02,Demo/Demo_Character,Assets/ThirdParty/Layer Lab/GUI Pro-SuperCasual/ResourcesData/Sprites/Demo/Demo_Character/CharacterList_Sample02.png,png
2123,CharacterList_Sample03,Demo/Demo_Character,Assets/ThirdParty/Layer Lab/GUI Pro-SuperCasual/ResourcesData/Sprites/Demo/Demo_Character/CharacterList_Sample03.png,png
2124,CharacterList_Sample04,Demo/Demo_Character,Assets/ThirdParty/Layer Lab/GUI Pro-SuperCasual/ResourcesData/Sprites/Demo/Demo_Character/CharacterList_Sample04.png,png
2125,CharacterList_Sample05,Demo/Demo_Character,Assets/ThirdParty/Layer Lab/GUI Pro-SuperCasual/ResourcesData/Sprites/Demo/Demo_Character/CharacterList_Sample05.png,png
2126,CharacterList_Sample06,Demo/Demo_Character,Assets/ThirdParty/Layer Lab/GUI Pro-SuperCasual/ResourcesData/Sprites/Demo/Demo_Character/CharacterList_Sample06.png,png
2127,CharacterList_Sample07,Demo/Demo_Character,Assets/ThirdParty/Layer Lab/GUI Pro-SuperCasual/ResourcesData/Sprites/Demo/Demo_Character/CharacterList_Sample07.png,png
2128,CharacterList_Sample08,Demo/Demo_Character,Assets/ThirdParty/Layer Lab/GUI Pro-SuperCasual/ResourcesData/Sprites/Demo/Demo_Character/CharacterList_Sample08.png,png
2129,ProfileFace_l_00,Demo/Demo_Character,Assets/ThirdParty/Layer Lab/GUI Pro-SuperCasual/ResourcesData/Sprites/Demo/Demo_Character/ProfileFace_l_00.png,png
2130,ProfileFace_l_01,Demo/Demo_Character,Assets/ThirdParty/Layer Lab/GUI Pro-SuperCasual/ResourcesData/Sprites/Demo/Demo_Character/ProfileFace_l_01.png,png
2131,ProfileFace_l_02,Demo/Demo_Character,Assets/ThirdParty/Layer Lab/GUI Pro-SuperCasual/ResourcesData/Sprites/Demo/Demo_Character/ProfileFace_l_02.png,png
2132,ProfileFace_l_03,Demo/Demo_Character,Assets/ThirdParty/Layer Lab/GUI Pro-SuperCasual/ResourcesData/Sprites/Demo/Demo_Character/ProfileFace_l_03.png,png
2133,ProfileFace_l_04,Demo/Demo_Character,Assets/ThirdParty/Layer Lab/GUI Pro-SuperCasual/ResourcesData/Sprites/Demo/Demo_Character/ProfileFace_l_04.png,png
2134,ProfileFace_l_05,Demo/Demo_Character,Assets/ThirdParty/Layer Lab/GUI Pro-SuperCasual/ResourcesData/Sprites/Demo/Demo_Character/ProfileFace_l_05.png,png
2135,ProfileFace_l_06,Demo/Demo_Character,Assets/ThirdParty/Layer Lab/GUI Pro-SuperCasual/ResourcesData/Sprites/Demo/Demo_Character/ProfileFace_l_06.png,png
2136,ProfileFace_l_07,Demo/Demo_Character,Assets/ThirdParty/Layer Lab/GUI Pro-SuperCasual/ResourcesData/Sprites/Demo/Demo_Character/ProfileFace_l_07.png,png
2137,ProfileFace_s_00,Demo/Demo_Character,Assets/ThirdParty/Layer Lab/GUI Pro-SuperCasual/ResourcesData/Sprites/Demo/Demo_Character/ProfileFace_s_00.png,png
2138,ProfileFace_s_01,Demo/Demo_Character,Assets/ThirdParty/Layer Lab/GUI Pro-SuperCasual/ResourcesData/Sprites/Demo/Demo_Character/ProfileFace_s_01.png,png
2139,ProfileFace_s_02,Demo/Demo_Character,Assets/ThirdParty/Layer Lab/GUI Pro-SuperCasual/ResourcesData/Sprites/Demo/Demo_Character/ProfileFace_s_02.png,png
2140,ProfileFace_s_03,Demo/Demo_Character,Assets/ThirdParty/Layer Lab/GUI Pro-SuperCasual/ResourcesData/Sprites/Demo/Demo_Character/ProfileFace_s_03.png,png
2141,ProfileFace_s_04,Demo/Demo_Character,Assets/ThirdParty/Layer Lab/GUI Pro-SuperCasual/ResourcesData/Sprites/Demo/Demo_Character/ProfileFace_s_04.png,png
2142,ProfileFace_s_05,Demo/Demo_Character,Assets/ThirdParty/Layer Lab/GUI Pro-SuperCasual/ResourcesData/Sprites/Demo/Demo_Character/ProfileFace_s_05.png,png
2143,ProfileFace_s_06,Demo/Demo_Character,Assets/ThirdParty/Layer Lab/GUI Pro-SuperCasual/ResourcesData/Sprites/Demo/Demo_Character/ProfileFace_s_06.png,png
2144,ProfileFace_s_07,Demo/Demo_Character,Assets/ThirdParty/Layer Lab/GUI Pro-SuperCasual/ResourcesData/Sprites/Demo/Demo_Character/ProfileFace_s_07.png,png
2145,SampleCharacter01_01_l,Demo/Demo_Character,Assets/ThirdParty/Layer Lab/GUI Pro-SuperCasual/ResourcesData/Sprites/Demo/Demo_Character/SampleCharacter01_01_l.png,png
2146,SampleCharacter01_01_s,Demo/Demo_Character,Assets/ThirdParty/Layer Lab/GUI Pro-SuperCasual/ResourcesData/Sprites/Demo/Demo_Character/SampleCharacter01_01_s.png,png
2147,SampleCharacter01_01_xs,Demo/Demo_Character,Assets/ThirdParty/Layer Lab/GUI Pro-SuperCasual/ResourcesData/Sprites/Demo/Demo_Character/SampleCharacter01_01_xs.png,png
2148,SampleCharacter01_02,Demo/Demo_Character,Assets/ThirdParty/Layer Lab/GUI Pro-SuperCasual/ResourcesData/Sprites/Demo/Demo_Character/SampleCharacter01_02.png,png
2149,SampleCharacter01_03,Demo/Demo_Character,Assets/ThirdParty/Layer Lab/GUI Pro-SuperCasual/ResourcesData/Sprites/Demo/Demo_Character/SampleCharacter01_03.png,png
2150,SampleCharacter02_01,Demo/Demo_Character,Assets/ThirdParty/Layer Lab/GUI Pro-SuperCasual/ResourcesData/Sprites/Demo/Demo_Character/SampleCharacter02_01.png,png
2151,SampleCharacter02_02,Demo/Demo_Character,Assets/ThirdParty/Layer Lab/GUI Pro-SuperCasual/ResourcesData/Sprites/Demo/Demo_Character/SampleCharacter02_02.png,png
2152,SampleCharacter03,Demo/Demo_Character,Assets/ThirdParty/Layer Lab/GUI Pro-SuperCasual/ResourcesData/Sprites/Demo/Demo_Character/SampleCharacter03.png,png
2153,SampleCharacter04,Demo/Demo_Character,Assets/ThirdParty/Layer Lab/GUI Pro-SuperCasual/ResourcesData/Sprites/Demo/Demo_Character/SampleCharacter04.png,png
2154,SampleCharacter05,Demo/Demo_Character,Assets/ThirdParty/Layer Lab/GUI Pro-SuperCasual/ResourcesData/Sprites/Demo/Demo_Character/SampleCharacter05.png,png
2155,SampleCharacter06,Demo/Demo_Character,Assets/ThirdParty/Layer Lab/GUI Pro-SuperCasual/ResourcesData/Sprites/Demo/Demo_Character/SampleCharacter06.png,png
2156,SampleCharacter07,Demo/Demo_Character,Assets/ThirdParty/Layer Lab/GUI Pro-SuperCasual/ResourcesData/Sprites/Demo/Demo_Character/SampleCharacter07.png,png
2157,SampleCharacter_Monster01_l,Demo/Demo_Character,Assets/ThirdParty/Layer Lab/GUI Pro-SuperCasual/ResourcesData/Sprites/Demo/Demo_Character/SampleCharacter_Monster01_l.png,png
2158,SampleCharacter_Monster01_s,Demo/Demo_Character,Assets/ThirdParty/Layer Lab/GUI Pro-SuperCasual/ResourcesData/Sprites/Demo/Demo_Character/SampleCharacter_Monster01_s.png,png
2159,SampleCharacter_Monster02_l,Demo/Demo_Character,Assets/ThirdParty/Layer Lab/GUI Pro-SuperCasual/ResourcesData/Sprites/Demo/Demo_Character/SampleCharacter_Monster02_l.png,png
2160,SampleCharacter_Monster02_s,Demo/Demo_Character,Assets/ThirdParty/Layer Lab/GUI Pro-SuperCasual/ResourcesData/Sprites/Demo/Demo_Character/SampleCharacter_Monster02_s.png,png
2161,BtnIcon_Gem,Demo/Demo_Icon,Assets/ThirdParty/Layer Lab/GUI Pro-SuperCasual/ResourcesData/Sprites/Demo/Demo_Icon/BtnIcon_Gem.png,png
2162,BtnIcon_Gift,Demo/Demo_Icon,Assets/ThirdParty/Layer Lab/GUI Pro-SuperCasual/ResourcesData/Sprites/Demo/Demo_Icon/BtnIcon_Gift.png,png
2163,BtnIcon_Offers,Demo/Demo_Icon,Assets/ThirdParty/Layer Lab/GUI Pro-SuperCasual/ResourcesData/Sprites/Demo/Demo_Icon/BtnIcon_Offers.png,png
2164,Emoji_Sample_1,Demo/Demo_Icon,Assets/ThirdParty/Layer Lab/GUI Pro-SuperCasual/ResourcesData/Sprites/Demo/Demo_Icon/Emoji_Sample_1.png,png
2165,Emoji_Sample_2,Demo/Demo_Icon,Assets/ThirdParty/Layer Lab/GUI Pro-SuperCasual/ResourcesData/Sprites/Demo/Demo_Icon/Emoji_Sample_2.png,png
2166,Emoji_Sample_3,Demo/Demo_Icon,Assets/ThirdParty/Layer Lab/GUI Pro-SuperCasual/ResourcesData/Sprites/Demo/Demo_Icon/Emoji_Sample_3.png,png
2167,Emoji_Sample_4,Demo/Demo_Icon,Assets/ThirdParty/Layer Lab/GUI Pro-SuperCasual/ResourcesData/Sprites/Demo/Demo_Icon/Emoji_Sample_4.png,png
2168,Emoji_Sample_5,Demo/Demo_Icon,Assets/ThirdParty/Layer Lab/GUI Pro-SuperCasual/ResourcesData/Sprites/Demo/Demo_Icon/Emoji_Sample_5.png,png
2169,Emoji_Sample_6,Demo/Demo_Icon,Assets/ThirdParty/Layer Lab/GUI Pro-SuperCasual/ResourcesData/Sprites/Demo/Demo_Icon/Emoji_Sample_6.png,png
2170,Emoji_Sample_7,Demo/Demo_Icon,Assets/ThirdParty/Layer Lab/GUI Pro-SuperCasual/ResourcesData/Sprites/Demo/Demo_Icon/Emoji_Sample_7.png,png
2171,Emoji_Sample_8,Demo/Demo_Icon,Assets/ThirdParty/Layer Lab/GUI Pro-SuperCasual/ResourcesData/Sprites/Demo/Demo_Icon/Emoji_Sample_8.png,png
2172,GradeIcon_Gem_Off,Demo/Demo_Icon,Assets/ThirdParty/Layer Lab/GUI Pro-SuperCasual/ResourcesData/Sprites/Demo/Demo_Icon/GradeIcon_Gem_Off.png,png
2173,GradeIcon_Gem_On,Demo/Demo_Icon,Assets/ThirdParty/Layer Lab/GUI Pro-SuperCasual/ResourcesData/Sprites/Demo/Demo_Icon/GradeIcon_Gem_On.png,png
2174,GradeIcon_Star_l_Yellow,Demo/Demo_Icon,Assets/ThirdParty/Layer Lab/GUI Pro-SuperCasual/ResourcesData/Sprites/Demo/Demo_Icon/GradeIcon_Star_l_Yellow.png,png
2175,GradeIcon_Star_s_Premium,Demo/Demo_Icon,Assets/ThirdParty/Layer Lab/GUI Pro-SuperCasual/ResourcesData/Sprites/Demo/Demo_Icon/GradeIcon_Star_s_Premium.png,png
2176,GradeIcon_Star_s_Yellow,Demo/Demo_Icon,Assets/ThirdParty/Layer Lab/GUI Pro-SuperCasual/ResourcesData/Sprites/Demo/Demo_Icon/GradeIcon_Star_s_Yellow.png,png
2177,Icom_Mail,Demo/Demo_Icon,Assets/ThirdParty/Layer Lab/GUI Pro-SuperCasual/ResourcesData/Sprites/Demo/Demo_Icon/Icom_Mail.png,png
2178,Icon_Arrow_Back,Demo/Demo_Icon,Assets/ThirdParty/Layer Lab/GUI Pro-SuperCasual/ResourcesData/Sprites/Demo/Demo_Icon/Icon_Arrow_Back.png,png
2179,Icon_Arrow_Down,Demo/Demo_Icon,Assets/ThirdParty/Layer Lab/GUI Pro-SuperCasual/ResourcesData/Sprites/Demo/Demo_Icon/Icon_Arrow_Down.png,png
2180,Icon_Arrow_Next1,Demo/Demo_Icon,Assets/ThirdParty/Layer Lab/GUI Pro-SuperCasual/ResourcesData/Sprites/Demo/Demo_Icon/Icon_Arrow_Next1.png,png
2181,Icon_Arrow_Next2,Demo/Demo_Icon,Assets/ThirdParty/Layer Lab/GUI Pro-SuperCasual/ResourcesData/Sprites/Demo/Demo_Icon/Icon_Arrow_Next2.png,png
2182,Icon_Arrow_Prev1,Demo/Demo_Icon,Assets/ThirdParty/Layer Lab/GUI Pro-SuperCasual/ResourcesData/Sprites/Demo/Demo_Icon/Icon_Arrow_Prev1.png,png
2183,Icon_Arrow_Prev2,Demo/Demo_Icon,Assets/ThirdParty/Layer Lab/GUI Pro-SuperCasual/ResourcesData/Sprites/Demo/Demo_Icon/Icon_Arrow_Prev2.png,png
2184,Icon_Back,Demo/Demo_Icon,Assets/ThirdParty/Layer Lab/GUI Pro-SuperCasual/ResourcesData/Sprites/Demo/Demo_Icon/Icon_Back.png,png
2185,Icon_Badge01,Demo/Demo_Icon,Assets/ThirdParty/Layer Lab/GUI Pro-SuperCasual/ResourcesData/Sprites/Demo/Demo_Icon/Icon_Badge01.png,png
2186,Icon_Badge02,Demo/Demo_Icon,Assets/ThirdParty/Layer Lab/GUI Pro-SuperCasual/ResourcesData/Sprites/Demo/Demo_Icon/Icon_Badge02.png,png
2187,Icon_Badge03_Blue,Demo/Demo_Icon,Assets/ThirdParty/Layer Lab/GUI Pro-SuperCasual/ResourcesData/Sprites/Demo/Demo_Icon/Icon_Badge03_Blue.png,png
2188,Icon_Badge03_Yellow,Demo/Demo_Icon,Assets/ThirdParty/Layer Lab/GUI Pro-SuperCasual/ResourcesData/Sprites/Demo/Demo_Icon/Icon_Badge03_Yellow.png,png
2189,Icon_Battery,Demo/Demo_Icon,Assets/ThirdParty/Layer Lab/GUI Pro-SuperCasual/ResourcesData/Sprites/Demo/Demo_Icon/Icon_Battery.png,png
2190,Icon_Bell,Demo/Demo_Icon,Assets/ThirdParty/Layer Lab/GUI Pro-SuperCasual/ResourcesData/Sprites/Demo/Demo_Icon/Icon_Bell.png,png
2191,Icon_Castle,Demo/Demo_Icon,Assets/ThirdParty/Layer Lab/GUI Pro-SuperCasual/ResourcesData/Sprites/Demo/Demo_Icon/Icon_Castle.png,png
2192,Icon_Chat,Demo/Demo_Icon,Assets/ThirdParty/Layer Lab/GUI Pro-SuperCasual/ResourcesData/Sprites/Demo/Demo_Icon/Icon_Chat.png,png
2193,Icon_Check01,Demo/Demo_Icon,Assets/ThirdParty/Layer Lab/GUI Pro-SuperCasual/ResourcesData/Sprites/Demo/Demo_Icon/Icon_Check01.png,png
2194,Icon_Check02,Demo/Demo_Icon,Assets/ThirdParty/Layer Lab/GUI Pro-SuperCasual/ResourcesData/Sprites/Demo/Demo_Icon/Icon_Check02.png,png
2195,Icon_Check03_l,Demo/Demo_Icon,Assets/ThirdParty/Layer Lab/GUI Pro-SuperCasual/ResourcesData/Sprites/Demo/Demo_Icon/Icon_Check03_l.png,png
2196,Icon_Check03_s,Demo/Demo_Icon,Assets/ThirdParty/Layer Lab/GUI Pro-SuperCasual/ResourcesData/Sprites/Demo/Demo_Icon/Icon_Check03_s.png,png
2197,Icon_Close01,Demo/Demo_Icon,Assets/ThirdParty/Layer Lab/GUI Pro-SuperCasual/ResourcesData/Sprites/Demo/Demo_Icon/Icon_Close01.png,png
2198,Icon_Close01_Border,Demo/Demo_Icon,Assets/ThirdParty/Layer Lab/GUI Pro-SuperCasual/ResourcesData/Sprites/Demo/Demo_Icon/Icon_Close01_Border.png,png
2199,Icon_Close02,Demo/Demo_Icon,Assets/ThirdParty/Layer Lab/GUI Pro-SuperCasual/ResourcesData/Sprites/Demo/Demo_Icon/Icon_Close02.png,png
2200,Icon_Coin,Demo/Demo_Icon,Assets/ThirdParty/Layer Lab/GUI Pro-SuperCasual/ResourcesData/Sprites/Demo/Demo_Icon/Icon_Coin.png,png
2201,Icon_Colon,Demo/Demo_Icon,Assets/ThirdParty/Layer Lab/GUI Pro-SuperCasual/ResourcesData/Sprites/Demo/Demo_Icon/Icon_Colon.png,png
2202,Icon_Crown,Demo/Demo_Icon,Assets/ThirdParty/Layer Lab/GUI Pro-SuperCasual/ResourcesData/Sprites/Demo/Demo_Icon/Icon_Crown.png,png
2203,Icon_Earth,Demo/Demo_Icon,Assets/ThirdParty/Layer Lab/GUI Pro-SuperCasual/ResourcesData/Sprites/Demo/Demo_Icon/Icon_Earth.png,png
2204,Icon_Emoji_l,Demo/Demo_Icon,Assets/ThirdParty/Layer Lab/GUI Pro-SuperCasual/ResourcesData/Sprites/Demo/Demo_Icon/Icon_Emoji_l.png,png
2205,Icon_Emoji_s,Demo/Demo_Icon,Assets/ThirdParty/Layer Lab/GUI Pro-SuperCasual/ResourcesData/Sprites/Demo/Demo_Icon/Icon_Emoji_s.png,png
2206,Icon_Exclamation,Demo/Demo_Icon,Assets/ThirdParty/Layer Lab/GUI Pro-SuperCasual/ResourcesData/Sprites/Demo/Demo_Icon/Icon_Exclamation.png,png
2207,Icon_Face,Demo/Demo_Icon,Assets/ThirdParty/Layer Lab/GUI Pro-SuperCasual/ResourcesData/Sprites/Demo/Demo_Icon/Icon_Face.png,png
2208,Icon_Fire01,Demo/Demo_Icon,Assets/ThirdParty/Layer Lab/GUI Pro-SuperCasual/ResourcesData/Sprites/Demo/Demo_Icon/Icon_Fire01.png,png
2209,Icon_Fire02,Demo/Demo_Icon,Assets/ThirdParty/Layer Lab/GUI Pro-SuperCasual/ResourcesData/Sprites/Demo/Demo_Icon/Icon_Fire02.png,png
2210,Icon_Friend,Demo/Demo_Icon,Assets/ThirdParty/Layer Lab/GUI Pro-SuperCasual/ResourcesData/Sprites/Demo/Demo_Icon/Icon_Friend.png,png
2211,Icon_Friends,Demo/Demo_Icon,Assets/ThirdParty/Layer Lab/GUI Pro-SuperCasual/ResourcesData/Sprites/Demo/Demo_Icon/Icon_Friends.png,png
2212,Icon_Friends_Invie,Demo/Demo_Icon,Assets/ThirdParty/Layer Lab/GUI Pro-SuperCasual/ResourcesData/Sprites/Demo/Demo_Icon/Icon_Friends_Invie.png,png
2213,Icon_Gem,Demo/Demo_Icon,Assets/ThirdParty/Layer Lab/GUI Pro-SuperCasual/ResourcesData/Sprites/Demo/Demo_Icon/Icon_Gem.png,png
2214,Icon_Going,Demo/Demo_Icon,Assets/ThirdParty/Layer Lab/GUI Pro-SuperCasual/ResourcesData/Sprites/Demo/Demo_Icon/Icon_Going.png,png
2215,Icon_Going_Border,Demo/Demo_Icon,Assets/ThirdParty/Layer Lab/GUI Pro-SuperCasual/ResourcesData/Sprites/Demo/Demo_Icon/Icon_Going_Border.png,png
2216,Icon_Good,Demo/Demo_Icon,Assets/ThirdParty/Layer Lab/GUI Pro-SuperCasual/ResourcesData/Sprites/Demo/Demo_Icon/Icon_Good.png,png
2217,Icon_Heart,Demo/Demo_Icon,Assets/ThirdParty/Layer Lab/GUI Pro-SuperCasual/ResourcesData/Sprites/Demo/Demo_Icon/Icon_Heart.png,png
2218,Icon_Helmet,Demo/Demo_Icon,Assets/ThirdParty/Layer Lab/GUI Pro-SuperCasual/ResourcesData/Sprites/Demo/Demo_Icon/Icon_Helmet.png,png
2219,Icon_Info,Demo/Demo_Icon,Assets/ThirdParty/Layer Lab/GUI Pro-SuperCasual/ResourcesData/Sprites/Demo/Demo_Icon/Icon_Info.png,png
2220,Icon_Leaf_Left,Demo/Demo_Icon,Assets/ThirdParty/Layer Lab/GUI Pro-SuperCasual/ResourcesData/Sprites/Demo/Demo_Icon/Icon_Leaf_Left.png,png
2221,Icon_Leaf_Right,Demo/Demo_Icon,Assets/ThirdParty/Layer Lab/GUI Pro-SuperCasual/ResourcesData/Sprites/Demo/Demo_Icon/Icon_Leaf_Right.png,png
2222,Icon_Lock01_l,Demo/Demo_Icon,Assets/ThirdParty/Layer Lab/GUI Pro-SuperCasual/ResourcesData/Sprites/Demo/Demo_Icon/Icon_Lock01_l.png,png
2223,Icon_Lock01_s,Demo/Demo_Icon,Assets/ThirdParty/Layer Lab/GUI Pro-SuperCasual/ResourcesData/Sprites/Demo/Demo_Icon/Icon_Lock01_s.png,png
2224,Icon_Lock02,Demo/Demo_Icon,Assets/ThirdParty/Layer Lab/GUI Pro-SuperCasual/ResourcesData/Sprites/Demo/Demo_Icon/Icon_Lock02.png,png
2225,Icon_Lock03,Demo/Demo_Icon,Assets/ThirdParty/Layer Lab/GUI Pro-SuperCasual/ResourcesData/Sprites/Demo/Demo_Icon/Icon_Lock03.png,png
2226,Icon_MapPoint,Demo/Demo_Icon,Assets/ThirdParty/Layer Lab/GUI Pro-SuperCasual/ResourcesData/Sprites/Demo/Demo_Icon/Icon_MapPoint.png,png
2227,Icon_Megaphone,Demo/Demo_Icon,Assets/ThirdParty/Layer Lab/GUI Pro-SuperCasual/ResourcesData/Sprites/Demo/Demo_Icon/Icon_Megaphone.png,png
2228,Icon_Memo,Demo/Demo_Icon,Assets/ThirdParty/Layer Lab/GUI Pro-SuperCasual/ResourcesData/Sprites/Demo/Demo_Icon/Icon_Memo.png,png
2229,Icon_Memo_Border,Demo/Demo_Icon,Assets/ThirdParty/Layer Lab/GUI Pro-SuperCasual/ResourcesData/Sprites/Demo/Demo_Icon/Icon_Memo_Border.png,png
2230,Icon_Menu_Hamburger,Demo/Demo_Icon,Assets/ThirdParty/Layer Lab/GUI Pro-SuperCasual/ResourcesData/Sprites/Demo/Demo_Icon/Icon_Menu_Hamburger.png,png
2231,Icon_Music,Demo/Demo_Icon,Assets/ThirdParty/Layer Lab/GUI Pro-SuperCasual/ResourcesData/Sprites/Demo/Demo_Icon/Icon_Music.png,png
2232,Icon_Network,Demo/Demo_Icon,Assets/ThirdParty/Layer Lab/GUI Pro-SuperCasual/ResourcesData/Sprites/Demo/Demo_Icon/Icon_Network.png,png
2233,Icon_Pause,Demo/Demo_Icon,Assets/ThirdParty/Layer Lab/GUI Pro-SuperCasual/ResourcesData/Sprites/Demo/Demo_Icon/Icon_Pause.png,png
2234,Icon_Pencil,Demo/Demo_Icon,Assets/ThirdParty/Layer Lab/GUI Pro-SuperCasual/ResourcesData/Sprites/Demo/Demo_Icon/Icon_Pencil.png,png
2235,Icon_Pencil_Border,Demo/Demo_Icon,Assets/ThirdParty/Layer Lab/GUI Pro-SuperCasual/ResourcesData/Sprites/Demo/Demo_Icon/Icon_Pencil_Border.png,png
2236,Icon_Phone,Demo/Demo_Icon,Assets/ThirdParty/Layer Lab/GUI Pro-SuperCasual/ResourcesData/Sprites/Demo/Demo_Icon/Icon_Phone.png,png
2237,Icon_Property,Demo/Demo_Icon,Assets/ThirdParty/Layer Lab/GUI Pro-SuperCasual/ResourcesData/Sprites/Demo/Demo_Icon/Icon_Property.png,png
2238,Icon_Roading_Bg,Demo/Demo_Icon,Assets/ThirdParty/Layer Lab/GUI Pro-SuperCasual/ResourcesData/Sprites/Demo/Demo_Icon/Icon_Roading_Bg.png,png
2239,Icon_Roading_Icon,Demo/Demo_Icon,Assets/ThirdParty/Layer Lab/GUI Pro-SuperCasual/ResourcesData/Sprites/Demo/Demo_Icon/Icon_Roading_Icon.png,png
2240,Icon_Search01,Demo/Demo_Icon,Assets/ThirdParty/Layer Lab/GUI Pro-SuperCasual/ResourcesData/Sprites/Demo/Demo_Icon/Icon_Search01.png,png
2241,Icon_Search02,Demo/Demo_Icon,Assets/ThirdParty/Layer Lab/GUI Pro-SuperCasual/ResourcesData/Sprites/Demo/Demo_Icon/Icon_Search02.png,png
2242,Icon_Setting,Demo/Demo_Icon,Assets/ThirdParty/Layer Lab/GUI Pro-SuperCasual/ResourcesData/Sprites/Demo/Demo_Icon/Icon_Setting.png,png
2243,Icon_Shield,Demo/Demo_Icon,Assets/ThirdParty/Layer Lab/GUI Pro-SuperCasual/ResourcesData/Sprites/Demo/Demo_Icon/Icon_Shield.png,png
2244,Icon_Skip,Demo/Demo_Icon,Assets/ThirdParty/Layer Lab/GUI Pro-SuperCasual/ResourcesData/Sprites/Demo/Demo_Icon/Icon_Skip.png,png
2245,Icon_Sns_Apple,Demo/Demo_Icon,Assets/ThirdParty/Layer Lab/GUI Pro-SuperCasual/ResourcesData/Sprites/Demo/Demo_Icon/Icon_Sns_Apple.png,png
2246,Icon_Sns_Email,Demo/Demo_Icon,Assets/ThirdParty/Layer Lab/GUI Pro-SuperCasual/ResourcesData/Sprites/Demo/Demo_Icon/Icon_Sns_Email.png,png
2247,Icon_Sns_Facebook,Demo/Demo_Icon,Assets/ThirdParty/Layer Lab/GUI Pro-SuperCasual/ResourcesData/Sprites/Demo/Demo_Icon/Icon_Sns_Facebook.png,png
2248,Icon_Sns_Google,Demo/Demo_Icon,Assets/ThirdParty/Layer Lab/GUI Pro-SuperCasual/ResourcesData/Sprites/Demo/Demo_Icon/Icon_Sns_Google.png,png
2249,Icon_Stat_Crown,Demo/Demo_Icon,Assets/ThirdParty/Layer Lab/GUI Pro-SuperCasual/ResourcesData/Sprites/Demo/Demo_Icon/Icon_Stat_Crown.png,png
2250,Icon_Stat_Destroy,Demo/Demo_Icon,Assets/ThirdParty/Layer Lab/GUI Pro-SuperCasual/ResourcesData/Sprites/Demo/Demo_Icon/Icon_Stat_Destroy.png,png
2251,Icon_Stat_Game,Demo/Demo_Icon,Assets/ThirdParty/Layer Lab/GUI Pro-SuperCasual/ResourcesData/Sprites/Demo/Demo_Icon/Icon_Stat_Game.png,png
2252,Icon_Stat_Medal,Demo/Demo_Icon,Assets/ThirdParty/Layer Lab/GUI Pro-SuperCasual/ResourcesData/Sprites/Demo/Demo_Icon/Icon_Stat_Medal.png,png
2253,Icon_Stat_Ranking,Demo/Demo_Icon,Assets/ThirdParty/Layer Lab/GUI Pro-SuperCasual/ResourcesData/Sprites/Demo/Demo_Icon/Icon_Stat_Ranking.png,png
2254,Icon_Stat_Trophy,Demo/Demo_Icon,Assets/ThirdParty/Layer Lab/GUI Pro-SuperCasual/ResourcesData/Sprites/Demo/Demo_Icon/Icon_Stat_Trophy.png,png
2255,Icon_Sword01,Demo/Demo_Icon,Assets/ThirdParty/Layer Lab/GUI Pro-SuperCasual/ResourcesData/Sprites/Demo/Demo_Icon/Icon_Sword01.png,png
2256,Icon_Sword02,Demo/Demo_Icon,Assets/ThirdParty/Layer Lab/GUI Pro-SuperCasual/ResourcesData/Sprites/Demo/Demo_Icon/Icon_Sword02.png,png
2257,Icon_Ticket01,Demo/Demo_Icon,Assets/ThirdParty/Layer Lab/GUI Pro-SuperCasual/ResourcesData/Sprites/Demo/Demo_Icon/Icon_Ticket01.png,png
2258,Icon_Ticket02,Demo/Demo_Icon,Assets/ThirdParty/Layer Lab/GUI Pro-SuperCasual/ResourcesData/Sprites/Demo/Demo_Icon/Icon_Ticket02.png,png
2259,Icon_Timer,Demo/Demo_Icon,Assets/ThirdParty/Layer Lab/GUI Pro-SuperCasual/ResourcesData/Sprites/Demo/Demo_Icon/Icon_Timer.png,png
2260,Icon_Top,Demo/Demo_Icon,Assets/ThirdParty/Layer Lab/GUI Pro-SuperCasual/ResourcesData/Sprites/Demo/Demo_Icon/Icon_Top.png,png
2261,Icon_Top_Border,Demo/Demo_Icon,Assets/ThirdParty/Layer Lab/GUI Pro-SuperCasual/ResourcesData/Sprites/Demo/Demo_Icon/Icon_Top_Border.png,png
2262,Icon_Trophy,Demo/Demo_Icon,Assets/ThirdParty/Layer Lab/GUI Pro-SuperCasual/ResourcesData/Sprites/Demo/Demo_Icon/Icon_Trophy.png,png
2263,MenuIcon_Armor,Demo/Demo_Icon,Assets/ThirdParty/Layer Lab/GUI Pro-SuperCasual/ResourcesData/Sprites/Demo/Demo_Icon/MenuIcon_Armor.png,png
2264,MenuIcon_Boots,Demo/Demo_Icon,Assets/ThirdParty/Layer Lab/GUI Pro-SuperCasual/ResourcesData/Sprites/Demo/Demo_Icon/MenuIcon_Boots.png,png
2265,MenuIcon_Hat,Demo/Demo_Icon,Assets/ThirdParty/Layer Lab/GUI Pro-SuperCasual/ResourcesData/Sprites/Demo/Demo_Icon/MenuIcon_Hat.png,png
2266,MenuIcon_Ring,Demo/Demo_Icon,Assets/ThirdParty/Layer Lab/GUI Pro-SuperCasual/ResourcesData/Sprites/Demo/Demo_Icon/MenuIcon_Ring.png,png
2267,MenuIcon_Shield,Demo/Demo_Icon,Assets/ThirdParty/Layer Lab/GUI Pro-SuperCasual/ResourcesData/Sprites/Demo/Demo_Icon/MenuIcon_Shield.png,png
2268,MenuIcon_Sword,Demo/Demo_Icon,Assets/ThirdParty/Layer Lab/GUI Pro-SuperCasual/ResourcesData/Sprites/Demo/Demo_Icon/MenuIcon_Sword.png,png
2269,RoleIcon_Armor,Demo/Demo_Icon,Assets/ThirdParty/Layer Lab/GUI Pro-SuperCasual/ResourcesData/Sprites/Demo/Demo_Icon/RoleIcon_Armor.png,png
2270,RoleIcon_Boots,Demo/Demo_Icon,Assets/ThirdParty/Layer Lab/GUI Pro-SuperCasual/ResourcesData/Sprites/Demo/Demo_Icon/RoleIcon_Boots.png,png
2271,RoleIcon_Bow,Demo/Demo_Icon,Assets/ThirdParty/Layer Lab/GUI Pro-SuperCasual/ResourcesData/Sprites/Demo/Demo_Icon/RoleIcon_Bow.png,png
2272,RoleIcon_Hat,Demo/Demo_Icon,Assets/ThirdParty/Layer Lab/GUI Pro-SuperCasual/ResourcesData/Sprites/Demo/Demo_Icon/RoleIcon_Hat.png,png
2273,RoleIcon_Heart,Demo/Demo_Icon,Assets/ThirdParty/Layer Lab/GUI Pro-SuperCasual/ResourcesData/Sprites/Demo/Demo_Icon/RoleIcon_Heart.png,png
2274,RoleIcon_Helmet,Demo/Demo_Icon,Assets/ThirdParty/Layer Lab/GUI Pro-SuperCasual/ResourcesData/Sprites/Demo/Demo_Icon/RoleIcon_Helmet.png,png
2275,RoleIcon_Lightning,Demo/Demo_Icon,Assets/ThirdParty/Layer Lab/GUI Pro-SuperCasual/ResourcesData/Sprites/Demo/Demo_Icon/RoleIcon_Lightning.png,png
2276,RoleIcon_Potion,Demo/Demo_Icon,Assets/ThirdParty/Layer Lab/GUI Pro-SuperCasual/ResourcesData/Sprites/Demo/Demo_Icon/RoleIcon_Potion.png,png
2277,RoleIcon_Ring,Demo/Demo_Icon,Assets/ThirdParty/Layer Lab/GUI Pro-SuperCasual/ResourcesData/Sprites/Demo/Demo_Icon/RoleIcon_Ring.png,png
2278,RoleIcon_Shield,Demo/Demo_Icon,Assets/ThirdParty/Layer Lab/GUI Pro-SuperCasual/ResourcesData/Sprites/Demo/Demo_Icon/RoleIcon_Shield.png,png
2279,RoleIcon_Sword,Demo/Demo_Icon,Assets/ThirdParty/Layer Lab/GUI Pro-SuperCasual/ResourcesData/Sprites/Demo/Demo_Icon/RoleIcon_Sword.png,png
2280,SkillIcon01_1,Demo/Demo_Icon,Assets/ThirdParty/Layer Lab/GUI Pro-SuperCasual/ResourcesData/Sprites/Demo/Demo_Icon/SkillIcon01_1.png,png
2281,SkillIcon01_2,Demo/Demo_Icon,Assets/ThirdParty/Layer Lab/GUI Pro-SuperCasual/ResourcesData/Sprites/Demo/Demo_Icon/SkillIcon01_2.png,png
2282,SkillIcon01_3,Demo/Demo_Icon,Assets/ThirdParty/Layer Lab/GUI Pro-SuperCasual/ResourcesData/Sprites/Demo/Demo_Icon/SkillIcon01_3.png,png
2283,SkillIcon01_4,Demo/Demo_Icon,Assets/ThirdParty/Layer Lab/GUI Pro-SuperCasual/ResourcesData/Sprites/Demo/Demo_Icon/SkillIcon01_4.png,png
2284,SkillIcon01_5,Demo/Demo_Icon,Assets/ThirdParty/Layer Lab/GUI Pro-SuperCasual/ResourcesData/Sprites/Demo/Demo_Icon/SkillIcon01_5.png,png
2285,SkillIcon01_6,Demo/Demo_Icon,Assets/ThirdParty/Layer Lab/GUI Pro-SuperCasual/ResourcesData/Sprites/Demo/Demo_Icon/SkillIcon01_6.png,png
2286,SkillIcon01_7,Demo/Demo_Icon,Assets/ThirdParty/Layer Lab/GUI Pro-SuperCasual/ResourcesData/Sprites/Demo/Demo_Icon/SkillIcon01_7.png,png
2287,SkillIcon02_1,Demo/Demo_Icon,Assets/ThirdParty/Layer Lab/GUI Pro-SuperCasual/ResourcesData/Sprites/Demo/Demo_Icon/SkillIcon02_1.png,png
2288,SkillIcon02_2,Demo/Demo_Icon,Assets/ThirdParty/Layer Lab/GUI Pro-SuperCasual/ResourcesData/Sprites/Demo/Demo_Icon/SkillIcon02_2.png,png
2289,SkillIcon02_3,Demo/Demo_Icon,Assets/ThirdParty/Layer Lab/GUI Pro-SuperCasual/ResourcesData/Sprites/Demo/Demo_Icon/SkillIcon02_3.png,png
2290,Glow_Circle01,Demo/Demo_Image,Assets/ThirdParty/Layer Lab/GUI Pro-SuperCasual/ResourcesData/Sprites/Demo/Demo_Image/Glow_Circle01.png,png
2291,Glow_Circle02,Demo/Demo_Image,Assets/ThirdParty/Layer Lab/GUI Pro-SuperCasual/ResourcesData/Sprites/Demo/Demo_Image/Glow_Circle02.png,png
2292,Image_AssetLogo,Demo/Demo_Image,Assets/ThirdParty/Layer Lab/GUI Pro-SuperCasual/ResourcesData/Sprites/Demo/Demo_Image/Image_AssetLogo.png,png
2293,Image_Badge,Demo/Demo_Image,Assets/ThirdParty/Layer Lab/GUI Pro-SuperCasual/ResourcesData/Sprites/Demo/Demo_Image/Image_Badge.png,png
2294,Image_Badge_Skull,Demo/Demo_Image,Assets/ThirdParty/Layer Lab/GUI Pro-SuperCasual/ResourcesData/Sprites/Demo/Demo_Image/Image_Badge_Skull.png,png
2295,Image_BadgePassive,Demo/Demo_Image,Assets/ThirdParty/Layer Lab/GUI Pro-SuperCasual/ResourcesData/Sprites/Demo/Demo_Image/Image_BadgePassive.png,png
2296,Image_Bagde_Wing1,Demo/Demo_Image,Assets/ThirdParty/Layer Lab/GUI Pro-SuperCasual/ResourcesData/Sprites/Demo/Demo_Image/Image_Bagde_Wing1.png,png
2297,Image_Bagde_Wing2,Demo/Demo_Image,Assets/ThirdParty/Layer Lab/GUI Pro-SuperCasual/ResourcesData/Sprites/Demo/Demo_Image/Image_Bagde_Wing2.png,png
2298,Image_Chest01,Demo/Demo_Image,Assets/ThirdParty/Layer Lab/GUI Pro-SuperCasual/ResourcesData/Sprites/Demo/Demo_Image/Image_Chest01.png,png
2299,Image_Chest02,Demo/Demo_Image,Assets/ThirdParty/Layer Lab/GUI Pro-SuperCasual/ResourcesData/Sprites/Demo/Demo_Image/Image_Chest02.png,png
2300,Image_Chest03,Demo/Demo_Image,Assets/ThirdParty/Layer Lab/GUI Pro-SuperCasual/ResourcesData/Sprites/Demo/Demo_Image/Image_Chest03.png,png
2301,Image_Chest04,Demo/Demo_Image,Assets/ThirdParty/Layer Lab/GUI Pro-SuperCasual/ResourcesData/Sprites/Demo/Demo_Image/Image_Chest04.png,png
2302,Image_Chest05,Demo/Demo_Image,Assets/ThirdParty/Layer Lab/GUI Pro-SuperCasual/ResourcesData/Sprites/Demo/Demo_Image/Image_Chest05.png,png
2303,Image_Demo_Coin,Demo/Demo_Image,Assets/ThirdParty/Layer Lab/GUI Pro-SuperCasual/ResourcesData/Sprites/Demo/Demo_Image/Image_Demo_Coin.png,png
2304,Image_Demo_Gem01,Demo/Demo_Image,Assets/ThirdParty/Layer Lab/GUI Pro-SuperCasual/ResourcesData/Sprites/Demo/Demo_Image/Image_Demo_Gem01.png,png
2305,Image_Demo_Gem02,Demo/Demo_Image,Assets/ThirdParty/Layer Lab/GUI Pro-SuperCasual/ResourcesData/Sprites/Demo/Demo_Image/Image_Demo_Gem02.png,png
2306,Image_Demo_Gem03,Demo/Demo_Image,Assets/ThirdParty/Layer Lab/GUI Pro-SuperCasual/ResourcesData/Sprites/Demo/Demo_Image/Image_Demo_Gem03.png,png
2307,Image_Demo_Gem04,Demo/Demo_Image,Assets/ThirdParty/Layer Lab/GUI Pro-SuperCasual/ResourcesData/Sprites/Demo/Demo_Image/Image_Demo_Gem04.png,png
2308,Image_Demo_Gem05,Demo/Demo_Image,Assets/ThirdParty/Layer Lab/GUI Pro-SuperCasual/ResourcesData/Sprites/Demo/Demo_Image/Image_Demo_Gem05.png,png
2309,Image_Effect_Circle,Demo/Demo_Image,Assets/ThirdParty/Layer Lab/GUI Pro-SuperCasual/ResourcesData/Sprites/Demo/Demo_Image/Image_Effect_Circle.png,png
2310,Image_Effect_Light01_Sky,Demo/Demo_Image,Assets/ThirdParty/Layer Lab/GUI Pro-SuperCasual/ResourcesData/Sprites/Demo/Demo_Image/Image_Effect_Light01_Sky.png,png
2311,Image_Effect_Light01_Yellow,Demo/Demo_Image,Assets/ThirdParty/Layer Lab/GUI Pro-SuperCasual/ResourcesData/Sprites/Demo/Demo_Image/Image_Effect_Light01_Yellow.png,png
2312,Image_Effect_Light02,Demo/Demo_Image,Assets/ThirdParty/Layer Lab/GUI Pro-SuperCasual/ResourcesData/Sprites/Demo/Demo_Image/Image_Effect_Light02.png,png
2313,Image_Effect_Light03,Demo/Demo_Image,Assets/ThirdParty/Layer Lab/GUI Pro-SuperCasual/ResourcesData/Sprites/Demo/Demo_Image/Image_Effect_Light03.png,png
2314,Image_Effect_Light04,Demo/Demo_Image,Assets/ThirdParty/Layer Lab/GUI Pro-SuperCasual/ResourcesData/Sprites/Demo/Demo_Image/Image_Effect_Light04.png,png
2315,Image_Effect_Rotate,Demo/Demo_Image,Assets/ThirdParty/Layer Lab/GUI Pro-SuperCasual/ResourcesData/Sprites/Demo/Demo_Image/Image_Effect_Rotate.png,png
2316,Image_Effect_Square_Blue,Demo/Demo_Image,Assets/ThirdParty/Layer Lab/GUI Pro-SuperCasual/ResourcesData/Sprites/Demo/Demo_Image/Image_Effect_Square_Blue.png,png
2317,Image_Effect_Square_Yellow,Demo/Demo_Image,Assets/ThirdParty/Layer Lab/GUI Pro-SuperCasual/ResourcesData/Sprites/Demo/Demo_Image/Image_Effect_Square_Yellow.png,png
2318,Image_Effect_Star01_Blue,Demo/Demo_Image,Assets/ThirdParty/Layer Lab/GUI Pro-SuperCasual/ResourcesData/Sprites/Demo/Demo_Image/Image_Effect_Star01_Blue.png,png
2319,Image_Effect_Star01_Yellow,Demo/Demo_Image,Assets/ThirdParty/Layer Lab/GUI Pro-SuperCasual/ResourcesData/Sprites/Demo/Demo_Image/Image_Effect_Star01_Yellow.png,png
2320,Image_Effect_Star02_Purple,Demo/Demo_Image,Assets/ThirdParty/Layer Lab/GUI Pro-SuperCasual/ResourcesData/Sprites/Demo/Demo_Image/Image_Effect_Star02_Purple.png,png
2321,Image_Effect_Star03_Green,Demo/Demo_Image,Assets/ThirdParty/Layer Lab/GUI Pro-SuperCasual/ResourcesData/Sprites/Demo/Demo_Image/Image_Effect_Star03_Green.png,png
2322,Image_Leaf,Demo/Demo_Image,Assets/ThirdParty/Layer Lab/GUI Pro-SuperCasual/ResourcesData/Sprites/Demo/Demo_Image/Image_Leaf.png,png
2323,Image_Mail,Demo/Demo_Image,Assets/ThirdParty/Layer Lab/GUI Pro-SuperCasual/ResourcesData/Sprites/Demo/Demo_Image/Image_Mail.png,png
2324,Image_Oval,Demo/Demo_Image,Assets/ThirdParty/Layer Lab/GUI Pro-SuperCasual/ResourcesData/Sprites/Demo/Demo_Image/Image_Oval.png,png
2325,Image_Papers,Demo/Demo_Image,Assets/ThirdParty/Layer Lab/GUI Pro-SuperCasual/ResourcesData/Sprites/Demo/Demo_Image/Image_Papers.png,png
2326,Image_SamplePlay,Demo/Demo_Image,Assets/ThirdParty/Layer Lab/GUI Pro-SuperCasual/ResourcesData/Sprites/Demo/Demo_Image/Image_SamplePlay.png,png
2327,Image_Star_Off,Demo/Demo_Image,Assets/ThirdParty/Layer Lab/GUI Pro-SuperCasual/ResourcesData/Sprites/Demo/Demo_Image/Image_Star_Off.png,png
2328,Image_Star_On,Demo/Demo_Image,Assets/ThirdParty/Layer Lab/GUI Pro-SuperCasual/ResourcesData/Sprites/Demo/Demo_Image/Image_Star_On.png,png
2329,Image_Ticket_Gold,Demo/Demo_Image,Assets/ThirdParty/Layer Lab/GUI Pro-SuperCasual/ResourcesData/Sprites/Demo/Demo_Image/Image_Ticket_Gold.png,png
2330,Image_Ticket_Silver,Demo/Demo_Image,Assets/ThirdParty/Layer Lab/GUI Pro-SuperCasual/ResourcesData/Sprites/Demo/Demo_Image/Image_Ticket_Silver.png,png
2331,Image_Tropy,Demo/Demo_Image,Assets/ThirdParty/Layer Lab/GUI Pro-SuperCasual/ResourcesData/Sprites/Demo/Demo_Image/Image_Tropy.png,png
2332,Image_Warning1,Demo/Demo_Image,Assets/ThirdParty/Layer Lab/GUI Pro-SuperCasual/ResourcesData/Sprites/Demo/Demo_Image/Image_Warning1.png,png
2333,Image_Warning2,Demo/Demo_Image,Assets/ThirdParty/Layer Lab/GUI Pro-SuperCasual/ResourcesData/Sprites/Demo/Demo_Image/Image_Warning2.png,png
2334,Image_Wifi_Connection,Demo/Demo_Image,Assets/ThirdParty/Layer Lab/GUI Pro-SuperCasual/ResourcesData/Sprites/Demo/Demo_Image/Image_Wifi_Connection.png,png
2335,Language_txt1,Demo/Demo_Image,Assets/ThirdParty/Layer Lab/GUI Pro-SuperCasual/ResourcesData/Sprites/Demo/Demo_Image/Language_txt1.png,png
2336,Language_txt10,Demo/Demo_Image,Assets/ThirdParty/Layer Lab/GUI Pro-SuperCasual/ResourcesData/Sprites/Demo/Demo_Image/Language_txt10.png,png
2337,Language_txt11,Demo/Demo_Image,Assets/ThirdParty/Layer Lab/GUI Pro-SuperCasual/ResourcesData/Sprites/Demo/Demo_Image/Language_txt11.png,png
2338,Language_txt2,Demo/Demo_Image,Assets/ThirdParty/Layer Lab/GUI Pro-SuperCasual/ResourcesData/Sprites/Demo/Demo_Image/Language_txt2.png,png
2339,Language_txt3,Demo/Demo_Image,Assets/ThirdParty/Layer Lab/GUI Pro-SuperCasual/ResourcesData/Sprites/Demo/Demo_Image/Language_txt3.png,png
2340,Language_txt4,Demo/Demo_Image,Assets/ThirdParty/Layer Lab/GUI Pro-SuperCasual/ResourcesData/Sprites/Demo/Demo_Image/Language_txt4.png,png
2341,Language_txt5,Demo/Demo_Image,Assets/ThirdParty/Layer Lab/GUI Pro-SuperCasual/ResourcesData/Sprites/Demo/Demo_Image/Language_txt5.png,png
2342,Language_txt6,Demo/Demo_Image,Assets/ThirdParty/Layer Lab/GUI Pro-SuperCasual/ResourcesData/Sprites/Demo/Demo_Image/Language_txt6.png,png
2343,Language_txt7,Demo/Demo_Image,Assets/ThirdParty/Layer Lab/GUI Pro-SuperCasual/ResourcesData/Sprites/Demo/Demo_Image/Language_txt7.png,png
2344,Language_txt8,Demo/Demo_Image,Assets/ThirdParty/Layer Lab/GUI Pro-SuperCasual/ResourcesData/Sprites/Demo/Demo_Image/Language_txt8.png,png
2345,Language_txt9,Demo/Demo_Image,Assets/ThirdParty/Layer Lab/GUI Pro-SuperCasual/ResourcesData/Sprites/Demo/Demo_Image/Language_txt9.png,png
2346,pass_img_chest_left,Demo/Demo_Image,Assets/ThirdParty/Layer Lab/GUI Pro-SuperCasual/ResourcesData/Sprites/Demo/Demo_Image/pass_img_chest_left.png,png
2347,pass_img_chest_right,Demo/Demo_Image,Assets/ThirdParty/Layer Lab/GUI Pro-SuperCasual/ResourcesData/Sprites/Demo/Demo_Image/pass_img_chest_right.png,png
2348,shop_roof_bg,Demo/Demo_Image,Assets/ThirdParty/Layer Lab/GUI Pro-SuperCasual/ResourcesData/Sprites/Demo/Demo_Image/shop_roof_bg.png,png
2349,ItemIcon_Chest01,Demo/Demo_ItemIcon,Assets/ThirdParty/Layer Lab/GUI Pro-SuperCasual/ResourcesData/Sprites/Demo/Demo_ItemIcon/ItemIcon_Chest01.png,png
2350,ItemIcon_Chest02_l,Demo/Demo_ItemIcon,Assets/ThirdParty/Layer Lab/GUI Pro-SuperCasual/ResourcesData/Sprites/Demo/Demo_ItemIcon/ItemIcon_Chest02_l.png,png
2351,ItemIcon_Chest02_s,Demo/Demo_ItemIcon,Assets/ThirdParty/Layer Lab/GUI Pro-SuperCasual/ResourcesData/Sprites/Demo/Demo_ItemIcon/ItemIcon_Chest02_s.png,png
2352,ItemIcon_Coins_l,Demo/Demo_ItemIcon,Assets/ThirdParty/Layer Lab/GUI Pro-SuperCasual/ResourcesData/Sprites/Demo/Demo_ItemIcon/ItemIcon_Coins_l.png,png
2353,ItemIcon_Coins_s,Demo/Demo_ItemIcon,Assets/ThirdParty/Layer Lab/GUI Pro-SuperCasual/ResourcesData/Sprites/Demo/Demo_ItemIcon/ItemIcon_Coins_s.png,png
2354,ItemIcon_Gems_l,Demo/Demo_ItemIcon,Assets/ThirdParty/Layer Lab/GUI Pro-SuperCasual/ResourcesData/Sprites/Demo/Demo_ItemIcon/ItemIcon_Gems_l.png,png
2355,ItemIcon_Gems_s,Demo/Demo_ItemIcon,Assets/ThirdParty/Layer Lab/GUI Pro-SuperCasual/ResourcesData/Sprites/Demo/Demo_ItemIcon/ItemIcon_Gems_s.png,png
2356,Joystick_play_wheel_bg,Demo/Demo_Play,Assets/ThirdParty/Layer Lab/GUI Pro-SuperCasual/ResourcesData/Sprites/Demo/Demo_Play/Joystick_play_wheel_bg.png,png
2357,Joystick_play_wheel_bg_center,Demo/Demo_Play,Assets/ThirdParty/Layer Lab/GUI Pro-SuperCasual/ResourcesData/Sprites/Demo/Demo_Play/Joystick_play_wheel_bg_center.png,png
2358,Joystick_play_wheel_handle,Demo/Demo_Play,Assets/ThirdParty/Layer Lab/GUI Pro-SuperCasual/ResourcesData/Sprites/Demo/Demo_Play/Joystick_play_wheel_handle.png,png
2359,Play_Effect_Dust,Demo/Demo_Play,Assets/ThirdParty/Layer Lab/GUI Pro-SuperCasual/ResourcesData/Sprites/Demo/Demo_Play/Play_Effect_Dust.png,png
2360,Play_Icon_Chest,Demo/Demo_Play,Assets/ThirdParty/Layer Lab/GUI Pro-SuperCasual/ResourcesData/Sprites/Demo/Demo_Play/Play_Icon_Chest.png,png
2361,Play_Icon_Chest_Effect,Demo/Demo_Play,Assets/ThirdParty/Layer Lab/GUI Pro-SuperCasual/ResourcesData/Sprites/Demo/Demo_Play/Play_Icon_Chest_Effect.png,png
2362,Play_Icon_Chest_Particle,Demo/Demo_Play,Assets/ThirdParty/Layer Lab/GUI Pro-SuperCasual/ResourcesData/Sprites/Demo/Demo_Play/Play_Icon_Chest_Particle.png,png
2363,Play_Icon_Gem01,Demo/Demo_Play,Assets/ThirdParty/Layer Lab/GUI Pro-SuperCasual/ResourcesData/Sprites/Demo/Demo_Play/Play_Icon_Gem01.png,png
2364,Play_Icon_Gem02,Demo/Demo_Play,Assets/ThirdParty/Layer Lab/GUI Pro-SuperCasual/ResourcesData/Sprites/Demo/Demo_Play/Play_Icon_Gem02.png,png
2365,Play_Skill_Effect,Demo/Demo_Play,Assets/ThirdParty/Layer Lab/GUI Pro-SuperCasual/ResourcesData/Sprites/Demo/Demo_Play/Play_Skill_Effect.png,png
2366,Roulette_Button,Demo/Demo_Play,Assets/ThirdParty/Layer Lab/GUI Pro-SuperCasual/ResourcesData/Sprites/Demo/Demo_Play/Roulette_Button.png,png
2367,Roulette_Edge,Demo/Demo_Play,Assets/ThirdParty/Layer Lab/GUI Pro-SuperCasual/ResourcesData/Sprites/Demo/Demo_Play/Roulette_Edge.png,png
2368,Roulette_Edge_InnerShadow,Demo/Demo_Play,Assets/ThirdParty/Layer Lab/GUI Pro-SuperCasual/ResourcesData/Sprites/Demo/Demo_Play/Roulette_Edge_InnerShadow.png,png
2369,Roulette_Pocket_Bg,Demo/Demo_Play,Assets/ThirdParty/Layer Lab/GUI Pro-SuperCasual/ResourcesData/Sprites/Demo/Demo_Play/Roulette_Pocket_Bg.png,png
2370,Roulette_Pocket_Border,Demo/Demo_Play,Assets/ThirdParty/Layer Lab/GUI Pro-SuperCasual/ResourcesData/Sprites/Demo/Demo_Play/Roulette_Pocket_Border.png,png
2371,Roulette_Pocket_Deco1,Demo/Demo_Play,Assets/ThirdParty/Layer Lab/GUI Pro-SuperCasual/ResourcesData/Sprites/Demo/Demo_Play/Roulette_Pocket_Deco1.png,png
2372,Roulette_Pocket_Deco2,Demo/Demo_Play,Assets/ThirdParty/Layer Lab/GUI Pro-SuperCasual/ResourcesData/Sprites/Demo/Demo_Play/Roulette_Pocket_Deco2.png,png
2373,Roulette_WinningPocket,Demo/Demo_Play,Assets/ThirdParty/Layer Lab/GUI Pro-SuperCasual/ResourcesData/Sprites/Demo/Demo_Play/Roulette_WinningPocket.png,png
2374,ShopItem_l_CoinPack_1,Demo/Demo_ShopItem,Assets/ThirdParty/Layer Lab/GUI Pro-SuperCasual/ResourcesData/Sprites/Demo/Demo_ShopItem/ShopItem_l_CoinPack_1.png,png
2375,ShopItem_l_CoinPack_2,Demo/Demo_ShopItem,Assets/ThirdParty/Layer Lab/GUI Pro-SuperCasual/ResourcesData/Sprites/Demo/Demo_ShopItem/ShopItem_l_CoinPack_2.png,png
2376,ShopItem_l_CoinPack_3,Demo/Demo_ShopItem,Assets/ThirdParty/Layer Lab/GUI Pro-SuperCasual/ResourcesData/Sprites/Demo/Demo_ShopItem/ShopItem_l_CoinPack_3.png,png
2377,ShopItem_l_CoinPack_4,Demo/Demo_ShopItem,Assets/ThirdParty/Layer Lab/GUI Pro-SuperCasual/ResourcesData/Sprites/Demo/Demo_ShopItem/ShopItem_l_CoinPack_4.png,png
2378,ShopItem_l_GemPack_1,Demo/Demo_ShopItem,Assets/ThirdParty/Layer Lab/GUI Pro-SuperCasual/ResourcesData/Sprites/Demo/Demo_ShopItem/ShopItem_l_GemPack_1.png,png
2379,ShopItem_l_GemPack_2,Demo/Demo_ShopItem,Assets/ThirdParty/Layer Lab/GUI Pro-SuperCasual/ResourcesData/Sprites/Demo/Demo_ShopItem/ShopItem_l_GemPack_2.png,png
2380,ShopItem_l_GemPack_3,Demo/Demo_ShopItem,Assets/ThirdParty/Layer Lab/GUI Pro-SuperCasual/ResourcesData/Sprites/Demo/Demo_ShopItem/ShopItem_l_GemPack_3.png,png
2381,ShopItem_l_GemPack_4,Demo/Demo_ShopItem,Assets/ThirdParty/Layer Lab/GUI Pro-SuperCasual/ResourcesData/Sprites/Demo/Demo_ShopItem/ShopItem_l_GemPack_4.png,png
2382,ShopItem_l_GemPack_5,Demo/Demo_ShopItem,Assets/ThirdParty/Layer Lab/GUI Pro-SuperCasual/ResourcesData/Sprites/Demo/Demo_ShopItem/ShopItem_l_GemPack_5.png,png
2383,ShopItem_s_CoinPack_1,Demo/Demo_ShopItem,Assets/ThirdParty/Layer Lab/GUI Pro-SuperCasual/ResourcesData/Sprites/Demo/Demo_ShopItem/ShopItem_s_CoinPack_1.png,png
2384,ShopItem_s_CoinPack_2,Demo/Demo_ShopItem,Assets/ThirdParty/Layer Lab/GUI Pro-SuperCasual/ResourcesData/Sprites/Demo/Demo_ShopItem/ShopItem_s_CoinPack_2.png,png
2385,ShopItem_s_CoinPack_3,Demo/Demo_ShopItem,Assets/ThirdParty/Layer Lab/GUI Pro-SuperCasual/ResourcesData/Sprites/Demo/Demo_ShopItem/ShopItem_s_CoinPack_3.png,png
2386,ShopItem_s_CoinPack_4,Demo/Demo_ShopItem,Assets/ThirdParty/Layer Lab/GUI Pro-SuperCasual/ResourcesData/Sprites/Demo/Demo_ShopItem/ShopItem_s_CoinPack_4.png,png
2387,ShopItem_s_GemPack_1,Demo/Demo_ShopItem,Assets/ThirdParty/Layer Lab/GUI Pro-SuperCasual/ResourcesData/Sprites/Demo/Demo_ShopItem/ShopItem_s_GemPack_1.png,png
2388,ShopItem_s_GemPack_2,Demo/Demo_ShopItem,Assets/ThirdParty/Layer Lab/GUI Pro-SuperCasual/ResourcesData/Sprites/Demo/Demo_ShopItem/ShopItem_s_GemPack_2.png,png
2389,ShopItem_s_GemPack_3,Demo/Demo_ShopItem,Assets/ThirdParty/Layer Lab/GUI Pro-SuperCasual/ResourcesData/Sprites/Demo/Demo_ShopItem/ShopItem_s_GemPack_3.png,png
2390,ShopItem_s_GemPack_4,Demo/Demo_ShopItem,Assets/ThirdParty/Layer Lab/GUI Pro-SuperCasual/ResourcesData/Sprites/Demo/Demo_ShopItem/ShopItem_s_GemPack_4.png,png
2391,ShopItem_s_GemPack_5,Demo/Demo_ShopItem,Assets/ThirdParty/Layer Lab/GUI Pro-SuperCasual/ResourcesData/Sprites/Demo/Demo_ShopItem/ShopItem_s_GemPack_5.png,png
