asset_path,clip_name,profile,status,reason,runtime_keys
"Assets/Deadly Kombat Free version/blade_hit_07.wav","blade_hit_07","impact","ADDRESSABLE","runtime-mapped","library.deadly.kombat.free.version.blade.hit.07"
"Assets/Deadly Kombat Free version/blade_hit_08.wav","blade_hit_08","impact","ADDRESSABLE","runtime-mapped","library.deadly.kombat.free.version.blade.hit.08"
"Assets/Deadly Kombat Free version/block_large_59.wav","block_large_59","impact","ADDRESSABLE","runtime-mapped","library.deadly.kombat.free.version.block.large.59|sfx.creature.skeleton_giant.hurt|sfx.creature.skeleton_mage.hurt|sfx.creature.skeleton_small.hurt|sfx.impact.bone.light|sfx.impact.flesh.heavy|sfx.impact.fur.heavy"
"Assets/Deadly Kombat Free version/block_large_71.wav","block_large_71","impact","ADDRESSABLE","runtime-mapped","library.deadly.kombat.free.version.block.large.71|sfx.creature.skeleton_giant.hurt|sfx.creature.skeleton_mage.hurt|sfx.creature.skeleton_small.hurt|sfx.impact.bone.light|sfx.impact.flesh.heavy|sfx.impact.fur.heavy"
"Assets/Deadly Kombat Free version/block_medium_09.wav","block_medium_09","impact","ADDRESSABLE","runtime-mapped","library.deadly.kombat.free.version.block.medium.09|sfx.creature.skeleton_giant.hurt|sfx.creature.skeleton_mage.hurt|sfx.creature.skeleton_small.hurt|sfx.impact.bone.light"
"Assets/Deadly Kombat Free version/block_medium_25.wav","block_medium_25","impact","ADDRESSABLE","runtime-mapped","library.deadly.kombat.free.version.block.medium.25|sfx.creature.skeleton_giant.hurt|sfx.creature.skeleton_mage.hurt|sfx.creature.skeleton_small.hurt|sfx.impact.bone.light"
"Assets/Deadly Kombat Free version/block_small_69.wav","block_small_69","impact","ADDRESSABLE","runtime-mapped","library.deadly.kombat.free.version.block.small.69|sfx.creature.skeleton_giant.hurt|sfx.creature.skeleton_mage.hurt|sfx.creature.skeleton_small.hurt|sfx.impact.bone.light"
"Assets/Deadly Kombat Free version/block_small_73.wav","block_small_73","impact","ADDRESSABLE","runtime-mapped","library.deadly.kombat.free.version.block.small.73|sfx.creature.skeleton_giant.hurt|sfx.creature.skeleton_mage.hurt|sfx.creature.skeleton_small.hurt|sfx.impact.bone.light"
"Assets/Deadly Kombat Free version/body_hit_finisher_23.wav","body_hit_finisher_23","impact","ADDRESSABLE","runtime-mapped","library.deadly.kombat.free.version.body.hit.finisher.23|sfx.impact.flesh.heavy|sfx.impact.fur.heavy"
"Assets/Deadly Kombat Free version/body_hit_finisher_27.wav","body_hit_finisher_27","impact","ADDRESSABLE","runtime-mapped","library.deadly.kombat.free.version.body.hit.finisher.27|sfx.impact.flesh.heavy|sfx.impact.fur.heavy"
"Assets/Deadly Kombat Free version/body_hit_finisher_42.wav","body_hit_finisher_42","impact","ADDRESSABLE","runtime-mapped","library.deadly.kombat.free.version.body.hit.finisher.42|sfx.impact.flesh.heavy|sfx.impact.fur.heavy"
"Assets/Deadly Kombat Free version/body_hit_finisher_52.wav","body_hit_finisher_52","impact","ADDRESSABLE","runtime-mapped","library.deadly.kombat.free.version.body.hit.finisher.52|sfx.impact.flesh.heavy|sfx.impact.fur.heavy"
"Assets/Deadly Kombat Free version/body_hit_large_32.wav","body_hit_large_32","impact","ADDRESSABLE","runtime-mapped","library.deadly.kombat.free.version.body.hit.large.32|sfx.impact.flesh.heavy|sfx.impact.fur.heavy"
"Assets/Deadly Kombat Free version/body_hit_large_44.wav","body_hit_large_44","impact","ADDRESSABLE","runtime-mapped","library.deadly.kombat.free.version.body.hit.large.44|sfx.impact.flesh.heavy|sfx.impact.fur.heavy"
"Assets/Deadly Kombat Free version/body_hit_large_76.wav","body_hit_large_76","impact","ADDRESSABLE","runtime-mapped","library.deadly.kombat.free.version.body.hit.large.76|sfx.impact.flesh.heavy|sfx.impact.fur.heavy"
"Assets/Deadly Kombat Free version/body_hit_small_11.wav","body_hit_small_11","impact","ADDRESSABLE","runtime-mapped","library.deadly.kombat.free.version.body.hit.small.11|sfx.impact.flesh.light|sfx.impact.fur.light"
"Assets/Deadly Kombat Free version/body_hit_small_20.wav","body_hit_small_20","impact","ADDRESSABLE","runtime-mapped","library.deadly.kombat.free.version.body.hit.small.20|sfx.impact.flesh.light|sfx.impact.fur.light"
"Assets/Deadly Kombat Free version/body_hit_small_23.wav","body_hit_small_23","impact","ADDRESSABLE","runtime-mapped","library.deadly.kombat.free.version.body.hit.small.23|sfx.impact.flesh.light|sfx.impact.fur.light"
"Assets/Deadly Kombat Free version/body_hit_small_79.wav","body_hit_small_79","impact","ADDRESSABLE","runtime-mapped","library.deadly.kombat.free.version.body.hit.small.79|sfx.impact.flesh.light|sfx.impact.fur.light"
"Assets/Deadly Kombat Free version/bone_breaking_03.wav","bone_breaking_03","impact","ADDRESSABLE","runtime-mapped","library.deadly.kombat.free.version.bone.breaking.03|sfx.creature.skeleton_giant.death|sfx.creature.skeleton_mage.death|sfx.creature.skeleton_small.death|sfx.impact.bone.heavy"
"Assets/Deadly Kombat Free version/bone_breaking_53.wav","bone_breaking_53","impact","ADDRESSABLE","runtime-mapped","library.deadly.kombat.free.version.bone.breaking.53|sfx.creature.skeleton_giant.death|sfx.creature.skeleton_mage.death|sfx.creature.skeleton_small.death|sfx.impact.bone.heavy"
"Assets/Deadly Kombat Free version/face_hit_finisher_19.wav","face_hit_finisher_19","impact","ADDRESSABLE","runtime-mapped","library.deadly.kombat.free.version.face.hit.finisher.19|sfx.impact.flesh.heavy|sfx.impact.fur.heavy"
"Assets/Deadly Kombat Free version/face_hit_finisher_40.wav","face_hit_finisher_40","impact","ADDRESSABLE","runtime-mapped","library.deadly.kombat.free.version.face.hit.finisher.40|sfx.impact.flesh.heavy|sfx.impact.fur.heavy"
"Assets/Deadly Kombat Free version/face_hit_finisher_61.wav","face_hit_finisher_61","impact","ADDRESSABLE","runtime-mapped","library.deadly.kombat.free.version.face.hit.finisher.61|sfx.impact.flesh.heavy|sfx.impact.fur.heavy"
"Assets/Deadly Kombat Free version/face_hit_finisher_73.wav","face_hit_finisher_73","impact","ADDRESSABLE","runtime-mapped","library.deadly.kombat.free.version.face.hit.finisher.73|sfx.impact.flesh.heavy|sfx.impact.fur.heavy"
"Assets/Deadly Kombat Free version/face_hit_Large_20.wav","face_hit_Large_20","impact","ADDRESSABLE","runtime-mapped","library.deadly.kombat.free.version.face.hit.large.20|sfx.impact.flesh.heavy|sfx.impact.fur.heavy"
"Assets/Deadly Kombat Free version/face_hit_Large_29.wav","face_hit_Large_29","impact","ADDRESSABLE","runtime-mapped","library.deadly.kombat.free.version.face.hit.large.29|sfx.impact.flesh.heavy|sfx.impact.fur.heavy"
"Assets/Deadly Kombat Free version/face_hit_Large_78.wav","face_hit_Large_78","impact","ADDRESSABLE","runtime-mapped","library.deadly.kombat.free.version.face.hit.large.78|sfx.impact.flesh.heavy|sfx.impact.fur.heavy"
"Assets/Deadly Kombat Free version/face_hit_small_01.wav","face_hit_small_01","impact","ADDRESSABLE","runtime-mapped","library.deadly.kombat.free.version.face.hit.small.01|sfx.impact.flesh.light|sfx.impact.fur.light"
"Assets/Deadly Kombat Free version/face_hit_small_13.wav","face_hit_small_13","impact","ADDRESSABLE","runtime-mapped","library.deadly.kombat.free.version.face.hit.small.13|sfx.impact.flesh.light|sfx.impact.fur.light"
"Assets/Deadly Kombat Free version/face_hit_small_23.wav","face_hit_small_23","impact","ADDRESSABLE","runtime-mapped","library.deadly.kombat.free.version.face.hit.small.23|sfx.impact.flesh.light|sfx.impact.fur.light"
"Assets/Deadly Kombat Free version/face_hit_small_78.wav","face_hit_small_78","impact","ADDRESSABLE","runtime-mapped","library.deadly.kombat.free.version.face.hit.small.78|sfx.impact.flesh.light|sfx.impact.fur.light"
"Assets/Deadly Kombat Free version/fire_punch_02.wav","fire_punch_02","impact","ADDRESSABLE","runtime-mapped","library.deadly.kombat.free.version.fire.punch.02"
"Assets/Deadly Kombat Free version/fire_punch_finisher_06.wav","fire_punch_finisher_06","impact","ADDRESSABLE","runtime-mapped","library.deadly.kombat.free.version.fire.punch.finisher.06|sfx.impact.flesh.heavy|sfx.impact.fur.heavy"
"Assets/Deadly Kombat Free version/guts_and_gore_19.wav","guts_and_gore_19","impact","ADDRESSABLE","runtime-mapped","library.deadly.kombat.free.version.guts.and.gore.19|sfx.impact.flesh.heavy|sfx.impact.fur.heavy"
"Assets/Deadly Kombat Free version/guts_and_gore_59.wav","guts_and_gore_59","impact","ADDRESSABLE","runtime-mapped","library.deadly.kombat.free.version.guts.and.gore.59|sfx.impact.flesh.heavy|sfx.impact.fur.heavy"
"Assets/Deadly Kombat Free version/guts_and_gore_68.wav","guts_and_gore_68","impact","ADDRESSABLE","runtime-mapped","library.deadly.kombat.free.version.guts.and.gore.68|sfx.impact.flesh.heavy|sfx.impact.fur.heavy"
"Assets/Deadly Kombat Free version/kick_long_whoosh_19.wav","kick_long_whoosh_19","impact","ADDRESSABLE","runtime-mapped","library.deadly.kombat.free.version.kick.long.whoosh.19|sfx.creature.skeleton_giant.attack|sfx.creature.skeleton_mage.attack|sfx.creature.skeleton_small.attack|sfx.player.bomb.throw"
"Assets/Deadly Kombat Free version/kick_short_whoosh_12.wav","kick_short_whoosh_12","impact","ADDRESSABLE","runtime-mapped","library.deadly.kombat.free.version.kick.short.whoosh.12|sfx.creature.skeleton_giant.attack|sfx.creature.skeleton_mage.attack|sfx.creature.skeleton_small.attack|sfx.player.bomb.throw"
"Assets/Deadly Kombat Free version/kick_short_whoosh_23.wav","kick_short_whoosh_23","impact","ADDRESSABLE","runtime-mapped","library.deadly.kombat.free.version.kick.short.whoosh.23|sfx.creature.skeleton_giant.attack|sfx.creature.skeleton_mage.attack|sfx.creature.skeleton_small.attack|sfx.player.bomb.throw"
"Assets/Deadly Kombat Free version/metal_punch_06.wav","metal_punch_06","impact","ADDRESSABLE","runtime-mapped","library.deadly.kombat.free.version.metal.punch.06|sfx.player.bomb.bounce|sfx.prop.barrel.hit"
"Assets/Deadly Kombat Free version/metal_punch_finisher_07.wav","metal_punch_finisher_07","impact","ADDRESSABLE","runtime-mapped","library.deadly.kombat.free.version.metal.punch.finisher.07|sfx.impact.flesh.heavy|sfx.impact.fur.heavy|sfx.player.bomb.bounce|sfx.prop.barrel.hit"
"Assets/Deadly Kombat Free version/punch_long_whoosh_21.wav","punch_long_whoosh_21","impact","ADDRESSABLE","runtime-mapped","library.deadly.kombat.free.version.punch.long.whoosh.21|sfx.creature.skeleton_giant.attack|sfx.creature.skeleton_mage.attack|sfx.creature.skeleton_small.attack|sfx.player.bomb.throw"
"Assets/Deadly Kombat Free version/punch_long_whoosh_30.wav","punch_long_whoosh_30","impact","ADDRESSABLE","runtime-mapped","library.deadly.kombat.free.version.punch.long.whoosh.30|sfx.creature.skeleton_giant.attack|sfx.creature.skeleton_mage.attack|sfx.creature.skeleton_small.attack|sfx.player.bomb.throw"
"Assets/Deadly Kombat Free version/punch_short_whoosh_16.wav","punch_short_whoosh_16","impact","ADDRESSABLE","runtime-mapped","library.deadly.kombat.free.version.punch.short.whoosh.16|sfx.creature.skeleton_giant.attack|sfx.creature.skeleton_mage.attack|sfx.creature.skeleton_small.attack|sfx.player.bomb.throw"
"Assets/Deadly Kombat Free version/punch_short_whoosh_30.wav","punch_short_whoosh_30","impact","ADDRESSABLE","runtime-mapped","library.deadly.kombat.free.version.punch.short.whoosh.30|sfx.creature.skeleton_giant.attack|sfx.creature.skeleton_mage.attack|sfx.creature.skeleton_small.attack|sfx.player.bomb.throw"
"Assets/Deadly Kombat Free version/somersalt_01.wav","somersalt_01","impact","ADDRESSABLE","runtime-mapped","library.deadly.kombat.free.version.somersalt.01"
"Assets/Deadly Kombat Free version/somersalt_10.wav","somersalt_10","impact","ADDRESSABLE","runtime-mapped","library.deadly.kombat.free.version.somersalt.10"
"Assets/Deadly Kombat Free version/wood_bat_finisher_01.wav","wood_bat_finisher_01","impact","ADDRESSABLE","runtime-mapped","library.deadly.kombat.free.version.wood.bat.finisher.01|sfx.creature.plant_boss.death|sfx.creature.plant_boss.hurt|sfx.creature.plant_heavy.death|sfx.creature.plant_heavy.hurt|sfx.creature.plant_small.death|sfx.creature.plant_small.hurt|sfx.impact.flesh.heavy|sfx.impact.fur.heavy|sfx.impact.plant.light|sfx.prop.crate.break|sfx.prop.crate.hit"
"Assets/Deadly Kombat Free version/wood_bat_finisher_05.wav","wood_bat_finisher_05","impact","ADDRESSABLE","runtime-mapped","library.deadly.kombat.free.version.wood.bat.finisher.05|sfx.creature.plant_boss.death|sfx.creature.plant_boss.hurt|sfx.creature.plant_heavy.death|sfx.creature.plant_heavy.hurt|sfx.creature.plant_small.death|sfx.creature.plant_small.hurt|sfx.impact.flesh.heavy|sfx.impact.fur.heavy|sfx.impact.plant.light|sfx.prop.crate.break|sfx.prop.crate.hit"
"Assets/Footsteps Pack Expanded/Loops/Concrete/Concrete01FastWalkingLoop.wav","Concrete01FastWalkingLoop","player_movement","SOURCE_ONLY","audited-only: footstep breadth cut from mobile build",""
"Assets/Footsteps Pack Expanded/Loops/Concrete/Concrete01Jump.wav","Concrete01Jump","player_movement","SOURCE_ONLY","audited-only: footstep breadth cut from mobile build",""
"Assets/Footsteps Pack Expanded/Loops/Concrete/Concrete01RunningLoop.wav","Concrete01RunningLoop","player_movement","SOURCE_ONLY","audited-only: footstep breadth cut from mobile build",""
"Assets/Footsteps Pack Expanded/Loops/Concrete/Concrete01WalkingLoop.wav","Concrete01WalkingLoop","player_movement","SOURCE_ONLY","audited-only: footstep breadth cut from mobile build",""
"Assets/Footsteps Pack Expanded/Loops/Concrete/Concrete02FastWalkingLoop.wav","Concrete02FastWalkingLoop","player_movement","SOURCE_ONLY","audited-only: footstep breadth cut from mobile build",""
"Assets/Footsteps Pack Expanded/Loops/Concrete/Concrete02Jump.wav","Concrete02Jump","player_movement","SOURCE_ONLY","audited-only: footstep breadth cut from mobile build",""
"Assets/Footsteps Pack Expanded/Loops/Concrete/Concrete02RunningLoop.wav","Concrete02RunningLoop","player_movement","SOURCE_ONLY","audited-only: footstep breadth cut from mobile build",""
"Assets/Footsteps Pack Expanded/Loops/Concrete/Concrete02WalkingLoop.wav","Concrete02WalkingLoop","player_movement","SOURCE_ONLY","audited-only: footstep breadth cut from mobile build",""
"Assets/Footsteps Pack Expanded/Loops/Concrete/Concrete03FastWalkingLoop.wav","Concrete03FastWalkingLoop","player_movement","SOURCE_ONLY","audited-only: footstep breadth cut from mobile build",""
"Assets/Footsteps Pack Expanded/Loops/Concrete/Concrete03Jump.wav","Concrete03Jump","player_movement","SOURCE_ONLY","audited-only: footstep breadth cut from mobile build",""
"Assets/Footsteps Pack Expanded/Loops/Concrete/Concrete03RunningLoop.wav","Concrete03RunningLoop","player_movement","SOURCE_ONLY","audited-only: footstep breadth cut from mobile build",""
"Assets/Footsteps Pack Expanded/Loops/Concrete/Concrete03WalkingLoop.wav","Concrete03WalkingLoop","player_movement","SOURCE_ONLY","audited-only: footstep breadth cut from mobile build",""
"Assets/Footsteps Pack Expanded/Loops/Concrete/Concrete04FastWalkingLoop.wav","Concrete04FastWalkingLoop","player_movement","SOURCE_ONLY","audited-only: footstep breadth cut from mobile build",""
"Assets/Footsteps Pack Expanded/Loops/Concrete/Concrete04Jump.wav","Concrete04Jump","player_movement","SOURCE_ONLY","audited-only: footstep breadth cut from mobile build",""
"Assets/Footsteps Pack Expanded/Loops/Concrete/Concrete04RunningLoop.wav","Concrete04RunningLoop","player_movement","SOURCE_ONLY","audited-only: footstep breadth cut from mobile build",""
"Assets/Footsteps Pack Expanded/Loops/Concrete/Concrete04WalkingLoop.wav","Concrete04WalkingLoop","player_movement","SOURCE_ONLY","audited-only: footstep breadth cut from mobile build",""
"Assets/Footsteps Pack Expanded/Loops/Concrete/Concrete05Jumping.wav","Concrete05Jumping","player_movement","SOURCE_ONLY","audited-only: footstep breadth cut from mobile build",""
"Assets/Footsteps Pack Expanded/Loops/Concrete/Concrete05RunningLoop.wav","Concrete05RunningLoop","player_movement","SOURCE_ONLY","audited-only: footstep breadth cut from mobile build",""
"Assets/Footsteps Pack Expanded/Loops/Concrete/Concrete05WalkingLoop.wav","Concrete05WalkingLoop","player_movement","SOURCE_ONLY","audited-only: footstep breadth cut from mobile build",""
"Assets/Footsteps Pack Expanded/Loops/Concrete/Concrete06FastWalkingLoop.wav","Concrete06FastWalkingLoop","player_movement","SOURCE_ONLY","audited-only: footstep breadth cut from mobile build",""
"Assets/Footsteps Pack Expanded/Loops/Concrete/Concrete06Jump.wav","Concrete06Jump","player_movement","SOURCE_ONLY","audited-only: footstep breadth cut from mobile build",""
"Assets/Footsteps Pack Expanded/Loops/Concrete/Concrete06RunningLoop.wav","Concrete06RunningLoop","player_movement","SOURCE_ONLY","audited-only: footstep breadth cut from mobile build",""
"Assets/Footsteps Pack Expanded/Loops/Concrete/Concrete06WalkingLoop.wav","Concrete06WalkingLoop","player_movement","SOURCE_ONLY","audited-only: footstep breadth cut from mobile build",""
"Assets/Footsteps Pack Expanded/Loops/Concrete/Concrete07Jump.wav","Concrete07Jump","player_movement","SOURCE_ONLY","audited-only: footstep breadth cut from mobile build",""
"Assets/Footsteps Pack Expanded/Loops/Concrete/Concrete07RunningLoop.wav","Concrete07RunningLoop","player_movement","SOURCE_ONLY","audited-only: footstep breadth cut from mobile build",""
"Assets/Footsteps Pack Expanded/Loops/Concrete/Concrete07WalkingLoop.wav","Concrete07WalkingLoop","player_movement","SOURCE_ONLY","audited-only: footstep breadth cut from mobile build",""
"Assets/Footsteps Pack Expanded/Loops/Concrete/Concrete08FastWalking.wav","Concrete08FastWalking","player_movement","SOURCE_ONLY","audited-only: footstep breadth cut from mobile build",""
"Assets/Footsteps Pack Expanded/Loops/Concrete/Concrete08Jump.wav","Concrete08Jump","player_movement","SOURCE_ONLY","audited-only: footstep breadth cut from mobile build",""
"Assets/Footsteps Pack Expanded/Loops/Concrete/Concrete08RunningLoop.wav","Concrete08RunningLoop","player_movement","SOURCE_ONLY","audited-only: footstep breadth cut from mobile build",""
"Assets/Footsteps Pack Expanded/Loops/Concrete/Concrete08WalkingLoop.wav","Concrete08WalkingLoop","player_movement","SOURCE_ONLY","audited-only: footstep breadth cut from mobile build",""
"Assets/Footsteps Pack Expanded/Loops/Concrete/Concrete09FastWalkingLoop.wav","Concrete09FastWalkingLoop","player_movement","SOURCE_ONLY","audited-only: footstep breadth cut from mobile build",""
"Assets/Footsteps Pack Expanded/Loops/Concrete/Concrete09Jump.wav","Concrete09Jump","player_movement","SOURCE_ONLY","audited-only: footstep breadth cut from mobile build",""
"Assets/Footsteps Pack Expanded/Loops/Concrete/Concrete09RunningLoop.wav","Concrete09RunningLoop","player_movement","SOURCE_ONLY","audited-only: footstep breadth cut from mobile build",""
"Assets/Footsteps Pack Expanded/Loops/Concrete/Concrete09WalkingLoop.wav","Concrete09WalkingLoop","player_movement","SOURCE_ONLY","audited-only: footstep breadth cut from mobile build",""
"Assets/Footsteps Pack Expanded/Loops/Concrete/Concrete10FastWalkingLoop.wav","Concrete10FastWalkingLoop","player_movement","SOURCE_ONLY","audited-only: footstep breadth cut from mobile build",""
"Assets/Footsteps Pack Expanded/Loops/Concrete/Concrete10Jump.wav","Concrete10Jump","player_movement","SOURCE_ONLY","audited-only: footstep breadth cut from mobile build",""
"Assets/Footsteps Pack Expanded/Loops/Concrete/Concrete10RunningLoop.wav","Concrete10RunningLoop","player_movement","SOURCE_ONLY","audited-only: footstep breadth cut from mobile build",""
"Assets/Footsteps Pack Expanded/Loops/Concrete/Concrete10WalkingLoop.wav","Concrete10WalkingLoop","player_movement","SOURCE_ONLY","audited-only: footstep breadth cut from mobile build",""
"Assets/Footsteps Pack Expanded/Loops/Concrete/Concrete11FastWalkingLoop.wav","Concrete11FastWalkingLoop","player_movement","SOURCE_ONLY","audited-only: footstep breadth cut from mobile build",""
"Assets/Footsteps Pack Expanded/Loops/Concrete/Concrete11Jump.wav","Concrete11Jump","player_movement","SOURCE_ONLY","audited-only: footstep breadth cut from mobile build",""
"Assets/Footsteps Pack Expanded/Loops/Concrete/Concrete11RunningLoop.wav","Concrete11RunningLoop","player_movement","SOURCE_ONLY","audited-only: footstep breadth cut from mobile build",""
"Assets/Footsteps Pack Expanded/Loops/Concrete/Concrete11WalkingLoop.wav","Concrete11WalkingLoop","player_movement","SOURCE_ONLY","audited-only: footstep breadth cut from mobile build",""
"Assets/Footsteps Pack Expanded/Loops/Concrete/Concrete12FastWalkingLoop.wav","Concrete12FastWalkingLoop","player_movement","SOURCE_ONLY","audited-only: footstep breadth cut from mobile build",""
"Assets/Footsteps Pack Expanded/Loops/Concrete/Concrete12Jump.wav","Concrete12Jump","player_movement","SOURCE_ONLY","audited-only: footstep breadth cut from mobile build",""
"Assets/Footsteps Pack Expanded/Loops/Concrete/Concrete12RunningLoop.wav","Concrete12RunningLoop","player_movement","SOURCE_ONLY","audited-only: footstep breadth cut from mobile build",""
"Assets/Footsteps Pack Expanded/Loops/Concrete/Concrete12WalkingLoop.wav","Concrete12WalkingLoop","player_movement","SOURCE_ONLY","audited-only: footstep breadth cut from mobile build",""
"Assets/Footsteps Pack Expanded/Loops/Concrete/Concrete13FastWalkingLoop.wav","Concrete13FastWalkingLoop","player_movement","SOURCE_ONLY","audited-only: footstep breadth cut from mobile build",""
"Assets/Footsteps Pack Expanded/Loops/Concrete/Concrete13Jump.wav","Concrete13Jump","player_movement","SOURCE_ONLY","audited-only: footstep breadth cut from mobile build",""
"Assets/Footsteps Pack Expanded/Loops/Concrete/Concrete13RunningLoop.wav","Concrete13RunningLoop","player_movement","SOURCE_ONLY","audited-only: footstep breadth cut from mobile build",""
"Assets/Footsteps Pack Expanded/Loops/Concrete/Concrete13WalkingLoop.wav","Concrete13WalkingLoop","player_movement","SOURCE_ONLY","audited-only: footstep breadth cut from mobile build",""
"Assets/Footsteps Pack Expanded/Loops/Concrete/Concrete14FastWalkingLoop.wav","Concrete14FastWalkingLoop","player_movement","SOURCE_ONLY","audited-only: footstep breadth cut from mobile build",""
"Assets/Footsteps Pack Expanded/Loops/Concrete/Concrete14Jump.wav","Concrete14Jump","player_movement","SOURCE_ONLY","audited-only: footstep breadth cut from mobile build",""
"Assets/Footsteps Pack Expanded/Loops/Concrete/Concrete14RunningLoop.wav","Concrete14RunningLoop","player_movement","SOURCE_ONLY","audited-only: footstep breadth cut from mobile build",""
"Assets/Footsteps Pack Expanded/Loops/Concrete/Concrete14WalkingLoop.wav","Concrete14WalkingLoop","player_movement","SOURCE_ONLY","audited-only: footstep breadth cut from mobile build",""
"Assets/Footsteps Pack Expanded/Loops/Concrete/Concrete15FastWalkingLoop.wav","Concrete15FastWalkingLoop","player_movement","SOURCE_ONLY","audited-only: footstep breadth cut from mobile build",""
"Assets/Footsteps Pack Expanded/Loops/Concrete/Concrete15Jump.wav","Concrete15Jump","player_movement","SOURCE_ONLY","audited-only: footstep breadth cut from mobile build",""
"Assets/Footsteps Pack Expanded/Loops/Concrete/Concrete15RunningLoop.wav","Concrete15RunningLoop","player_movement","SOURCE_ONLY","audited-only: footstep breadth cut from mobile build",""
"Assets/Footsteps Pack Expanded/Loops/Concrete/Concrete15WalkingLoop.wav","Concrete15WalkingLoop","player_movement","SOURCE_ONLY","audited-only: footstep breadth cut from mobile build",""
"Assets/Footsteps Pack Expanded/Loops/Concrete/Concrete16FastWalkingLoop.wav","Concrete16FastWalkingLoop","player_movement","SOURCE_ONLY","audited-only: footstep breadth cut from mobile build",""
"Assets/Footsteps Pack Expanded/Loops/Concrete/Concrete16Jump.wav","Concrete16Jump","player_movement","SOURCE_ONLY","audited-only: footstep breadth cut from mobile build",""
"Assets/Footsteps Pack Expanded/Loops/Concrete/Concrete16RunningLoop.wav","Concrete16RunningLoop","player_movement","SOURCE_ONLY","audited-only: footstep breadth cut from mobile build",""
"Assets/Footsteps Pack Expanded/Loops/Concrete/Concrete16WalkingLoop.wav","Concrete16WalkingLoop","player_movement","SOURCE_ONLY","audited-only: footstep breadth cut from mobile build",""
"Assets/Footsteps Pack Expanded/Loops/Concrete/Concrete17FastWalkingLoop.wav","Concrete17FastWalkingLoop","player_movement","SOURCE_ONLY","audited-only: footstep breadth cut from mobile build",""
"Assets/Footsteps Pack Expanded/Loops/Concrete/Concrete17RunningLoop.wav","Concrete17RunningLoop","player_movement","SOURCE_ONLY","audited-only: footstep breadth cut from mobile build",""
"Assets/Footsteps Pack Expanded/Loops/Concrete/Concrete17WalkingLoop.wav","Concrete17WalkingLoop","player_movement","SOURCE_ONLY","audited-only: footstep breadth cut from mobile build",""
"Assets/Footsteps Pack Expanded/Loops/Concrete/Concrete18FastWalkingLoop.wav","Concrete18FastWalkingLoop","player_movement","SOURCE_ONLY","audited-only: footstep breadth cut from mobile build",""
"Assets/Footsteps Pack Expanded/Loops/Concrete/Concrete18Jump.wav","Concrete18Jump","player_movement","SOURCE_ONLY","audited-only: footstep breadth cut from mobile build",""
"Assets/Footsteps Pack Expanded/Loops/Concrete/Concrete18RunnigLoop.wav","Concrete18RunnigLoop","player_movement","SOURCE_ONLY","audited-only: footstep breadth cut from mobile build",""
"Assets/Footsteps Pack Expanded/Loops/Concrete/Concrete18WalkingLoop.wav","Concrete18WalkingLoop","player_movement","SOURCE_ONLY","audited-only: footstep breadth cut from mobile build",""
"Assets/Footsteps Pack Expanded/Loops/Concrete/Concrete19FastWalkingLoop.wav","Concrete19FastWalkingLoop","player_movement","SOURCE_ONLY","audited-only: footstep breadth cut from mobile build",""
"Assets/Footsteps Pack Expanded/Loops/Concrete/Concrete19Jump.wav","Concrete19Jump","player_movement","SOURCE_ONLY","audited-only: footstep breadth cut from mobile build",""
"Assets/Footsteps Pack Expanded/Loops/Concrete/Concrete19RunningLoop.wav","Concrete19RunningLoop","player_movement","SOURCE_ONLY","audited-only: footstep breadth cut from mobile build",""
"Assets/Footsteps Pack Expanded/Loops/Concrete/Concrete19WalkingLoop.wav","Concrete19WalkingLoop","player_movement","SOURCE_ONLY","audited-only: footstep breadth cut from mobile build",""
"Assets/Footsteps Pack Expanded/Loops/Concrete/Concrete20Jump.wav","Concrete20Jump","player_movement","SOURCE_ONLY","audited-only: footstep breadth cut from mobile build",""
"Assets/Footsteps Pack Expanded/Loops/Concrete/Concrete20RunningLoop.wav","Concrete20RunningLoop","player_movement","SOURCE_ONLY","audited-only: footstep breadth cut from mobile build",""
"Assets/Footsteps Pack Expanded/Loops/Concrete/Concrete20WalkingLoop.wav","Concrete20WalkingLoop","player_movement","SOURCE_ONLY","audited-only: footstep breadth cut from mobile build",""
"Assets/Footsteps Pack Expanded/Loops/Concrete/Concrete21FastWalkingLoop.wav","Concrete21FastWalkingLoop","player_movement","SOURCE_ONLY","audited-only: footstep breadth cut from mobile build",""
"Assets/Footsteps Pack Expanded/Loops/Concrete/Concrete21Jump.wav","Concrete21Jump","player_movement","SOURCE_ONLY","audited-only: footstep breadth cut from mobile build",""
"Assets/Footsteps Pack Expanded/Loops/Concrete/Concrete21RunningLoop.wav","Concrete21RunningLoop","player_movement","SOURCE_ONLY","audited-only: footstep breadth cut from mobile build",""
"Assets/Footsteps Pack Expanded/Loops/Concrete/Concrete21WalkingLoop.wav","Concrete21WalkingLoop","player_movement","SOURCE_ONLY","audited-only: footstep breadth cut from mobile build",""
"Assets/Footsteps Pack Expanded/Loops/Concrete/Concrete22FastWalkingLoop.wav","Concrete22FastWalkingLoop","player_movement","SOURCE_ONLY","audited-only: footstep breadth cut from mobile build",""
"Assets/Footsteps Pack Expanded/Loops/Concrete/Concrete22Jump.wav","Concrete22Jump","player_movement","SOURCE_ONLY","audited-only: footstep breadth cut from mobile build",""
"Assets/Footsteps Pack Expanded/Loops/Concrete/Concrete22RunningLoop.wav","Concrete22RunningLoop","player_movement","SOURCE_ONLY","audited-only: footstep breadth cut from mobile build",""
"Assets/Footsteps Pack Expanded/Loops/Concrete/Concrete22WalkingLoop.wav","Concrete22WalkingLoop","player_movement","SOURCE_ONLY","audited-only: footstep breadth cut from mobile build",""
"Assets/Footsteps Pack Expanded/Loops/Concrete/Concrete23FastWalkingLoop.wav","Concrete23FastWalkingLoop","player_movement","SOURCE_ONLY","audited-only: footstep breadth cut from mobile build",""
"Assets/Footsteps Pack Expanded/Loops/Concrete/Concrete23Jump.wav","Concrete23Jump","player_movement","SOURCE_ONLY","audited-only: footstep breadth cut from mobile build",""
"Assets/Footsteps Pack Expanded/Loops/Concrete/Concrete23RunningLoop.wav","Concrete23RunningLoop","player_movement","SOURCE_ONLY","audited-only: footstep breadth cut from mobile build",""
"Assets/Footsteps Pack Expanded/Loops/Concrete/Concrete24FastWalkingLoop.wav","Concrete24FastWalkingLoop","player_movement","SOURCE_ONLY","audited-only: footstep breadth cut from mobile build",""
"Assets/Footsteps Pack Expanded/Loops/Concrete/Concrete24Jump.wav","Concrete24Jump","player_movement","SOURCE_ONLY","audited-only: footstep breadth cut from mobile build",""
"Assets/Footsteps Pack Expanded/Loops/Concrete/Concrete24RunningLoop.wav","Concrete24RunningLoop","player_movement","SOURCE_ONLY","audited-only: footstep breadth cut from mobile build",""
"Assets/Footsteps Pack Expanded/Loops/Concrete/Concrete24WalkingLoop.wav","Concrete24WalkingLoop","player_movement","SOURCE_ONLY","audited-only: footstep breadth cut from mobile build",""
"Assets/Footsteps Pack Expanded/Loops/EarthGround/EarthGround01FastWalkingLoop.wav","EarthGround01FastWalkingLoop","player_movement","SOURCE_ONLY","audited-only: footstep breadth cut from mobile build",""
"Assets/Footsteps Pack Expanded/Loops/EarthGround/EarthGround01Jump.wav","EarthGround01Jump","player_movement","SOURCE_ONLY","audited-only: footstep breadth cut from mobile build",""
"Assets/Footsteps Pack Expanded/Loops/EarthGround/EarthGround01RunningLoop.wav","EarthGround01RunningLoop","player_movement","SOURCE_ONLY","audited-only: footstep breadth cut from mobile build",""
"Assets/Footsteps Pack Expanded/Loops/EarthGround/EarthGround01WalkingLoop.wav","EarthGround01WalkingLoop","player_movement","SOURCE_ONLY","audited-only: footstep breadth cut from mobile build",""
"Assets/Footsteps Pack Expanded/Loops/EarthGround/EarthGround02FastWalkingLoop.wav","EarthGround02FastWalkingLoop","player_movement","SOURCE_ONLY","audited-only: footstep breadth cut from mobile build",""
"Assets/Footsteps Pack Expanded/Loops/EarthGround/EarthGround02Jump.wav","EarthGround02Jump","player_movement","SOURCE_ONLY","audited-only: footstep breadth cut from mobile build",""
"Assets/Footsteps Pack Expanded/Loops/EarthGround/EarthGround02RunningLoop.wav","EarthGround02RunningLoop","player_movement","SOURCE_ONLY","audited-only: footstep breadth cut from mobile build",""
"Assets/Footsteps Pack Expanded/Loops/EarthGround/EarthGround02WalkingLoop.wav","EarthGround02WalkingLoop","player_movement","SOURCE_ONLY","audited-only: footstep breadth cut from mobile build",""
"Assets/Footsteps Pack Expanded/Loops/EarthGround/EarthGround03FastRunningLoop.wav","EarthGround03FastRunningLoop","player_movement","SOURCE_ONLY","audited-only: footstep breadth cut from mobile build",""
"Assets/Footsteps Pack Expanded/Loops/EarthGround/EarthGround03FastWalkingLoop.wav","EarthGround03FastWalkingLoop","player_movement","SOURCE_ONLY","audited-only: footstep breadth cut from mobile build",""
"Assets/Footsteps Pack Expanded/Loops/EarthGround/EarthGround03Jump.wav","EarthGround03Jump","player_movement","SOURCE_ONLY","audited-only: footstep breadth cut from mobile build",""
"Assets/Footsteps Pack Expanded/Loops/EarthGround/EarthGround03RunningLoop.wav","EarthGround03RunningLoop","player_movement","SOURCE_ONLY","audited-only: footstep breadth cut from mobile build",""
"Assets/Footsteps Pack Expanded/Loops/EarthGround/EarthGround03WalkingLoop.wav","EarthGround03WalkingLoop","player_movement","SOURCE_ONLY","audited-only: footstep breadth cut from mobile build",""
"Assets/Footsteps Pack Expanded/Loops/EarthGround/EarthGround04FastRunningLoop.wav","EarthGround04FastRunningLoop","player_movement","SOURCE_ONLY","audited-only: footstep breadth cut from mobile build",""
"Assets/Footsteps Pack Expanded/Loops/EarthGround/EarthGround04FastWalkingLoop.wav","EarthGround04FastWalkingLoop","player_movement","SOURCE_ONLY","audited-only: footstep breadth cut from mobile build",""
"Assets/Footsteps Pack Expanded/Loops/EarthGround/EarthGround04Jumping.wav","EarthGround04Jumping","player_movement","SOURCE_ONLY","audited-only: footstep breadth cut from mobile build",""
"Assets/Footsteps Pack Expanded/Loops/EarthGround/EarthGround04RunningLoop.wav","EarthGround04RunningLoop","player_movement","SOURCE_ONLY","audited-only: footstep breadth cut from mobile build",""
"Assets/Footsteps Pack Expanded/Loops/EarthGround/EarthGround04WalkingLoop.wav","EarthGround04WalkingLoop","player_movement","SOURCE_ONLY","audited-only: footstep breadth cut from mobile build",""
"Assets/Footsteps Pack Expanded/Loops/EarthGround/EarthGround05FastWakingLoop.wav","EarthGround05FastWakingLoop","player_movement","SOURCE_ONLY","audited-only: footstep breadth cut from mobile build",""
"Assets/Footsteps Pack Expanded/Loops/EarthGround/EarthGround05Jump.wav","EarthGround05Jump","player_movement","SOURCE_ONLY","audited-only: footstep breadth cut from mobile build",""
"Assets/Footsteps Pack Expanded/Loops/EarthGround/EarthGround05RunningLoop.wav","EarthGround05RunningLoop","player_movement","SOURCE_ONLY","audited-only: footstep breadth cut from mobile build",""
"Assets/Footsteps Pack Expanded/Loops/EarthGround/EarthGround05WakingLoop.wav","EarthGround05WakingLoop","player_movement","SOURCE_ONLY","audited-only: footstep breadth cut from mobile build",""
"Assets/Footsteps Pack Expanded/Loops/EarthGround/EarthGround06FastWalking_loop.wav","EarthGround06FastWalking_loop","player_movement","SOURCE_ONLY","audited-only: footstep breadth cut from mobile build",""
"Assets/Footsteps Pack Expanded/Loops/EarthGround/EarthGround06Jump.wav","EarthGround06Jump","player_movement","SOURCE_ONLY","audited-only: footstep breadth cut from mobile build",""
"Assets/Footsteps Pack Expanded/Loops/EarthGround/EarthGround06Running_loop.wav","EarthGround06Running_loop","player_movement","SOURCE_ONLY","audited-only: footstep breadth cut from mobile build",""
"Assets/Footsteps Pack Expanded/Loops/EarthGround/EarthGround06Walking_loop.wav","EarthGround06Walking_loop","player_movement","SOURCE_ONLY","audited-only: footstep breadth cut from mobile build",""
"Assets/Footsteps Pack Expanded/Loops/EarthGround/EarthGround07FastWalking_loop.wav","EarthGround07FastWalking_loop","player_movement","SOURCE_ONLY","audited-only: footstep breadth cut from mobile build",""
"Assets/Footsteps Pack Expanded/Loops/EarthGround/EarthGround07Jump.wav","EarthGround07Jump","player_movement","SOURCE_ONLY","audited-only: footstep breadth cut from mobile build",""
"Assets/Footsteps Pack Expanded/Loops/EarthGround/EarthGround07Running_loop.wav","EarthGround07Running_loop","player_movement","SOURCE_ONLY","audited-only: footstep breadth cut from mobile build",""
"Assets/Footsteps Pack Expanded/Loops/EarthGround/EarthGround07Walking_loop.wav","EarthGround07Walking_loop","player_movement","SOURCE_ONLY","audited-only: footstep breadth cut from mobile build",""
"Assets/Footsteps Pack Expanded/Loops/EarthGround/EarthGround08FastWalking_loop.wav","EarthGround08FastWalking_loop","player_movement","SOURCE_ONLY","audited-only: footstep breadth cut from mobile build",""
"Assets/Footsteps Pack Expanded/Loops/EarthGround/EarthGround08Jump.wav","EarthGround08Jump","player_movement","SOURCE_ONLY","audited-only: footstep breadth cut from mobile build",""
"Assets/Footsteps Pack Expanded/Loops/EarthGround/EarthGround08Running_loop.wav","EarthGround08Running_loop","player_movement","SOURCE_ONLY","audited-only: footstep breadth cut from mobile build",""
"Assets/Footsteps Pack Expanded/Loops/EarthGround/EarthGround08Walking_loop.wav","EarthGround08Walking_loop","player_movement","SOURCE_ONLY","audited-only: footstep breadth cut from mobile build",""
"Assets/Footsteps Pack Expanded/Loops/EarthGround/EarthGround09FastRunning_loop.wav","EarthGround09FastRunning_loop","player_movement","SOURCE_ONLY","audited-only: footstep breadth cut from mobile build",""
"Assets/Footsteps Pack Expanded/Loops/EarthGround/EarthGround09FastWalking_loop.wav","EarthGround09FastWalking_loop","player_movement","SOURCE_ONLY","audited-only: footstep breadth cut from mobile build",""
"Assets/Footsteps Pack Expanded/Loops/EarthGround/EarthGround09Jump.wav","EarthGround09Jump","player_movement","SOURCE_ONLY","audited-only: footstep breadth cut from mobile build",""
"Assets/Footsteps Pack Expanded/Loops/EarthGround/EarthGround09Running_loop.wav","EarthGround09Running_loop","player_movement","SOURCE_ONLY","audited-only: footstep breadth cut from mobile build",""
"Assets/Footsteps Pack Expanded/Loops/EarthGround/EarthGround09Walking_loop.wav","EarthGround09Walking_loop","player_movement","SOURCE_ONLY","audited-only: footstep breadth cut from mobile build",""
"Assets/Footsteps Pack Expanded/Loops/EarthGround/EarthGround10FastRunning_loop.wav","EarthGround10FastRunning_loop","player_movement","SOURCE_ONLY","audited-only: footstep breadth cut from mobile build",""
"Assets/Footsteps Pack Expanded/Loops/EarthGround/EarthGround10FastWalking_loop.wav","EarthGround10FastWalking_loop","player_movement","SOURCE_ONLY","audited-only: footstep breadth cut from mobile build",""
"Assets/Footsteps Pack Expanded/Loops/EarthGround/EarthGround10Jump.wav","EarthGround10Jump","player_movement","SOURCE_ONLY","audited-only: footstep breadth cut from mobile build",""
"Assets/Footsteps Pack Expanded/Loops/EarthGround/EarthGround10Running_loop.wav","EarthGround10Running_loop","player_movement","SOURCE_ONLY","audited-only: footstep breadth cut from mobile build",""
"Assets/Footsteps Pack Expanded/Loops/EarthGround/EarthGround10Walking_loop.wav","EarthGround10Walking_loop","player_movement","SOURCE_ONLY","audited-only: footstep breadth cut from mobile build",""
"Assets/Footsteps Pack Expanded/Loops/EarthGround/EarthGround11FastWalking_loop.wav","EarthGround11FastWalking_loop","player_movement","SOURCE_ONLY","audited-only: footstep breadth cut from mobile build",""
"Assets/Footsteps Pack Expanded/Loops/EarthGround/EarthGround11Jump.wav","EarthGround11Jump","player_movement","SOURCE_ONLY","audited-only: footstep breadth cut from mobile build",""
"Assets/Footsteps Pack Expanded/Loops/EarthGround/EarthGround11RunningFast_loop.wav","EarthGround11RunningFast_loop","player_movement","SOURCE_ONLY","audited-only: footstep breadth cut from mobile build",""
"Assets/Footsteps Pack Expanded/Loops/EarthGround/EarthGround11Running_loop.wav","EarthGround11Running_loop","player_movement","SOURCE_ONLY","audited-only: footstep breadth cut from mobile build",""
"Assets/Footsteps Pack Expanded/Loops/EarthGround/EarthGround11Walking_loop.wav","EarthGround11Walking_loop","player_movement","SOURCE_ONLY","audited-only: footstep breadth cut from mobile build",""
"Assets/Footsteps Pack Expanded/Loops/EarthGround/EarthGround12FastRunning_loop.wav","EarthGround12FastRunning_loop","player_movement","SOURCE_ONLY","audited-only: footstep breadth cut from mobile build",""
"Assets/Footsteps Pack Expanded/Loops/EarthGround/EarthGround12FastWalking_loop.wav","EarthGround12FastWalking_loop","player_movement","SOURCE_ONLY","audited-only: footstep breadth cut from mobile build",""
"Assets/Footsteps Pack Expanded/Loops/EarthGround/EarthGround12Jump.wav","EarthGround12Jump","player_movement","SOURCE_ONLY","audited-only: footstep breadth cut from mobile build",""
"Assets/Footsteps Pack Expanded/Loops/EarthGround/EarthGround12Running_loop.wav","EarthGround12Running_loop","player_movement","SOURCE_ONLY","audited-only: footstep breadth cut from mobile build",""
"Assets/Footsteps Pack Expanded/Loops/EarthGround/EarthGround12Walking_loop.wav","EarthGround12Walking_loop","player_movement","SOURCE_ONLY","audited-only: footstep breadth cut from mobile build",""
"Assets/Footsteps Pack Expanded/Loops/EarthGround/EarthGround13FastRunning_loop.wav","EarthGround13FastRunning_loop","player_movement","SOURCE_ONLY","audited-only: footstep breadth cut from mobile build",""
"Assets/Footsteps Pack Expanded/Loops/EarthGround/EarthGround13FastWalking_loop.wav","EarthGround13FastWalking_loop","player_movement","SOURCE_ONLY","audited-only: footstep breadth cut from mobile build",""
"Assets/Footsteps Pack Expanded/Loops/EarthGround/EarthGround13Jump.wav","EarthGround13Jump","player_movement","SOURCE_ONLY","audited-only: footstep breadth cut from mobile build",""
"Assets/Footsteps Pack Expanded/Loops/EarthGround/EarthGround13Running_loop.wav","EarthGround13Running_loop","player_movement","SOURCE_ONLY","audited-only: footstep breadth cut from mobile build",""
"Assets/Footsteps Pack Expanded/Loops/EarthGround/EarthGround13Walking_loop.wav","EarthGround13Walking_loop","player_movement","SOURCE_ONLY","audited-only: footstep breadth cut from mobile build",""
"Assets/Footsteps Pack Expanded/Loops/EarthGround/EarthGround14FastRunning_loop.wav","EarthGround14FastRunning_loop","player_movement","SOURCE_ONLY","audited-only: footstep breadth cut from mobile build",""
"Assets/Footsteps Pack Expanded/Loops/EarthGround/EarthGround14FastWalking_loop.wav","EarthGround14FastWalking_loop","player_movement","SOURCE_ONLY","audited-only: footstep breadth cut from mobile build",""
"Assets/Footsteps Pack Expanded/Loops/EarthGround/EarthGround14Jump.wav","EarthGround14Jump","player_movement","SOURCE_ONLY","audited-only: footstep breadth cut from mobile build",""
"Assets/Footsteps Pack Expanded/Loops/EarthGround/EarthGround14Running_loop.wav","EarthGround14Running_loop","player_movement","SOURCE_ONLY","audited-only: footstep breadth cut from mobile build",""
"Assets/Footsteps Pack Expanded/Loops/EarthGround/EarthGround14Walking_loop.wav","EarthGround14Walking_loop","player_movement","SOURCE_ONLY","audited-only: footstep breadth cut from mobile build",""
"Assets/Footsteps Pack Expanded/Loops/EarthGround/EarthGround15FastRunning_loop.wav","EarthGround15FastRunning_loop","player_movement","SOURCE_ONLY","audited-only: footstep breadth cut from mobile build",""
"Assets/Footsteps Pack Expanded/Loops/EarthGround/EarthGround15FastWalking_loop.wav","EarthGround15FastWalking_loop","player_movement","SOURCE_ONLY","audited-only: footstep breadth cut from mobile build",""
"Assets/Footsteps Pack Expanded/Loops/EarthGround/EarthGround15Jump.wav","EarthGround15Jump","player_movement","SOURCE_ONLY","audited-only: footstep breadth cut from mobile build",""
"Assets/Footsteps Pack Expanded/Loops/EarthGround/EarthGround15Running_loop.wav","EarthGround15Running_loop","player_movement","SOURCE_ONLY","audited-only: footstep breadth cut from mobile build",""
"Assets/Footsteps Pack Expanded/Loops/EarthGround/EarthGround15Walking_loop.wav","EarthGround15Walking_loop","player_movement","SOURCE_ONLY","audited-only: footstep breadth cut from mobile build",""
"Assets/Footsteps Pack Expanded/Loops/EarthGround/EarthGround16FastRunning_loop.wav","EarthGround16FastRunning_loop","player_movement","SOURCE_ONLY","audited-only: footstep breadth cut from mobile build",""
"Assets/Footsteps Pack Expanded/Loops/EarthGround/EarthGround16FastWalking_loop.wav","EarthGround16FastWalking_loop","player_movement","SOURCE_ONLY","audited-only: footstep breadth cut from mobile build",""
"Assets/Footsteps Pack Expanded/Loops/EarthGround/EarthGround16Jump.wav","EarthGround16Jump","player_movement","SOURCE_ONLY","audited-only: footstep breadth cut from mobile build",""
"Assets/Footsteps Pack Expanded/Loops/EarthGround/EarthGround16Running_loop.wav","EarthGround16Running_loop","player_movement","SOURCE_ONLY","audited-only: footstep breadth cut from mobile build",""
"Assets/Footsteps Pack Expanded/Loops/EarthGround/EarthGround16Walking_loop.wav","EarthGround16Walking_loop","player_movement","SOURCE_ONLY","audited-only: footstep breadth cut from mobile build",""
"Assets/Footsteps Pack Expanded/Loops/EarthGround/EarthGround17FastRunning_loop.wav","EarthGround17FastRunning_loop","player_movement","SOURCE_ONLY","audited-only: footstep breadth cut from mobile build",""
"Assets/Footsteps Pack Expanded/Loops/EarthGround/EarthGround17FastWalking_loop.wav","EarthGround17FastWalking_loop","player_movement","SOURCE_ONLY","audited-only: footstep breadth cut from mobile build",""
"Assets/Footsteps Pack Expanded/Loops/EarthGround/EarthGround17Jump.wav","EarthGround17Jump","player_movement","SOURCE_ONLY","audited-only: footstep breadth cut from mobile build",""
"Assets/Footsteps Pack Expanded/Loops/EarthGround/EarthGround17Running_loop.wav","EarthGround17Running_loop","player_movement","SOURCE_ONLY","audited-only: footstep breadth cut from mobile build",""
"Assets/Footsteps Pack Expanded/Loops/EarthGround/EarthGround17Walking_loop.wav","EarthGround17Walking_loop","player_movement","SOURCE_ONLY","audited-only: footstep breadth cut from mobile build",""
"Assets/Footsteps Pack Expanded/Loops/EarthGround/EarthGround18FastRunning_loop.wav","EarthGround18FastRunning_loop","player_movement","SOURCE_ONLY","audited-only: footstep breadth cut from mobile build",""
"Assets/Footsteps Pack Expanded/Loops/EarthGround/EarthGround18FastWalking_loop.wav","EarthGround18FastWalking_loop","player_movement","SOURCE_ONLY","audited-only: footstep breadth cut from mobile build",""
"Assets/Footsteps Pack Expanded/Loops/EarthGround/EarthGround18Jump.wav","EarthGround18Jump","player_movement","SOURCE_ONLY","audited-only: footstep breadth cut from mobile build",""
"Assets/Footsteps Pack Expanded/Loops/EarthGround/EarthGround18Running_loop.wav","EarthGround18Running_loop","player_movement","SOURCE_ONLY","audited-only: footstep breadth cut from mobile build",""
"Assets/Footsteps Pack Expanded/Loops/EarthGround/EarthGround18Walking_loop.wav","EarthGround18Walking_loop","player_movement","SOURCE_ONLY","audited-only: footstep breadth cut from mobile build",""
"Assets/Footsteps Pack Expanded/Loops/EarthGround/EarthGround19FastRunning_loop.wav","EarthGround19FastRunning_loop","player_movement","SOURCE_ONLY","audited-only: footstep breadth cut from mobile build",""
"Assets/Footsteps Pack Expanded/Loops/EarthGround/EarthGround19FastWalking_loop.wav","EarthGround19FastWalking_loop","player_movement","SOURCE_ONLY","audited-only: footstep breadth cut from mobile build",""
"Assets/Footsteps Pack Expanded/Loops/EarthGround/EarthGround19Jump.wav","EarthGround19Jump","player_movement","SOURCE_ONLY","audited-only: footstep breadth cut from mobile build",""
"Assets/Footsteps Pack Expanded/Loops/EarthGround/EarthGround19Running_loop.wav","EarthGround19Running_loop","player_movement","SOURCE_ONLY","audited-only: footstep breadth cut from mobile build",""
"Assets/Footsteps Pack Expanded/Loops/EarthGround/EarthGround19Walking_loop.wav","EarthGround19Walking_loop","player_movement","SOURCE_ONLY","audited-only: footstep breadth cut from mobile build",""
"Assets/Footsteps Pack Expanded/Loops/EarthGround/EarthGround20FastWalking_loop.wav","EarthGround20FastWalking_loop","player_movement","SOURCE_ONLY","audited-only: footstep breadth cut from mobile build",""
"Assets/Footsteps Pack Expanded/Loops/EarthGround/EarthGround20Jump.wav","EarthGround20Jump","player_movement","SOURCE_ONLY","audited-only: footstep breadth cut from mobile build",""
"Assets/Footsteps Pack Expanded/Loops/EarthGround/EarthGround20Running_loop.wav","EarthGround20Running_loop","player_movement","SOURCE_ONLY","audited-only: footstep breadth cut from mobile build",""
"Assets/Footsteps Pack Expanded/Loops/EarthGround/EarthGround20Walking_loop.wav","EarthGround20Walking_loop","player_movement","SOURCE_ONLY","audited-only: footstep breadth cut from mobile build",""
"Assets/Footsteps Pack Expanded/Loops/Grass/Grass01FastWalkingLoop.wav","Grass01FastWalkingLoop","player_movement","SOURCE_ONLY","audited-only: footstep breadth cut from mobile build",""
"Assets/Footsteps Pack Expanded/Loops/Grass/Grass01Jump.wav","Grass01Jump","player_movement","SOURCE_ONLY","audited-only: footstep breadth cut from mobile build",""
"Assets/Footsteps Pack Expanded/Loops/Grass/Grass01RunningLoop.wav","Grass01RunningLoop","player_movement","SOURCE_ONLY","audited-only: footstep breadth cut from mobile build",""
"Assets/Footsteps Pack Expanded/Loops/Grass/Grass01WalkingLoop.wav","Grass01WalkingLoop","player_movement","SOURCE_ONLY","audited-only: footstep breadth cut from mobile build",""
"Assets/Footsteps Pack Expanded/Loops/Grass/Grass02FastWalkingLoop.wav","Grass02FastWalkingLoop","player_movement","SOURCE_ONLY","audited-only: footstep breadth cut from mobile build",""
"Assets/Footsteps Pack Expanded/Loops/Grass/Grass02Jump.wav","Grass02Jump","player_movement","SOURCE_ONLY","audited-only: footstep breadth cut from mobile build",""
"Assets/Footsteps Pack Expanded/Loops/Grass/Grass02RunningLoop.wav","Grass02RunningLoop","player_movement","SOURCE_ONLY","audited-only: footstep breadth cut from mobile build",""
"Assets/Footsteps Pack Expanded/Loops/Grass/Grass02WalkingLoop.wav","Grass02WalkingLoop","player_movement","SOURCE_ONLY","audited-only: footstep breadth cut from mobile build",""
"Assets/Footsteps Pack Expanded/Loops/Grass/Grass03FastWalkingLoop.wav","Grass03FastWalkingLoop","player_movement","SOURCE_ONLY","audited-only: footstep breadth cut from mobile build",""
"Assets/Footsteps Pack Expanded/Loops/Grass/Grass03Jump.wav","Grass03Jump","player_movement","SOURCE_ONLY","audited-only: footstep breadth cut from mobile build",""
"Assets/Footsteps Pack Expanded/Loops/Grass/Grass03RunningLoop.wav","Grass03RunningLoop","player_movement","SOURCE_ONLY","audited-only: footstep breadth cut from mobile build",""
"Assets/Footsteps Pack Expanded/Loops/Grass/Grass03WalkingLoop.wav","Grass03WalkingLoop","player_movement","SOURCE_ONLY","audited-only: footstep breadth cut from mobile build",""
"Assets/Footsteps Pack Expanded/Loops/Grass/Grass04FastWalkingLoop.wav","Grass04FastWalkingLoop","player_movement","SOURCE_ONLY","audited-only: footstep breadth cut from mobile build",""
"Assets/Footsteps Pack Expanded/Loops/Grass/Grass04Jump.wav","Grass04Jump","player_movement","SOURCE_ONLY","audited-only: footstep breadth cut from mobile build",""
"Assets/Footsteps Pack Expanded/Loops/Grass/Grass04RunningLoop.wav","Grass04RunningLoop","player_movement","SOURCE_ONLY","audited-only: footstep breadth cut from mobile build",""
"Assets/Footsteps Pack Expanded/Loops/Grass/Grass04WalkingLoop.wav","Grass04WalkingLoop","player_movement","SOURCE_ONLY","audited-only: footstep breadth cut from mobile build",""
"Assets/Footsteps Pack Expanded/Loops/Grass/Grass05FastWalkingLoop.wav","Grass05FastWalkingLoop","player_movement","SOURCE_ONLY","audited-only: footstep breadth cut from mobile build",""
"Assets/Footsteps Pack Expanded/Loops/Grass/Grass05Jump.wav","Grass05Jump","player_movement","SOURCE_ONLY","audited-only: footstep breadth cut from mobile build",""
"Assets/Footsteps Pack Expanded/Loops/Grass/Grass05RunningLoop.wav","Grass05RunningLoop","player_movement","SOURCE_ONLY","audited-only: footstep breadth cut from mobile build",""
"Assets/Footsteps Pack Expanded/Loops/Grass/Grass05WalkingLoop.wav","Grass05WalkingLoop","player_movement","SOURCE_ONLY","audited-only: footstep breadth cut from mobile build",""
"Assets/Footsteps Pack Expanded/Loops/Grass/Grass06FastWalkingLoop.wav","Grass06FastWalkingLoop","player_movement","SOURCE_ONLY","audited-only: footstep breadth cut from mobile build",""
"Assets/Footsteps Pack Expanded/Loops/Grass/Grass06Jump.wav","Grass06Jump","player_movement","SOURCE_ONLY","audited-only: footstep breadth cut from mobile build",""
"Assets/Footsteps Pack Expanded/Loops/Grass/Grass06RunningLoop.wav","Grass06RunningLoop","player_movement","SOURCE_ONLY","audited-only: footstep breadth cut from mobile build",""
"Assets/Footsteps Pack Expanded/Loops/Grass/Grass06WalkingLoop.wav","Grass06WalkingLoop","player_movement","SOURCE_ONLY","audited-only: footstep breadth cut from mobile build",""
"Assets/Footsteps Pack Expanded/Loops/Grass/Grass07FastWalkingLoop.wav","Grass07FastWalkingLoop","player_movement","SOURCE_ONLY","audited-only: footstep breadth cut from mobile build",""
"Assets/Footsteps Pack Expanded/Loops/Grass/Grass07Jump.wav","Grass07Jump","player_movement","SOURCE_ONLY","audited-only: footstep breadth cut from mobile build",""
"Assets/Footsteps Pack Expanded/Loops/Grass/Grass07RunningLoop.wav","Grass07RunningLoop","player_movement","SOURCE_ONLY","audited-only: footstep breadth cut from mobile build",""
"Assets/Footsteps Pack Expanded/Loops/Grass/Grass07WalkingLoop.wav","Grass07WalkingLoop","player_movement","SOURCE_ONLY","audited-only: footstep breadth cut from mobile build",""
"Assets/Footsteps Pack Expanded/Loops/Grass/Grass08FastWalkingLoop.wav","Grass08FastWalkingLoop","player_movement","SOURCE_ONLY","audited-only: footstep breadth cut from mobile build",""
"Assets/Footsteps Pack Expanded/Loops/Grass/Grass08Jump.wav","Grass08Jump","player_movement","SOURCE_ONLY","audited-only: footstep breadth cut from mobile build",""
"Assets/Footsteps Pack Expanded/Loops/Grass/Grass08RunningLoop.wav","Grass08RunningLoop","player_movement","SOURCE_ONLY","audited-only: footstep breadth cut from mobile build",""
"Assets/Footsteps Pack Expanded/Loops/Grass/Grass08WalkingLoop.wav","Grass08WalkingLoop","player_movement","SOURCE_ONLY","audited-only: footstep breadth cut from mobile build",""
"Assets/Footsteps Pack Expanded/Loops/Grass/Grass09FastWalkingLoop.wav","Grass09FastWalkingLoop","player_movement","SOURCE_ONLY","audited-only: footstep breadth cut from mobile build",""
"Assets/Footsteps Pack Expanded/Loops/Grass/Grass09Jump.wav","Grass09Jump","player_movement","SOURCE_ONLY","audited-only: footstep breadth cut from mobile build",""
"Assets/Footsteps Pack Expanded/Loops/Grass/Grass09RunningLoop.wav","Grass09RunningLoop","player_movement","SOURCE_ONLY","audited-only: footstep breadth cut from mobile build",""
"Assets/Footsteps Pack Expanded/Loops/Grass/Grass09WalkingLoop.wav","Grass09WalkingLoop","player_movement","SOURCE_ONLY","audited-only: footstep breadth cut from mobile build",""
"Assets/Footsteps Pack Expanded/Loops/Grass/Grass10FastWalkingLoop.wav","Grass10FastWalkingLoop","player_movement","SOURCE_ONLY","audited-only: footstep breadth cut from mobile build",""
"Assets/Footsteps Pack Expanded/Loops/Grass/Grass10Jump.wav","Grass10Jump","player_movement","SOURCE_ONLY","audited-only: footstep breadth cut from mobile build",""
"Assets/Footsteps Pack Expanded/Loops/Grass/Grass10RunningLoop.wav","Grass10RunningLoop","player_movement","SOURCE_ONLY","audited-only: footstep breadth cut from mobile build",""
"Assets/Footsteps Pack Expanded/Loops/Grass/Grass10WalkingLoop.wav","Grass10WalkingLoop","player_movement","SOURCE_ONLY","audited-only: footstep breadth cut from mobile build",""
"Assets/Footsteps Pack Expanded/Loops/Grass/Grass11FastWalkingLoop.wav","Grass11FastWalkingLoop","player_movement","SOURCE_ONLY","audited-only: footstep breadth cut from mobile build",""
"Assets/Footsteps Pack Expanded/Loops/Grass/Grass11Jump.wav","Grass11Jump","player_movement","SOURCE_ONLY","audited-only: footstep breadth cut from mobile build",""
"Assets/Footsteps Pack Expanded/Loops/Grass/Grass11RunningLoop.wav","Grass11RunningLoop","player_movement","SOURCE_ONLY","audited-only: footstep breadth cut from mobile build",""
"Assets/Footsteps Pack Expanded/Loops/Grass/Grass11WalkingLoop.wav","Grass11WalkingLoop","player_movement","SOURCE_ONLY","audited-only: footstep breadth cut from mobile build",""
"Assets/Footsteps Pack Expanded/Loops/Grass/Grass12FastWalkingLoop.wav","Grass12FastWalkingLoop","player_movement","SOURCE_ONLY","audited-only: footstep breadth cut from mobile build",""
"Assets/Footsteps Pack Expanded/Loops/Grass/Grass12Jump.wav","Grass12Jump","player_movement","SOURCE_ONLY","audited-only: footstep breadth cut from mobile build",""
"Assets/Footsteps Pack Expanded/Loops/Grass/Grass12RunningLoop.wav","Grass12RunningLoop","player_movement","SOURCE_ONLY","audited-only: footstep breadth cut from mobile build",""
"Assets/Footsteps Pack Expanded/Loops/Grass/Grass12WalkingLoop.wav","Grass12WalkingLoop","player_movement","SOURCE_ONLY","audited-only: footstep breadth cut from mobile build",""
"Assets/Footsteps Pack Expanded/Loops/Grass/Grass13FastRunningLoop.wav","Grass13FastRunningLoop","player_movement","SOURCE_ONLY","audited-only: footstep breadth cut from mobile build",""
"Assets/Footsteps Pack Expanded/Loops/Grass/Grass13FastWalkingLoop.wav","Grass13FastWalkingLoop","player_movement","SOURCE_ONLY","audited-only: footstep breadth cut from mobile build",""
"Assets/Footsteps Pack Expanded/Loops/Grass/Grass13Jump.wav","Grass13Jump","player_movement","SOURCE_ONLY","audited-only: footstep breadth cut from mobile build",""
"Assets/Footsteps Pack Expanded/Loops/Grass/Grass13RunningLoop.wav","Grass13RunningLoop","player_movement","SOURCE_ONLY","audited-only: footstep breadth cut from mobile build",""
"Assets/Footsteps Pack Expanded/Loops/Grass/Grass13WalkingLoop.wav","Grass13WalkingLoop","player_movement","SOURCE_ONLY","audited-only: footstep breadth cut from mobile build",""
"Assets/Footsteps Pack Expanded/Loops/Gravel/Gravel01FastRunning_loop.wav","Gravel01FastRunning_loop","player_movement","SOURCE_ONLY","audited-only: footstep breadth cut from mobile build",""
"Assets/Footsteps Pack Expanded/Loops/Gravel/Gravel01FastWalking_loop.wav","Gravel01FastWalking_loop","player_movement","SOURCE_ONLY","audited-only: footstep breadth cut from mobile build",""
"Assets/Footsteps Pack Expanded/Loops/Gravel/Gravel01Jump.wav","Gravel01Jump","player_movement","SOURCE_ONLY","audited-only: footstep breadth cut from mobile build",""
"Assets/Footsteps Pack Expanded/Loops/Gravel/Gravel01Running_loop.wav","Gravel01Running_loop","player_movement","SOURCE_ONLY","audited-only: footstep breadth cut from mobile build",""
"Assets/Footsteps Pack Expanded/Loops/Gravel/Gravel01Walking_loop.wav","Gravel01Walking_loop","player_movement","SOURCE_ONLY","audited-only: footstep breadth cut from mobile build",""
"Assets/Footsteps Pack Expanded/Loops/Gravel/Gravel02FastRunning_loop.wav","Gravel02FastRunning_loop","player_movement","SOURCE_ONLY","audited-only: footstep breadth cut from mobile build",""
"Assets/Footsteps Pack Expanded/Loops/Gravel/Gravel02FastWalking_loop.wav","Gravel02FastWalking_loop","player_movement","SOURCE_ONLY","audited-only: footstep breadth cut from mobile build",""
"Assets/Footsteps Pack Expanded/Loops/Gravel/Gravel02Jump.wav","Gravel02Jump","player_movement","SOURCE_ONLY","audited-only: footstep breadth cut from mobile build",""
"Assets/Footsteps Pack Expanded/Loops/Gravel/Gravel02Running_loop.wav","Gravel02Running_loop","player_movement","SOURCE_ONLY","audited-only: footstep breadth cut from mobile build",""
"Assets/Footsteps Pack Expanded/Loops/Gravel/Gravel02Walking_loop.wav","Gravel02Walking_loop","player_movement","SOURCE_ONLY","audited-only: footstep breadth cut from mobile build",""
"Assets/Footsteps Pack Expanded/Loops/Gravel/Gravel03FastRunning_loop.wav","Gravel03FastRunning_loop","player_movement","SOURCE_ONLY","audited-only: footstep breadth cut from mobile build",""
"Assets/Footsteps Pack Expanded/Loops/Gravel/Gravel03FastWalking_loop.wav","Gravel03FastWalking_loop","player_movement","SOURCE_ONLY","audited-only: footstep breadth cut from mobile build",""
"Assets/Footsteps Pack Expanded/Loops/Gravel/Gravel03Jump.wav","Gravel03Jump","player_movement","SOURCE_ONLY","audited-only: footstep breadth cut from mobile build",""
"Assets/Footsteps Pack Expanded/Loops/Gravel/Gravel03Running_loop.wav","Gravel03Running_loop","player_movement","SOURCE_ONLY","audited-only: footstep breadth cut from mobile build",""
"Assets/Footsteps Pack Expanded/Loops/Gravel/Gravel03Walking_loop.wav","Gravel03Walking_loop","player_movement","SOURCE_ONLY","audited-only: footstep breadth cut from mobile build",""
"Assets/Footsteps Pack Expanded/Loops/Gravel/Gravel04FastWalking_loop.wav","Gravel04FastWalking_loop","player_movement","SOURCE_ONLY","audited-only: footstep breadth cut from mobile build",""
"Assets/Footsteps Pack Expanded/Loops/Gravel/Gravel04Jump.wav","Gravel04Jump","player_movement","SOURCE_ONLY","audited-only: footstep breadth cut from mobile build",""
"Assets/Footsteps Pack Expanded/Loops/Gravel/Gravel04Running_loop.wav","Gravel04Running_loop","player_movement","SOURCE_ONLY","audited-only: footstep breadth cut from mobile build",""
"Assets/Footsteps Pack Expanded/Loops/Gravel/Gravel04Walking_loop.wav","Gravel04Walking_loop","player_movement","SOURCE_ONLY","audited-only: footstep breadth cut from mobile build",""
"Assets/Footsteps Pack Expanded/Loops/Gravel/Gravel05FastRunning_loop.wav","Gravel05FastRunning_loop","player_movement","SOURCE_ONLY","audited-only: footstep breadth cut from mobile build",""
"Assets/Footsteps Pack Expanded/Loops/Gravel/Gravel05FastWalking_loop.wav","Gravel05FastWalking_loop","player_movement","SOURCE_ONLY","audited-only: footstep breadth cut from mobile build",""
"Assets/Footsteps Pack Expanded/Loops/Gravel/Gravel05Jump_loop.wav","Gravel05Jump_loop","player_movement","SOURCE_ONLY","audited-only: footstep breadth cut from mobile build",""
"Assets/Footsteps Pack Expanded/Loops/Gravel/Gravel05Running_loop.wav","Gravel05Running_loop","player_movement","SOURCE_ONLY","audited-only: footstep breadth cut from mobile build",""
"Assets/Footsteps Pack Expanded/Loops/Gravel/Gravel05Walking_loop.wav","Gravel05Walking_loop","player_movement","SOURCE_ONLY","audited-only: footstep breadth cut from mobile build",""
"Assets/Footsteps Pack Expanded/Loops/Gravel/Gravel06FastRunning_loop.wav","Gravel06FastRunning_loop","player_movement","SOURCE_ONLY","audited-only: footstep breadth cut from mobile build",""
"Assets/Footsteps Pack Expanded/Loops/Gravel/Gravel06FastWalking_loop.wav","Gravel06FastWalking_loop","player_movement","SOURCE_ONLY","audited-only: footstep breadth cut from mobile build",""
"Assets/Footsteps Pack Expanded/Loops/Gravel/Gravel06Jump.wav","Gravel06Jump","player_movement","SOURCE_ONLY","audited-only: footstep breadth cut from mobile build",""
"Assets/Footsteps Pack Expanded/Loops/Gravel/Gravel06Running_loop.wav","Gravel06Running_loop","player_movement","SOURCE_ONLY","audited-only: footstep breadth cut from mobile build",""
"Assets/Footsteps Pack Expanded/Loops/Gravel/Gravel06Walking_loop.wav","Gravel06Walking_loop","player_movement","SOURCE_ONLY","audited-only: footstep breadth cut from mobile build",""
"Assets/Footsteps Pack Expanded/Loops/Gravel/Gravel07FastRunning_loop.wav","Gravel07FastRunning_loop","player_movement","SOURCE_ONLY","audited-only: footstep breadth cut from mobile build",""
"Assets/Footsteps Pack Expanded/Loops/Gravel/Gravel07FastWalking_loop.wav","Gravel07FastWalking_loop","player_movement","SOURCE_ONLY","audited-only: footstep breadth cut from mobile build",""
"Assets/Footsteps Pack Expanded/Loops/Gravel/Gravel07Jump.wav","Gravel07Jump","player_movement","SOURCE_ONLY","audited-only: footstep breadth cut from mobile build",""
"Assets/Footsteps Pack Expanded/Loops/Gravel/Gravel07Running_loop.wav","Gravel07Running_loop","player_movement","SOURCE_ONLY","audited-only: footstep breadth cut from mobile build",""
"Assets/Footsteps Pack Expanded/Loops/Gravel/Gravel07Walking_loop.wav","Gravel07Walking_loop","player_movement","SOURCE_ONLY","audited-only: footstep breadth cut from mobile build",""
"Assets/Footsteps Pack Expanded/Loops/Gravel/Gravel08FastRunning_loop.wav","Gravel08FastRunning_loop","player_movement","SOURCE_ONLY","audited-only: footstep breadth cut from mobile build",""
"Assets/Footsteps Pack Expanded/Loops/Gravel/Gravel08FastWalking_loop.wav","Gravel08FastWalking_loop","player_movement","SOURCE_ONLY","audited-only: footstep breadth cut from mobile build",""
"Assets/Footsteps Pack Expanded/Loops/Gravel/Gravel08Jump_loop.wav","Gravel08Jump_loop","player_movement","SOURCE_ONLY","audited-only: footstep breadth cut from mobile build",""
"Assets/Footsteps Pack Expanded/Loops/Gravel/Gravel08Running_loop.wav","Gravel08Running_loop","player_movement","SOURCE_ONLY","audited-only: footstep breadth cut from mobile build",""
"Assets/Footsteps Pack Expanded/Loops/Gravel/Gravel08Walking_loop.wav","Gravel08Walking_loop","player_movement","SOURCE_ONLY","audited-only: footstep breadth cut from mobile build",""
"Assets/Footsteps Pack Expanded/Loops/Gravel/Gravel09FastRunning_loop.wav","Gravel09FastRunning_loop","player_movement","SOURCE_ONLY","audited-only: footstep breadth cut from mobile build",""
"Assets/Footsteps Pack Expanded/Loops/Gravel/Gravel09FastWalking_loop.wav","Gravel09FastWalking_loop","player_movement","SOURCE_ONLY","audited-only: footstep breadth cut from mobile build",""
"Assets/Footsteps Pack Expanded/Loops/Gravel/Gravel09Jump_loop.wav","Gravel09Jump_loop","player_movement","SOURCE_ONLY","audited-only: footstep breadth cut from mobile build",""
"Assets/Footsteps Pack Expanded/Loops/Gravel/Gravel09Running_loop.wav","Gravel09Running_loop","player_movement","SOURCE_ONLY","audited-only: footstep breadth cut from mobile build",""
"Assets/Footsteps Pack Expanded/Loops/IcAndSnow/IceAndSnow01FastRunning_loop.wav","IceAndSnow01FastRunning_loop","player_movement","SOURCE_ONLY","audited-only: footstep breadth cut from mobile build",""
"Assets/Footsteps Pack Expanded/Loops/IcAndSnow/IceAndSnow01FastWalking_loop.wav","IceAndSnow01FastWalking_loop","player_movement","SOURCE_ONLY","audited-only: footstep breadth cut from mobile build",""
"Assets/Footsteps Pack Expanded/Loops/IcAndSnow/IceAndSnow01Jump.wav","IceAndSnow01Jump","player_movement","SOURCE_ONLY","audited-only: footstep breadth cut from mobile build",""
"Assets/Footsteps Pack Expanded/Loops/IcAndSnow/IceAndSnow01Running_loop.wav","IceAndSnow01Running_loop","player_movement","SOURCE_ONLY","audited-only: footstep breadth cut from mobile build",""
"Assets/Footsteps Pack Expanded/Loops/IcAndSnow/IceAndSnow01Walking_loop.wav","IceAndSnow01Walking_loop","player_movement","SOURCE_ONLY","audited-only: footstep breadth cut from mobile build",""
"Assets/Footsteps Pack Expanded/Loops/IcAndSnow/IceAndSnow02FastRunning_loop.wav","IceAndSnow02FastRunning_loop","player_movement","SOURCE_ONLY","audited-only: footstep breadth cut from mobile build",""
"Assets/Footsteps Pack Expanded/Loops/IcAndSnow/IceAndSnow02FastWalking_loop.wav","IceAndSnow02FastWalking_loop","player_movement","SOURCE_ONLY","audited-only: footstep breadth cut from mobile build",""
"Assets/Footsteps Pack Expanded/Loops/IcAndSnow/IceAndSnow02Jump.wav","IceAndSnow02Jump","player_movement","SOURCE_ONLY","audited-only: footstep breadth cut from mobile build",""
"Assets/Footsteps Pack Expanded/Loops/IcAndSnow/IceAndSnow02Running_loop.wav","IceAndSnow02Running_loop","player_movement","SOURCE_ONLY","audited-only: footstep breadth cut from mobile build",""
"Assets/Footsteps Pack Expanded/Loops/IcAndSnow/IceAndSnow02Walking_loop.wav","IceAndSnow02Walking_loop","player_movement","SOURCE_ONLY","audited-only: footstep breadth cut from mobile build",""
"Assets/Footsteps Pack Expanded/Loops/IcAndSnow/IceAndSnow03FastRunning_loop.wav","IceAndSnow03FastRunning_loop","player_movement","SOURCE_ONLY","audited-only: footstep breadth cut from mobile build",""
"Assets/Footsteps Pack Expanded/Loops/IcAndSnow/IceAndSnow03FastWalking_loop.wav","IceAndSnow03FastWalking_loop","player_movement","SOURCE_ONLY","audited-only: footstep breadth cut from mobile build",""
"Assets/Footsteps Pack Expanded/Loops/IcAndSnow/IceAndSnow03Jumping.wav","IceAndSnow03Jumping","player_movement","SOURCE_ONLY","audited-only: footstep breadth cut from mobile build",""
"Assets/Footsteps Pack Expanded/Loops/IcAndSnow/IceAndSnow03Running_loop.wav","IceAndSnow03Running_loop","player_movement","SOURCE_ONLY","audited-only: footstep breadth cut from mobile build",""
"Assets/Footsteps Pack Expanded/Loops/IcAndSnow/IceAndSnow03Walking_loop.wav","IceAndSnow03Walking_loop","player_movement","SOURCE_ONLY","audited-only: footstep breadth cut from mobile build",""
"Assets/Footsteps Pack Expanded/Loops/IcAndSnow/IceAndSnow04FastRunning_loop.wav","IceAndSnow04FastRunning_loop","player_movement","SOURCE_ONLY","audited-only: footstep breadth cut from mobile build",""
"Assets/Footsteps Pack Expanded/Loops/IcAndSnow/IceAndSnow04FastWalking_loop.wav","IceAndSnow04FastWalking_loop","player_movement","SOURCE_ONLY","audited-only: footstep breadth cut from mobile build",""
"Assets/Footsteps Pack Expanded/Loops/IcAndSnow/IceAndSnow04Jump.wav","IceAndSnow04Jump","player_movement","SOURCE_ONLY","audited-only: footstep breadth cut from mobile build",""
"Assets/Footsteps Pack Expanded/Loops/IcAndSnow/IceAndSnow04Running_loop.wav","IceAndSnow04Running_loop","player_movement","SOURCE_ONLY","audited-only: footstep breadth cut from mobile build",""
"Assets/Footsteps Pack Expanded/Loops/IcAndSnow/IceAndSnow04Walking_loop.wav","IceAndSnow04Walking_loop","player_movement","SOURCE_ONLY","audited-only: footstep breadth cut from mobile build",""
"Assets/Footsteps Pack Expanded/Loops/IcAndSnow/IceAndSnow05FastRunning_loop.wav","IceAndSnow05FastRunning_loop","player_movement","SOURCE_ONLY","audited-only: footstep breadth cut from mobile build",""
"Assets/Footsteps Pack Expanded/Loops/IcAndSnow/IceAndSnow05FastWalking_loop.wav","IceAndSnow05FastWalking_loop","player_movement","SOURCE_ONLY","audited-only: footstep breadth cut from mobile build",""
"Assets/Footsteps Pack Expanded/Loops/IcAndSnow/IceAndSnow05Jump.wav","IceAndSnow05Jump","player_movement","SOURCE_ONLY","audited-only: footstep breadth cut from mobile build",""
"Assets/Footsteps Pack Expanded/Loops/IcAndSnow/IceAndSnow05Running_loop.wav","IceAndSnow05Running_loop","player_movement","SOURCE_ONLY","audited-only: footstep breadth cut from mobile build",""
"Assets/Footsteps Pack Expanded/Loops/IcAndSnow/IceAndSnow05Walking_loop.wav","IceAndSnow05Walking_loop","player_movement","SOURCE_ONLY","audited-only: footstep breadth cut from mobile build",""
"Assets/Footsteps Pack Expanded/Loops/IcAndSnow/IceAndSnow06FastRunning_loop.wav","IceAndSnow06FastRunning_loop","player_movement","SOURCE_ONLY","audited-only: footstep breadth cut from mobile build",""
"Assets/Footsteps Pack Expanded/Loops/IcAndSnow/IceAndSnow06FastWalking_loop.wav","IceAndSnow06FastWalking_loop","player_movement","SOURCE_ONLY","audited-only: footstep breadth cut from mobile build",""
"Assets/Footsteps Pack Expanded/Loops/IcAndSnow/IceAndSnow06Jump.wav","IceAndSnow06Jump","player_movement","SOURCE_ONLY","audited-only: footstep breadth cut from mobile build",""
"Assets/Footsteps Pack Expanded/Loops/IcAndSnow/IceAndSnow06Running_loop.wav","IceAndSnow06Running_loop","player_movement","SOURCE_ONLY","audited-only: footstep breadth cut from mobile build",""
"Assets/Footsteps Pack Expanded/Loops/IcAndSnow/IceAndSnow06Walking_loop.wav","IceAndSnow06Walking_loop","player_movement","SOURCE_ONLY","audited-only: footstep breadth cut from mobile build",""
"Assets/Footsteps Pack Expanded/Loops/IcAndSnow/IceAndSnow07FastWalking_loop.wav","IceAndSnow07FastWalking_loop","player_movement","SOURCE_ONLY","audited-only: footstep breadth cut from mobile build",""
"Assets/Footsteps Pack Expanded/Loops/IcAndSnow/IceAndSnow07Jump.wav","IceAndSnow07Jump","player_movement","SOURCE_ONLY","audited-only: footstep breadth cut from mobile build",""
"Assets/Footsteps Pack Expanded/Loops/IcAndSnow/IceAndSnow07Running_loop.wav","IceAndSnow07Running_loop","player_movement","SOURCE_ONLY","audited-only: footstep breadth cut from mobile build",""
"Assets/Footsteps Pack Expanded/Loops/IcAndSnow/IceAndSnow07Walking_loop.wav","IceAndSnow07Walking_loop","player_movement","SOURCE_ONLY","audited-only: footstep breadth cut from mobile build",""
"Assets/Footsteps Pack Expanded/Loops/IcAndSnow/IceAndSnow08FastRunning_loop.wav","IceAndSnow08FastRunning_loop","player_movement","SOURCE_ONLY","audited-only: footstep breadth cut from mobile build",""
"Assets/Footsteps Pack Expanded/Loops/IcAndSnow/IceAndSnow08FastWalking_loop.wav","IceAndSnow08FastWalking_loop","player_movement","SOURCE_ONLY","audited-only: footstep breadth cut from mobile build",""
"Assets/Footsteps Pack Expanded/Loops/IcAndSnow/IceAndSnow08Jump.wav","IceAndSnow08Jump","player_movement","SOURCE_ONLY","audited-only: footstep breadth cut from mobile build",""
"Assets/Footsteps Pack Expanded/Loops/IcAndSnow/IceAndSnow08Running_loop.wav","IceAndSnow08Running_loop","player_movement","SOURCE_ONLY","audited-only: footstep breadth cut from mobile build",""
"Assets/Footsteps Pack Expanded/Loops/IcAndSnow/IceAndSnow08Walking_loop.wav","IceAndSnow08Walking_loop","player_movement","SOURCE_ONLY","audited-only: footstep breadth cut from mobile build",""
"Assets/Footsteps Pack Expanded/Loops/IcAndSnow/IceAndSnow09FastRunning_loop.wav","IceAndSnow09FastRunning_loop","player_movement","SOURCE_ONLY","audited-only: footstep breadth cut from mobile build",""
"Assets/Footsteps Pack Expanded/Loops/IcAndSnow/IceAndSnow09FastWalking_loop.wav","IceAndSnow09FastWalking_loop","player_movement","SOURCE_ONLY","audited-only: footstep breadth cut from mobile build",""
"Assets/Footsteps Pack Expanded/Loops/IcAndSnow/IceAndSnow09Jump.wav","IceAndSnow09Jump","player_movement","SOURCE_ONLY","audited-only: footstep breadth cut from mobile build",""
"Assets/Footsteps Pack Expanded/Loops/IcAndSnow/IceAndSnow09Running_loop.wav","IceAndSnow09Running_loop","player_movement","SOURCE_ONLY","audited-only: footstep breadth cut from mobile build",""
"Assets/Footsteps Pack Expanded/Loops/IcAndSnow/IceAndSnow09Walking_loop.wav","IceAndSnow09Walking_loop","player_movement","SOURCE_ONLY","audited-only: footstep breadth cut from mobile build",""
"Assets/Footsteps Pack Expanded/Loops/IcAndSnow/IceAndSnow10FastRunning_loop.wav","IceAndSnow10FastRunning_loop","player_movement","SOURCE_ONLY","audited-only: footstep breadth cut from mobile build",""
"Assets/Footsteps Pack Expanded/Loops/IcAndSnow/IceAndSnow10FastWalking_loop.wav","IceAndSnow10FastWalking_loop","player_movement","SOURCE_ONLY","audited-only: footstep breadth cut from mobile build",""
"Assets/Footsteps Pack Expanded/Loops/IcAndSnow/IceAndSnow10Jump.wav","IceAndSnow10Jump","player_movement","SOURCE_ONLY","audited-only: footstep breadth cut from mobile build",""
"Assets/Footsteps Pack Expanded/Loops/IcAndSnow/IceAndSnow10Running_loop.wav","IceAndSnow10Running_loop","player_movement","SOURCE_ONLY","audited-only: footstep breadth cut from mobile build",""
"Assets/Footsteps Pack Expanded/Loops/IcAndSnow/IceAndSnow10Walking_loop.wav","IceAndSnow10Walking_loop","player_movement","SOURCE_ONLY","audited-only: footstep breadth cut from mobile build",""
"Assets/Footsteps Pack Expanded/Loops/IcAndSnow/IceAndSnow11FastRunningloop.wav","IceAndSnow11FastRunningloop","player_movement","SOURCE_ONLY","audited-only: footstep breadth cut from mobile build",""
"Assets/Footsteps Pack Expanded/Loops/IcAndSnow/IceAndSnow11FastWalking_loop.wav","IceAndSnow11FastWalking_loop","player_movement","SOURCE_ONLY","audited-only: footstep breadth cut from mobile build",""
"Assets/Footsteps Pack Expanded/Loops/IcAndSnow/IceAndSnow11Jump.wav","IceAndSnow11Jump","player_movement","SOURCE_ONLY","audited-only: footstep breadth cut from mobile build",""
"Assets/Footsteps Pack Expanded/Loops/IcAndSnow/IceAndSnow11Runningloop.wav","IceAndSnow11Runningloop","player_movement","SOURCE_ONLY","audited-only: footstep breadth cut from mobile build",""
"Assets/Footsteps Pack Expanded/Loops/IcAndSnow/IceAndSnow11Walking_loop.wav","IceAndSnow11Walking_loop","player_movement","SOURCE_ONLY","audited-only: footstep breadth cut from mobile build",""
"Assets/Footsteps Pack Expanded/Loops/IcAndSnow/IceAndSnow12FastRunning_loop.wav","IceAndSnow12FastRunning_loop","player_movement","SOURCE_ONLY","audited-only: footstep breadth cut from mobile build",""
"Assets/Footsteps Pack Expanded/Loops/IcAndSnow/IceAndSnow12FastWalking_loop.wav","IceAndSnow12FastWalking_loop","player_movement","SOURCE_ONLY","audited-only: footstep breadth cut from mobile build",""
"Assets/Footsteps Pack Expanded/Loops/IcAndSnow/IceAndSnow12Jump.wav","IceAndSnow12Jump","player_movement","SOURCE_ONLY","audited-only: footstep breadth cut from mobile build",""
"Assets/Footsteps Pack Expanded/Loops/IcAndSnow/IceAndSnow12Running_loop.wav","IceAndSnow12Running_loop","player_movement","SOURCE_ONLY","audited-only: footstep breadth cut from mobile build",""
"Assets/Footsteps Pack Expanded/Loops/IcAndSnow/IceAndSnow12Walking_loop.wav","IceAndSnow12Walking_loop","player_movement","SOURCE_ONLY","audited-only: footstep breadth cut from mobile build",""
"Assets/Footsteps Pack Expanded/Loops/IcAndSnow/IceAndSnow13FastWalking_loop.wav","IceAndSnow13FastWalking_loop","player_movement","SOURCE_ONLY","audited-only: footstep breadth cut from mobile build",""
"Assets/Footsteps Pack Expanded/Loops/IcAndSnow/IceAndSnow13Jump.wav","IceAndSnow13Jump","player_movement","SOURCE_ONLY","audited-only: footstep breadth cut from mobile build",""
"Assets/Footsteps Pack Expanded/Loops/IcAndSnow/IceAndSnow13Running_loop.wav","IceAndSnow13Running_loop","player_movement","SOURCE_ONLY","audited-only: footstep breadth cut from mobile build",""
"Assets/Footsteps Pack Expanded/Loops/IcAndSnow/IceAndSnow13Walking_loop.wav","IceAndSnow13Walking_loop","player_movement","SOURCE_ONLY","audited-only: footstep breadth cut from mobile build",""
"Assets/Footsteps Pack Expanded/Loops/IcAndSnow/IceAndSnow14FastRunning_loop.wav","IceAndSnow14FastRunning_loop","player_movement","SOURCE_ONLY","audited-only: footstep breadth cut from mobile build",""
"Assets/Footsteps Pack Expanded/Loops/IcAndSnow/IceAndSnow14FastWalking_loop.wav","IceAndSnow14FastWalking_loop","player_movement","SOURCE_ONLY","audited-only: footstep breadth cut from mobile build",""
"Assets/Footsteps Pack Expanded/Loops/IcAndSnow/IceAndSnow14Jump.wav","IceAndSnow14Jump","player_movement","SOURCE_ONLY","audited-only: footstep breadth cut from mobile build",""
"Assets/Footsteps Pack Expanded/Loops/IcAndSnow/IceAndSnow14Running_loop.wav","IceAndSnow14Running_loop","player_movement","SOURCE_ONLY","audited-only: footstep breadth cut from mobile build",""
"Assets/Footsteps Pack Expanded/Loops/IcAndSnow/IceAndSnow14Walking_loop.wav","IceAndSnow14Walking_loop","player_movement","SOURCE_ONLY","audited-only: footstep breadth cut from mobile build",""
"Assets/Footsteps Pack Expanded/Loops/Jumps/Jump01.wav","Jump01","player_movement","SOURCE_ONLY","audited-only: footstep breadth cut from mobile build",""
"Assets/Footsteps Pack Expanded/Loops/Jumps/Jump02.wav","Jump02","player_movement","SOURCE_ONLY","audited-only: footstep breadth cut from mobile build",""
"Assets/Footsteps Pack Expanded/Loops/Jumps/Jump03.wav","Jump03","player_movement","SOURCE_ONLY","audited-only: footstep breadth cut from mobile build",""
"Assets/Footsteps Pack Expanded/Loops/Jumps/Jump04.wav","Jump04","player_movement","SOURCE_ONLY","audited-only: footstep breadth cut from mobile build",""
"Assets/Footsteps Pack Expanded/Loops/Jumps/Jump05.wav","Jump05","player_movement","SOURCE_ONLY","audited-only: footstep breadth cut from mobile build",""
"Assets/Footsteps Pack Expanded/Loops/Jumps/Jump07.wav","Jump07","player_movement","SOURCE_ONLY","audited-only: footstep breadth cut from mobile build",""
"Assets/Footsteps Pack Expanded/Loops/Jumps/Jump08.wav","Jump08","player_movement","SOURCE_ONLY","audited-only: footstep breadth cut from mobile build",""
"Assets/Footsteps Pack Expanded/Loops/Jumps/Jump09.wav","Jump09","player_movement","SOURCE_ONLY","audited-only: footstep breadth cut from mobile build",""
"Assets/Footsteps Pack Expanded/Loops/Jumps/Jump10.wav","Jump10","player_movement","SOURCE_ONLY","audited-only: footstep breadth cut from mobile build",""
"Assets/Footsteps Pack Expanded/Loops/Jumps/Jump11.wav","Jump11","player_movement","SOURCE_ONLY","audited-only: footstep breadth cut from mobile build",""
"Assets/Footsteps Pack Expanded/Loops/Jumps/Jump12.wav","Jump12","player_movement","SOURCE_ONLY","audited-only: footstep breadth cut from mobile build",""
"Assets/Footsteps Pack Expanded/Loops/Jumps/Jump13.wav","Jump13","player_movement","SOURCE_ONLY","audited-only: footstep breadth cut from mobile build",""
"Assets/Footsteps Pack Expanded/Loops/Jumps/Jump14.wav","Jump14","player_movement","SOURCE_ONLY","audited-only: footstep breadth cut from mobile build",""
"Assets/Footsteps Pack Expanded/Loops/Jumps/Jump15.wav","Jump15","player_movement","SOURCE_ONLY","audited-only: footstep breadth cut from mobile build",""
"Assets/Footsteps Pack Expanded/Loops/Jumps/Jump16.wav","Jump16","player_movement","SOURCE_ONLY","audited-only: footstep breadth cut from mobile build",""
"Assets/Footsteps Pack Expanded/Loops/Jumps/Jump17.wav","Jump17","player_movement","SOURCE_ONLY","audited-only: footstep breadth cut from mobile build",""
"Assets/Footsteps Pack Expanded/Loops/Jumps/Jump18.wav","Jump18","player_movement","SOURCE_ONLY","audited-only: footstep breadth cut from mobile build",""
"Assets/Footsteps Pack Expanded/Loops/Jumps/Jump19.wav","Jump19","player_movement","SOURCE_ONLY","audited-only: footstep breadth cut from mobile build",""
"Assets/Footsteps Pack Expanded/Loops/Jumps/Jump20.wav","Jump20","player_movement","SOURCE_ONLY","audited-only: footstep breadth cut from mobile build",""
"Assets/Footsteps Pack Expanded/Loops/Jumps/Jump21.wav","Jump21","player_movement","SOURCE_ONLY","audited-only: footstep breadth cut from mobile build",""
"Assets/Footsteps Pack Expanded/Loops/Jumps/Jump22.wav","Jump22","player_movement","SOURCE_ONLY","audited-only: footstep breadth cut from mobile build",""
"Assets/Footsteps Pack Expanded/Loops/Jumps/Jump23.wav","Jump23","player_movement","SOURCE_ONLY","audited-only: footstep breadth cut from mobile build",""
"Assets/Footsteps Pack Expanded/Loops/Jumps/Jump24.wav","Jump24","player_movement","SOURCE_ONLY","audited-only: footstep breadth cut from mobile build",""
"Assets/Footsteps Pack Expanded/Loops/Jumps/Jump25.wav","Jump25","player_movement","SOURCE_ONLY","audited-only: footstep breadth cut from mobile build",""
"Assets/Footsteps Pack Expanded/Loops/Jumps/Jump26.wav","Jump26","player_movement","SOURCE_ONLY","audited-only: footstep breadth cut from mobile build",""
"Assets/Footsteps Pack Expanded/Loops/Jumps/Jump27.wav","Jump27","player_movement","SOURCE_ONLY","audited-only: footstep breadth cut from mobile build",""
"Assets/Footsteps Pack Expanded/Loops/Jumps/Jump28.wav","Jump28","player_movement","SOURCE_ONLY","audited-only: footstep breadth cut from mobile build",""
"Assets/Footsteps Pack Expanded/Loops/Jumps/Jump29.wav","Jump29","player_movement","SOURCE_ONLY","audited-only: footstep breadth cut from mobile build",""
"Assets/Footsteps Pack Expanded/Loops/Jumps/Jump30.wav","Jump30","player_movement","SOURCE_ONLY","audited-only: footstep breadth cut from mobile build",""
"Assets/Footsteps Pack Expanded/Loops/Jumps/Jump31.wav","Jump31","player_movement","SOURCE_ONLY","audited-only: footstep breadth cut from mobile build",""
"Assets/Footsteps Pack Expanded/Loops/Jumps/Jump32.wav","Jump32","player_movement","SOURCE_ONLY","audited-only: footstep breadth cut from mobile build",""
"Assets/Footsteps Pack Expanded/Loops/Jumps/Jump33.wav","Jump33","player_movement","SOURCE_ONLY","audited-only: footstep breadth cut from mobile build",""
"Assets/Footsteps Pack Expanded/Loops/Jumps/Jump34.wav","Jump34","player_movement","SOURCE_ONLY","audited-only: footstep breadth cut from mobile build",""
"Assets/Footsteps Pack Expanded/Loops/Jumps/Jump35.wav","Jump35","player_movement","SOURCE_ONLY","audited-only: footstep breadth cut from mobile build",""
"Assets/Footsteps Pack Expanded/Loops/Jumps/Jump36.wav","Jump36","player_movement","SOURCE_ONLY","audited-only: footstep breadth cut from mobile build",""
"Assets/Footsteps Pack Expanded/Loops/Jumps/Jump37.wav","Jump37","player_movement","SOURCE_ONLY","audited-only: footstep breadth cut from mobile build",""
"Assets/Footsteps Pack Expanded/Loops/Jumps/Jump38.wav","Jump38","player_movement","SOURCE_ONLY","audited-only: footstep breadth cut from mobile build",""
"Assets/Footsteps Pack Expanded/Loops/Jumps/Jump39.wav","Jump39","player_movement","SOURCE_ONLY","audited-only: footstep breadth cut from mobile build",""
"Assets/Footsteps Pack Expanded/Loops/Jumps/Jump40.wav","Jump40","player_movement","SOURCE_ONLY","audited-only: footstep breadth cut from mobile build",""
"Assets/Footsteps Pack Expanded/Loops/Jumps/Jump41.wav","Jump41","player_movement","SOURCE_ONLY","audited-only: footstep breadth cut from mobile build",""
"Assets/Footsteps Pack Expanded/Loops/Jumps/Jump42.wav","Jump42","player_movement","SOURCE_ONLY","audited-only: footstep breadth cut from mobile build",""
"Assets/Footsteps Pack Expanded/Loops/Jumps/Jump43.wav","Jump43","player_movement","SOURCE_ONLY","audited-only: footstep breadth cut from mobile build",""
"Assets/Footsteps Pack Expanded/Loops/Jumps/Jump44.wav","Jump44","player_movement","SOURCE_ONLY","audited-only: footstep breadth cut from mobile build",""
"Assets/Footsteps Pack Expanded/Loops/Jumps/Jump45.wav","Jump45","player_movement","SOURCE_ONLY","audited-only: footstep breadth cut from mobile build",""
"Assets/Footsteps Pack Expanded/Loops/Jumps/Jump46.wav","Jump46","player_movement","SOURCE_ONLY","audited-only: footstep breadth cut from mobile build",""
"Assets/Footsteps Pack Expanded/Loops/Jumps/Jump47.wav","Jump47","player_movement","SOURCE_ONLY","audited-only: footstep breadth cut from mobile build",""
"Assets/Footsteps Pack Expanded/Loops/Jumps/Jump48.wav","Jump48","player_movement","SOURCE_ONLY","audited-only: footstep breadth cut from mobile build",""
"Assets/Footsteps Pack Expanded/Loops/Jumps/Jump50.wav","Jump50","player_movement","SOURCE_ONLY","audited-only: footstep breadth cut from mobile build",""
"Assets/Footsteps Pack Expanded/Loops/Jumps/Jump51.wav","Jump51","player_movement","SOURCE_ONLY","audited-only: footstep breadth cut from mobile build",""
"Assets/Footsteps Pack Expanded/Loops/Jumps/Jump52.wav","Jump52","player_movement","SOURCE_ONLY","audited-only: footstep breadth cut from mobile build",""
"Assets/Footsteps Pack Expanded/Loops/Jumps/Jump53.wav","Jump53","player_movement","SOURCE_ONLY","audited-only: footstep breadth cut from mobile build",""
"Assets/Footsteps Pack Expanded/Loops/Jumps/Jump54.wav","Jump54","player_movement","SOURCE_ONLY","audited-only: footstep breadth cut from mobile build",""
"Assets/Footsteps Pack Expanded/Loops/Jumps/Jump55.wav","Jump55","player_movement","SOURCE_ONLY","audited-only: footstep breadth cut from mobile build",""
"Assets/Footsteps Pack Expanded/Loops/Jumps/Jump56.wav","Jump56","player_movement","SOURCE_ONLY","audited-only: footstep breadth cut from mobile build",""
"Assets/Footsteps Pack Expanded/Loops/Jumps/Jump57.wav","Jump57","player_movement","SOURCE_ONLY","audited-only: footstep breadth cut from mobile build",""
"Assets/Footsteps Pack Expanded/Loops/Jumps/Jump58.wav","Jump58","player_movement","SOURCE_ONLY","audited-only: footstep breadth cut from mobile build",""
"Assets/Footsteps Pack Expanded/Loops/Jumps/Jump59.wav","Jump59","player_movement","SOURCE_ONLY","audited-only: footstep breadth cut from mobile build",""
"Assets/Footsteps Pack Expanded/Loops/Jumps/Jump60.wav","Jump60","player_movement","SOURCE_ONLY","audited-only: footstep breadth cut from mobile build",""
"Assets/Footsteps Pack Expanded/Loops/Jumps/Jump61.wav","Jump61","player_movement","SOURCE_ONLY","audited-only: footstep breadth cut from mobile build",""
"Assets/Footsteps Pack Expanded/Loops/Jumps/Jump62.wav","Jump62","player_movement","SOURCE_ONLY","audited-only: footstep breadth cut from mobile build",""
"Assets/Footsteps Pack Expanded/Loops/Metal/Metal01FastRunning_loop.wav","Metal01FastRunning_loop","player_movement","SOURCE_ONLY","audited-only: footstep breadth cut from mobile build",""
"Assets/Footsteps Pack Expanded/Loops/Metal/Metal01FastWalking_loop.wav","Metal01FastWalking_loop","player_movement","SOURCE_ONLY","audited-only: footstep breadth cut from mobile build",""
"Assets/Footsteps Pack Expanded/Loops/Metal/Metal01Jump.wav","Metal01Jump","player_movement","SOURCE_ONLY","audited-only: footstep breadth cut from mobile build",""
"Assets/Footsteps Pack Expanded/Loops/Metal/Metal01Running_loop.wav","Metal01Running_loop","player_movement","SOURCE_ONLY","audited-only: footstep breadth cut from mobile build",""
"Assets/Footsteps Pack Expanded/Loops/Metal/Metal01Walking_loop.wav","Metal01Walking_loop","player_movement","SOURCE_ONLY","audited-only: footstep breadth cut from mobile build",""
"Assets/Footsteps Pack Expanded/Loops/Metal/Metal02FastRunning_loop.wav","Metal02FastRunning_loop","player_movement","SOURCE_ONLY","audited-only: footstep breadth cut from mobile build",""
"Assets/Footsteps Pack Expanded/Loops/Metal/Metal02FastWalking_loop.wav","Metal02FastWalking_loop","player_movement","SOURCE_ONLY","audited-only: footstep breadth cut from mobile build",""
"Assets/Footsteps Pack Expanded/Loops/Metal/Metal02Jump.wav","Metal02Jump","player_movement","SOURCE_ONLY","audited-only: footstep breadth cut from mobile build",""
"Assets/Footsteps Pack Expanded/Loops/Metal/Metal02Running_loop.wav","Metal02Running_loop","player_movement","SOURCE_ONLY","audited-only: footstep breadth cut from mobile build",""
"Assets/Footsteps Pack Expanded/Loops/Metal/Metal02Walking_loop.wav","Metal02Walking_loop","player_movement","SOURCE_ONLY","audited-only: footstep breadth cut from mobile build",""
"Assets/Footsteps Pack Expanded/Loops/Metal/Metal03FastRunning_loop.wav","Metal03FastRunning_loop","player_movement","SOURCE_ONLY","audited-only: footstep breadth cut from mobile build",""
"Assets/Footsteps Pack Expanded/Loops/Metal/Metal03FastWalking_loop.wav","Metal03FastWalking_loop","player_movement","SOURCE_ONLY","audited-only: footstep breadth cut from mobile build",""
"Assets/Footsteps Pack Expanded/Loops/Metal/Metal03Jump.wav","Metal03Jump","player_movement","SOURCE_ONLY","audited-only: footstep breadth cut from mobile build",""
"Assets/Footsteps Pack Expanded/Loops/Metal/Metal03Running_loop.wav","Metal03Running_loop","player_movement","SOURCE_ONLY","audited-only: footstep breadth cut from mobile build",""
"Assets/Footsteps Pack Expanded/Loops/Metal/Metal03Walking_loop.wav","Metal03Walking_loop","player_movement","SOURCE_ONLY","audited-only: footstep breadth cut from mobile build",""
"Assets/Footsteps Pack Expanded/Loops/Metal/Metal04FastRunning_loop.wav","Metal04FastRunning_loop","player_movement","SOURCE_ONLY","audited-only: footstep breadth cut from mobile build",""
"Assets/Footsteps Pack Expanded/Loops/Metal/Metal04FastWalking_loop.wav","Metal04FastWalking_loop","player_movement","SOURCE_ONLY","audited-only: footstep breadth cut from mobile build",""
"Assets/Footsteps Pack Expanded/Loops/Metal/Metal04Jump.wav","Metal04Jump","player_movement","SOURCE_ONLY","audited-only: footstep breadth cut from mobile build",""
"Assets/Footsteps Pack Expanded/Loops/Metal/Metal04Running_loop.wav","Metal04Running_loop","player_movement","SOURCE_ONLY","audited-only: footstep breadth cut from mobile build",""
"Assets/Footsteps Pack Expanded/Loops/Metal/Metal04Walking_loop.wav","Metal04Walking_loop","player_movement","SOURCE_ONLY","audited-only: footstep breadth cut from mobile build",""
"Assets/Footsteps Pack Expanded/Loops/Metal/Metal05FastRunning_loop.wav","Metal05FastRunning_loop","player_movement","SOURCE_ONLY","audited-only: footstep breadth cut from mobile build",""
"Assets/Footsteps Pack Expanded/Loops/Metal/Metal05FastWalking_loop.wav","Metal05FastWalking_loop","player_movement","SOURCE_ONLY","audited-only: footstep breadth cut from mobile build",""
"Assets/Footsteps Pack Expanded/Loops/Metal/Metal05Jump.wav","Metal05Jump","player_movement","SOURCE_ONLY","audited-only: footstep breadth cut from mobile build",""
"Assets/Footsteps Pack Expanded/Loops/Metal/Metal05Running_loop.wav","Metal05Running_loop","player_movement","SOURCE_ONLY","audited-only: footstep breadth cut from mobile build",""
"Assets/Footsteps Pack Expanded/Loops/Metal/Metal05Walking_loop.wav","Metal05Walking_loop","player_movement","SOURCE_ONLY","audited-only: footstep breadth cut from mobile build",""
"Assets/Footsteps Pack Expanded/Loops/Metal/Metal06FastRunning_loop.wav","Metal06FastRunning_loop","player_movement","SOURCE_ONLY","audited-only: footstep breadth cut from mobile build",""
"Assets/Footsteps Pack Expanded/Loops/Metal/Metal06FastWalking_loop.wav","Metal06FastWalking_loop","player_movement","SOURCE_ONLY","audited-only: footstep breadth cut from mobile build",""
"Assets/Footsteps Pack Expanded/Loops/Metal/Metal06Jump.wav","Metal06Jump","player_movement","SOURCE_ONLY","audited-only: footstep breadth cut from mobile build",""
"Assets/Footsteps Pack Expanded/Loops/Metal/Metal06Running_loop.wav","Metal06Running_loop","player_movement","SOURCE_ONLY","audited-only: footstep breadth cut from mobile build",""
"Assets/Footsteps Pack Expanded/Loops/Metal/Metal06Walking_loop.wav","Metal06Walking_loop","player_movement","SOURCE_ONLY","audited-only: footstep breadth cut from mobile build",""
"Assets/Footsteps Pack Expanded/Loops/Metal/Metal07FastRunning_loop.wav","Metal07FastRunning_loop","player_movement","SOURCE_ONLY","audited-only: footstep breadth cut from mobile build",""
"Assets/Footsteps Pack Expanded/Loops/Metal/Metal07FastWalking_loop.wav","Metal07FastWalking_loop","player_movement","SOURCE_ONLY","audited-only: footstep breadth cut from mobile build",""
"Assets/Footsteps Pack Expanded/Loops/Metal/Metal07Jump.wav","Metal07Jump","player_movement","SOURCE_ONLY","audited-only: footstep breadth cut from mobile build",""
"Assets/Footsteps Pack Expanded/Loops/Metal/Metal07Running_loop.wav","Metal07Running_loop","player_movement","SOURCE_ONLY","audited-only: footstep breadth cut from mobile build",""
"Assets/Footsteps Pack Expanded/Loops/Metal/Metal07Walking_loop.wav","Metal07Walking_loop","player_movement","SOURCE_ONLY","audited-only: footstep breadth cut from mobile build",""
"Assets/Footsteps Pack Expanded/Loops/Metal/Metal08FastRunning_loop.wav","Metal08FastRunning_loop","player_movement","SOURCE_ONLY","audited-only: footstep breadth cut from mobile build",""
"Assets/Footsteps Pack Expanded/Loops/Metal/Metal08FastWalking_loop.wav","Metal08FastWalking_loop","player_movement","SOURCE_ONLY","audited-only: footstep breadth cut from mobile build",""
"Assets/Footsteps Pack Expanded/Loops/Metal/Metal08Jump.wav","Metal08Jump","player_movement","SOURCE_ONLY","audited-only: footstep breadth cut from mobile build",""
"Assets/Footsteps Pack Expanded/Loops/Metal/Metal08Running_loop.wav","Metal08Running_loop","player_movement","SOURCE_ONLY","audited-only: footstep breadth cut from mobile build",""
"Assets/Footsteps Pack Expanded/Loops/Metal/Metal08Walking_loop.wav","Metal08Walking_loop","player_movement","SOURCE_ONLY","audited-only: footstep breadth cut from mobile build",""
"Assets/Footsteps Pack Expanded/Loops/Metal/Metal09FastRunning_loop.wav","Metal09FastRunning_loop","player_movement","SOURCE_ONLY","audited-only: footstep breadth cut from mobile build",""
"Assets/Footsteps Pack Expanded/Loops/Metal/Metal09FastWalking_loop.wav","Metal09FastWalking_loop","player_movement","SOURCE_ONLY","audited-only: footstep breadth cut from mobile build",""
"Assets/Footsteps Pack Expanded/Loops/Metal/Metal09Jump.wav","Metal09Jump","player_movement","SOURCE_ONLY","audited-only: footstep breadth cut from mobile build",""
"Assets/Footsteps Pack Expanded/Loops/Metal/Metal09Running_loop.wav","Metal09Running_loop","player_movement","SOURCE_ONLY","audited-only: footstep breadth cut from mobile build",""
"Assets/Footsteps Pack Expanded/Loops/Metal/Metal09Walking_loop.wav","Metal09Walking_loop","player_movement","SOURCE_ONLY","audited-only: footstep breadth cut from mobile build",""
"Assets/Footsteps Pack Expanded/Loops/Metal/Metal10FastRunning_loop.wav","Metal10FastRunning_loop","player_movement","SOURCE_ONLY","audited-only: footstep breadth cut from mobile build",""
"Assets/Footsteps Pack Expanded/Loops/Metal/Metal10FastWalking_loop.wav","Metal10FastWalking_loop","player_movement","SOURCE_ONLY","audited-only: footstep breadth cut from mobile build",""
"Assets/Footsteps Pack Expanded/Loops/Metal/Metal10Jump.wav","Metal10Jump","player_movement","SOURCE_ONLY","audited-only: footstep breadth cut from mobile build",""
"Assets/Footsteps Pack Expanded/Loops/Metal/Metal10Running_loop.wav","Metal10Running_loop","player_movement","SOURCE_ONLY","audited-only: footstep breadth cut from mobile build",""
"Assets/Footsteps Pack Expanded/Loops/Metal/Metal10Walking_loop.wav","Metal10Walking_loop","player_movement","SOURCE_ONLY","audited-only: footstep breadth cut from mobile build",""
"Assets/Footsteps Pack Expanded/Loops/Metal/Metal11FastRunning_loop.wav","Metal11FastRunning_loop","player_movement","SOURCE_ONLY","audited-only: footstep breadth cut from mobile build",""
"Assets/Footsteps Pack Expanded/Loops/Metal/Metal11FastWalking_loop.wav","Metal11FastWalking_loop","player_movement","SOURCE_ONLY","audited-only: footstep breadth cut from mobile build",""
"Assets/Footsteps Pack Expanded/Loops/Metal/Metal11Jump.wav","Metal11Jump","player_movement","SOURCE_ONLY","audited-only: footstep breadth cut from mobile build",""
"Assets/Footsteps Pack Expanded/Loops/Metal/Metal11Running_loop.wav","Metal11Running_loop","player_movement","SOURCE_ONLY","audited-only: footstep breadth cut from mobile build",""
"Assets/Footsteps Pack Expanded/Loops/Metal/Metal11Walking_loop.wav","Metal11Walking_loop","player_movement","SOURCE_ONLY","audited-only: footstep breadth cut from mobile build",""
"Assets/Footsteps Pack Expanded/Loops/Mud/Mud01FastRunning_loop.wav","Mud01FastRunning_loop","player_movement","SOURCE_ONLY","audited-only: footstep breadth cut from mobile build",""
"Assets/Footsteps Pack Expanded/Loops/Mud/Mud01FastWalking_loop.wav","Mud01FastWalking_loop","player_movement","SOURCE_ONLY","audited-only: footstep breadth cut from mobile build",""
"Assets/Footsteps Pack Expanded/Loops/Mud/Mud01Jump.wav","Mud01Jump","player_movement","SOURCE_ONLY","audited-only: footstep breadth cut from mobile build",""
"Assets/Footsteps Pack Expanded/Loops/Mud/Mud01Running_loop.wav","Mud01Running_loop","player_movement","SOURCE_ONLY","audited-only: footstep breadth cut from mobile build",""
"Assets/Footsteps Pack Expanded/Loops/Mud/Mud01Walking_loop.wav","Mud01Walking_loop","player_movement","SOURCE_ONLY","audited-only: footstep breadth cut from mobile build",""
"Assets/Footsteps Pack Expanded/Loops/Mud/Mud02FastRunning_loop.wav","Mud02FastRunning_loop","player_movement","SOURCE_ONLY","audited-only: footstep breadth cut from mobile build",""
"Assets/Footsteps Pack Expanded/Loops/Mud/Mud02FastWalking_loop.wav","Mud02FastWalking_loop","player_movement","SOURCE_ONLY","audited-only: footstep breadth cut from mobile build",""
"Assets/Footsteps Pack Expanded/Loops/Mud/Mud02Jump.wav","Mud02Jump","player_movement","SOURCE_ONLY","audited-only: footstep breadth cut from mobile build",""
"Assets/Footsteps Pack Expanded/Loops/Mud/Mud02Running_loop.wav","Mud02Running_loop","player_movement","SOURCE_ONLY","audited-only: footstep breadth cut from mobile build",""
"Assets/Footsteps Pack Expanded/Loops/Mud/Mud02Walking_loop.wav","Mud02Walking_loop","player_movement","SOURCE_ONLY","audited-only: footstep breadth cut from mobile build",""
"Assets/Footsteps Pack Expanded/Loops/Mud/Mud03FastRunning_loop.wav","Mud03FastRunning_loop","player_movement","SOURCE_ONLY","audited-only: footstep breadth cut from mobile build",""
"Assets/Footsteps Pack Expanded/Loops/Mud/Mud03FastWalking_loop.wav","Mud03FastWalking_loop","player_movement","SOURCE_ONLY","audited-only: footstep breadth cut from mobile build",""
"Assets/Footsteps Pack Expanded/Loops/Mud/Mud03Jump.wav","Mud03Jump","player_movement","SOURCE_ONLY","audited-only: footstep breadth cut from mobile build",""
"Assets/Footsteps Pack Expanded/Loops/Mud/Mud03Running_loop.wav","Mud03Running_loop","player_movement","SOURCE_ONLY","audited-only: footstep breadth cut from mobile build",""
"Assets/Footsteps Pack Expanded/Loops/Mud/Mud03Walking_loop.wav","Mud03Walking_loop","player_movement","SOURCE_ONLY","audited-only: footstep breadth cut from mobile build",""
"Assets/Footsteps Pack Expanded/Loops/Mud/Mud04FastRunning_loop.wav","Mud04FastRunning_loop","player_movement","SOURCE_ONLY","audited-only: footstep breadth cut from mobile build",""
"Assets/Footsteps Pack Expanded/Loops/Mud/Mud04FastWalking_loop.wav","Mud04FastWalking_loop","player_movement","SOURCE_ONLY","audited-only: footstep breadth cut from mobile build",""
"Assets/Footsteps Pack Expanded/Loops/Mud/Mud04Jump.wav","Mud04Jump","player_movement","SOURCE_ONLY","audited-only: footstep breadth cut from mobile build",""
"Assets/Footsteps Pack Expanded/Loops/Mud/Mud04Running_loop.wav","Mud04Running_loop","player_movement","SOURCE_ONLY","audited-only: footstep breadth cut from mobile build",""
"Assets/Footsteps Pack Expanded/Loops/Mud/Mud04Walking_loop.wav","Mud04Walking_loop","player_movement","SOURCE_ONLY","audited-only: footstep breadth cut from mobile build",""
"Assets/Footsteps Pack Expanded/Loops/Mud/Mud05FastRunning_loop.wav","Mud05FastRunning_loop","player_movement","SOURCE_ONLY","audited-only: footstep breadth cut from mobile build",""
"Assets/Footsteps Pack Expanded/Loops/Mud/Mud05FastWalking_loop.wav","Mud05FastWalking_loop","player_movement","SOURCE_ONLY","audited-only: footstep breadth cut from mobile build",""
"Assets/Footsteps Pack Expanded/Loops/Mud/Mud05Jump.wav","Mud05Jump","player_movement","SOURCE_ONLY","audited-only: footstep breadth cut from mobile build",""
"Assets/Footsteps Pack Expanded/Loops/Mud/Mud05Running_loop.wav","Mud05Running_loop","player_movement","SOURCE_ONLY","audited-only: footstep breadth cut from mobile build",""
"Assets/Footsteps Pack Expanded/Loops/Mud/Mud05Walking_loop.wav","Mud05Walking_loop","player_movement","SOURCE_ONLY","audited-only: footstep breadth cut from mobile build",""
"Assets/Footsteps Pack Expanded/Loops/Mud/Mud06FastRunning_loop.wav","Mud06FastRunning_loop","player_movement","SOURCE_ONLY","audited-only: footstep breadth cut from mobile build",""
"Assets/Footsteps Pack Expanded/Loops/Mud/Mud06FastWalking_loop.wav","Mud06FastWalking_loop","player_movement","SOURCE_ONLY","audited-only: footstep breadth cut from mobile build",""
"Assets/Footsteps Pack Expanded/Loops/Mud/Mud06Jump.wav","Mud06Jump","player_movement","SOURCE_ONLY","audited-only: footstep breadth cut from mobile build",""
"Assets/Footsteps Pack Expanded/Loops/Mud/Mud06Running_loop.wav","Mud06Running_loop","player_movement","SOURCE_ONLY","audited-only: footstep breadth cut from mobile build",""
"Assets/Footsteps Pack Expanded/Loops/Mud/Mud06Walking_loop.wav","Mud06Walking_loop","player_movement","SOURCE_ONLY","audited-only: footstep breadth cut from mobile build",""
"Assets/Footsteps Pack Expanded/Loops/Mud/Mud07FastRunning_loop.wav","Mud07FastRunning_loop","player_movement","SOURCE_ONLY","audited-only: footstep breadth cut from mobile build",""
"Assets/Footsteps Pack Expanded/Loops/Mud/Mud07FastWalking_loop.wav","Mud07FastWalking_loop","player_movement","SOURCE_ONLY","audited-only: footstep breadth cut from mobile build",""
"Assets/Footsteps Pack Expanded/Loops/Mud/Mud07Jump.wav","Mud07Jump","player_movement","SOURCE_ONLY","audited-only: footstep breadth cut from mobile build",""
"Assets/Footsteps Pack Expanded/Loops/Mud/Mud07Running_loop.wav","Mud07Running_loop","player_movement","SOURCE_ONLY","audited-only: footstep breadth cut from mobile build",""
"Assets/Footsteps Pack Expanded/Loops/Mud/Mud07Walking_loop.wav","Mud07Walking_loop","player_movement","SOURCE_ONLY","audited-only: footstep breadth cut from mobile build",""
"Assets/Footsteps Pack Expanded/Loops/Mud/Mud08FastRunning_loop.wav","Mud08FastRunning_loop","player_movement","SOURCE_ONLY","audited-only: footstep breadth cut from mobile build",""
"Assets/Footsteps Pack Expanded/Loops/Mud/Mud08Jump.wav","Mud08Jump","player_movement","SOURCE_ONLY","audited-only: footstep breadth cut from mobile build",""
"Assets/Footsteps Pack Expanded/Loops/Mud/Mud08Running_loop.wav","Mud08Running_loop","player_movement","SOURCE_ONLY","audited-only: footstep breadth cut from mobile build",""
"Assets/Footsteps Pack Expanded/Loops/Mud/Mud08Walking_loop.wav","Mud08Walking_loop","player_movement","SOURCE_ONLY","audited-only: footstep breadth cut from mobile build",""
"Assets/Footsteps Pack Expanded/Loops/Mud/Mud09FastRunning_loop.wav","Mud09FastRunning_loop","player_movement","SOURCE_ONLY","audited-only: footstep breadth cut from mobile build",""
"Assets/Footsteps Pack Expanded/Loops/Mud/Mud09FastWalking_loop.wav","Mud09FastWalking_loop","player_movement","SOURCE_ONLY","audited-only: footstep breadth cut from mobile build",""
"Assets/Footsteps Pack Expanded/Loops/Mud/Mud09Jump.wav","Mud09Jump","player_movement","SOURCE_ONLY","audited-only: footstep breadth cut from mobile build",""
"Assets/Footsteps Pack Expanded/Loops/Mud/Mud09Running_loop.wav","Mud09Running_loop","player_movement","SOURCE_ONLY","audited-only: footstep breadth cut from mobile build",""
"Assets/Footsteps Pack Expanded/Loops/Mud/Mud09Walking_loop.wav","Mud09Walking_loop","player_movement","SOURCE_ONLY","audited-only: footstep breadth cut from mobile build",""
"Assets/Footsteps Pack Expanded/Loops/Mud/Mud0FastWalking_loop.wav","Mud0FastWalking_loop","player_movement","SOURCE_ONLY","audited-only: footstep breadth cut from mobile build",""
"Assets/Footsteps Pack Expanded/Loops/Mud/Mud10FastRunning_loop.wav","Mud10FastRunning_loop","player_movement","SOURCE_ONLY","audited-only: footstep breadth cut from mobile build",""
"Assets/Footsteps Pack Expanded/Loops/Mud/Mud10FastWalking_loop.wav","Mud10FastWalking_loop","player_movement","SOURCE_ONLY","audited-only: footstep breadth cut from mobile build",""
"Assets/Footsteps Pack Expanded/Loops/Mud/Mud10Jump_loop.wav","Mud10Jump_loop","player_movement","SOURCE_ONLY","audited-only: footstep breadth cut from mobile build",""
"Assets/Footsteps Pack Expanded/Loops/Mud/Mud10Running_loop.wav","Mud10Running_loop","player_movement","SOURCE_ONLY","audited-only: footstep breadth cut from mobile build",""
"Assets/Footsteps Pack Expanded/Loops/Mud/Mud10Walking_loop.wav","Mud10Walking_loop","player_movement","SOURCE_ONLY","audited-only: footstep breadth cut from mobile build",""
"Assets/Footsteps Pack Expanded/Loops/Mud/Mud11FastRunning_loop.wav","Mud11FastRunning_loop","player_movement","SOURCE_ONLY","audited-only: footstep breadth cut from mobile build",""
"Assets/Footsteps Pack Expanded/Loops/Mud/Mud11FastWalking_loop.wav","Mud11FastWalking_loop","player_movement","SOURCE_ONLY","audited-only: footstep breadth cut from mobile build",""
"Assets/Footsteps Pack Expanded/Loops/Mud/Mud11Jump.wav","Mud11Jump","player_movement","SOURCE_ONLY","audited-only: footstep breadth cut from mobile build",""
"Assets/Footsteps Pack Expanded/Loops/Mud/Mud11Running_loop.wav","Mud11Running_loop","player_movement","SOURCE_ONLY","audited-only: footstep breadth cut from mobile build",""
"Assets/Footsteps Pack Expanded/Loops/Mud/Mud11Walking_loop.wav","Mud11Walking_loop","player_movement","SOURCE_ONLY","audited-only: footstep breadth cut from mobile build",""
"Assets/Footsteps Pack Expanded/Loops/Mud/Mud12FastRunning_loop.wav","Mud12FastRunning_loop","player_movement","SOURCE_ONLY","audited-only: footstep breadth cut from mobile build",""
"Assets/Footsteps Pack Expanded/Loops/Mud/Mud12FastWalking_loop.wav","Mud12FastWalking_loop","player_movement","SOURCE_ONLY","audited-only: footstep breadth cut from mobile build",""
"Assets/Footsteps Pack Expanded/Loops/Mud/Mud12Running_loop.wav","Mud12Running_loop","player_movement","SOURCE_ONLY","audited-only: footstep breadth cut from mobile build",""
"Assets/Footsteps Pack Expanded/Loops/Mud/Mud12Walking_loop.wav","Mud12Walking_loop","player_movement","SOURCE_ONLY","audited-only: footstep breadth cut from mobile build",""
"Assets/Footsteps Pack Expanded/Loops/Mud/Mud13FastWalking_loop.wav","Mud13FastWalking_loop","player_movement","SOURCE_ONLY","audited-only: footstep breadth cut from mobile build",""
"Assets/Footsteps Pack Expanded/Loops/Mud/Mud13Jump.wav","Mud13Jump","player_movement","SOURCE_ONLY","audited-only: footstep breadth cut from mobile build",""
"Assets/Footsteps Pack Expanded/Loops/Mud/Mud13Running_loop.wav","Mud13Running_loop","player_movement","SOURCE_ONLY","audited-only: footstep breadth cut from mobile build",""
"Assets/Footsteps Pack Expanded/Loops/Mud/Mud13Walking_loop.wav","Mud13Walking_loop","player_movement","SOURCE_ONLY","audited-only: footstep breadth cut from mobile build",""
"Assets/Footsteps Pack Expanded/Loops/Mud/Mud14FastRunning_loop.wav","Mud14FastRunning_loop","player_movement","SOURCE_ONLY","audited-only: footstep breadth cut from mobile build",""
"Assets/Footsteps Pack Expanded/Loops/Mud/Mud14FastWalking_loop.wav","Mud14FastWalking_loop","player_movement","SOURCE_ONLY","audited-only: footstep breadth cut from mobile build",""
"Assets/Footsteps Pack Expanded/Loops/Mud/Mud14Jump.wav","Mud14Jump","player_movement","SOURCE_ONLY","audited-only: footstep breadth cut from mobile build",""
"Assets/Footsteps Pack Expanded/Loops/Mud/Mud14Running_loop.wav","Mud14Running_loop","player_movement","SOURCE_ONLY","audited-only: footstep breadth cut from mobile build",""
"Assets/Footsteps Pack Expanded/Loops/Mud/Mud14Walking_loop.wav","Mud14Walking_loop","player_movement","SOURCE_ONLY","audited-only: footstep breadth cut from mobile build",""
"Assets/Footsteps Pack Expanded/Loops/Mud/Mud15FastRunning_loop.wav","Mud15FastRunning_loop","player_movement","SOURCE_ONLY","audited-only: footstep breadth cut from mobile build",""
"Assets/Footsteps Pack Expanded/Loops/Mud/Mud15FastWalking_loop.wav","Mud15FastWalking_loop","player_movement","SOURCE_ONLY","audited-only: footstep breadth cut from mobile build",""
"Assets/Footsteps Pack Expanded/Loops/Mud/Mud15Jump.wav","Mud15Jump","player_movement","SOURCE_ONLY","audited-only: footstep breadth cut from mobile build",""
"Assets/Footsteps Pack Expanded/Loops/Mud/Mud15Running_loop.wav","Mud15Running_loop","player_movement","SOURCE_ONLY","audited-only: footstep breadth cut from mobile build",""
"Assets/Footsteps Pack Expanded/Loops/Mud/Mud15Walking_loop.wav","Mud15Walking_loop","player_movement","SOURCE_ONLY","audited-only: footstep breadth cut from mobile build",""
"Assets/Footsteps Pack Expanded/Loops/Robotic/RoboticFootSteps01_loop.wav","RoboticFootSteps01_loop","player_movement","SOURCE_ONLY","audited-only: footstep breadth cut from mobile build",""
"Assets/Footsteps Pack Expanded/Loops/Robotic/RoboticFootSteps02_loop.wav","RoboticFootSteps02_loop","player_movement","SOURCE_ONLY","audited-only: footstep breadth cut from mobile build",""
"Assets/Footsteps Pack Expanded/Loops/Robotic/RoboticFootSteps03_loop.wav","RoboticFootSteps03_loop","player_movement","SOURCE_ONLY","audited-only: footstep breadth cut from mobile build",""
"Assets/Footsteps Pack Expanded/Loops/Robotic/RoboticFootSteps04_loop.wav","RoboticFootSteps04_loop","player_movement","SOURCE_ONLY","audited-only: footstep breadth cut from mobile build",""
"Assets/Footsteps Pack Expanded/Loops/Robotic/RoboticFootSteps05_loop.wav","RoboticFootSteps05_loop","player_movement","SOURCE_ONLY","audited-only: footstep breadth cut from mobile build",""
"Assets/Footsteps Pack Expanded/Loops/Robotic/RoboticFootSteps06_loop.wav","RoboticFootSteps06_loop","player_movement","SOURCE_ONLY","audited-only: footstep breadth cut from mobile build",""
"Assets/Footsteps Pack Expanded/Loops/Robotic/RoboticFootSteps07_loop.wav","RoboticFootSteps07_loop","player_movement","SOURCE_ONLY","audited-only: footstep breadth cut from mobile build",""
"Assets/Footsteps Pack Expanded/Loops/Robotic/RoboticFootSteps08_loop.wav","RoboticFootSteps08_loop","player_movement","SOURCE_ONLY","audited-only: footstep breadth cut from mobile build",""
"Assets/Footsteps Pack Expanded/Loops/Robotic/RoboticFootSteps09_loop.wav","RoboticFootSteps09_loop","player_movement","SOURCE_ONLY","audited-only: footstep breadth cut from mobile build",""
"Assets/Footsteps Pack Expanded/Loops/Robotic/RoboticFootSteps10_loop.wav","RoboticFootSteps10_loop","player_movement","SOURCE_ONLY","audited-only: footstep breadth cut from mobile build",""
"Assets/Footsteps Pack Expanded/Loops/Robotic/RoboticFootSteps11_loop.wav","RoboticFootSteps11_loop","player_movement","SOURCE_ONLY","audited-only: footstep breadth cut from mobile build",""
"Assets/Footsteps Pack Expanded/Loops/Robotic/RoboticFootSteps12_loop.wav","RoboticFootSteps12_loop","player_movement","SOURCE_ONLY","audited-only: footstep breadth cut from mobile build",""
"Assets/Footsteps Pack Expanded/Loops/Robotic/RoboticFootSteps13_loop.wav","RoboticFootSteps13_loop","player_movement","SOURCE_ONLY","audited-only: footstep breadth cut from mobile build",""
"Assets/Footsteps Pack Expanded/Loops/Robotic/RoboticFootSteps14_loop.wav","RoboticFootSteps14_loop","player_movement","SOURCE_ONLY","audited-only: footstep breadth cut from mobile build",""
"Assets/Footsteps Pack Expanded/Loops/Robotic/RoboticFootSteps15_loop.wav","RoboticFootSteps15_loop","player_movement","SOURCE_ONLY","audited-only: footstep breadth cut from mobile build",""
"Assets/Footsteps Pack Expanded/Loops/Robotic/RoboticFootSteps16_loop.wav","RoboticFootSteps16_loop","player_movement","SOURCE_ONLY","audited-only: footstep breadth cut from mobile build",""
"Assets/Footsteps Pack Expanded/Loops/Robotic/RoboticFootSteps17_loop.wav","RoboticFootSteps17_loop","player_movement","SOURCE_ONLY","audited-only: footstep breadth cut from mobile build",""
"Assets/Footsteps Pack Expanded/Loops/Robotic/RoboticFootSteps18_loop.wav","RoboticFootSteps18_loop","player_movement","SOURCE_ONLY","audited-only: footstep breadth cut from mobile build",""
"Assets/Footsteps Pack Expanded/Loops/Robotic/RoboticFootSteps19_loop.wav","RoboticFootSteps19_loop","player_movement","SOURCE_ONLY","audited-only: footstep breadth cut from mobile build",""
"Assets/Footsteps Pack Expanded/Loops/Robotic/RoboticFootSteps20_loop.wav","RoboticFootSteps20_loop","player_movement","SOURCE_ONLY","audited-only: footstep breadth cut from mobile build",""
"Assets/Footsteps Pack Expanded/Loops/Robotic/RoboticFootSteps21_loop.wav","RoboticFootSteps21_loop","player_movement","SOURCE_ONLY","audited-only: footstep breadth cut from mobile build",""
"Assets/Footsteps Pack Expanded/Loops/Robotic/RoboticFootSteps22_loop.wav","RoboticFootSteps22_loop","player_movement","SOURCE_ONLY","audited-only: footstep breadth cut from mobile build",""
"Assets/Footsteps Pack Expanded/Loops/Robotic/RoboticFootSteps23_loop.wav","RoboticFootSteps23_loop","player_movement","SOURCE_ONLY","audited-only: footstep breadth cut from mobile build",""
"Assets/Footsteps Pack Expanded/Loops/Robotic/RoboticFootSteps24_loop.wav","RoboticFootSteps24_loop","player_movement","SOURCE_ONLY","audited-only: footstep breadth cut from mobile build",""
"Assets/Footsteps Pack Expanded/Loops/Robotic/RoboticFootSteps25_loop.wav","RoboticFootSteps25_loop","player_movement","SOURCE_ONLY","audited-only: footstep breadth cut from mobile build",""
"Assets/Footsteps Pack Expanded/Loops/Robotic/RoboticFootSteps26_loop.wav","RoboticFootSteps26_loop","player_movement","SOURCE_ONLY","audited-only: footstep breadth cut from mobile build",""
"Assets/Footsteps Pack Expanded/Loops/Robotic/RoboticFootSteps27_loop.wav","RoboticFootSteps27_loop","player_movement","SOURCE_ONLY","audited-only: footstep breadth cut from mobile build",""
"Assets/Footsteps Pack Expanded/Loops/Robotic/RoboticFootSteps28_loop.wav","RoboticFootSteps28_loop","player_movement","SOURCE_ONLY","audited-only: footstep breadth cut from mobile build",""
"Assets/Footsteps Pack Expanded/Loops/Robotic/RoboticFootSteps29_loop.wav","RoboticFootSteps29_loop","player_movement","SOURCE_ONLY","audited-only: footstep breadth cut from mobile build",""
"Assets/Footsteps Pack Expanded/Loops/Robotic/RoboticFootSteps30_loop.wav","RoboticFootSteps30_loop","player_movement","SOURCE_ONLY","audited-only: footstep breadth cut from mobile build",""
"Assets/Footsteps Pack Expanded/Loops/Robotic/RoboticFootSteps31_loop.wav","RoboticFootSteps31_loop","player_movement","SOURCE_ONLY","audited-only: footstep breadth cut from mobile build",""
"Assets/Footsteps Pack Expanded/Loops/Robotic/RoboticFootSteps32_loop.wav","RoboticFootSteps32_loop","player_movement","SOURCE_ONLY","audited-only: footstep breadth cut from mobile build",""
"Assets/Footsteps Pack Expanded/Loops/Robotic/RoboticFootSteps33_loop.wav","RoboticFootSteps33_loop","player_movement","SOURCE_ONLY","audited-only: footstep breadth cut from mobile build",""
"Assets/Footsteps Pack Expanded/Loops/Robotic/RoboticFootSteps34_loop.wav","RoboticFootSteps34_loop","player_movement","SOURCE_ONLY","audited-only: footstep breadth cut from mobile build",""
"Assets/Footsteps Pack Expanded/Loops/Robotic/RoboticFootSteps35_loop.wav","RoboticFootSteps35_loop","player_movement","SOURCE_ONLY","audited-only: footstep breadth cut from mobile build",""
"Assets/Footsteps Pack Expanded/Loops/Robotic/RoboticFootSteps36_loop.wav","RoboticFootSteps36_loop","player_movement","SOURCE_ONLY","audited-only: footstep breadth cut from mobile build",""
"Assets/Footsteps Pack Expanded/Loops/Water/Water01FastRunning_loop.wav","Water01FastRunning_loop","player_movement","SOURCE_ONLY","audited-only: footstep breadth cut from mobile build",""
"Assets/Footsteps Pack Expanded/Loops/Water/Water01FastWalking_loop.wav","Water01FastWalking_loop","player_movement","SOURCE_ONLY","audited-only: footstep breadth cut from mobile build",""
"Assets/Footsteps Pack Expanded/Loops/Water/Water01Jump.wav","Water01Jump","player_movement","SOURCE_ONLY","audited-only: footstep breadth cut from mobile build",""
"Assets/Footsteps Pack Expanded/Loops/Water/Water01Running_loop.wav","Water01Running_loop","player_movement","SOURCE_ONLY","audited-only: footstep breadth cut from mobile build",""
"Assets/Footsteps Pack Expanded/Loops/Water/Water01Walking_loop.wav","Water01Walking_loop","player_movement","SOURCE_ONLY","audited-only: footstep breadth cut from mobile build",""
"Assets/Footsteps Pack Expanded/Loops/Water/Water02FastRunning_loop.wav","Water02FastRunning_loop","player_movement","SOURCE_ONLY","audited-only: footstep breadth cut from mobile build",""
"Assets/Footsteps Pack Expanded/Loops/Water/Water02FastWalking_loop.wav","Water02FastWalking_loop","player_movement","SOURCE_ONLY","audited-only: footstep breadth cut from mobile build",""
"Assets/Footsteps Pack Expanded/Loops/Water/Water02Jump.wav","Water02Jump","player_movement","SOURCE_ONLY","audited-only: footstep breadth cut from mobile build",""
"Assets/Footsteps Pack Expanded/Loops/Water/Water02Running_loop.wav","Water02Running_loop","player_movement","SOURCE_ONLY","audited-only: footstep breadth cut from mobile build",""
"Assets/Footsteps Pack Expanded/Loops/Water/Water02Walking_loop.wav","Water02Walking_loop","player_movement","SOURCE_ONLY","audited-only: footstep breadth cut from mobile build",""
"Assets/Footsteps Pack Expanded/Loops/Water/Water03FastRunning_loop.wav","Water03FastRunning_loop","player_movement","SOURCE_ONLY","audited-only: footstep breadth cut from mobile build",""
"Assets/Footsteps Pack Expanded/Loops/Water/Water03FastWalking_loop.wav","Water03FastWalking_loop","player_movement","SOURCE_ONLY","audited-only: footstep breadth cut from mobile build",""
"Assets/Footsteps Pack Expanded/Loops/Water/Water03Jump.wav","Water03Jump","player_movement","SOURCE_ONLY","audited-only: footstep breadth cut from mobile build",""
"Assets/Footsteps Pack Expanded/Loops/Water/Water03Running_loop.wav","Water03Running_loop","player_movement","SOURCE_ONLY","audited-only: footstep breadth cut from mobile build",""
"Assets/Footsteps Pack Expanded/Loops/Water/Water03Walking_loop.wav","Water03Walking_loop","player_movement","SOURCE_ONLY","audited-only: footstep breadth cut from mobile build",""
"Assets/Footsteps Pack Expanded/Loops/Water/Water04FastRunning_loop.wav","Water04FastRunning_loop","player_movement","SOURCE_ONLY","audited-only: footstep breadth cut from mobile build",""
"Assets/Footsteps Pack Expanded/Loops/Water/Water04FastWalking_loop.wav","Water04FastWalking_loop","player_movement","SOURCE_ONLY","audited-only: footstep breadth cut from mobile build",""
"Assets/Footsteps Pack Expanded/Loops/Water/Water04Jump.wav","Water04Jump","player_movement","SOURCE_ONLY","audited-only: footstep breadth cut from mobile build",""
"Assets/Footsteps Pack Expanded/Loops/Water/Water04Running_loop.wav","Water04Running_loop","player_movement","SOURCE_ONLY","audited-only: footstep breadth cut from mobile build",""
"Assets/Footsteps Pack Expanded/Loops/Water/Water04Walking_loop.wav","Water04Walking_loop","player_movement","SOURCE_ONLY","audited-only: footstep breadth cut from mobile build",""
"Assets/Footsteps Pack Expanded/Loops/Water/Water05FastRunning_loop.wav","Water05FastRunning_loop","player_movement","SOURCE_ONLY","audited-only: footstep breadth cut from mobile build",""
"Assets/Footsteps Pack Expanded/Loops/Water/Water05FastWalking_loop.wav","Water05FastWalking_loop","player_movement","SOURCE_ONLY","audited-only: footstep breadth cut from mobile build",""
"Assets/Footsteps Pack Expanded/Loops/Water/Water05Jump.wav","Water05Jump","player_movement","SOURCE_ONLY","audited-only: footstep breadth cut from mobile build",""
"Assets/Footsteps Pack Expanded/Loops/Water/Water05Running_loop.wav","Water05Running_loop","player_movement","SOURCE_ONLY","audited-only: footstep breadth cut from mobile build",""
"Assets/Footsteps Pack Expanded/Loops/Water/Water05Walking_loop.wav","Water05Walking_loop","player_movement","SOURCE_ONLY","audited-only: footstep breadth cut from mobile build",""
"Assets/Footsteps Pack Expanded/Loops/Water/Water06FastRunning_loop.wav","Water06FastRunning_loop","player_movement","SOURCE_ONLY","audited-only: footstep breadth cut from mobile build",""
"Assets/Footsteps Pack Expanded/Loops/Water/Water06FastWalking_loop.wav","Water06FastWalking_loop","player_movement","SOURCE_ONLY","audited-only: footstep breadth cut from mobile build",""
"Assets/Footsteps Pack Expanded/Loops/Water/Water06Jomp.wav","Water06Jomp","player_movement","SOURCE_ONLY","audited-only: footstep breadth cut from mobile build",""
"Assets/Footsteps Pack Expanded/Loops/Water/Water06Running_loop.wav","Water06Running_loop","player_movement","SOURCE_ONLY","audited-only: footstep breadth cut from mobile build",""
"Assets/Footsteps Pack Expanded/Loops/Water/Water06Walking_loop.wav","Water06Walking_loop","player_movement","SOURCE_ONLY","audited-only: footstep breadth cut from mobile build",""
"Assets/Footsteps Pack Expanded/Loops/Water/Water07FastRunning_loop.wav","Water07FastRunning_loop","player_movement","SOURCE_ONLY","audited-only: footstep breadth cut from mobile build",""
"Assets/Footsteps Pack Expanded/Loops/Water/Water07FastWalking_loop.wav","Water07FastWalking_loop","player_movement","SOURCE_ONLY","audited-only: footstep breadth cut from mobile build",""
"Assets/Footsteps Pack Expanded/Loops/Water/Water07Jump.wav","Water07Jump","player_movement","SOURCE_ONLY","audited-only: footstep breadth cut from mobile build",""
"Assets/Footsteps Pack Expanded/Loops/Water/Water07Running_loop.wav","Water07Running_loop","player_movement","SOURCE_ONLY","audited-only: footstep breadth cut from mobile build",""
"Assets/Footsteps Pack Expanded/Loops/Water/Water07Walking_loop.wav","Water07Walking_loop","player_movement","SOURCE_ONLY","audited-only: footstep breadth cut from mobile build",""
"Assets/Footsteps Pack Expanded/Loops/Water/Water08FastRunning_loop.wav","Water08FastRunning_loop","player_movement","SOURCE_ONLY","audited-only: footstep breadth cut from mobile build",""
"Assets/Footsteps Pack Expanded/Loops/Water/Water08FastWalking_loop.wav","Water08FastWalking_loop","player_movement","SOURCE_ONLY","audited-only: footstep breadth cut from mobile build",""
"Assets/Footsteps Pack Expanded/Loops/Water/Water08Jump.wav","Water08Jump","player_movement","SOURCE_ONLY","audited-only: footstep breadth cut from mobile build",""
"Assets/Footsteps Pack Expanded/Loops/Water/Water08Running_loop.wav","Water08Running_loop","player_movement","SOURCE_ONLY","audited-only: footstep breadth cut from mobile build",""
"Assets/Footsteps Pack Expanded/Loops/Water/Water08Walking_loop.wav","Water08Walking_loop","player_movement","SOURCE_ONLY","audited-only: footstep breadth cut from mobile build",""
"Assets/Footsteps Pack Expanded/Loops/Water/Water09FastRunning_loop.wav","Water09FastRunning_loop","player_movement","SOURCE_ONLY","audited-only: footstep breadth cut from mobile build",""
"Assets/Footsteps Pack Expanded/Loops/Water/Water09FastWalking_loop.wav","Water09FastWalking_loop","player_movement","SOURCE_ONLY","audited-only: footstep breadth cut from mobile build",""
"Assets/Footsteps Pack Expanded/Loops/Water/Water09Jump.wav","Water09Jump","player_movement","SOURCE_ONLY","audited-only: footstep breadth cut from mobile build",""
"Assets/Footsteps Pack Expanded/Loops/Water/Water09Running_loop.wav","Water09Running_loop","player_movement","SOURCE_ONLY","audited-only: footstep breadth cut from mobile build",""
"Assets/Footsteps Pack Expanded/Loops/Water/Water09Walking_loop.wav","Water09Walking_loop","player_movement","SOURCE_ONLY","audited-only: footstep breadth cut from mobile build",""
"Assets/Footsteps Pack Expanded/Loops/Water/Water10FastRunning_loop.wav","Water10FastRunning_loop","player_movement","SOURCE_ONLY","audited-only: footstep breadth cut from mobile build",""
"Assets/Footsteps Pack Expanded/Loops/Water/Water10FastWalking_loop.wav","Water10FastWalking_loop","player_movement","SOURCE_ONLY","audited-only: footstep breadth cut from mobile build",""
"Assets/Footsteps Pack Expanded/Loops/Water/Water10Jump.wav","Water10Jump","player_movement","SOURCE_ONLY","audited-only: footstep breadth cut from mobile build",""
"Assets/Footsteps Pack Expanded/Loops/Water/Water10Running_loop.wav","Water10Running_loop","player_movement","SOURCE_ONLY","audited-only: footstep breadth cut from mobile build",""
"Assets/Footsteps Pack Expanded/Loops/Water/Water10Walking_loop.wav","Water10Walking_loop","player_movement","SOURCE_ONLY","audited-only: footstep breadth cut from mobile build",""
"Assets/Footsteps Pack Expanded/Loops/Water/Water11FastRunning_loop.wav","Water11FastRunning_loop","player_movement","SOURCE_ONLY","audited-only: footstep breadth cut from mobile build",""
"Assets/Footsteps Pack Expanded/Loops/Water/Water11FastWalking_loop.wav","Water11FastWalking_loop","player_movement","SOURCE_ONLY","audited-only: footstep breadth cut from mobile build",""
"Assets/Footsteps Pack Expanded/Loops/Water/Water11Jump.wav","Water11Jump","player_movement","SOURCE_ONLY","audited-only: footstep breadth cut from mobile build",""
"Assets/Footsteps Pack Expanded/Loops/Water/Water11Running_loop.wav","Water11Running_loop","player_movement","SOURCE_ONLY","audited-only: footstep breadth cut from mobile build",""
"Assets/Footsteps Pack Expanded/Loops/Water/Water11Walking_loop.wav","Water11Walking_loop","player_movement","SOURCE_ONLY","audited-only: footstep breadth cut from mobile build",""
"Assets/Footsteps Pack Expanded/Loops/Water/Water12FastRunning_loop.wav","Water12FastRunning_loop","player_movement","SOURCE_ONLY","audited-only: footstep breadth cut from mobile build",""
"Assets/Footsteps Pack Expanded/Loops/Water/Water12FastWalking_loop.wav","Water12FastWalking_loop","player_movement","SOURCE_ONLY","audited-only: footstep breadth cut from mobile build",""
"Assets/Footsteps Pack Expanded/Loops/Water/Water12Running_loop.wav","Water12Running_loop","player_movement","SOURCE_ONLY","audited-only: footstep breadth cut from mobile build",""
"Assets/Footsteps Pack Expanded/Loops/Water/Water12Walking_loop.wav","Water12Walking_loop","player_movement","SOURCE_ONLY","audited-only: footstep breadth cut from mobile build",""
"Assets/Footsteps Pack Expanded/Loops/Water/Water13FastRunning_loop.wav","Water13FastRunning_loop","player_movement","SOURCE_ONLY","audited-only: footstep breadth cut from mobile build",""
"Assets/Footsteps Pack Expanded/Loops/Water/Water13FastWalking_loop.wav","Water13FastWalking_loop","player_movement","SOURCE_ONLY","audited-only: footstep breadth cut from mobile build",""
"Assets/Footsteps Pack Expanded/Loops/Water/Water13Jump.wav","Water13Jump","player_movement","SOURCE_ONLY","audited-only: footstep breadth cut from mobile build",""
"Assets/Footsteps Pack Expanded/Loops/Water/Water13Running_loop.wav","Water13Running_loop","player_movement","SOURCE_ONLY","audited-only: footstep breadth cut from mobile build",""
"Assets/Footsteps Pack Expanded/Loops/Water/Water13Walking_loop.wav","Water13Walking_loop","player_movement","SOURCE_ONLY","audited-only: footstep breadth cut from mobile build",""
"Assets/Footsteps Pack Expanded/Loops/Water/Water14FastRunning_loop.wav","Water14FastRunning_loop","player_movement","SOURCE_ONLY","audited-only: footstep breadth cut from mobile build",""
"Assets/Footsteps Pack Expanded/Loops/Water/Water14FastWalking_loop.wav","Water14FastWalking_loop","player_movement","SOURCE_ONLY","audited-only: footstep breadth cut from mobile build",""
"Assets/Footsteps Pack Expanded/Loops/Water/Water14Jump.wav","Water14Jump","player_movement","SOURCE_ONLY","audited-only: footstep breadth cut from mobile build",""
"Assets/Footsteps Pack Expanded/Loops/Water/Water14Running_loop.wav","Water14Running_loop","player_movement","SOURCE_ONLY","audited-only: footstep breadth cut from mobile build",""
"Assets/Footsteps Pack Expanded/Loops/Water/Water14Walking_loop.wav","Water14Walking_loop","player_movement","SOURCE_ONLY","audited-only: footstep breadth cut from mobile build",""
"Assets/Footsteps Pack Expanded/Loops/Water/Water15FastRunning_loop.wav","Water15FastRunning_loop","player_movement","SOURCE_ONLY","audited-only: footstep breadth cut from mobile build",""
"Assets/Footsteps Pack Expanded/Loops/Water/Water15FastWalking_loop.wav","Water15FastWalking_loop","player_movement","SOURCE_ONLY","audited-only: footstep breadth cut from mobile build",""
"Assets/Footsteps Pack Expanded/Loops/Water/Water15Jump.wav","Water15Jump","player_movement","SOURCE_ONLY","audited-only: footstep breadth cut from mobile build",""
"Assets/Footsteps Pack Expanded/Loops/Water/Water15Running_loop.wav","Water15Running_loop","player_movement","SOURCE_ONLY","audited-only: footstep breadth cut from mobile build",""
"Assets/Footsteps Pack Expanded/Loops/Water/Water15Walking_loop.wav","Water15Walking_loop","player_movement","SOURCE_ONLY","audited-only: footstep breadth cut from mobile build",""
"Assets/Footsteps Pack Expanded/SingleSteps/ConcreteSteps/ConcreteSingelSteps01.wav","ConcreteSingelSteps01","player_movement","ADDRESSABLE","runtime-mapped","library.footsteps.pack.expanded.singlesteps.concretesteps.concretesingelsteps01|sfx.footstep.player.concrete"
"Assets/Footsteps Pack Expanded/SingleSteps/ConcreteSteps/ConcreteSingelSteps02.wav","ConcreteSingelSteps02","player_movement","ADDRESSABLE","runtime-mapped","library.footsteps.pack.expanded.singlesteps.concretesteps.concretesingelsteps02|sfx.footstep.player.concrete"
"Assets/Footsteps Pack Expanded/SingleSteps/ConcreteSteps/ConcreteSingelSteps03.wav","ConcreteSingelSteps03","player_movement","ADDRESSABLE","runtime-mapped","library.footsteps.pack.expanded.singlesteps.concretesteps.concretesingelsteps03|sfx.footstep.player.concrete"
"Assets/Footsteps Pack Expanded/SingleSteps/ConcreteSteps/ConcreteSingelSteps04.wav","ConcreteSingelSteps04","player_movement","ADDRESSABLE","runtime-mapped","library.footsteps.pack.expanded.singlesteps.concretesteps.concretesingelsteps04|sfx.footstep.player.concrete"
"Assets/Footsteps Pack Expanded/SingleSteps/ConcreteSteps/ConcreteSingelSteps05.wav","ConcreteSingelSteps05","player_movement","ADDRESSABLE","runtime-mapped","library.footsteps.pack.expanded.singlesteps.concretesteps.concretesingelsteps05|sfx.footstep.player.concrete"
"Assets/Footsteps Pack Expanded/SingleSteps/ConcreteSteps/ConcreteSingelSteps06.wav","ConcreteSingelSteps06","player_movement","ADDRESSABLE","runtime-mapped","library.footsteps.pack.expanded.singlesteps.concretesteps.concretesingelsteps06|sfx.footstep.player.concrete"
"Assets/Footsteps Pack Expanded/SingleSteps/ConcreteSteps/ConcreteSingelSteps07.wav","ConcreteSingelSteps07","player_movement","ADDRESSABLE","runtime-mapped","library.footsteps.pack.expanded.singlesteps.concretesteps.concretesingelsteps07|sfx.footstep.player.concrete"
"Assets/Footsteps Pack Expanded/SingleSteps/ConcreteSteps/ConcreteSingelSteps08.wav","ConcreteSingelSteps08","player_movement","ADDRESSABLE","runtime-mapped","library.footsteps.pack.expanded.singlesteps.concretesteps.concretesingelsteps08|sfx.footstep.player.concrete"
"Assets/Footsteps Pack Expanded/SingleSteps/ConcreteSteps/ConcreteSingelSteps09.wav","ConcreteSingelSteps09","player_movement","SOURCE_ONLY","audited-only: footstep breadth cut from mobile build",""
"Assets/Footsteps Pack Expanded/SingleSteps/ConcreteSteps/ConcreteSingelSteps10.wav","ConcreteSingelSteps10","player_movement","SOURCE_ONLY","audited-only: footstep breadth cut from mobile build",""
"Assets/Footsteps Pack Expanded/SingleSteps/ConcreteSteps/ConcreteSingelSteps100.wav","ConcreteSingelSteps100","player_movement","SOURCE_ONLY","audited-only: footstep breadth cut from mobile build",""
"Assets/Footsteps Pack Expanded/SingleSteps/ConcreteSteps/ConcreteSingelSteps101.wav","ConcreteSingelSteps101","player_movement","SOURCE_ONLY","audited-only: footstep breadth cut from mobile build",""
"Assets/Footsteps Pack Expanded/SingleSteps/ConcreteSteps/ConcreteSingelSteps102.wav","ConcreteSingelSteps102","player_movement","SOURCE_ONLY","audited-only: footstep breadth cut from mobile build",""
"Assets/Footsteps Pack Expanded/SingleSteps/ConcreteSteps/ConcreteSingelSteps103.wav","ConcreteSingelSteps103","player_movement","SOURCE_ONLY","audited-only: footstep breadth cut from mobile build",""
"Assets/Footsteps Pack Expanded/SingleSteps/ConcreteSteps/ConcreteSingelSteps104.wav","ConcreteSingelSteps104","player_movement","SOURCE_ONLY","audited-only: footstep breadth cut from mobile build",""
"Assets/Footsteps Pack Expanded/SingleSteps/ConcreteSteps/ConcreteSingelSteps105.wav","ConcreteSingelSteps105","player_movement","SOURCE_ONLY","audited-only: footstep breadth cut from mobile build",""
"Assets/Footsteps Pack Expanded/SingleSteps/ConcreteSteps/ConcreteSingelSteps106.wav","ConcreteSingelSteps106","player_movement","SOURCE_ONLY","audited-only: footstep breadth cut from mobile build",""
"Assets/Footsteps Pack Expanded/SingleSteps/ConcreteSteps/ConcreteSingelSteps107.wav","ConcreteSingelSteps107","player_movement","SOURCE_ONLY","audited-only: footstep breadth cut from mobile build",""
"Assets/Footsteps Pack Expanded/SingleSteps/ConcreteSteps/ConcreteSingelSteps108.wav","ConcreteSingelSteps108","player_movement","SOURCE_ONLY","audited-only: footstep breadth cut from mobile build",""
"Assets/Footsteps Pack Expanded/SingleSteps/ConcreteSteps/ConcreteSingelSteps109.wav","ConcreteSingelSteps109","player_movement","SOURCE_ONLY","audited-only: footstep breadth cut from mobile build",""
"Assets/Footsteps Pack Expanded/SingleSteps/ConcreteSteps/ConcreteSingelSteps11.wav","ConcreteSingelSteps11","player_movement","SOURCE_ONLY","audited-only: footstep breadth cut from mobile build",""
"Assets/Footsteps Pack Expanded/SingleSteps/ConcreteSteps/ConcreteSingelSteps110.wav","ConcreteSingelSteps110","player_movement","SOURCE_ONLY","audited-only: footstep breadth cut from mobile build",""
"Assets/Footsteps Pack Expanded/SingleSteps/ConcreteSteps/ConcreteSingelSteps111.wav","ConcreteSingelSteps111","player_movement","SOURCE_ONLY","audited-only: footstep breadth cut from mobile build",""
"Assets/Footsteps Pack Expanded/SingleSteps/ConcreteSteps/ConcreteSingelSteps112.wav","ConcreteSingelSteps112","player_movement","SOURCE_ONLY","audited-only: footstep breadth cut from mobile build",""
"Assets/Footsteps Pack Expanded/SingleSteps/ConcreteSteps/ConcreteSingelSteps113.wav","ConcreteSingelSteps113","player_movement","SOURCE_ONLY","audited-only: footstep breadth cut from mobile build",""
"Assets/Footsteps Pack Expanded/SingleSteps/ConcreteSteps/ConcreteSingelSteps114.wav","ConcreteSingelSteps114","player_movement","SOURCE_ONLY","audited-only: footstep breadth cut from mobile build",""
"Assets/Footsteps Pack Expanded/SingleSteps/ConcreteSteps/ConcreteSingelSteps115.wav","ConcreteSingelSteps115","player_movement","SOURCE_ONLY","audited-only: footstep breadth cut from mobile build",""
"Assets/Footsteps Pack Expanded/SingleSteps/ConcreteSteps/ConcreteSingelSteps116.wav","ConcreteSingelSteps116","player_movement","SOURCE_ONLY","audited-only: footstep breadth cut from mobile build",""
"Assets/Footsteps Pack Expanded/SingleSteps/ConcreteSteps/ConcreteSingelSteps117.wav","ConcreteSingelSteps117","player_movement","SOURCE_ONLY","audited-only: footstep breadth cut from mobile build",""
"Assets/Footsteps Pack Expanded/SingleSteps/ConcreteSteps/ConcreteSingelSteps118.wav","ConcreteSingelSteps118","player_movement","SOURCE_ONLY","audited-only: footstep breadth cut from mobile build",""
"Assets/Footsteps Pack Expanded/SingleSteps/ConcreteSteps/ConcreteSingelSteps119.wav","ConcreteSingelSteps119","player_movement","SOURCE_ONLY","audited-only: footstep breadth cut from mobile build",""
"Assets/Footsteps Pack Expanded/SingleSteps/ConcreteSteps/ConcreteSingelSteps12.wav","ConcreteSingelSteps12","player_movement","SOURCE_ONLY","audited-only: footstep breadth cut from mobile build",""
"Assets/Footsteps Pack Expanded/SingleSteps/ConcreteSteps/ConcreteSingelSteps120.wav","ConcreteSingelSteps120","player_movement","SOURCE_ONLY","audited-only: footstep breadth cut from mobile build",""
"Assets/Footsteps Pack Expanded/SingleSteps/ConcreteSteps/ConcreteSingelSteps121.wav","ConcreteSingelSteps121","player_movement","SOURCE_ONLY","audited-only: footstep breadth cut from mobile build",""
"Assets/Footsteps Pack Expanded/SingleSteps/ConcreteSteps/ConcreteSingelSteps122.wav","ConcreteSingelSteps122","player_movement","SOURCE_ONLY","audited-only: footstep breadth cut from mobile build",""
"Assets/Footsteps Pack Expanded/SingleSteps/ConcreteSteps/ConcreteSingelSteps123.wav","ConcreteSingelSteps123","player_movement","SOURCE_ONLY","audited-only: footstep breadth cut from mobile build",""
"Assets/Footsteps Pack Expanded/SingleSteps/ConcreteSteps/ConcreteSingelSteps124.wav","ConcreteSingelSteps124","player_movement","SOURCE_ONLY","audited-only: footstep breadth cut from mobile build",""
"Assets/Footsteps Pack Expanded/SingleSteps/ConcreteSteps/ConcreteSingelSteps125.wav","ConcreteSingelSteps125","player_movement","SOURCE_ONLY","audited-only: footstep breadth cut from mobile build",""
"Assets/Footsteps Pack Expanded/SingleSteps/ConcreteSteps/ConcreteSingelSteps126.wav","ConcreteSingelSteps126","player_movement","SOURCE_ONLY","audited-only: footstep breadth cut from mobile build",""
"Assets/Footsteps Pack Expanded/SingleSteps/ConcreteSteps/ConcreteSingelSteps127.wav","ConcreteSingelSteps127","player_movement","SOURCE_ONLY","audited-only: footstep breadth cut from mobile build",""
"Assets/Footsteps Pack Expanded/SingleSteps/ConcreteSteps/ConcreteSingelSteps128.wav","ConcreteSingelSteps128","player_movement","SOURCE_ONLY","audited-only: footstep breadth cut from mobile build",""
"Assets/Footsteps Pack Expanded/SingleSteps/ConcreteSteps/ConcreteSingelSteps129.wav","ConcreteSingelSteps129","player_movement","SOURCE_ONLY","audited-only: footstep breadth cut from mobile build",""
"Assets/Footsteps Pack Expanded/SingleSteps/ConcreteSteps/ConcreteSingelSteps13.wav","ConcreteSingelSteps13","player_movement","SOURCE_ONLY","audited-only: footstep breadth cut from mobile build",""
"Assets/Footsteps Pack Expanded/SingleSteps/ConcreteSteps/ConcreteSingelSteps130.wav","ConcreteSingelSteps130","player_movement","SOURCE_ONLY","audited-only: footstep breadth cut from mobile build",""
"Assets/Footsteps Pack Expanded/SingleSteps/ConcreteSteps/ConcreteSingelSteps131.wav","ConcreteSingelSteps131","player_movement","SOURCE_ONLY","audited-only: footstep breadth cut from mobile build",""
"Assets/Footsteps Pack Expanded/SingleSteps/ConcreteSteps/ConcreteSingelSteps132.wav","ConcreteSingelSteps132","player_movement","SOURCE_ONLY","audited-only: footstep breadth cut from mobile build",""
"Assets/Footsteps Pack Expanded/SingleSteps/ConcreteSteps/ConcreteSingelSteps133.wav","ConcreteSingelSteps133","player_movement","SOURCE_ONLY","audited-only: footstep breadth cut from mobile build",""
"Assets/Footsteps Pack Expanded/SingleSteps/ConcreteSteps/ConcreteSingelSteps134.wav","ConcreteSingelSteps134","player_movement","SOURCE_ONLY","audited-only: footstep breadth cut from mobile build",""
"Assets/Footsteps Pack Expanded/SingleSteps/ConcreteSteps/ConcreteSingelSteps135.wav","ConcreteSingelSteps135","player_movement","SOURCE_ONLY","audited-only: footstep breadth cut from mobile build",""
"Assets/Footsteps Pack Expanded/SingleSteps/ConcreteSteps/ConcreteSingelSteps136.wav","ConcreteSingelSteps136","player_movement","SOURCE_ONLY","audited-only: footstep breadth cut from mobile build",""
"Assets/Footsteps Pack Expanded/SingleSteps/ConcreteSteps/ConcreteSingelSteps137.wav","ConcreteSingelSteps137","player_movement","SOURCE_ONLY","audited-only: footstep breadth cut from mobile build",""
"Assets/Footsteps Pack Expanded/SingleSteps/ConcreteSteps/ConcreteSingelSteps138.wav","ConcreteSingelSteps138","player_movement","SOURCE_ONLY","audited-only: footstep breadth cut from mobile build",""
"Assets/Footsteps Pack Expanded/SingleSteps/ConcreteSteps/ConcreteSingelSteps139.wav","ConcreteSingelSteps139","player_movement","SOURCE_ONLY","audited-only: footstep breadth cut from mobile build",""
"Assets/Footsteps Pack Expanded/SingleSteps/ConcreteSteps/ConcreteSingelSteps14.wav","ConcreteSingelSteps14","player_movement","SOURCE_ONLY","audited-only: footstep breadth cut from mobile build",""
"Assets/Footsteps Pack Expanded/SingleSteps/ConcreteSteps/ConcreteSingelSteps140.wav","ConcreteSingelSteps140","player_movement","SOURCE_ONLY","audited-only: footstep breadth cut from mobile build",""
"Assets/Footsteps Pack Expanded/SingleSteps/ConcreteSteps/ConcreteSingelSteps141.wav","ConcreteSingelSteps141","player_movement","SOURCE_ONLY","audited-only: footstep breadth cut from mobile build",""
"Assets/Footsteps Pack Expanded/SingleSteps/ConcreteSteps/ConcreteSingelSteps142.wav","ConcreteSingelSteps142","player_movement","SOURCE_ONLY","audited-only: footstep breadth cut from mobile build",""
"Assets/Footsteps Pack Expanded/SingleSteps/ConcreteSteps/ConcreteSingelSteps143.wav","ConcreteSingelSteps143","player_movement","SOURCE_ONLY","audited-only: footstep breadth cut from mobile build",""
"Assets/Footsteps Pack Expanded/SingleSteps/ConcreteSteps/ConcreteSingelSteps144.wav","ConcreteSingelSteps144","player_movement","SOURCE_ONLY","audited-only: footstep breadth cut from mobile build",""
"Assets/Footsteps Pack Expanded/SingleSteps/ConcreteSteps/ConcreteSingelSteps145.wav","ConcreteSingelSteps145","player_movement","SOURCE_ONLY","audited-only: footstep breadth cut from mobile build",""
"Assets/Footsteps Pack Expanded/SingleSteps/ConcreteSteps/ConcreteSingelSteps146.wav","ConcreteSingelSteps146","player_movement","SOURCE_ONLY","audited-only: footstep breadth cut from mobile build",""
"Assets/Footsteps Pack Expanded/SingleSteps/ConcreteSteps/ConcreteSingelSteps147.wav","ConcreteSingelSteps147","player_movement","SOURCE_ONLY","audited-only: footstep breadth cut from mobile build",""
"Assets/Footsteps Pack Expanded/SingleSteps/ConcreteSteps/ConcreteSingelSteps148.wav","ConcreteSingelSteps148","player_movement","SOURCE_ONLY","audited-only: footstep breadth cut from mobile build",""
"Assets/Footsteps Pack Expanded/SingleSteps/ConcreteSteps/ConcreteSingelSteps149.wav","ConcreteSingelSteps149","player_movement","SOURCE_ONLY","audited-only: footstep breadth cut from mobile build",""
"Assets/Footsteps Pack Expanded/SingleSteps/ConcreteSteps/ConcreteSingelSteps15.wav","ConcreteSingelSteps15","player_movement","SOURCE_ONLY","audited-only: footstep breadth cut from mobile build",""
"Assets/Footsteps Pack Expanded/SingleSteps/ConcreteSteps/ConcreteSingelSteps150.wav","ConcreteSingelSteps150","player_movement","SOURCE_ONLY","audited-only: footstep breadth cut from mobile build",""
"Assets/Footsteps Pack Expanded/SingleSteps/ConcreteSteps/ConcreteSingelSteps151.wav","ConcreteSingelSteps151","player_movement","SOURCE_ONLY","audited-only: footstep breadth cut from mobile build",""
"Assets/Footsteps Pack Expanded/SingleSteps/ConcreteSteps/ConcreteSingelSteps152.wav","ConcreteSingelSteps152","player_movement","SOURCE_ONLY","audited-only: footstep breadth cut from mobile build",""
"Assets/Footsteps Pack Expanded/SingleSteps/ConcreteSteps/ConcreteSingelSteps153.wav","ConcreteSingelSteps153","player_movement","SOURCE_ONLY","audited-only: footstep breadth cut from mobile build",""
"Assets/Footsteps Pack Expanded/SingleSteps/ConcreteSteps/ConcreteSingelSteps154.wav","ConcreteSingelSteps154","player_movement","SOURCE_ONLY","audited-only: footstep breadth cut from mobile build",""
"Assets/Footsteps Pack Expanded/SingleSteps/ConcreteSteps/ConcreteSingelSteps155.wav","ConcreteSingelSteps155","player_movement","SOURCE_ONLY","audited-only: footstep breadth cut from mobile build",""
"Assets/Footsteps Pack Expanded/SingleSteps/ConcreteSteps/ConcreteSingelSteps156.wav","ConcreteSingelSteps156","player_movement","SOURCE_ONLY","audited-only: footstep breadth cut from mobile build",""
"Assets/Footsteps Pack Expanded/SingleSteps/ConcreteSteps/ConcreteSingelSteps157.wav","ConcreteSingelSteps157","player_movement","SOURCE_ONLY","audited-only: footstep breadth cut from mobile build",""
"Assets/Footsteps Pack Expanded/SingleSteps/ConcreteSteps/ConcreteSingelSteps158.wav","ConcreteSingelSteps158","player_movement","SOURCE_ONLY","audited-only: footstep breadth cut from mobile build",""
"Assets/Footsteps Pack Expanded/SingleSteps/ConcreteSteps/ConcreteSingelSteps159.wav","ConcreteSingelSteps159","player_movement","SOURCE_ONLY","audited-only: footstep breadth cut from mobile build",""
"Assets/Footsteps Pack Expanded/SingleSteps/ConcreteSteps/ConcreteSingelSteps16.wav","ConcreteSingelSteps16","player_movement","SOURCE_ONLY","audited-only: footstep breadth cut from mobile build",""
"Assets/Footsteps Pack Expanded/SingleSteps/ConcreteSteps/ConcreteSingelSteps160.wav","ConcreteSingelSteps160","player_movement","SOURCE_ONLY","audited-only: footstep breadth cut from mobile build",""
"Assets/Footsteps Pack Expanded/SingleSteps/ConcreteSteps/ConcreteSingelSteps161.wav","ConcreteSingelSteps161","player_movement","SOURCE_ONLY","audited-only: footstep breadth cut from mobile build",""
"Assets/Footsteps Pack Expanded/SingleSteps/ConcreteSteps/ConcreteSingelSteps162.wav","ConcreteSingelSteps162","player_movement","SOURCE_ONLY","audited-only: footstep breadth cut from mobile build",""
"Assets/Footsteps Pack Expanded/SingleSteps/ConcreteSteps/ConcreteSingelSteps163.wav","ConcreteSingelSteps163","player_movement","SOURCE_ONLY","audited-only: footstep breadth cut from mobile build",""
"Assets/Footsteps Pack Expanded/SingleSteps/ConcreteSteps/ConcreteSingelSteps164.wav","ConcreteSingelSteps164","player_movement","SOURCE_ONLY","audited-only: footstep breadth cut from mobile build",""
"Assets/Footsteps Pack Expanded/SingleSteps/ConcreteSteps/ConcreteSingelSteps165.wav","ConcreteSingelSteps165","player_movement","SOURCE_ONLY","audited-only: footstep breadth cut from mobile build",""
"Assets/Footsteps Pack Expanded/SingleSteps/ConcreteSteps/ConcreteSingelSteps166.wav","ConcreteSingelSteps166","player_movement","SOURCE_ONLY","audited-only: footstep breadth cut from mobile build",""
"Assets/Footsteps Pack Expanded/SingleSteps/ConcreteSteps/ConcreteSingelSteps167.wav","ConcreteSingelSteps167","player_movement","SOURCE_ONLY","audited-only: footstep breadth cut from mobile build",""
"Assets/Footsteps Pack Expanded/SingleSteps/ConcreteSteps/ConcreteSingelSteps168.wav","ConcreteSingelSteps168","player_movement","SOURCE_ONLY","audited-only: footstep breadth cut from mobile build",""
"Assets/Footsteps Pack Expanded/SingleSteps/ConcreteSteps/ConcreteSingelSteps169.wav","ConcreteSingelSteps169","player_movement","SOURCE_ONLY","audited-only: footstep breadth cut from mobile build",""
"Assets/Footsteps Pack Expanded/SingleSteps/ConcreteSteps/ConcreteSingelSteps17.wav","ConcreteSingelSteps17","player_movement","SOURCE_ONLY","audited-only: footstep breadth cut from mobile build",""
"Assets/Footsteps Pack Expanded/SingleSteps/ConcreteSteps/ConcreteSingelSteps170.wav","ConcreteSingelSteps170","player_movement","SOURCE_ONLY","audited-only: footstep breadth cut from mobile build",""
"Assets/Footsteps Pack Expanded/SingleSteps/ConcreteSteps/ConcreteSingelSteps171.wav","ConcreteSingelSteps171","player_movement","SOURCE_ONLY","audited-only: footstep breadth cut from mobile build",""
"Assets/Footsteps Pack Expanded/SingleSteps/ConcreteSteps/ConcreteSingelSteps172.wav","ConcreteSingelSteps172","player_movement","SOURCE_ONLY","audited-only: footstep breadth cut from mobile build",""
"Assets/Footsteps Pack Expanded/SingleSteps/ConcreteSteps/ConcreteSingelSteps173.wav","ConcreteSingelSteps173","player_movement","SOURCE_ONLY","audited-only: footstep breadth cut from mobile build",""
"Assets/Footsteps Pack Expanded/SingleSteps/ConcreteSteps/ConcreteSingelSteps174.wav","ConcreteSingelSteps174","player_movement","SOURCE_ONLY","audited-only: footstep breadth cut from mobile build",""
"Assets/Footsteps Pack Expanded/SingleSteps/ConcreteSteps/ConcreteSingelSteps175.wav","ConcreteSingelSteps175","player_movement","SOURCE_ONLY","audited-only: footstep breadth cut from mobile build",""
"Assets/Footsteps Pack Expanded/SingleSteps/ConcreteSteps/ConcreteSingelSteps176.wav","ConcreteSingelSteps176","player_movement","SOURCE_ONLY","audited-only: footstep breadth cut from mobile build",""
"Assets/Footsteps Pack Expanded/SingleSteps/ConcreteSteps/ConcreteSingelSteps177.wav","ConcreteSingelSteps177","player_movement","SOURCE_ONLY","audited-only: footstep breadth cut from mobile build",""
"Assets/Footsteps Pack Expanded/SingleSteps/ConcreteSteps/ConcreteSingelSteps178.wav","ConcreteSingelSteps178","player_movement","SOURCE_ONLY","audited-only: footstep breadth cut from mobile build",""
"Assets/Footsteps Pack Expanded/SingleSteps/ConcreteSteps/ConcreteSingelSteps179.wav","ConcreteSingelSteps179","player_movement","SOURCE_ONLY","audited-only: footstep breadth cut from mobile build",""
"Assets/Footsteps Pack Expanded/SingleSteps/ConcreteSteps/ConcreteSingelSteps18.wav","ConcreteSingelSteps18","player_movement","SOURCE_ONLY","audited-only: footstep breadth cut from mobile build",""
"Assets/Footsteps Pack Expanded/SingleSteps/ConcreteSteps/ConcreteSingelSteps180.wav","ConcreteSingelSteps180","player_movement","SOURCE_ONLY","audited-only: footstep breadth cut from mobile build",""
"Assets/Footsteps Pack Expanded/SingleSteps/ConcreteSteps/ConcreteSingelSteps181.wav","ConcreteSingelSteps181","player_movement","SOURCE_ONLY","audited-only: footstep breadth cut from mobile build",""
"Assets/Footsteps Pack Expanded/SingleSteps/ConcreteSteps/ConcreteSingelSteps182.wav","ConcreteSingelSteps182","player_movement","SOURCE_ONLY","audited-only: footstep breadth cut from mobile build",""
"Assets/Footsteps Pack Expanded/SingleSteps/ConcreteSteps/ConcreteSingelSteps183.wav","ConcreteSingelSteps183","player_movement","SOURCE_ONLY","audited-only: footstep breadth cut from mobile build",""
"Assets/Footsteps Pack Expanded/SingleSteps/ConcreteSteps/ConcreteSingelSteps184.wav","ConcreteSingelSteps184","player_movement","SOURCE_ONLY","audited-only: footstep breadth cut from mobile build",""
"Assets/Footsteps Pack Expanded/SingleSteps/ConcreteSteps/ConcreteSingelSteps185.wav","ConcreteSingelSteps185","player_movement","SOURCE_ONLY","audited-only: footstep breadth cut from mobile build",""
"Assets/Footsteps Pack Expanded/SingleSteps/ConcreteSteps/ConcreteSingelSteps186.wav","ConcreteSingelSteps186","player_movement","SOURCE_ONLY","audited-only: footstep breadth cut from mobile build",""
"Assets/Footsteps Pack Expanded/SingleSteps/ConcreteSteps/ConcreteSingelSteps187.wav","ConcreteSingelSteps187","player_movement","SOURCE_ONLY","audited-only: footstep breadth cut from mobile build",""
"Assets/Footsteps Pack Expanded/SingleSteps/ConcreteSteps/ConcreteSingelSteps188.wav","ConcreteSingelSteps188","player_movement","SOURCE_ONLY","audited-only: footstep breadth cut from mobile build",""
"Assets/Footsteps Pack Expanded/SingleSteps/ConcreteSteps/ConcreteSingelSteps189.wav","ConcreteSingelSteps189","player_movement","SOURCE_ONLY","audited-only: footstep breadth cut from mobile build",""
"Assets/Footsteps Pack Expanded/SingleSteps/ConcreteSteps/ConcreteSingelSteps19.wav","ConcreteSingelSteps19","player_movement","SOURCE_ONLY","audited-only: footstep breadth cut from mobile build",""
"Assets/Footsteps Pack Expanded/SingleSteps/ConcreteSteps/ConcreteSingelSteps190.wav","ConcreteSingelSteps190","player_movement","SOURCE_ONLY","audited-only: footstep breadth cut from mobile build",""
"Assets/Footsteps Pack Expanded/SingleSteps/ConcreteSteps/ConcreteSingelSteps191.wav","ConcreteSingelSteps191","player_movement","SOURCE_ONLY","audited-only: footstep breadth cut from mobile build",""
"Assets/Footsteps Pack Expanded/SingleSteps/ConcreteSteps/ConcreteSingelSteps192.wav","ConcreteSingelSteps192","player_movement","SOURCE_ONLY","audited-only: footstep breadth cut from mobile build",""
"Assets/Footsteps Pack Expanded/SingleSteps/ConcreteSteps/ConcreteSingelSteps193.wav","ConcreteSingelSteps193","player_movement","SOURCE_ONLY","audited-only: footstep breadth cut from mobile build",""
"Assets/Footsteps Pack Expanded/SingleSteps/ConcreteSteps/ConcreteSingelSteps194.wav","ConcreteSingelSteps194","player_movement","SOURCE_ONLY","audited-only: footstep breadth cut from mobile build",""
"Assets/Footsteps Pack Expanded/SingleSteps/ConcreteSteps/ConcreteSingelSteps195.wav","ConcreteSingelSteps195","player_movement","SOURCE_ONLY","audited-only: footstep breadth cut from mobile build",""
"Assets/Footsteps Pack Expanded/SingleSteps/ConcreteSteps/ConcreteSingelSteps196.wav","ConcreteSingelSteps196","player_movement","SOURCE_ONLY","audited-only: footstep breadth cut from mobile build",""
"Assets/Footsteps Pack Expanded/SingleSteps/ConcreteSteps/ConcreteSingelSteps197.wav","ConcreteSingelSteps197","player_movement","SOURCE_ONLY","audited-only: footstep breadth cut from mobile build",""
"Assets/Footsteps Pack Expanded/SingleSteps/ConcreteSteps/ConcreteSingelSteps198.wav","ConcreteSingelSteps198","player_movement","SOURCE_ONLY","audited-only: footstep breadth cut from mobile build",""
"Assets/Footsteps Pack Expanded/SingleSteps/ConcreteSteps/ConcreteSingelSteps199.wav","ConcreteSingelSteps199","player_movement","SOURCE_ONLY","audited-only: footstep breadth cut from mobile build",""
"Assets/Footsteps Pack Expanded/SingleSteps/ConcreteSteps/ConcreteSingelSteps20.wav","ConcreteSingelSteps20","player_movement","SOURCE_ONLY","audited-only: footstep breadth cut from mobile build",""
"Assets/Footsteps Pack Expanded/SingleSteps/ConcreteSteps/ConcreteSingelSteps200.wav","ConcreteSingelSteps200","player_movement","SOURCE_ONLY","audited-only: footstep breadth cut from mobile build",""
"Assets/Footsteps Pack Expanded/SingleSteps/ConcreteSteps/ConcreteSingelSteps201.wav","ConcreteSingelSteps201","player_movement","SOURCE_ONLY","audited-only: footstep breadth cut from mobile build",""
"Assets/Footsteps Pack Expanded/SingleSteps/ConcreteSteps/ConcreteSingelSteps202.wav","ConcreteSingelSteps202","player_movement","SOURCE_ONLY","audited-only: footstep breadth cut from mobile build",""
"Assets/Footsteps Pack Expanded/SingleSteps/ConcreteSteps/ConcreteSingelSteps203.wav","ConcreteSingelSteps203","player_movement","SOURCE_ONLY","audited-only: footstep breadth cut from mobile build",""
"Assets/Footsteps Pack Expanded/SingleSteps/ConcreteSteps/ConcreteSingelSteps204.wav","ConcreteSingelSteps204","player_movement","SOURCE_ONLY","audited-only: footstep breadth cut from mobile build",""
"Assets/Footsteps Pack Expanded/SingleSteps/ConcreteSteps/ConcreteSingelSteps205.wav","ConcreteSingelSteps205","player_movement","SOURCE_ONLY","audited-only: footstep breadth cut from mobile build",""
"Assets/Footsteps Pack Expanded/SingleSteps/ConcreteSteps/ConcreteSingelSteps206.wav","ConcreteSingelSteps206","player_movement","SOURCE_ONLY","audited-only: footstep breadth cut from mobile build",""
"Assets/Footsteps Pack Expanded/SingleSteps/ConcreteSteps/ConcreteSingelSteps207.wav","ConcreteSingelSteps207","player_movement","SOURCE_ONLY","audited-only: footstep breadth cut from mobile build",""
"Assets/Footsteps Pack Expanded/SingleSteps/ConcreteSteps/ConcreteSingelSteps208.wav","ConcreteSingelSteps208","player_movement","SOURCE_ONLY","audited-only: footstep breadth cut from mobile build",""
"Assets/Footsteps Pack Expanded/SingleSteps/ConcreteSteps/ConcreteSingelSteps209.wav","ConcreteSingelSteps209","player_movement","SOURCE_ONLY","audited-only: footstep breadth cut from mobile build",""
"Assets/Footsteps Pack Expanded/SingleSteps/ConcreteSteps/ConcreteSingelSteps21.wav","ConcreteSingelSteps21","player_movement","SOURCE_ONLY","audited-only: footstep breadth cut from mobile build",""
"Assets/Footsteps Pack Expanded/SingleSteps/ConcreteSteps/ConcreteSingelSteps210.wav","ConcreteSingelSteps210","player_movement","SOURCE_ONLY","audited-only: footstep breadth cut from mobile build",""
"Assets/Footsteps Pack Expanded/SingleSteps/ConcreteSteps/ConcreteSingelSteps211.wav","ConcreteSingelSteps211","player_movement","SOURCE_ONLY","audited-only: footstep breadth cut from mobile build",""
"Assets/Footsteps Pack Expanded/SingleSteps/ConcreteSteps/ConcreteSingelSteps212.wav","ConcreteSingelSteps212","player_movement","SOURCE_ONLY","audited-only: footstep breadth cut from mobile build",""
"Assets/Footsteps Pack Expanded/SingleSteps/ConcreteSteps/ConcreteSingelSteps213.wav","ConcreteSingelSteps213","player_movement","SOURCE_ONLY","audited-only: footstep breadth cut from mobile build",""
"Assets/Footsteps Pack Expanded/SingleSteps/ConcreteSteps/ConcreteSingelSteps214.wav","ConcreteSingelSteps214","player_movement","SOURCE_ONLY","audited-only: footstep breadth cut from mobile build",""
"Assets/Footsteps Pack Expanded/SingleSteps/ConcreteSteps/ConcreteSingelSteps215.wav","ConcreteSingelSteps215","player_movement","SOURCE_ONLY","audited-only: footstep breadth cut from mobile build",""
"Assets/Footsteps Pack Expanded/SingleSteps/ConcreteSteps/ConcreteSingelSteps216.wav","ConcreteSingelSteps216","player_movement","SOURCE_ONLY","audited-only: footstep breadth cut from mobile build",""
"Assets/Footsteps Pack Expanded/SingleSteps/ConcreteSteps/ConcreteSingelSteps217.wav","ConcreteSingelSteps217","player_movement","SOURCE_ONLY","audited-only: footstep breadth cut from mobile build",""
"Assets/Footsteps Pack Expanded/SingleSteps/ConcreteSteps/ConcreteSingelSteps218.wav","ConcreteSingelSteps218","player_movement","SOURCE_ONLY","audited-only: footstep breadth cut from mobile build",""
"Assets/Footsteps Pack Expanded/SingleSteps/ConcreteSteps/ConcreteSingelSteps219.wav","ConcreteSingelSteps219","player_movement","SOURCE_ONLY","audited-only: footstep breadth cut from mobile build",""
"Assets/Footsteps Pack Expanded/SingleSteps/ConcreteSteps/ConcreteSingelSteps22.wav","ConcreteSingelSteps22","player_movement","SOURCE_ONLY","audited-only: footstep breadth cut from mobile build",""
"Assets/Footsteps Pack Expanded/SingleSteps/ConcreteSteps/ConcreteSingelSteps220.wav","ConcreteSingelSteps220","player_movement","SOURCE_ONLY","audited-only: footstep breadth cut from mobile build",""
"Assets/Footsteps Pack Expanded/SingleSteps/ConcreteSteps/ConcreteSingelSteps221.wav","ConcreteSingelSteps221","player_movement","SOURCE_ONLY","audited-only: footstep breadth cut from mobile build",""
"Assets/Footsteps Pack Expanded/SingleSteps/ConcreteSteps/ConcreteSingelSteps222.wav","ConcreteSingelSteps222","player_movement","SOURCE_ONLY","audited-only: footstep breadth cut from mobile build",""
"Assets/Footsteps Pack Expanded/SingleSteps/ConcreteSteps/ConcreteSingelSteps223.wav","ConcreteSingelSteps223","player_movement","SOURCE_ONLY","audited-only: footstep breadth cut from mobile build",""
"Assets/Footsteps Pack Expanded/SingleSteps/ConcreteSteps/ConcreteSingelSteps224.wav","ConcreteSingelSteps224","player_movement","SOURCE_ONLY","audited-only: footstep breadth cut from mobile build",""
"Assets/Footsteps Pack Expanded/SingleSteps/ConcreteSteps/ConcreteSingelSteps225.wav","ConcreteSingelSteps225","player_movement","SOURCE_ONLY","audited-only: footstep breadth cut from mobile build",""
"Assets/Footsteps Pack Expanded/SingleSteps/ConcreteSteps/ConcreteSingelSteps226.wav","ConcreteSingelSteps226","player_movement","SOURCE_ONLY","audited-only: footstep breadth cut from mobile build",""
"Assets/Footsteps Pack Expanded/SingleSteps/ConcreteSteps/ConcreteSingelSteps227.wav","ConcreteSingelSteps227","player_movement","SOURCE_ONLY","audited-only: footstep breadth cut from mobile build",""
"Assets/Footsteps Pack Expanded/SingleSteps/ConcreteSteps/ConcreteSingelSteps228.wav","ConcreteSingelSteps228","player_movement","SOURCE_ONLY","audited-only: footstep breadth cut from mobile build",""
"Assets/Footsteps Pack Expanded/SingleSteps/ConcreteSteps/ConcreteSingelSteps229.wav","ConcreteSingelSteps229","player_movement","SOURCE_ONLY","audited-only: footstep breadth cut from mobile build",""
"Assets/Footsteps Pack Expanded/SingleSteps/ConcreteSteps/ConcreteSingelSteps23.wav","ConcreteSingelSteps23","player_movement","SOURCE_ONLY","audited-only: footstep breadth cut from mobile build",""
"Assets/Footsteps Pack Expanded/SingleSteps/ConcreteSteps/ConcreteSingelSteps230.wav","ConcreteSingelSteps230","player_movement","SOURCE_ONLY","audited-only: footstep breadth cut from mobile build",""
"Assets/Footsteps Pack Expanded/SingleSteps/ConcreteSteps/ConcreteSingelSteps231.wav","ConcreteSingelSteps231","player_movement","SOURCE_ONLY","audited-only: footstep breadth cut from mobile build",""
"Assets/Footsteps Pack Expanded/SingleSteps/ConcreteSteps/ConcreteSingelSteps232.wav","ConcreteSingelSteps232","player_movement","SOURCE_ONLY","audited-only: footstep breadth cut from mobile build",""
"Assets/Footsteps Pack Expanded/SingleSteps/ConcreteSteps/ConcreteSingelSteps233.wav","ConcreteSingelSteps233","player_movement","SOURCE_ONLY","audited-only: footstep breadth cut from mobile build",""
"Assets/Footsteps Pack Expanded/SingleSteps/ConcreteSteps/ConcreteSingelSteps234.wav","ConcreteSingelSteps234","player_movement","SOURCE_ONLY","audited-only: footstep breadth cut from mobile build",""
"Assets/Footsteps Pack Expanded/SingleSteps/ConcreteSteps/ConcreteSingelSteps235.wav","ConcreteSingelSteps235","player_movement","SOURCE_ONLY","audited-only: footstep breadth cut from mobile build",""
"Assets/Footsteps Pack Expanded/SingleSteps/ConcreteSteps/ConcreteSingelSteps236.wav","ConcreteSingelSteps236","player_movement","SOURCE_ONLY","audited-only: footstep breadth cut from mobile build",""
"Assets/Footsteps Pack Expanded/SingleSteps/ConcreteSteps/ConcreteSingelSteps237.wav","ConcreteSingelSteps237","player_movement","SOURCE_ONLY","audited-only: footstep breadth cut from mobile build",""
"Assets/Footsteps Pack Expanded/SingleSteps/ConcreteSteps/ConcreteSingelSteps238.wav","ConcreteSingelSteps238","player_movement","SOURCE_ONLY","audited-only: footstep breadth cut from mobile build",""
"Assets/Footsteps Pack Expanded/SingleSteps/ConcreteSteps/ConcreteSingelSteps239.wav","ConcreteSingelSteps239","player_movement","SOURCE_ONLY","audited-only: footstep breadth cut from mobile build",""
"Assets/Footsteps Pack Expanded/SingleSteps/ConcreteSteps/ConcreteSingelSteps24.wav","ConcreteSingelSteps24","player_movement","SOURCE_ONLY","audited-only: footstep breadth cut from mobile build",""
"Assets/Footsteps Pack Expanded/SingleSteps/ConcreteSteps/ConcreteSingelSteps240.wav","ConcreteSingelSteps240","player_movement","SOURCE_ONLY","audited-only: footstep breadth cut from mobile build",""
"Assets/Footsteps Pack Expanded/SingleSteps/ConcreteSteps/ConcreteSingelSteps241.wav","ConcreteSingelSteps241","player_movement","SOURCE_ONLY","audited-only: footstep breadth cut from mobile build",""
"Assets/Footsteps Pack Expanded/SingleSteps/ConcreteSteps/ConcreteSingelSteps242.wav","ConcreteSingelSteps242","player_movement","SOURCE_ONLY","audited-only: footstep breadth cut from mobile build",""
"Assets/Footsteps Pack Expanded/SingleSteps/ConcreteSteps/ConcreteSingelSteps243.wav","ConcreteSingelSteps243","player_movement","SOURCE_ONLY","audited-only: footstep breadth cut from mobile build",""
"Assets/Footsteps Pack Expanded/SingleSteps/ConcreteSteps/ConcreteSingelSteps244.wav","ConcreteSingelSteps244","player_movement","SOURCE_ONLY","audited-only: footstep breadth cut from mobile build",""
"Assets/Footsteps Pack Expanded/SingleSteps/ConcreteSteps/ConcreteSingelSteps245.wav","ConcreteSingelSteps245","player_movement","SOURCE_ONLY","audited-only: footstep breadth cut from mobile build",""
"Assets/Footsteps Pack Expanded/SingleSteps/ConcreteSteps/ConcreteSingelSteps246.wav","ConcreteSingelSteps246","player_movement","SOURCE_ONLY","audited-only: footstep breadth cut from mobile build",""
"Assets/Footsteps Pack Expanded/SingleSteps/ConcreteSteps/ConcreteSingelSteps247.wav","ConcreteSingelSteps247","player_movement","SOURCE_ONLY","audited-only: footstep breadth cut from mobile build",""
"Assets/Footsteps Pack Expanded/SingleSteps/ConcreteSteps/ConcreteSingelSteps248.wav","ConcreteSingelSteps248","player_movement","SOURCE_ONLY","audited-only: footstep breadth cut from mobile build",""
"Assets/Footsteps Pack Expanded/SingleSteps/ConcreteSteps/ConcreteSingelSteps249.wav","ConcreteSingelSteps249","player_movement","SOURCE_ONLY","audited-only: footstep breadth cut from mobile build",""
"Assets/Footsteps Pack Expanded/SingleSteps/ConcreteSteps/ConcreteSingelSteps25.wav","ConcreteSingelSteps25","player_movement","SOURCE_ONLY","audited-only: footstep breadth cut from mobile build",""
"Assets/Footsteps Pack Expanded/SingleSteps/ConcreteSteps/ConcreteSingelSteps250.wav","ConcreteSingelSteps250","player_movement","SOURCE_ONLY","audited-only: footstep breadth cut from mobile build",""
"Assets/Footsteps Pack Expanded/SingleSteps/ConcreteSteps/ConcreteSingelSteps251.wav","ConcreteSingelSteps251","player_movement","SOURCE_ONLY","audited-only: footstep breadth cut from mobile build",""
"Assets/Footsteps Pack Expanded/SingleSteps/ConcreteSteps/ConcreteSingelSteps252.wav","ConcreteSingelSteps252","player_movement","SOURCE_ONLY","audited-only: footstep breadth cut from mobile build",""
"Assets/Footsteps Pack Expanded/SingleSteps/ConcreteSteps/ConcreteSingelSteps253.wav","ConcreteSingelSteps253","player_movement","SOURCE_ONLY","audited-only: footstep breadth cut from mobile build",""
"Assets/Footsteps Pack Expanded/SingleSteps/ConcreteSteps/ConcreteSingelSteps254.wav","ConcreteSingelSteps254","player_movement","SOURCE_ONLY","audited-only: footstep breadth cut from mobile build",""
"Assets/Footsteps Pack Expanded/SingleSteps/ConcreteSteps/ConcreteSingelSteps255.wav","ConcreteSingelSteps255","player_movement","SOURCE_ONLY","audited-only: footstep breadth cut from mobile build",""
"Assets/Footsteps Pack Expanded/SingleSteps/ConcreteSteps/ConcreteSingelSteps256.wav","ConcreteSingelSteps256","player_movement","SOURCE_ONLY","audited-only: footstep breadth cut from mobile build",""
"Assets/Footsteps Pack Expanded/SingleSteps/ConcreteSteps/ConcreteSingelSteps257.wav","ConcreteSingelSteps257","player_movement","SOURCE_ONLY","audited-only: footstep breadth cut from mobile build",""
"Assets/Footsteps Pack Expanded/SingleSteps/ConcreteSteps/ConcreteSingelSteps258.wav","ConcreteSingelSteps258","player_movement","SOURCE_ONLY","audited-only: footstep breadth cut from mobile build",""
"Assets/Footsteps Pack Expanded/SingleSteps/ConcreteSteps/ConcreteSingelSteps259.wav","ConcreteSingelSteps259","player_movement","SOURCE_ONLY","audited-only: footstep breadth cut from mobile build",""
"Assets/Footsteps Pack Expanded/SingleSteps/ConcreteSteps/ConcreteSingelSteps26.wav","ConcreteSingelSteps26","player_movement","SOURCE_ONLY","audited-only: footstep breadth cut from mobile build",""
"Assets/Footsteps Pack Expanded/SingleSteps/ConcreteSteps/ConcreteSingelSteps260.wav","ConcreteSingelSteps260","player_movement","SOURCE_ONLY","audited-only: footstep breadth cut from mobile build",""
"Assets/Footsteps Pack Expanded/SingleSteps/ConcreteSteps/ConcreteSingelSteps261.wav","ConcreteSingelSteps261","player_movement","SOURCE_ONLY","audited-only: footstep breadth cut from mobile build",""
"Assets/Footsteps Pack Expanded/SingleSteps/ConcreteSteps/ConcreteSingelSteps262.wav","ConcreteSingelSteps262","player_movement","SOURCE_ONLY","audited-only: footstep breadth cut from mobile build",""
"Assets/Footsteps Pack Expanded/SingleSteps/ConcreteSteps/ConcreteSingelSteps263.wav","ConcreteSingelSteps263","player_movement","SOURCE_ONLY","audited-only: footstep breadth cut from mobile build",""
"Assets/Footsteps Pack Expanded/SingleSteps/ConcreteSteps/ConcreteSingelSteps264.wav","ConcreteSingelSteps264","player_movement","SOURCE_ONLY","audited-only: footstep breadth cut from mobile build",""
"Assets/Footsteps Pack Expanded/SingleSteps/ConcreteSteps/ConcreteSingelSteps265.wav","ConcreteSingelSteps265","player_movement","SOURCE_ONLY","audited-only: footstep breadth cut from mobile build",""
"Assets/Footsteps Pack Expanded/SingleSteps/ConcreteSteps/ConcreteSingelSteps266.wav","ConcreteSingelSteps266","player_movement","SOURCE_ONLY","audited-only: footstep breadth cut from mobile build",""
"Assets/Footsteps Pack Expanded/SingleSteps/ConcreteSteps/ConcreteSingelSteps267.wav","ConcreteSingelSteps267","player_movement","SOURCE_ONLY","audited-only: footstep breadth cut from mobile build",""
"Assets/Footsteps Pack Expanded/SingleSteps/ConcreteSteps/ConcreteSingelSteps268.wav","ConcreteSingelSteps268","player_movement","SOURCE_ONLY","audited-only: footstep breadth cut from mobile build",""
"Assets/Footsteps Pack Expanded/SingleSteps/ConcreteSteps/ConcreteSingelSteps269.wav","ConcreteSingelSteps269","player_movement","SOURCE_ONLY","audited-only: footstep breadth cut from mobile build",""
"Assets/Footsteps Pack Expanded/SingleSteps/ConcreteSteps/ConcreteSingelSteps27.wav","ConcreteSingelSteps27","player_movement","SOURCE_ONLY","audited-only: footstep breadth cut from mobile build",""
"Assets/Footsteps Pack Expanded/SingleSteps/ConcreteSteps/ConcreteSingelSteps270.wav","ConcreteSingelSteps270","player_movement","SOURCE_ONLY","audited-only: footstep breadth cut from mobile build",""
"Assets/Footsteps Pack Expanded/SingleSteps/ConcreteSteps/ConcreteSingelSteps271.wav","ConcreteSingelSteps271","player_movement","SOURCE_ONLY","audited-only: footstep breadth cut from mobile build",""
"Assets/Footsteps Pack Expanded/SingleSteps/ConcreteSteps/ConcreteSingelSteps272.wav","ConcreteSingelSteps272","player_movement","SOURCE_ONLY","audited-only: footstep breadth cut from mobile build",""
"Assets/Footsteps Pack Expanded/SingleSteps/ConcreteSteps/ConcreteSingelSteps273.wav","ConcreteSingelSteps273","player_movement","SOURCE_ONLY","audited-only: footstep breadth cut from mobile build",""
"Assets/Footsteps Pack Expanded/SingleSteps/ConcreteSteps/ConcreteSingelSteps274.wav","ConcreteSingelSteps274","player_movement","SOURCE_ONLY","audited-only: footstep breadth cut from mobile build",""
"Assets/Footsteps Pack Expanded/SingleSteps/ConcreteSteps/ConcreteSingelSteps275.wav","ConcreteSingelSteps275","player_movement","SOURCE_ONLY","audited-only: footstep breadth cut from mobile build",""
"Assets/Footsteps Pack Expanded/SingleSteps/ConcreteSteps/ConcreteSingelSteps276.wav","ConcreteSingelSteps276","player_movement","SOURCE_ONLY","audited-only: footstep breadth cut from mobile build",""
"Assets/Footsteps Pack Expanded/SingleSteps/ConcreteSteps/ConcreteSingelSteps277.wav","ConcreteSingelSteps277","player_movement","SOURCE_ONLY","audited-only: footstep breadth cut from mobile build",""
"Assets/Footsteps Pack Expanded/SingleSteps/ConcreteSteps/ConcreteSingelSteps278.wav","ConcreteSingelSteps278","player_movement","SOURCE_ONLY","audited-only: footstep breadth cut from mobile build",""
"Assets/Footsteps Pack Expanded/SingleSteps/ConcreteSteps/ConcreteSingelSteps279.wav","ConcreteSingelSteps279","player_movement","SOURCE_ONLY","audited-only: footstep breadth cut from mobile build",""
"Assets/Footsteps Pack Expanded/SingleSteps/ConcreteSteps/ConcreteSingelSteps28.wav","ConcreteSingelSteps28","player_movement","SOURCE_ONLY","audited-only: footstep breadth cut from mobile build",""
"Assets/Footsteps Pack Expanded/SingleSteps/ConcreteSteps/ConcreteSingelSteps280.wav","ConcreteSingelSteps280","player_movement","SOURCE_ONLY","audited-only: footstep breadth cut from mobile build",""
"Assets/Footsteps Pack Expanded/SingleSteps/ConcreteSteps/ConcreteSingelSteps281.wav","ConcreteSingelSteps281","player_movement","SOURCE_ONLY","audited-only: footstep breadth cut from mobile build",""
"Assets/Footsteps Pack Expanded/SingleSteps/ConcreteSteps/ConcreteSingelSteps282.wav","ConcreteSingelSteps282","player_movement","SOURCE_ONLY","audited-only: footstep breadth cut from mobile build",""
"Assets/Footsteps Pack Expanded/SingleSteps/ConcreteSteps/ConcreteSingelSteps283.wav","ConcreteSingelSteps283","player_movement","SOURCE_ONLY","audited-only: footstep breadth cut from mobile build",""
"Assets/Footsteps Pack Expanded/SingleSteps/ConcreteSteps/ConcreteSingelSteps284.wav","ConcreteSingelSteps284","player_movement","SOURCE_ONLY","audited-only: footstep breadth cut from mobile build",""
"Assets/Footsteps Pack Expanded/SingleSteps/ConcreteSteps/ConcreteSingelSteps285.wav","ConcreteSingelSteps285","player_movement","SOURCE_ONLY","audited-only: footstep breadth cut from mobile build",""
"Assets/Footsteps Pack Expanded/SingleSteps/ConcreteSteps/ConcreteSingelSteps286.wav","ConcreteSingelSteps286","player_movement","SOURCE_ONLY","audited-only: footstep breadth cut from mobile build",""
"Assets/Footsteps Pack Expanded/SingleSteps/ConcreteSteps/ConcreteSingelSteps287.wav","ConcreteSingelSteps287","player_movement","SOURCE_ONLY","audited-only: footstep breadth cut from mobile build",""
"Assets/Footsteps Pack Expanded/SingleSteps/ConcreteSteps/ConcreteSingelSteps288.wav","ConcreteSingelSteps288","player_movement","SOURCE_ONLY","audited-only: footstep breadth cut from mobile build",""
"Assets/Footsteps Pack Expanded/SingleSteps/ConcreteSteps/ConcreteSingelSteps289.wav","ConcreteSingelSteps289","player_movement","SOURCE_ONLY","audited-only: footstep breadth cut from mobile build",""
"Assets/Footsteps Pack Expanded/SingleSteps/ConcreteSteps/ConcreteSingelSteps29.wav","ConcreteSingelSteps29","player_movement","SOURCE_ONLY","audited-only: footstep breadth cut from mobile build",""
"Assets/Footsteps Pack Expanded/SingleSteps/ConcreteSteps/ConcreteSingelSteps290.wav","ConcreteSingelSteps290","player_movement","SOURCE_ONLY","audited-only: footstep breadth cut from mobile build",""
"Assets/Footsteps Pack Expanded/SingleSteps/ConcreteSteps/ConcreteSingelSteps291.wav","ConcreteSingelSteps291","player_movement","SOURCE_ONLY","audited-only: footstep breadth cut from mobile build",""
"Assets/Footsteps Pack Expanded/SingleSteps/ConcreteSteps/ConcreteSingelSteps292.wav","ConcreteSingelSteps292","player_movement","SOURCE_ONLY","audited-only: footstep breadth cut from mobile build",""
"Assets/Footsteps Pack Expanded/SingleSteps/ConcreteSteps/ConcreteSingelSteps293.wav","ConcreteSingelSteps293","player_movement","SOURCE_ONLY","audited-only: footstep breadth cut from mobile build",""
"Assets/Footsteps Pack Expanded/SingleSteps/ConcreteSteps/ConcreteSingelSteps294.wav","ConcreteSingelSteps294","player_movement","SOURCE_ONLY","audited-only: footstep breadth cut from mobile build",""
"Assets/Footsteps Pack Expanded/SingleSteps/ConcreteSteps/ConcreteSingelSteps295.wav","ConcreteSingelSteps295","player_movement","SOURCE_ONLY","audited-only: footstep breadth cut from mobile build",""
"Assets/Footsteps Pack Expanded/SingleSteps/ConcreteSteps/ConcreteSingelSteps296.wav","ConcreteSingelSteps296","player_movement","SOURCE_ONLY","audited-only: footstep breadth cut from mobile build",""
"Assets/Footsteps Pack Expanded/SingleSteps/ConcreteSteps/ConcreteSingelSteps297.wav","ConcreteSingelSteps297","player_movement","SOURCE_ONLY","audited-only: footstep breadth cut from mobile build",""
"Assets/Footsteps Pack Expanded/SingleSteps/ConcreteSteps/ConcreteSingelSteps298.wav","ConcreteSingelSteps298","player_movement","SOURCE_ONLY","audited-only: footstep breadth cut from mobile build",""
"Assets/Footsteps Pack Expanded/SingleSteps/ConcreteSteps/ConcreteSingelSteps299.wav","ConcreteSingelSteps299","player_movement","SOURCE_ONLY","audited-only: footstep breadth cut from mobile build",""
"Assets/Footsteps Pack Expanded/SingleSteps/ConcreteSteps/ConcreteSingelSteps30.wav","ConcreteSingelSteps30","player_movement","SOURCE_ONLY","audited-only: footstep breadth cut from mobile build",""
"Assets/Footsteps Pack Expanded/SingleSteps/ConcreteSteps/ConcreteSingelSteps300.wav","ConcreteSingelSteps300","player_movement","SOURCE_ONLY","audited-only: footstep breadth cut from mobile build",""
"Assets/Footsteps Pack Expanded/SingleSteps/ConcreteSteps/ConcreteSingelSteps301.wav","ConcreteSingelSteps301","player_movement","SOURCE_ONLY","audited-only: footstep breadth cut from mobile build",""
"Assets/Footsteps Pack Expanded/SingleSteps/ConcreteSteps/ConcreteSingelSteps302.wav","ConcreteSingelSteps302","player_movement","SOURCE_ONLY","audited-only: footstep breadth cut from mobile build",""
"Assets/Footsteps Pack Expanded/SingleSteps/ConcreteSteps/ConcreteSingelSteps303.wav","ConcreteSingelSteps303","player_movement","SOURCE_ONLY","audited-only: footstep breadth cut from mobile build",""
"Assets/Footsteps Pack Expanded/SingleSteps/ConcreteSteps/ConcreteSingelSteps304.wav","ConcreteSingelSteps304","player_movement","SOURCE_ONLY","audited-only: footstep breadth cut from mobile build",""
"Assets/Footsteps Pack Expanded/SingleSteps/ConcreteSteps/ConcreteSingelSteps305.wav","ConcreteSingelSteps305","player_movement","SOURCE_ONLY","audited-only: footstep breadth cut from mobile build",""
"Assets/Footsteps Pack Expanded/SingleSteps/ConcreteSteps/ConcreteSingelSteps306.wav","ConcreteSingelSteps306","player_movement","SOURCE_ONLY","audited-only: footstep breadth cut from mobile build",""
"Assets/Footsteps Pack Expanded/SingleSteps/ConcreteSteps/ConcreteSingelSteps307.wav","ConcreteSingelSteps307","player_movement","SOURCE_ONLY","audited-only: footstep breadth cut from mobile build",""
"Assets/Footsteps Pack Expanded/SingleSteps/ConcreteSteps/ConcreteSingelSteps308.wav","ConcreteSingelSteps308","player_movement","SOURCE_ONLY","audited-only: footstep breadth cut from mobile build",""
"Assets/Footsteps Pack Expanded/SingleSteps/ConcreteSteps/ConcreteSingelSteps309.wav","ConcreteSingelSteps309","player_movement","SOURCE_ONLY","audited-only: footstep breadth cut from mobile build",""
"Assets/Footsteps Pack Expanded/SingleSteps/ConcreteSteps/ConcreteSingelSteps31.wav","ConcreteSingelSteps31","player_movement","SOURCE_ONLY","audited-only: footstep breadth cut from mobile build",""
"Assets/Footsteps Pack Expanded/SingleSteps/ConcreteSteps/ConcreteSingelSteps310.wav","ConcreteSingelSteps310","player_movement","SOURCE_ONLY","audited-only: footstep breadth cut from mobile build",""
"Assets/Footsteps Pack Expanded/SingleSteps/ConcreteSteps/ConcreteSingelSteps311.wav","ConcreteSingelSteps311","player_movement","SOURCE_ONLY","audited-only: footstep breadth cut from mobile build",""
"Assets/Footsteps Pack Expanded/SingleSteps/ConcreteSteps/ConcreteSingelSteps312.wav","ConcreteSingelSteps312","player_movement","SOURCE_ONLY","audited-only: footstep breadth cut from mobile build",""
"Assets/Footsteps Pack Expanded/SingleSteps/ConcreteSteps/ConcreteSingelSteps313.wav","ConcreteSingelSteps313","player_movement","SOURCE_ONLY","audited-only: footstep breadth cut from mobile build",""
"Assets/Footsteps Pack Expanded/SingleSteps/ConcreteSteps/ConcreteSingelSteps314.wav","ConcreteSingelSteps314","player_movement","SOURCE_ONLY","audited-only: footstep breadth cut from mobile build",""
"Assets/Footsteps Pack Expanded/SingleSteps/ConcreteSteps/ConcreteSingelSteps315.wav","ConcreteSingelSteps315","player_movement","SOURCE_ONLY","audited-only: footstep breadth cut from mobile build",""
"Assets/Footsteps Pack Expanded/SingleSteps/ConcreteSteps/ConcreteSingelSteps316.wav","ConcreteSingelSteps316","player_movement","SOURCE_ONLY","audited-only: footstep breadth cut from mobile build",""
"Assets/Footsteps Pack Expanded/SingleSteps/ConcreteSteps/ConcreteSingelSteps317.wav","ConcreteSingelSteps317","player_movement","SOURCE_ONLY","audited-only: footstep breadth cut from mobile build",""
"Assets/Footsteps Pack Expanded/SingleSteps/ConcreteSteps/ConcreteSingelSteps318.wav","ConcreteSingelSteps318","player_movement","SOURCE_ONLY","audited-only: footstep breadth cut from mobile build",""
"Assets/Footsteps Pack Expanded/SingleSteps/ConcreteSteps/ConcreteSingelSteps319.wav","ConcreteSingelSteps319","player_movement","SOURCE_ONLY","audited-only: footstep breadth cut from mobile build",""
"Assets/Footsteps Pack Expanded/SingleSteps/ConcreteSteps/ConcreteSingelSteps32.wav","ConcreteSingelSteps32","player_movement","SOURCE_ONLY","audited-only: footstep breadth cut from mobile build",""
"Assets/Footsteps Pack Expanded/SingleSteps/ConcreteSteps/ConcreteSingelSteps320.wav","ConcreteSingelSteps320","player_movement","SOURCE_ONLY","audited-only: footstep breadth cut from mobile build",""
"Assets/Footsteps Pack Expanded/SingleSteps/ConcreteSteps/ConcreteSingelSteps321.wav","ConcreteSingelSteps321","player_movement","SOURCE_ONLY","audited-only: footstep breadth cut from mobile build",""
"Assets/Footsteps Pack Expanded/SingleSteps/ConcreteSteps/ConcreteSingelSteps322.wav","ConcreteSingelSteps322","player_movement","SOURCE_ONLY","audited-only: footstep breadth cut from mobile build",""
"Assets/Footsteps Pack Expanded/SingleSteps/ConcreteSteps/ConcreteSingelSteps323.wav","ConcreteSingelSteps323","player_movement","SOURCE_ONLY","audited-only: footstep breadth cut from mobile build",""
"Assets/Footsteps Pack Expanded/SingleSteps/ConcreteSteps/ConcreteSingelSteps324.wav","ConcreteSingelSteps324","player_movement","SOURCE_ONLY","audited-only: footstep breadth cut from mobile build",""
"Assets/Footsteps Pack Expanded/SingleSteps/ConcreteSteps/ConcreteSingelSteps325.wav","ConcreteSingelSteps325","player_movement","SOURCE_ONLY","audited-only: footstep breadth cut from mobile build",""
"Assets/Footsteps Pack Expanded/SingleSteps/ConcreteSteps/ConcreteSingelSteps326.wav","ConcreteSingelSteps326","player_movement","SOURCE_ONLY","audited-only: footstep breadth cut from mobile build",""
"Assets/Footsteps Pack Expanded/SingleSteps/ConcreteSteps/ConcreteSingelSteps327.wav","ConcreteSingelSteps327","player_movement","SOURCE_ONLY","audited-only: footstep breadth cut from mobile build",""
"Assets/Footsteps Pack Expanded/SingleSteps/ConcreteSteps/ConcreteSingelSteps328.wav","ConcreteSingelSteps328","player_movement","SOURCE_ONLY","audited-only: footstep breadth cut from mobile build",""
"Assets/Footsteps Pack Expanded/SingleSteps/ConcreteSteps/ConcreteSingelSteps329.wav","ConcreteSingelSteps329","player_movement","SOURCE_ONLY","audited-only: footstep breadth cut from mobile build",""
"Assets/Footsteps Pack Expanded/SingleSteps/ConcreteSteps/ConcreteSingelSteps33.wav","ConcreteSingelSteps33","player_movement","SOURCE_ONLY","audited-only: footstep breadth cut from mobile build",""
"Assets/Footsteps Pack Expanded/SingleSteps/ConcreteSteps/ConcreteSingelSteps330.wav","ConcreteSingelSteps330","player_movement","SOURCE_ONLY","audited-only: footstep breadth cut from mobile build",""
"Assets/Footsteps Pack Expanded/SingleSteps/ConcreteSteps/ConcreteSingelSteps331.wav","ConcreteSingelSteps331","player_movement","SOURCE_ONLY","audited-only: footstep breadth cut from mobile build",""
"Assets/Footsteps Pack Expanded/SingleSteps/ConcreteSteps/ConcreteSingelSteps332.wav","ConcreteSingelSteps332","player_movement","SOURCE_ONLY","audited-only: footstep breadth cut from mobile build",""
"Assets/Footsteps Pack Expanded/SingleSteps/ConcreteSteps/ConcreteSingelSteps333.wav","ConcreteSingelSteps333","player_movement","SOURCE_ONLY","audited-only: footstep breadth cut from mobile build",""
"Assets/Footsteps Pack Expanded/SingleSteps/ConcreteSteps/ConcreteSingelSteps334.wav","ConcreteSingelSteps334","player_movement","SOURCE_ONLY","audited-only: footstep breadth cut from mobile build",""
"Assets/Footsteps Pack Expanded/SingleSteps/ConcreteSteps/ConcreteSingelSteps335.wav","ConcreteSingelSteps335","player_movement","SOURCE_ONLY","audited-only: footstep breadth cut from mobile build",""
"Assets/Footsteps Pack Expanded/SingleSteps/ConcreteSteps/ConcreteSingelSteps336.wav","ConcreteSingelSteps336","player_movement","SOURCE_ONLY","audited-only: footstep breadth cut from mobile build",""
"Assets/Footsteps Pack Expanded/SingleSteps/ConcreteSteps/ConcreteSingelSteps337.wav","ConcreteSingelSteps337","player_movement","SOURCE_ONLY","audited-only: footstep breadth cut from mobile build",""
"Assets/Footsteps Pack Expanded/SingleSteps/ConcreteSteps/ConcreteSingelSteps338.wav","ConcreteSingelSteps338","player_movement","SOURCE_ONLY","audited-only: footstep breadth cut from mobile build",""
"Assets/Footsteps Pack Expanded/SingleSteps/ConcreteSteps/ConcreteSingelSteps339.wav","ConcreteSingelSteps339","player_movement","SOURCE_ONLY","audited-only: footstep breadth cut from mobile build",""
"Assets/Footsteps Pack Expanded/SingleSteps/ConcreteSteps/ConcreteSingelSteps34.wav","ConcreteSingelSteps34","player_movement","SOURCE_ONLY","audited-only: footstep breadth cut from mobile build",""
"Assets/Footsteps Pack Expanded/SingleSteps/ConcreteSteps/ConcreteSingelSteps340.wav","ConcreteSingelSteps340","player_movement","SOURCE_ONLY","audited-only: footstep breadth cut from mobile build",""
"Assets/Footsteps Pack Expanded/SingleSteps/ConcreteSteps/ConcreteSingelSteps341.wav","ConcreteSingelSteps341","player_movement","SOURCE_ONLY","audited-only: footstep breadth cut from mobile build",""
"Assets/Footsteps Pack Expanded/SingleSteps/ConcreteSteps/ConcreteSingelSteps342.wav","ConcreteSingelSteps342","player_movement","SOURCE_ONLY","audited-only: footstep breadth cut from mobile build",""
"Assets/Footsteps Pack Expanded/SingleSteps/ConcreteSteps/ConcreteSingelSteps343.wav","ConcreteSingelSteps343","player_movement","SOURCE_ONLY","audited-only: footstep breadth cut from mobile build",""
"Assets/Footsteps Pack Expanded/SingleSteps/ConcreteSteps/ConcreteSingelSteps344.wav","ConcreteSingelSteps344","player_movement","SOURCE_ONLY","audited-only: footstep breadth cut from mobile build",""
"Assets/Footsteps Pack Expanded/SingleSteps/ConcreteSteps/ConcreteSingelSteps345.wav","ConcreteSingelSteps345","player_movement","SOURCE_ONLY","audited-only: footstep breadth cut from mobile build",""
"Assets/Footsteps Pack Expanded/SingleSteps/ConcreteSteps/ConcreteSingelSteps346.wav","ConcreteSingelSteps346","player_movement","SOURCE_ONLY","audited-only: footstep breadth cut from mobile build",""
"Assets/Footsteps Pack Expanded/SingleSteps/ConcreteSteps/ConcreteSingelSteps347.wav","ConcreteSingelSteps347","player_movement","SOURCE_ONLY","audited-only: footstep breadth cut from mobile build",""
"Assets/Footsteps Pack Expanded/SingleSteps/ConcreteSteps/ConcreteSingelSteps348.wav","ConcreteSingelSteps348","player_movement","SOURCE_ONLY","audited-only: footstep breadth cut from mobile build",""
"Assets/Footsteps Pack Expanded/SingleSteps/ConcreteSteps/ConcreteSingelSteps349.wav","ConcreteSingelSteps349","player_movement","SOURCE_ONLY","audited-only: footstep breadth cut from mobile build",""
"Assets/Footsteps Pack Expanded/SingleSteps/ConcreteSteps/ConcreteSingelSteps35.wav","ConcreteSingelSteps35","player_movement","SOURCE_ONLY","audited-only: footstep breadth cut from mobile build",""
"Assets/Footsteps Pack Expanded/SingleSteps/ConcreteSteps/ConcreteSingelSteps350.wav","ConcreteSingelSteps350","player_movement","SOURCE_ONLY","audited-only: footstep breadth cut from mobile build",""
"Assets/Footsteps Pack Expanded/SingleSteps/ConcreteSteps/ConcreteSingelSteps351.wav","ConcreteSingelSteps351","player_movement","SOURCE_ONLY","audited-only: footstep breadth cut from mobile build",""
"Assets/Footsteps Pack Expanded/SingleSteps/ConcreteSteps/ConcreteSingelSteps352.wav","ConcreteSingelSteps352","player_movement","SOURCE_ONLY","audited-only: footstep breadth cut from mobile build",""
"Assets/Footsteps Pack Expanded/SingleSteps/ConcreteSteps/ConcreteSingelSteps353.wav","ConcreteSingelSteps353","player_movement","SOURCE_ONLY","audited-only: footstep breadth cut from mobile build",""
"Assets/Footsteps Pack Expanded/SingleSteps/ConcreteSteps/ConcreteSingelSteps354.wav","ConcreteSingelSteps354","player_movement","SOURCE_ONLY","audited-only: footstep breadth cut from mobile build",""
"Assets/Footsteps Pack Expanded/SingleSteps/ConcreteSteps/ConcreteSingelSteps355.wav","ConcreteSingelSteps355","player_movement","SOURCE_ONLY","audited-only: footstep breadth cut from mobile build",""
"Assets/Footsteps Pack Expanded/SingleSteps/ConcreteSteps/ConcreteSingelSteps356.wav","ConcreteSingelSteps356","player_movement","SOURCE_ONLY","audited-only: footstep breadth cut from mobile build",""
"Assets/Footsteps Pack Expanded/SingleSteps/ConcreteSteps/ConcreteSingelSteps357.wav","ConcreteSingelSteps357","player_movement","SOURCE_ONLY","audited-only: footstep breadth cut from mobile build",""
"Assets/Footsteps Pack Expanded/SingleSteps/ConcreteSteps/ConcreteSingelSteps358.wav","ConcreteSingelSteps358","player_movement","SOURCE_ONLY","audited-only: footstep breadth cut from mobile build",""
"Assets/Footsteps Pack Expanded/SingleSteps/ConcreteSteps/ConcreteSingelSteps359.wav","ConcreteSingelSteps359","player_movement","SOURCE_ONLY","audited-only: footstep breadth cut from mobile build",""
"Assets/Footsteps Pack Expanded/SingleSteps/ConcreteSteps/ConcreteSingelSteps36.wav","ConcreteSingelSteps36","player_movement","SOURCE_ONLY","audited-only: footstep breadth cut from mobile build",""
"Assets/Footsteps Pack Expanded/SingleSteps/ConcreteSteps/ConcreteSingelSteps360.wav","ConcreteSingelSteps360","player_movement","SOURCE_ONLY","audited-only: footstep breadth cut from mobile build",""
"Assets/Footsteps Pack Expanded/SingleSteps/ConcreteSteps/ConcreteSingelSteps361.wav","ConcreteSingelSteps361","player_movement","SOURCE_ONLY","audited-only: footstep breadth cut from mobile build",""
"Assets/Footsteps Pack Expanded/SingleSteps/ConcreteSteps/ConcreteSingelSteps362.wav","ConcreteSingelSteps362","player_movement","SOURCE_ONLY","audited-only: footstep breadth cut from mobile build",""
"Assets/Footsteps Pack Expanded/SingleSteps/ConcreteSteps/ConcreteSingelSteps363.wav","ConcreteSingelSteps363","player_movement","SOURCE_ONLY","audited-only: footstep breadth cut from mobile build",""
"Assets/Footsteps Pack Expanded/SingleSteps/ConcreteSteps/ConcreteSingelSteps364.wav","ConcreteSingelSteps364","player_movement","SOURCE_ONLY","audited-only: footstep breadth cut from mobile build",""
"Assets/Footsteps Pack Expanded/SingleSteps/ConcreteSteps/ConcreteSingelSteps365.wav","ConcreteSingelSteps365","player_movement","SOURCE_ONLY","audited-only: footstep breadth cut from mobile build",""
"Assets/Footsteps Pack Expanded/SingleSteps/ConcreteSteps/ConcreteSingelSteps366.wav","ConcreteSingelSteps366","player_movement","SOURCE_ONLY","audited-only: footstep breadth cut from mobile build",""
"Assets/Footsteps Pack Expanded/SingleSteps/ConcreteSteps/ConcreteSingelSteps367.wav","ConcreteSingelSteps367","player_movement","SOURCE_ONLY","audited-only: footstep breadth cut from mobile build",""
"Assets/Footsteps Pack Expanded/SingleSteps/ConcreteSteps/ConcreteSingelSteps368.wav","ConcreteSingelSteps368","player_movement","SOURCE_ONLY","audited-only: footstep breadth cut from mobile build",""
"Assets/Footsteps Pack Expanded/SingleSteps/ConcreteSteps/ConcreteSingelSteps369.wav","ConcreteSingelSteps369","player_movement","SOURCE_ONLY","audited-only: footstep breadth cut from mobile build",""
"Assets/Footsteps Pack Expanded/SingleSteps/ConcreteSteps/ConcreteSingelSteps37.wav","ConcreteSingelSteps37","player_movement","SOURCE_ONLY","audited-only: footstep breadth cut from mobile build",""
"Assets/Footsteps Pack Expanded/SingleSteps/ConcreteSteps/ConcreteSingelSteps370.wav","ConcreteSingelSteps370","player_movement","SOURCE_ONLY","audited-only: footstep breadth cut from mobile build",""
"Assets/Footsteps Pack Expanded/SingleSteps/ConcreteSteps/ConcreteSingelSteps371.wav","ConcreteSingelSteps371","player_movement","SOURCE_ONLY","audited-only: footstep breadth cut from mobile build",""
"Assets/Footsteps Pack Expanded/SingleSteps/ConcreteSteps/ConcreteSingelSteps372.wav","ConcreteSingelSteps372","player_movement","SOURCE_ONLY","audited-only: footstep breadth cut from mobile build",""
"Assets/Footsteps Pack Expanded/SingleSteps/ConcreteSteps/ConcreteSingelSteps373.wav","ConcreteSingelSteps373","player_movement","SOURCE_ONLY","audited-only: footstep breadth cut from mobile build",""
"Assets/Footsteps Pack Expanded/SingleSteps/ConcreteSteps/ConcreteSingelSteps374.wav","ConcreteSingelSteps374","player_movement","SOURCE_ONLY","audited-only: footstep breadth cut from mobile build",""
"Assets/Footsteps Pack Expanded/SingleSteps/ConcreteSteps/ConcreteSingelSteps375.wav","ConcreteSingelSteps375","player_movement","SOURCE_ONLY","audited-only: footstep breadth cut from mobile build",""
"Assets/Footsteps Pack Expanded/SingleSteps/ConcreteSteps/ConcreteSingelSteps376.wav","ConcreteSingelSteps376","player_movement","SOURCE_ONLY","audited-only: footstep breadth cut from mobile build",""
"Assets/Footsteps Pack Expanded/SingleSteps/ConcreteSteps/ConcreteSingelSteps377.wav","ConcreteSingelSteps377","player_movement","SOURCE_ONLY","audited-only: footstep breadth cut from mobile build",""
"Assets/Footsteps Pack Expanded/SingleSteps/ConcreteSteps/ConcreteSingelSteps378.wav","ConcreteSingelSteps378","player_movement","SOURCE_ONLY","audited-only: footstep breadth cut from mobile build",""
"Assets/Footsteps Pack Expanded/SingleSteps/ConcreteSteps/ConcreteSingelSteps379.wav","ConcreteSingelSteps379","player_movement","SOURCE_ONLY","audited-only: footstep breadth cut from mobile build",""
"Assets/Footsteps Pack Expanded/SingleSteps/ConcreteSteps/ConcreteSingelSteps38.wav","ConcreteSingelSteps38","player_movement","SOURCE_ONLY","audited-only: footstep breadth cut from mobile build",""
"Assets/Footsteps Pack Expanded/SingleSteps/ConcreteSteps/ConcreteSingelSteps380.wav","ConcreteSingelSteps380","player_movement","SOURCE_ONLY","audited-only: footstep breadth cut from mobile build",""
"Assets/Footsteps Pack Expanded/SingleSteps/ConcreteSteps/ConcreteSingelSteps381.wav","ConcreteSingelSteps381","player_movement","SOURCE_ONLY","audited-only: footstep breadth cut from mobile build",""
"Assets/Footsteps Pack Expanded/SingleSteps/ConcreteSteps/ConcreteSingelSteps382.wav","ConcreteSingelSteps382","player_movement","SOURCE_ONLY","audited-only: footstep breadth cut from mobile build",""
"Assets/Footsteps Pack Expanded/SingleSteps/ConcreteSteps/ConcreteSingelSteps383.wav","ConcreteSingelSteps383","player_movement","SOURCE_ONLY","audited-only: footstep breadth cut from mobile build",""
"Assets/Footsteps Pack Expanded/SingleSteps/ConcreteSteps/ConcreteSingelSteps384.wav","ConcreteSingelSteps384","player_movement","SOURCE_ONLY","audited-only: footstep breadth cut from mobile build",""
"Assets/Footsteps Pack Expanded/SingleSteps/ConcreteSteps/ConcreteSingelSteps385.wav","ConcreteSingelSteps385","player_movement","SOURCE_ONLY","audited-only: footstep breadth cut from mobile build",""
"Assets/Footsteps Pack Expanded/SingleSteps/ConcreteSteps/ConcreteSingelSteps386.wav","ConcreteSingelSteps386","player_movement","SOURCE_ONLY","audited-only: footstep breadth cut from mobile build",""
"Assets/Footsteps Pack Expanded/SingleSteps/ConcreteSteps/ConcreteSingelSteps387.wav","ConcreteSingelSteps387","player_movement","SOURCE_ONLY","audited-only: footstep breadth cut from mobile build",""
"Assets/Footsteps Pack Expanded/SingleSteps/ConcreteSteps/ConcreteSingelSteps388.wav","ConcreteSingelSteps388","player_movement","SOURCE_ONLY","audited-only: footstep breadth cut from mobile build",""
"Assets/Footsteps Pack Expanded/SingleSteps/ConcreteSteps/ConcreteSingelSteps389.wav","ConcreteSingelSteps389","player_movement","SOURCE_ONLY","audited-only: footstep breadth cut from mobile build",""
"Assets/Footsteps Pack Expanded/SingleSteps/ConcreteSteps/ConcreteSingelSteps39.wav","ConcreteSingelSteps39","player_movement","SOURCE_ONLY","audited-only: footstep breadth cut from mobile build",""
"Assets/Footsteps Pack Expanded/SingleSteps/ConcreteSteps/ConcreteSingelSteps390.wav","ConcreteSingelSteps390","player_movement","SOURCE_ONLY","audited-only: footstep breadth cut from mobile build",""
"Assets/Footsteps Pack Expanded/SingleSteps/ConcreteSteps/ConcreteSingelSteps391.wav","ConcreteSingelSteps391","player_movement","SOURCE_ONLY","audited-only: footstep breadth cut from mobile build",""
"Assets/Footsteps Pack Expanded/SingleSteps/ConcreteSteps/ConcreteSingelSteps392.wav","ConcreteSingelSteps392","player_movement","SOURCE_ONLY","audited-only: footstep breadth cut from mobile build",""
"Assets/Footsteps Pack Expanded/SingleSteps/ConcreteSteps/ConcreteSingelSteps393.wav","ConcreteSingelSteps393","player_movement","SOURCE_ONLY","audited-only: footstep breadth cut from mobile build",""
"Assets/Footsteps Pack Expanded/SingleSteps/ConcreteSteps/ConcreteSingelSteps394.wav","ConcreteSingelSteps394","player_movement","SOURCE_ONLY","audited-only: footstep breadth cut from mobile build",""
"Assets/Footsteps Pack Expanded/SingleSteps/ConcreteSteps/ConcreteSingelSteps395.wav","ConcreteSingelSteps395","player_movement","SOURCE_ONLY","audited-only: footstep breadth cut from mobile build",""
"Assets/Footsteps Pack Expanded/SingleSteps/ConcreteSteps/ConcreteSingelSteps40.wav","ConcreteSingelSteps40","player_movement","SOURCE_ONLY","audited-only: footstep breadth cut from mobile build",""
"Assets/Footsteps Pack Expanded/SingleSteps/ConcreteSteps/ConcreteSingelSteps41.wav","ConcreteSingelSteps41","player_movement","SOURCE_ONLY","audited-only: footstep breadth cut from mobile build",""
"Assets/Footsteps Pack Expanded/SingleSteps/ConcreteSteps/ConcreteSingelSteps42.wav","ConcreteSingelSteps42","player_movement","SOURCE_ONLY","audited-only: footstep breadth cut from mobile build",""
"Assets/Footsteps Pack Expanded/SingleSteps/ConcreteSteps/ConcreteSingelSteps43.wav","ConcreteSingelSteps43","player_movement","SOURCE_ONLY","audited-only: footstep breadth cut from mobile build",""
"Assets/Footsteps Pack Expanded/SingleSteps/ConcreteSteps/ConcreteSingelSteps44.wav","ConcreteSingelSteps44","player_movement","SOURCE_ONLY","audited-only: footstep breadth cut from mobile build",""
"Assets/Footsteps Pack Expanded/SingleSteps/ConcreteSteps/ConcreteSingelSteps45.wav","ConcreteSingelSteps45","player_movement","SOURCE_ONLY","audited-only: footstep breadth cut from mobile build",""
"Assets/Footsteps Pack Expanded/SingleSteps/ConcreteSteps/ConcreteSingelSteps46.wav","ConcreteSingelSteps46","player_movement","SOURCE_ONLY","audited-only: footstep breadth cut from mobile build",""
"Assets/Footsteps Pack Expanded/SingleSteps/ConcreteSteps/ConcreteSingelSteps47.wav","ConcreteSingelSteps47","player_movement","SOURCE_ONLY","audited-only: footstep breadth cut from mobile build",""
"Assets/Footsteps Pack Expanded/SingleSteps/ConcreteSteps/ConcreteSingelSteps48.wav","ConcreteSingelSteps48","player_movement","SOURCE_ONLY","audited-only: footstep breadth cut from mobile build",""
"Assets/Footsteps Pack Expanded/SingleSteps/ConcreteSteps/ConcreteSingelSteps49.wav","ConcreteSingelSteps49","player_movement","SOURCE_ONLY","audited-only: footstep breadth cut from mobile build",""
"Assets/Footsteps Pack Expanded/SingleSteps/ConcreteSteps/ConcreteSingelSteps50.wav","ConcreteSingelSteps50","player_movement","SOURCE_ONLY","audited-only: footstep breadth cut from mobile build",""
"Assets/Footsteps Pack Expanded/SingleSteps/ConcreteSteps/ConcreteSingelSteps51.wav","ConcreteSingelSteps51","player_movement","SOURCE_ONLY","audited-only: footstep breadth cut from mobile build",""
"Assets/Footsteps Pack Expanded/SingleSteps/ConcreteSteps/ConcreteSingelSteps52.wav","ConcreteSingelSteps52","player_movement","SOURCE_ONLY","audited-only: footstep breadth cut from mobile build",""
"Assets/Footsteps Pack Expanded/SingleSteps/ConcreteSteps/ConcreteSingelSteps53.wav","ConcreteSingelSteps53","player_movement","SOURCE_ONLY","audited-only: footstep breadth cut from mobile build",""
"Assets/Footsteps Pack Expanded/SingleSteps/ConcreteSteps/ConcreteSingelSteps54.wav","ConcreteSingelSteps54","player_movement","SOURCE_ONLY","audited-only: footstep breadth cut from mobile build",""
"Assets/Footsteps Pack Expanded/SingleSteps/ConcreteSteps/ConcreteSingelSteps55.wav","ConcreteSingelSteps55","player_movement","SOURCE_ONLY","audited-only: footstep breadth cut from mobile build",""
"Assets/Footsteps Pack Expanded/SingleSteps/ConcreteSteps/ConcreteSingelSteps56.wav","ConcreteSingelSteps56","player_movement","SOURCE_ONLY","audited-only: footstep breadth cut from mobile build",""
"Assets/Footsteps Pack Expanded/SingleSteps/ConcreteSteps/ConcreteSingelSteps57.wav","ConcreteSingelSteps57","player_movement","SOURCE_ONLY","audited-only: footstep breadth cut from mobile build",""
"Assets/Footsteps Pack Expanded/SingleSteps/ConcreteSteps/ConcreteSingelSteps58.wav","ConcreteSingelSteps58","player_movement","SOURCE_ONLY","audited-only: footstep breadth cut from mobile build",""
"Assets/Footsteps Pack Expanded/SingleSteps/ConcreteSteps/ConcreteSingelSteps59.wav","ConcreteSingelSteps59","player_movement","SOURCE_ONLY","audited-only: footstep breadth cut from mobile build",""
"Assets/Footsteps Pack Expanded/SingleSteps/ConcreteSteps/ConcreteSingelSteps60.wav","ConcreteSingelSteps60","player_movement","SOURCE_ONLY","audited-only: footstep breadth cut from mobile build",""
"Assets/Footsteps Pack Expanded/SingleSteps/ConcreteSteps/ConcreteSingelSteps61.wav","ConcreteSingelSteps61","player_movement","SOURCE_ONLY","audited-only: footstep breadth cut from mobile build",""
"Assets/Footsteps Pack Expanded/SingleSteps/ConcreteSteps/ConcreteSingelSteps62.wav","ConcreteSingelSteps62","player_movement","SOURCE_ONLY","audited-only: footstep breadth cut from mobile build",""
"Assets/Footsteps Pack Expanded/SingleSteps/ConcreteSteps/ConcreteSingelSteps63.wav","ConcreteSingelSteps63","player_movement","SOURCE_ONLY","audited-only: footstep breadth cut from mobile build",""
"Assets/Footsteps Pack Expanded/SingleSteps/ConcreteSteps/ConcreteSingelSteps64.wav","ConcreteSingelSteps64","player_movement","SOURCE_ONLY","audited-only: footstep breadth cut from mobile build",""
"Assets/Footsteps Pack Expanded/SingleSteps/ConcreteSteps/ConcreteSingelSteps65.wav","ConcreteSingelSteps65","player_movement","SOURCE_ONLY","audited-only: footstep breadth cut from mobile build",""
"Assets/Footsteps Pack Expanded/SingleSteps/ConcreteSteps/ConcreteSingelSteps66.wav","ConcreteSingelSteps66","player_movement","SOURCE_ONLY","audited-only: footstep breadth cut from mobile build",""
"Assets/Footsteps Pack Expanded/SingleSteps/ConcreteSteps/ConcreteSingelSteps67.wav","ConcreteSingelSteps67","player_movement","SOURCE_ONLY","audited-only: footstep breadth cut from mobile build",""
"Assets/Footsteps Pack Expanded/SingleSteps/ConcreteSteps/ConcreteSingelSteps68.wav","ConcreteSingelSteps68","player_movement","SOURCE_ONLY","audited-only: footstep breadth cut from mobile build",""
"Assets/Footsteps Pack Expanded/SingleSteps/ConcreteSteps/ConcreteSingelSteps69.wav","ConcreteSingelSteps69","player_movement","SOURCE_ONLY","audited-only: footstep breadth cut from mobile build",""
"Assets/Footsteps Pack Expanded/SingleSteps/ConcreteSteps/ConcreteSingelSteps70.wav","ConcreteSingelSteps70","player_movement","SOURCE_ONLY","audited-only: footstep breadth cut from mobile build",""
"Assets/Footsteps Pack Expanded/SingleSteps/ConcreteSteps/ConcreteSingelSteps71.wav","ConcreteSingelSteps71","player_movement","SOURCE_ONLY","audited-only: footstep breadth cut from mobile build",""
"Assets/Footsteps Pack Expanded/SingleSteps/ConcreteSteps/ConcreteSingelSteps72.wav","ConcreteSingelSteps72","player_movement","SOURCE_ONLY","audited-only: footstep breadth cut from mobile build",""
"Assets/Footsteps Pack Expanded/SingleSteps/ConcreteSteps/ConcreteSingelSteps73.wav","ConcreteSingelSteps73","player_movement","SOURCE_ONLY","audited-only: footstep breadth cut from mobile build",""
"Assets/Footsteps Pack Expanded/SingleSteps/ConcreteSteps/ConcreteSingelSteps74.wav","ConcreteSingelSteps74","player_movement","SOURCE_ONLY","audited-only: footstep breadth cut from mobile build",""
"Assets/Footsteps Pack Expanded/SingleSteps/ConcreteSteps/ConcreteSingelSteps75.wav","ConcreteSingelSteps75","player_movement","SOURCE_ONLY","audited-only: footstep breadth cut from mobile build",""
"Assets/Footsteps Pack Expanded/SingleSteps/ConcreteSteps/ConcreteSingelSteps76.wav","ConcreteSingelSteps76","player_movement","SOURCE_ONLY","audited-only: footstep breadth cut from mobile build",""
"Assets/Footsteps Pack Expanded/SingleSteps/ConcreteSteps/ConcreteSingelSteps77.wav","ConcreteSingelSteps77","player_movement","SOURCE_ONLY","audited-only: footstep breadth cut from mobile build",""
"Assets/Footsteps Pack Expanded/SingleSteps/ConcreteSteps/ConcreteSingelSteps78.wav","ConcreteSingelSteps78","player_movement","SOURCE_ONLY","audited-only: footstep breadth cut from mobile build",""
"Assets/Footsteps Pack Expanded/SingleSteps/ConcreteSteps/ConcreteSingelSteps79.wav","ConcreteSingelSteps79","player_movement","SOURCE_ONLY","audited-only: footstep breadth cut from mobile build",""
"Assets/Footsteps Pack Expanded/SingleSteps/ConcreteSteps/ConcreteSingelSteps80.wav","ConcreteSingelSteps80","player_movement","SOURCE_ONLY","audited-only: footstep breadth cut from mobile build",""
"Assets/Footsteps Pack Expanded/SingleSteps/ConcreteSteps/ConcreteSingelSteps81.wav","ConcreteSingelSteps81","player_movement","SOURCE_ONLY","audited-only: footstep breadth cut from mobile build",""
"Assets/Footsteps Pack Expanded/SingleSteps/ConcreteSteps/ConcreteSingelSteps82.wav","ConcreteSingelSteps82","player_movement","SOURCE_ONLY","audited-only: footstep breadth cut from mobile build",""
"Assets/Footsteps Pack Expanded/SingleSteps/ConcreteSteps/ConcreteSingelSteps83.wav","ConcreteSingelSteps83","player_movement","SOURCE_ONLY","audited-only: footstep breadth cut from mobile build",""
"Assets/Footsteps Pack Expanded/SingleSteps/ConcreteSteps/ConcreteSingelSteps84.wav","ConcreteSingelSteps84","player_movement","SOURCE_ONLY","audited-only: footstep breadth cut from mobile build",""
"Assets/Footsteps Pack Expanded/SingleSteps/ConcreteSteps/ConcreteSingelSteps85.wav","ConcreteSingelSteps85","player_movement","SOURCE_ONLY","audited-only: footstep breadth cut from mobile build",""
"Assets/Footsteps Pack Expanded/SingleSteps/ConcreteSteps/ConcreteSingelSteps86.wav","ConcreteSingelSteps86","player_movement","SOURCE_ONLY","audited-only: footstep breadth cut from mobile build",""
"Assets/Footsteps Pack Expanded/SingleSteps/ConcreteSteps/ConcreteSingelSteps87.wav","ConcreteSingelSteps87","player_movement","SOURCE_ONLY","audited-only: footstep breadth cut from mobile build",""
"Assets/Footsteps Pack Expanded/SingleSteps/ConcreteSteps/ConcreteSingelSteps88.wav","ConcreteSingelSteps88","player_movement","SOURCE_ONLY","audited-only: footstep breadth cut from mobile build",""
"Assets/Footsteps Pack Expanded/SingleSteps/ConcreteSteps/ConcreteSingelSteps89.wav","ConcreteSingelSteps89","player_movement","SOURCE_ONLY","audited-only: footstep breadth cut from mobile build",""
"Assets/Footsteps Pack Expanded/SingleSteps/ConcreteSteps/ConcreteSingelSteps90.wav","ConcreteSingelSteps90","player_movement","SOURCE_ONLY","audited-only: footstep breadth cut from mobile build",""
"Assets/Footsteps Pack Expanded/SingleSteps/ConcreteSteps/ConcreteSingelSteps91.wav","ConcreteSingelSteps91","player_movement","SOURCE_ONLY","audited-only: footstep breadth cut from mobile build",""
"Assets/Footsteps Pack Expanded/SingleSteps/ConcreteSteps/ConcreteSingelSteps92.wav","ConcreteSingelSteps92","player_movement","SOURCE_ONLY","audited-only: footstep breadth cut from mobile build",""
"Assets/Footsteps Pack Expanded/SingleSteps/ConcreteSteps/ConcreteSingelSteps93.wav","ConcreteSingelSteps93","player_movement","SOURCE_ONLY","audited-only: footstep breadth cut from mobile build",""
"Assets/Footsteps Pack Expanded/SingleSteps/ConcreteSteps/ConcreteSingelSteps94.wav","ConcreteSingelSteps94","player_movement","SOURCE_ONLY","audited-only: footstep breadth cut from mobile build",""
"Assets/Footsteps Pack Expanded/SingleSteps/ConcreteSteps/ConcreteSingelSteps95.wav","ConcreteSingelSteps95","player_movement","SOURCE_ONLY","audited-only: footstep breadth cut from mobile build",""
"Assets/Footsteps Pack Expanded/SingleSteps/ConcreteSteps/ConcreteSingelSteps96.wav","ConcreteSingelSteps96","player_movement","SOURCE_ONLY","audited-only: footstep breadth cut from mobile build",""
"Assets/Footsteps Pack Expanded/SingleSteps/ConcreteSteps/ConcreteSingelSteps97.wav","ConcreteSingelSteps97","player_movement","SOURCE_ONLY","audited-only: footstep breadth cut from mobile build",""
"Assets/Footsteps Pack Expanded/SingleSteps/ConcreteSteps/ConcreteSingelSteps98.wav","ConcreteSingelSteps98","player_movement","SOURCE_ONLY","audited-only: footstep breadth cut from mobile build",""
"Assets/Footsteps Pack Expanded/SingleSteps/ConcreteSteps/ConcreteSingelSteps99.wav","ConcreteSingelSteps99","player_movement","SOURCE_ONLY","audited-only: footstep breadth cut from mobile build",""
"Assets/Footsteps Pack Expanded/SingleSteps/EarthgroundSteps/EarthGroundSteps01.wav","EarthGroundSteps01","player_movement","ADDRESSABLE","runtime-mapped","library.footsteps.pack.expanded.singlesteps.earthgroundsteps.earthgroundsteps01|sfx.footstep.player.earth"
"Assets/Footsteps Pack Expanded/SingleSteps/EarthgroundSteps/EarthGroundSteps02.wav","EarthGroundSteps02","player_movement","ADDRESSABLE","runtime-mapped","library.footsteps.pack.expanded.singlesteps.earthgroundsteps.earthgroundsteps02|sfx.footstep.player.earth"
"Assets/Footsteps Pack Expanded/SingleSteps/EarthgroundSteps/EarthGroundSteps03.wav","EarthGroundSteps03","player_movement","ADDRESSABLE","runtime-mapped","library.footsteps.pack.expanded.singlesteps.earthgroundsteps.earthgroundsteps03|sfx.footstep.player.earth"
"Assets/Footsteps Pack Expanded/SingleSteps/EarthgroundSteps/EarthGroundSteps04.wav","EarthGroundSteps04","player_movement","ADDRESSABLE","runtime-mapped","library.footsteps.pack.expanded.singlesteps.earthgroundsteps.earthgroundsteps04|sfx.footstep.player.earth"
"Assets/Footsteps Pack Expanded/SingleSteps/EarthgroundSteps/EarthGroundSteps05.wav","EarthGroundSteps05","player_movement","ADDRESSABLE","runtime-mapped","library.footsteps.pack.expanded.singlesteps.earthgroundsteps.earthgroundsteps05|sfx.footstep.player.earth"
"Assets/Footsteps Pack Expanded/SingleSteps/EarthgroundSteps/EarthGroundSteps06.wav","EarthGroundSteps06","player_movement","ADDRESSABLE","runtime-mapped","library.footsteps.pack.expanded.singlesteps.earthgroundsteps.earthgroundsteps06|sfx.footstep.player.earth"
"Assets/Footsteps Pack Expanded/SingleSteps/EarthgroundSteps/EarthGroundSteps07.wav","EarthGroundSteps07","player_movement","ADDRESSABLE","runtime-mapped","library.footsteps.pack.expanded.singlesteps.earthgroundsteps.earthgroundsteps07|sfx.footstep.player.earth"
"Assets/Footsteps Pack Expanded/SingleSteps/EarthgroundSteps/EarthGroundSteps08.wav","EarthGroundSteps08","player_movement","ADDRESSABLE","runtime-mapped","library.footsteps.pack.expanded.singlesteps.earthgroundsteps.earthgroundsteps08|sfx.footstep.player.earth"
"Assets/Footsteps Pack Expanded/SingleSteps/EarthgroundSteps/EarthGroundSteps09.wav","EarthGroundSteps09","player_movement","SOURCE_ONLY","audited-only: footstep breadth cut from mobile build",""
"Assets/Footsteps Pack Expanded/SingleSteps/EarthgroundSteps/EarthGroundSteps10.wav","EarthGroundSteps10","player_movement","SOURCE_ONLY","audited-only: footstep breadth cut from mobile build",""
"Assets/Footsteps Pack Expanded/SingleSteps/EarthgroundSteps/EarthGroundSteps100.wav","EarthGroundSteps100","player_movement","SOURCE_ONLY","audited-only: footstep breadth cut from mobile build",""
"Assets/Footsteps Pack Expanded/SingleSteps/EarthgroundSteps/EarthGroundSteps101.wav","EarthGroundSteps101","player_movement","SOURCE_ONLY","audited-only: footstep breadth cut from mobile build",""
"Assets/Footsteps Pack Expanded/SingleSteps/EarthgroundSteps/EarthGroundSteps102.wav","EarthGroundSteps102","player_movement","SOURCE_ONLY","audited-only: footstep breadth cut from mobile build",""
"Assets/Footsteps Pack Expanded/SingleSteps/EarthgroundSteps/EarthGroundSteps103.wav","EarthGroundSteps103","player_movement","SOURCE_ONLY","audited-only: footstep breadth cut from mobile build",""
"Assets/Footsteps Pack Expanded/SingleSteps/EarthgroundSteps/EarthGroundSteps104.wav","EarthGroundSteps104","player_movement","SOURCE_ONLY","audited-only: footstep breadth cut from mobile build",""
"Assets/Footsteps Pack Expanded/SingleSteps/EarthgroundSteps/EarthGroundSteps105.wav","EarthGroundSteps105","player_movement","SOURCE_ONLY","audited-only: footstep breadth cut from mobile build",""
"Assets/Footsteps Pack Expanded/SingleSteps/EarthgroundSteps/EarthGroundSteps106.wav","EarthGroundSteps106","player_movement","SOURCE_ONLY","audited-only: footstep breadth cut from mobile build",""
"Assets/Footsteps Pack Expanded/SingleSteps/EarthgroundSteps/EarthGroundSteps107.wav","EarthGroundSteps107","player_movement","SOURCE_ONLY","audited-only: footstep breadth cut from mobile build",""
"Assets/Footsteps Pack Expanded/SingleSteps/EarthgroundSteps/EarthGroundSteps108.wav","EarthGroundSteps108","player_movement","SOURCE_ONLY","audited-only: footstep breadth cut from mobile build",""
"Assets/Footsteps Pack Expanded/SingleSteps/EarthgroundSteps/EarthGroundSteps109.wav","EarthGroundSteps109","player_movement","SOURCE_ONLY","audited-only: footstep breadth cut from mobile build",""
"Assets/Footsteps Pack Expanded/SingleSteps/EarthgroundSteps/EarthGroundSteps11.wav","EarthGroundSteps11","player_movement","SOURCE_ONLY","audited-only: footstep breadth cut from mobile build",""
"Assets/Footsteps Pack Expanded/SingleSteps/EarthgroundSteps/EarthGroundSteps110.wav","EarthGroundSteps110","player_movement","SOURCE_ONLY","audited-only: footstep breadth cut from mobile build",""
"Assets/Footsteps Pack Expanded/SingleSteps/EarthgroundSteps/EarthGroundSteps111.wav","EarthGroundSteps111","player_movement","SOURCE_ONLY","audited-only: footstep breadth cut from mobile build",""
"Assets/Footsteps Pack Expanded/SingleSteps/EarthgroundSteps/EarthGroundSteps112.wav","EarthGroundSteps112","player_movement","SOURCE_ONLY","audited-only: footstep breadth cut from mobile build",""
"Assets/Footsteps Pack Expanded/SingleSteps/EarthgroundSteps/EarthGroundSteps113.wav","EarthGroundSteps113","player_movement","SOURCE_ONLY","audited-only: footstep breadth cut from mobile build",""
"Assets/Footsteps Pack Expanded/SingleSteps/EarthgroundSteps/EarthGroundSteps114.wav","EarthGroundSteps114","player_movement","SOURCE_ONLY","audited-only: footstep breadth cut from mobile build",""
"Assets/Footsteps Pack Expanded/SingleSteps/EarthgroundSteps/EarthGroundSteps115.wav","EarthGroundSteps115","player_movement","SOURCE_ONLY","audited-only: footstep breadth cut from mobile build",""
"Assets/Footsteps Pack Expanded/SingleSteps/EarthgroundSteps/EarthGroundSteps116.wav","EarthGroundSteps116","player_movement","SOURCE_ONLY","audited-only: footstep breadth cut from mobile build",""
"Assets/Footsteps Pack Expanded/SingleSteps/EarthgroundSteps/EarthGroundSteps117.wav","EarthGroundSteps117","player_movement","SOURCE_ONLY","audited-only: footstep breadth cut from mobile build",""
"Assets/Footsteps Pack Expanded/SingleSteps/EarthgroundSteps/EarthGroundSteps118.wav","EarthGroundSteps118","player_movement","SOURCE_ONLY","audited-only: footstep breadth cut from mobile build",""
"Assets/Footsteps Pack Expanded/SingleSteps/EarthgroundSteps/EarthGroundSteps119.wav","EarthGroundSteps119","player_movement","SOURCE_ONLY","audited-only: footstep breadth cut from mobile build",""
"Assets/Footsteps Pack Expanded/SingleSteps/EarthgroundSteps/EarthGroundSteps12.wav","EarthGroundSteps12","player_movement","SOURCE_ONLY","audited-only: footstep breadth cut from mobile build",""
"Assets/Footsteps Pack Expanded/SingleSteps/EarthgroundSteps/EarthGroundSteps120.wav","EarthGroundSteps120","player_movement","SOURCE_ONLY","audited-only: footstep breadth cut from mobile build",""
"Assets/Footsteps Pack Expanded/SingleSteps/EarthgroundSteps/EarthGroundSteps121.wav","EarthGroundSteps121","player_movement","SOURCE_ONLY","audited-only: footstep breadth cut from mobile build",""
"Assets/Footsteps Pack Expanded/SingleSteps/EarthgroundSteps/EarthGroundSteps122.wav","EarthGroundSteps122","player_movement","SOURCE_ONLY","audited-only: footstep breadth cut from mobile build",""
"Assets/Footsteps Pack Expanded/SingleSteps/EarthgroundSteps/EarthGroundSteps123.wav","EarthGroundSteps123","player_movement","SOURCE_ONLY","audited-only: footstep breadth cut from mobile build",""
"Assets/Footsteps Pack Expanded/SingleSteps/EarthgroundSteps/EarthGroundSteps124.wav","EarthGroundSteps124","player_movement","SOURCE_ONLY","audited-only: footstep breadth cut from mobile build",""
"Assets/Footsteps Pack Expanded/SingleSteps/EarthgroundSteps/EarthGroundSteps125.wav","EarthGroundSteps125","player_movement","SOURCE_ONLY","audited-only: footstep breadth cut from mobile build",""
"Assets/Footsteps Pack Expanded/SingleSteps/EarthgroundSteps/EarthGroundSteps126.wav","EarthGroundSteps126","player_movement","SOURCE_ONLY","audited-only: footstep breadth cut from mobile build",""
"Assets/Footsteps Pack Expanded/SingleSteps/EarthgroundSteps/EarthGroundSteps127.wav","EarthGroundSteps127","player_movement","SOURCE_ONLY","audited-only: footstep breadth cut from mobile build",""
"Assets/Footsteps Pack Expanded/SingleSteps/EarthgroundSteps/EarthGroundSteps128.wav","EarthGroundSteps128","player_movement","SOURCE_ONLY","audited-only: footstep breadth cut from mobile build",""
"Assets/Footsteps Pack Expanded/SingleSteps/EarthgroundSteps/EarthGroundSteps129.wav","EarthGroundSteps129","player_movement","SOURCE_ONLY","audited-only: footstep breadth cut from mobile build",""
"Assets/Footsteps Pack Expanded/SingleSteps/EarthgroundSteps/EarthGroundSteps13.wav","EarthGroundSteps13","player_movement","SOURCE_ONLY","audited-only: footstep breadth cut from mobile build",""
"Assets/Footsteps Pack Expanded/SingleSteps/EarthgroundSteps/EarthGroundSteps130.wav","EarthGroundSteps130","player_movement","SOURCE_ONLY","audited-only: footstep breadth cut from mobile build",""
"Assets/Footsteps Pack Expanded/SingleSteps/EarthgroundSteps/EarthGroundSteps131.wav","EarthGroundSteps131","player_movement","SOURCE_ONLY","audited-only: footstep breadth cut from mobile build",""
"Assets/Footsteps Pack Expanded/SingleSteps/EarthgroundSteps/EarthGroundSteps132.wav","EarthGroundSteps132","player_movement","SOURCE_ONLY","audited-only: footstep breadth cut from mobile build",""
"Assets/Footsteps Pack Expanded/SingleSteps/EarthgroundSteps/EarthGroundSteps133.wav","EarthGroundSteps133","player_movement","SOURCE_ONLY","audited-only: footstep breadth cut from mobile build",""
"Assets/Footsteps Pack Expanded/SingleSteps/EarthgroundSteps/EarthGroundSteps134.wav","EarthGroundSteps134","player_movement","SOURCE_ONLY","audited-only: footstep breadth cut from mobile build",""
"Assets/Footsteps Pack Expanded/SingleSteps/EarthgroundSteps/EarthGroundSteps135.wav","EarthGroundSteps135","player_movement","SOURCE_ONLY","audited-only: footstep breadth cut from mobile build",""
"Assets/Footsteps Pack Expanded/SingleSteps/EarthgroundSteps/EarthGroundSteps136.wav","EarthGroundSteps136","player_movement","SOURCE_ONLY","audited-only: footstep breadth cut from mobile build",""
"Assets/Footsteps Pack Expanded/SingleSteps/EarthgroundSteps/EarthGroundSteps137.wav","EarthGroundSteps137","player_movement","SOURCE_ONLY","audited-only: footstep breadth cut from mobile build",""
"Assets/Footsteps Pack Expanded/SingleSteps/EarthgroundSteps/EarthGroundSteps138.wav","EarthGroundSteps138","player_movement","SOURCE_ONLY","audited-only: footstep breadth cut from mobile build",""
"Assets/Footsteps Pack Expanded/SingleSteps/EarthgroundSteps/EarthGroundSteps139.wav","EarthGroundSteps139","player_movement","SOURCE_ONLY","audited-only: footstep breadth cut from mobile build",""
"Assets/Footsteps Pack Expanded/SingleSteps/EarthgroundSteps/EarthGroundSteps14.wav","EarthGroundSteps14","player_movement","SOURCE_ONLY","audited-only: footstep breadth cut from mobile build",""
"Assets/Footsteps Pack Expanded/SingleSteps/EarthgroundSteps/EarthGroundSteps140.wav","EarthGroundSteps140","player_movement","SOURCE_ONLY","audited-only: footstep breadth cut from mobile build",""
"Assets/Footsteps Pack Expanded/SingleSteps/EarthgroundSteps/EarthGroundSteps141.wav","EarthGroundSteps141","player_movement","SOURCE_ONLY","audited-only: footstep breadth cut from mobile build",""
"Assets/Footsteps Pack Expanded/SingleSteps/EarthgroundSteps/EarthGroundSteps142.wav","EarthGroundSteps142","player_movement","SOURCE_ONLY","audited-only: footstep breadth cut from mobile build",""
"Assets/Footsteps Pack Expanded/SingleSteps/EarthgroundSteps/EarthGroundSteps143.wav","EarthGroundSteps143","player_movement","SOURCE_ONLY","audited-only: footstep breadth cut from mobile build",""
"Assets/Footsteps Pack Expanded/SingleSteps/EarthgroundSteps/EarthGroundSteps144.wav","EarthGroundSteps144","player_movement","SOURCE_ONLY","audited-only: footstep breadth cut from mobile build",""
"Assets/Footsteps Pack Expanded/SingleSteps/EarthgroundSteps/EarthGroundSteps145.wav","EarthGroundSteps145","player_movement","SOURCE_ONLY","audited-only: footstep breadth cut from mobile build",""
"Assets/Footsteps Pack Expanded/SingleSteps/EarthgroundSteps/EarthGroundSteps146.wav","EarthGroundSteps146","player_movement","SOURCE_ONLY","audited-only: footstep breadth cut from mobile build",""
"Assets/Footsteps Pack Expanded/SingleSteps/EarthgroundSteps/EarthGroundSteps147.wav","EarthGroundSteps147","player_movement","SOURCE_ONLY","audited-only: footstep breadth cut from mobile build",""
"Assets/Footsteps Pack Expanded/SingleSteps/EarthgroundSteps/EarthGroundSteps148.wav","EarthGroundSteps148","player_movement","SOURCE_ONLY","audited-only: footstep breadth cut from mobile build",""
"Assets/Footsteps Pack Expanded/SingleSteps/EarthgroundSteps/EarthGroundSteps149.wav","EarthGroundSteps149","player_movement","SOURCE_ONLY","audited-only: footstep breadth cut from mobile build",""
"Assets/Footsteps Pack Expanded/SingleSteps/EarthgroundSteps/EarthGroundSteps15.wav","EarthGroundSteps15","player_movement","SOURCE_ONLY","audited-only: footstep breadth cut from mobile build",""
"Assets/Footsteps Pack Expanded/SingleSteps/EarthgroundSteps/EarthGroundSteps150.wav","EarthGroundSteps150","player_movement","SOURCE_ONLY","audited-only: footstep breadth cut from mobile build",""
"Assets/Footsteps Pack Expanded/SingleSteps/EarthgroundSteps/EarthGroundSteps151.wav","EarthGroundSteps151","player_movement","SOURCE_ONLY","audited-only: footstep breadth cut from mobile build",""
"Assets/Footsteps Pack Expanded/SingleSteps/EarthgroundSteps/EarthGroundSteps152.wav","EarthGroundSteps152","player_movement","SOURCE_ONLY","audited-only: footstep breadth cut from mobile build",""
"Assets/Footsteps Pack Expanded/SingleSteps/EarthgroundSteps/EarthGroundSteps153.wav","EarthGroundSteps153","player_movement","SOURCE_ONLY","audited-only: footstep breadth cut from mobile build",""
"Assets/Footsteps Pack Expanded/SingleSteps/EarthgroundSteps/EarthGroundSteps154.wav","EarthGroundSteps154","player_movement","SOURCE_ONLY","audited-only: footstep breadth cut from mobile build",""
"Assets/Footsteps Pack Expanded/SingleSteps/EarthgroundSteps/EarthGroundSteps155.wav","EarthGroundSteps155","player_movement","SOURCE_ONLY","audited-only: footstep breadth cut from mobile build",""
"Assets/Footsteps Pack Expanded/SingleSteps/EarthgroundSteps/EarthGroundSteps156.wav","EarthGroundSteps156","player_movement","SOURCE_ONLY","audited-only: footstep breadth cut from mobile build",""
"Assets/Footsteps Pack Expanded/SingleSteps/EarthgroundSteps/EarthGroundSteps157.wav","EarthGroundSteps157","player_movement","SOURCE_ONLY","audited-only: footstep breadth cut from mobile build",""
"Assets/Footsteps Pack Expanded/SingleSteps/EarthgroundSteps/EarthGroundSteps158.wav","EarthGroundSteps158","player_movement","SOURCE_ONLY","audited-only: footstep breadth cut from mobile build",""
"Assets/Footsteps Pack Expanded/SingleSteps/EarthgroundSteps/EarthGroundSteps159.wav","EarthGroundSteps159","player_movement","SOURCE_ONLY","audited-only: footstep breadth cut from mobile build",""
"Assets/Footsteps Pack Expanded/SingleSteps/EarthgroundSteps/EarthGroundSteps16.wav","EarthGroundSteps16","player_movement","SOURCE_ONLY","audited-only: footstep breadth cut from mobile build",""
"Assets/Footsteps Pack Expanded/SingleSteps/EarthgroundSteps/EarthGroundSteps160.wav","EarthGroundSteps160","player_movement","SOURCE_ONLY","audited-only: footstep breadth cut from mobile build",""
"Assets/Footsteps Pack Expanded/SingleSteps/EarthgroundSteps/EarthGroundSteps161.wav","EarthGroundSteps161","player_movement","SOURCE_ONLY","audited-only: footstep breadth cut from mobile build",""
"Assets/Footsteps Pack Expanded/SingleSteps/EarthgroundSteps/EarthGroundSteps162.wav","EarthGroundSteps162","player_movement","SOURCE_ONLY","audited-only: footstep breadth cut from mobile build",""
"Assets/Footsteps Pack Expanded/SingleSteps/EarthgroundSteps/EarthGroundSteps163.wav","EarthGroundSteps163","player_movement","SOURCE_ONLY","audited-only: footstep breadth cut from mobile build",""
"Assets/Footsteps Pack Expanded/SingleSteps/EarthgroundSteps/EarthGroundSteps164.wav","EarthGroundSteps164","player_movement","SOURCE_ONLY","audited-only: footstep breadth cut from mobile build",""
"Assets/Footsteps Pack Expanded/SingleSteps/EarthgroundSteps/EarthGroundSteps165.wav","EarthGroundSteps165","player_movement","SOURCE_ONLY","audited-only: footstep breadth cut from mobile build",""
"Assets/Footsteps Pack Expanded/SingleSteps/EarthgroundSteps/EarthGroundSteps166.wav","EarthGroundSteps166","player_movement","SOURCE_ONLY","audited-only: footstep breadth cut from mobile build",""
"Assets/Footsteps Pack Expanded/SingleSteps/EarthgroundSteps/EarthGroundSteps167.wav","EarthGroundSteps167","player_movement","SOURCE_ONLY","audited-only: footstep breadth cut from mobile build",""
"Assets/Footsteps Pack Expanded/SingleSteps/EarthgroundSteps/EarthGroundSteps168.wav","EarthGroundSteps168","player_movement","SOURCE_ONLY","audited-only: footstep breadth cut from mobile build",""
"Assets/Footsteps Pack Expanded/SingleSteps/EarthgroundSteps/EarthGroundSteps169.wav","EarthGroundSteps169","player_movement","SOURCE_ONLY","audited-only: footstep breadth cut from mobile build",""
"Assets/Footsteps Pack Expanded/SingleSteps/EarthgroundSteps/EarthGroundSteps17.wav","EarthGroundSteps17","player_movement","SOURCE_ONLY","audited-only: footstep breadth cut from mobile build",""
"Assets/Footsteps Pack Expanded/SingleSteps/EarthgroundSteps/EarthGroundSteps170.wav","EarthGroundSteps170","player_movement","SOURCE_ONLY","audited-only: footstep breadth cut from mobile build",""
"Assets/Footsteps Pack Expanded/SingleSteps/EarthgroundSteps/EarthGroundSteps171.wav","EarthGroundSteps171","player_movement","SOURCE_ONLY","audited-only: footstep breadth cut from mobile build",""
"Assets/Footsteps Pack Expanded/SingleSteps/EarthgroundSteps/EarthGroundSteps172.wav","EarthGroundSteps172","player_movement","SOURCE_ONLY","audited-only: footstep breadth cut from mobile build",""
"Assets/Footsteps Pack Expanded/SingleSteps/EarthgroundSteps/EarthGroundSteps173.wav","EarthGroundSteps173","player_movement","SOURCE_ONLY","audited-only: footstep breadth cut from mobile build",""
"Assets/Footsteps Pack Expanded/SingleSteps/EarthgroundSteps/EarthGroundSteps174.wav","EarthGroundSteps174","player_movement","SOURCE_ONLY","audited-only: footstep breadth cut from mobile build",""
"Assets/Footsteps Pack Expanded/SingleSteps/EarthgroundSteps/EarthGroundSteps175.wav","EarthGroundSteps175","player_movement","SOURCE_ONLY","audited-only: footstep breadth cut from mobile build",""
"Assets/Footsteps Pack Expanded/SingleSteps/EarthgroundSteps/EarthGroundSteps176.wav","EarthGroundSteps176","player_movement","SOURCE_ONLY","audited-only: footstep breadth cut from mobile build",""
"Assets/Footsteps Pack Expanded/SingleSteps/EarthgroundSteps/EarthGroundSteps177.wav","EarthGroundSteps177","player_movement","SOURCE_ONLY","audited-only: footstep breadth cut from mobile build",""
"Assets/Footsteps Pack Expanded/SingleSteps/EarthgroundSteps/EarthGroundSteps178.wav","EarthGroundSteps178","player_movement","SOURCE_ONLY","audited-only: footstep breadth cut from mobile build",""
"Assets/Footsteps Pack Expanded/SingleSteps/EarthgroundSteps/EarthGroundSteps179.wav","EarthGroundSteps179","player_movement","SOURCE_ONLY","audited-only: footstep breadth cut from mobile build",""
"Assets/Footsteps Pack Expanded/SingleSteps/EarthgroundSteps/EarthGroundSteps18.wav","EarthGroundSteps18","player_movement","SOURCE_ONLY","audited-only: footstep breadth cut from mobile build",""
"Assets/Footsteps Pack Expanded/SingleSteps/EarthgroundSteps/EarthGroundSteps180.wav","EarthGroundSteps180","player_movement","SOURCE_ONLY","audited-only: footstep breadth cut from mobile build",""
"Assets/Footsteps Pack Expanded/SingleSteps/EarthgroundSteps/EarthGroundSteps181.wav","EarthGroundSteps181","player_movement","SOURCE_ONLY","audited-only: footstep breadth cut from mobile build",""
"Assets/Footsteps Pack Expanded/SingleSteps/EarthgroundSteps/EarthGroundSteps182.wav","EarthGroundSteps182","player_movement","SOURCE_ONLY","audited-only: footstep breadth cut from mobile build",""
"Assets/Footsteps Pack Expanded/SingleSteps/EarthgroundSteps/EarthGroundSteps183.wav","EarthGroundSteps183","player_movement","SOURCE_ONLY","audited-only: footstep breadth cut from mobile build",""
"Assets/Footsteps Pack Expanded/SingleSteps/EarthgroundSteps/EarthGroundSteps184.wav","EarthGroundSteps184","player_movement","SOURCE_ONLY","audited-only: footstep breadth cut from mobile build",""
"Assets/Footsteps Pack Expanded/SingleSteps/EarthgroundSteps/EarthGroundSteps185.wav","EarthGroundSteps185","player_movement","SOURCE_ONLY","audited-only: footstep breadth cut from mobile build",""
"Assets/Footsteps Pack Expanded/SingleSteps/EarthgroundSteps/EarthGroundSteps186.wav","EarthGroundSteps186","player_movement","SOURCE_ONLY","audited-only: footstep breadth cut from mobile build",""
"Assets/Footsteps Pack Expanded/SingleSteps/EarthgroundSteps/EarthGroundSteps187.wav","EarthGroundSteps187","player_movement","SOURCE_ONLY","audited-only: footstep breadth cut from mobile build",""
"Assets/Footsteps Pack Expanded/SingleSteps/EarthgroundSteps/EarthGroundSteps188.wav","EarthGroundSteps188","player_movement","SOURCE_ONLY","audited-only: footstep breadth cut from mobile build",""
"Assets/Footsteps Pack Expanded/SingleSteps/EarthgroundSteps/EarthGroundSteps189.wav","EarthGroundSteps189","player_movement","SOURCE_ONLY","audited-only: footstep breadth cut from mobile build",""
"Assets/Footsteps Pack Expanded/SingleSteps/EarthgroundSteps/EarthGroundSteps19.wav","EarthGroundSteps19","player_movement","SOURCE_ONLY","audited-only: footstep breadth cut from mobile build",""
"Assets/Footsteps Pack Expanded/SingleSteps/EarthgroundSteps/EarthGroundSteps190.wav","EarthGroundSteps190","player_movement","SOURCE_ONLY","audited-only: footstep breadth cut from mobile build",""
"Assets/Footsteps Pack Expanded/SingleSteps/EarthgroundSteps/EarthGroundSteps191.wav","EarthGroundSteps191","player_movement","SOURCE_ONLY","audited-only: footstep breadth cut from mobile build",""
"Assets/Footsteps Pack Expanded/SingleSteps/EarthgroundSteps/EarthGroundSteps192.wav","EarthGroundSteps192","player_movement","SOURCE_ONLY","audited-only: footstep breadth cut from mobile build",""
"Assets/Footsteps Pack Expanded/SingleSteps/EarthgroundSteps/EarthGroundSteps193.wav","EarthGroundSteps193","player_movement","SOURCE_ONLY","audited-only: footstep breadth cut from mobile build",""
"Assets/Footsteps Pack Expanded/SingleSteps/EarthgroundSteps/EarthGroundSteps194.wav","EarthGroundSteps194","player_movement","SOURCE_ONLY","audited-only: footstep breadth cut from mobile build",""
"Assets/Footsteps Pack Expanded/SingleSteps/EarthgroundSteps/EarthGroundSteps195.wav","EarthGroundSteps195","player_movement","SOURCE_ONLY","audited-only: footstep breadth cut from mobile build",""
"Assets/Footsteps Pack Expanded/SingleSteps/EarthgroundSteps/EarthGroundSteps196.wav","EarthGroundSteps196","player_movement","SOURCE_ONLY","audited-only: footstep breadth cut from mobile build",""
"Assets/Footsteps Pack Expanded/SingleSteps/EarthgroundSteps/EarthGroundSteps197.wav","EarthGroundSteps197","player_movement","SOURCE_ONLY","audited-only: footstep breadth cut from mobile build",""
"Assets/Footsteps Pack Expanded/SingleSteps/EarthgroundSteps/EarthGroundSteps198.wav","EarthGroundSteps198","player_movement","SOURCE_ONLY","audited-only: footstep breadth cut from mobile build",""
"Assets/Footsteps Pack Expanded/SingleSteps/EarthgroundSteps/EarthGroundSteps199.wav","EarthGroundSteps199","player_movement","SOURCE_ONLY","audited-only: footstep breadth cut from mobile build",""
"Assets/Footsteps Pack Expanded/SingleSteps/EarthgroundSteps/EarthGroundSteps20.wav","EarthGroundSteps20","player_movement","SOURCE_ONLY","audited-only: footstep breadth cut from mobile build",""
"Assets/Footsteps Pack Expanded/SingleSteps/EarthgroundSteps/EarthGroundSteps200.wav","EarthGroundSteps200","player_movement","SOURCE_ONLY","audited-only: footstep breadth cut from mobile build",""
"Assets/Footsteps Pack Expanded/SingleSteps/EarthgroundSteps/EarthGroundSteps201.wav","EarthGroundSteps201","player_movement","SOURCE_ONLY","audited-only: footstep breadth cut from mobile build",""
"Assets/Footsteps Pack Expanded/SingleSteps/EarthgroundSteps/EarthGroundSteps202.wav","EarthGroundSteps202","player_movement","SOURCE_ONLY","audited-only: footstep breadth cut from mobile build",""
"Assets/Footsteps Pack Expanded/SingleSteps/EarthgroundSteps/EarthGroundSteps203.wav","EarthGroundSteps203","player_movement","SOURCE_ONLY","audited-only: footstep breadth cut from mobile build",""
"Assets/Footsteps Pack Expanded/SingleSteps/EarthgroundSteps/EarthGroundSteps204.wav","EarthGroundSteps204","player_movement","SOURCE_ONLY","audited-only: footstep breadth cut from mobile build",""
"Assets/Footsteps Pack Expanded/SingleSteps/EarthgroundSteps/EarthGroundSteps205.wav","EarthGroundSteps205","player_movement","SOURCE_ONLY","audited-only: footstep breadth cut from mobile build",""
"Assets/Footsteps Pack Expanded/SingleSteps/EarthgroundSteps/EarthGroundSteps206.wav","EarthGroundSteps206","player_movement","SOURCE_ONLY","audited-only: footstep breadth cut from mobile build",""
"Assets/Footsteps Pack Expanded/SingleSteps/EarthgroundSteps/EarthGroundSteps207.wav","EarthGroundSteps207","player_movement","SOURCE_ONLY","audited-only: footstep breadth cut from mobile build",""
"Assets/Footsteps Pack Expanded/SingleSteps/EarthgroundSteps/EarthGroundSteps208.wav","EarthGroundSteps208","player_movement","SOURCE_ONLY","audited-only: footstep breadth cut from mobile build",""
"Assets/Footsteps Pack Expanded/SingleSteps/EarthgroundSteps/EarthGroundSteps209.wav","EarthGroundSteps209","player_movement","SOURCE_ONLY","audited-only: footstep breadth cut from mobile build",""
"Assets/Footsteps Pack Expanded/SingleSteps/EarthgroundSteps/EarthGroundSteps21.wav","EarthGroundSteps21","player_movement","SOURCE_ONLY","audited-only: footstep breadth cut from mobile build",""
"Assets/Footsteps Pack Expanded/SingleSteps/EarthgroundSteps/EarthGroundSteps210.wav","EarthGroundSteps210","player_movement","SOURCE_ONLY","audited-only: footstep breadth cut from mobile build",""
"Assets/Footsteps Pack Expanded/SingleSteps/EarthgroundSteps/EarthGroundSteps211.wav","EarthGroundSteps211","player_movement","SOURCE_ONLY","audited-only: footstep breadth cut from mobile build",""
"Assets/Footsteps Pack Expanded/SingleSteps/EarthgroundSteps/EarthGroundSteps212.wav","EarthGroundSteps212","player_movement","SOURCE_ONLY","audited-only: footstep breadth cut from mobile build",""
"Assets/Footsteps Pack Expanded/SingleSteps/EarthgroundSteps/EarthGroundSteps213.wav","EarthGroundSteps213","player_movement","SOURCE_ONLY","audited-only: footstep breadth cut from mobile build",""
"Assets/Footsteps Pack Expanded/SingleSteps/EarthgroundSteps/EarthGroundSteps214.wav","EarthGroundSteps214","player_movement","SOURCE_ONLY","audited-only: footstep breadth cut from mobile build",""
"Assets/Footsteps Pack Expanded/SingleSteps/EarthgroundSteps/EarthGroundSteps215.wav","EarthGroundSteps215","player_movement","SOURCE_ONLY","audited-only: footstep breadth cut from mobile build",""
"Assets/Footsteps Pack Expanded/SingleSteps/EarthgroundSteps/EarthGroundSteps216.wav","EarthGroundSteps216","player_movement","SOURCE_ONLY","audited-only: footstep breadth cut from mobile build",""
"Assets/Footsteps Pack Expanded/SingleSteps/EarthgroundSteps/EarthGroundSteps217.wav","EarthGroundSteps217","player_movement","SOURCE_ONLY","audited-only: footstep breadth cut from mobile build",""
"Assets/Footsteps Pack Expanded/SingleSteps/EarthgroundSteps/EarthGroundSteps218.wav","EarthGroundSteps218","player_movement","SOURCE_ONLY","audited-only: footstep breadth cut from mobile build",""
"Assets/Footsteps Pack Expanded/SingleSteps/EarthgroundSteps/EarthGroundSteps219.wav","EarthGroundSteps219","player_movement","SOURCE_ONLY","audited-only: footstep breadth cut from mobile build",""
"Assets/Footsteps Pack Expanded/SingleSteps/EarthgroundSteps/EarthGroundSteps22.wav","EarthGroundSteps22","player_movement","SOURCE_ONLY","audited-only: footstep breadth cut from mobile build",""
"Assets/Footsteps Pack Expanded/SingleSteps/EarthgroundSteps/EarthGroundSteps220.wav","EarthGroundSteps220","player_movement","SOURCE_ONLY","audited-only: footstep breadth cut from mobile build",""
"Assets/Footsteps Pack Expanded/SingleSteps/EarthgroundSteps/EarthGroundSteps221.wav","EarthGroundSteps221","player_movement","SOURCE_ONLY","audited-only: footstep breadth cut from mobile build",""
"Assets/Footsteps Pack Expanded/SingleSteps/EarthgroundSteps/EarthGroundSteps222.wav","EarthGroundSteps222","player_movement","SOURCE_ONLY","audited-only: footstep breadth cut from mobile build",""
"Assets/Footsteps Pack Expanded/SingleSteps/EarthgroundSteps/EarthGroundSteps223.wav","EarthGroundSteps223","player_movement","SOURCE_ONLY","audited-only: footstep breadth cut from mobile build",""
"Assets/Footsteps Pack Expanded/SingleSteps/EarthgroundSteps/EarthGroundSteps224.wav","EarthGroundSteps224","player_movement","SOURCE_ONLY","audited-only: footstep breadth cut from mobile build",""
"Assets/Footsteps Pack Expanded/SingleSteps/EarthgroundSteps/EarthGroundSteps225.wav","EarthGroundSteps225","player_movement","SOURCE_ONLY","audited-only: footstep breadth cut from mobile build",""
"Assets/Footsteps Pack Expanded/SingleSteps/EarthgroundSteps/EarthGroundSteps226.wav","EarthGroundSteps226","player_movement","SOURCE_ONLY","audited-only: footstep breadth cut from mobile build",""
"Assets/Footsteps Pack Expanded/SingleSteps/EarthgroundSteps/EarthGroundSteps227.wav","EarthGroundSteps227","player_movement","SOURCE_ONLY","audited-only: footstep breadth cut from mobile build",""
"Assets/Footsteps Pack Expanded/SingleSteps/EarthgroundSteps/EarthGroundSteps228.wav","EarthGroundSteps228","player_movement","SOURCE_ONLY","audited-only: footstep breadth cut from mobile build",""
"Assets/Footsteps Pack Expanded/SingleSteps/EarthgroundSteps/EarthGroundSteps229.wav","EarthGroundSteps229","player_movement","SOURCE_ONLY","audited-only: footstep breadth cut from mobile build",""
"Assets/Footsteps Pack Expanded/SingleSteps/EarthgroundSteps/EarthGroundSteps23.wav","EarthGroundSteps23","player_movement","SOURCE_ONLY","audited-only: footstep breadth cut from mobile build",""
"Assets/Footsteps Pack Expanded/SingleSteps/EarthgroundSteps/EarthGroundSteps230.wav","EarthGroundSteps230","player_movement","SOURCE_ONLY","audited-only: footstep breadth cut from mobile build",""
"Assets/Footsteps Pack Expanded/SingleSteps/EarthgroundSteps/EarthGroundSteps231.wav","EarthGroundSteps231","player_movement","SOURCE_ONLY","audited-only: footstep breadth cut from mobile build",""
"Assets/Footsteps Pack Expanded/SingleSteps/EarthgroundSteps/EarthGroundSteps232.wav","EarthGroundSteps232","player_movement","SOURCE_ONLY","audited-only: footstep breadth cut from mobile build",""
"Assets/Footsteps Pack Expanded/SingleSteps/EarthgroundSteps/EarthGroundSteps233.wav","EarthGroundSteps233","player_movement","SOURCE_ONLY","audited-only: footstep breadth cut from mobile build",""
"Assets/Footsteps Pack Expanded/SingleSteps/EarthgroundSteps/EarthGroundSteps234.wav","EarthGroundSteps234","player_movement","SOURCE_ONLY","audited-only: footstep breadth cut from mobile build",""
"Assets/Footsteps Pack Expanded/SingleSteps/EarthgroundSteps/EarthGroundSteps235.wav","EarthGroundSteps235","player_movement","SOURCE_ONLY","audited-only: footstep breadth cut from mobile build",""
"Assets/Footsteps Pack Expanded/SingleSteps/EarthgroundSteps/EarthGroundSteps236.wav","EarthGroundSteps236","player_movement","SOURCE_ONLY","audited-only: footstep breadth cut from mobile build",""
"Assets/Footsteps Pack Expanded/SingleSteps/EarthgroundSteps/EarthGroundSteps237.wav","EarthGroundSteps237","player_movement","SOURCE_ONLY","audited-only: footstep breadth cut from mobile build",""
"Assets/Footsteps Pack Expanded/SingleSteps/EarthgroundSteps/EarthGroundSteps238.wav","EarthGroundSteps238","player_movement","SOURCE_ONLY","audited-only: footstep breadth cut from mobile build",""
"Assets/Footsteps Pack Expanded/SingleSteps/EarthgroundSteps/EarthGroundSteps239.wav","EarthGroundSteps239","player_movement","SOURCE_ONLY","audited-only: footstep breadth cut from mobile build",""
"Assets/Footsteps Pack Expanded/SingleSteps/EarthgroundSteps/EarthGroundSteps24.wav","EarthGroundSteps24","player_movement","SOURCE_ONLY","audited-only: footstep breadth cut from mobile build",""
"Assets/Footsteps Pack Expanded/SingleSteps/EarthgroundSteps/EarthGroundSteps240.wav","EarthGroundSteps240","player_movement","SOURCE_ONLY","audited-only: footstep breadth cut from mobile build",""
"Assets/Footsteps Pack Expanded/SingleSteps/EarthgroundSteps/EarthGroundSteps241.wav","EarthGroundSteps241","player_movement","SOURCE_ONLY","audited-only: footstep breadth cut from mobile build",""
"Assets/Footsteps Pack Expanded/SingleSteps/EarthgroundSteps/EarthGroundSteps242.wav","EarthGroundSteps242","player_movement","SOURCE_ONLY","audited-only: footstep breadth cut from mobile build",""
"Assets/Footsteps Pack Expanded/SingleSteps/EarthgroundSteps/EarthGroundSteps243.wav","EarthGroundSteps243","player_movement","SOURCE_ONLY","audited-only: footstep breadth cut from mobile build",""
"Assets/Footsteps Pack Expanded/SingleSteps/EarthgroundSteps/EarthGroundSteps244.wav","EarthGroundSteps244","player_movement","SOURCE_ONLY","audited-only: footstep breadth cut from mobile build",""
"Assets/Footsteps Pack Expanded/SingleSteps/EarthgroundSteps/EarthGroundSteps245.wav","EarthGroundSteps245","player_movement","SOURCE_ONLY","audited-only: footstep breadth cut from mobile build",""
"Assets/Footsteps Pack Expanded/SingleSteps/EarthgroundSteps/EarthGroundSteps246.wav","EarthGroundSteps246","player_movement","SOURCE_ONLY","audited-only: footstep breadth cut from mobile build",""
"Assets/Footsteps Pack Expanded/SingleSteps/EarthgroundSteps/EarthGroundSteps247.wav","EarthGroundSteps247","player_movement","SOURCE_ONLY","audited-only: footstep breadth cut from mobile build",""
"Assets/Footsteps Pack Expanded/SingleSteps/EarthgroundSteps/EarthGroundSteps248.wav","EarthGroundSteps248","player_movement","SOURCE_ONLY","audited-only: footstep breadth cut from mobile build",""
"Assets/Footsteps Pack Expanded/SingleSteps/EarthgroundSteps/EarthGroundSteps249.wav","EarthGroundSteps249","player_movement","SOURCE_ONLY","audited-only: footstep breadth cut from mobile build",""
"Assets/Footsteps Pack Expanded/SingleSteps/EarthgroundSteps/EarthGroundSteps25.wav","EarthGroundSteps25","player_movement","SOURCE_ONLY","audited-only: footstep breadth cut from mobile build",""
"Assets/Footsteps Pack Expanded/SingleSteps/EarthgroundSteps/EarthGroundSteps250.wav","EarthGroundSteps250","player_movement","SOURCE_ONLY","audited-only: footstep breadth cut from mobile build",""
"Assets/Footsteps Pack Expanded/SingleSteps/EarthgroundSteps/EarthGroundSteps251.wav","EarthGroundSteps251","player_movement","SOURCE_ONLY","audited-only: footstep breadth cut from mobile build",""
"Assets/Footsteps Pack Expanded/SingleSteps/EarthgroundSteps/EarthGroundSteps252.wav","EarthGroundSteps252","player_movement","SOURCE_ONLY","audited-only: footstep breadth cut from mobile build",""
"Assets/Footsteps Pack Expanded/SingleSteps/EarthgroundSteps/EarthGroundSteps253.wav","EarthGroundSteps253","player_movement","SOURCE_ONLY","audited-only: footstep breadth cut from mobile build",""
"Assets/Footsteps Pack Expanded/SingleSteps/EarthgroundSteps/EarthGroundSteps254.wav","EarthGroundSteps254","player_movement","SOURCE_ONLY","audited-only: footstep breadth cut from mobile build",""
"Assets/Footsteps Pack Expanded/SingleSteps/EarthgroundSteps/EarthGroundSteps255.wav","EarthGroundSteps255","player_movement","SOURCE_ONLY","audited-only: footstep breadth cut from mobile build",""
"Assets/Footsteps Pack Expanded/SingleSteps/EarthgroundSteps/EarthGroundSteps256.wav","EarthGroundSteps256","player_movement","SOURCE_ONLY","audited-only: footstep breadth cut from mobile build",""
"Assets/Footsteps Pack Expanded/SingleSteps/EarthgroundSteps/EarthGroundSteps257.wav","EarthGroundSteps257","player_movement","SOURCE_ONLY","audited-only: footstep breadth cut from mobile build",""
"Assets/Footsteps Pack Expanded/SingleSteps/EarthgroundSteps/EarthGroundSteps258.wav","EarthGroundSteps258","player_movement","SOURCE_ONLY","audited-only: footstep breadth cut from mobile build",""
"Assets/Footsteps Pack Expanded/SingleSteps/EarthgroundSteps/EarthGroundSteps259.wav","EarthGroundSteps259","player_movement","SOURCE_ONLY","audited-only: footstep breadth cut from mobile build",""
"Assets/Footsteps Pack Expanded/SingleSteps/EarthgroundSteps/EarthGroundSteps26.wav","EarthGroundSteps26","player_movement","SOURCE_ONLY","audited-only: footstep breadth cut from mobile build",""
"Assets/Footsteps Pack Expanded/SingleSteps/EarthgroundSteps/EarthGroundSteps260.wav","EarthGroundSteps260","player_movement","SOURCE_ONLY","audited-only: footstep breadth cut from mobile build",""
"Assets/Footsteps Pack Expanded/SingleSteps/EarthgroundSteps/EarthGroundSteps261.wav","EarthGroundSteps261","player_movement","SOURCE_ONLY","audited-only: footstep breadth cut from mobile build",""
"Assets/Footsteps Pack Expanded/SingleSteps/EarthgroundSteps/EarthGroundSteps262.wav","EarthGroundSteps262","player_movement","SOURCE_ONLY","audited-only: footstep breadth cut from mobile build",""
"Assets/Footsteps Pack Expanded/SingleSteps/EarthgroundSteps/EarthGroundSteps263.wav","EarthGroundSteps263","player_movement","SOURCE_ONLY","audited-only: footstep breadth cut from mobile build",""
"Assets/Footsteps Pack Expanded/SingleSteps/EarthgroundSteps/EarthGroundSteps264.wav","EarthGroundSteps264","player_movement","SOURCE_ONLY","audited-only: footstep breadth cut from mobile build",""
"Assets/Footsteps Pack Expanded/SingleSteps/EarthgroundSteps/EarthGroundSteps265.wav","EarthGroundSteps265","player_movement","SOURCE_ONLY","audited-only: footstep breadth cut from mobile build",""
"Assets/Footsteps Pack Expanded/SingleSteps/EarthgroundSteps/EarthGroundSteps266.wav","EarthGroundSteps266","player_movement","SOURCE_ONLY","audited-only: footstep breadth cut from mobile build",""
"Assets/Footsteps Pack Expanded/SingleSteps/EarthgroundSteps/EarthGroundSteps267.wav","EarthGroundSteps267","player_movement","SOURCE_ONLY","audited-only: footstep breadth cut from mobile build",""
"Assets/Footsteps Pack Expanded/SingleSteps/EarthgroundSteps/EarthGroundSteps268.wav","EarthGroundSteps268","player_movement","SOURCE_ONLY","audited-only: footstep breadth cut from mobile build",""
"Assets/Footsteps Pack Expanded/SingleSteps/EarthgroundSteps/EarthGroundSteps269.wav","EarthGroundSteps269","player_movement","SOURCE_ONLY","audited-only: footstep breadth cut from mobile build",""
"Assets/Footsteps Pack Expanded/SingleSteps/EarthgroundSteps/EarthGroundSteps27.wav","EarthGroundSteps27","player_movement","SOURCE_ONLY","audited-only: footstep breadth cut from mobile build",""
"Assets/Footsteps Pack Expanded/SingleSteps/EarthgroundSteps/EarthGroundSteps270.wav","EarthGroundSteps270","player_movement","SOURCE_ONLY","audited-only: footstep breadth cut from mobile build",""
"Assets/Footsteps Pack Expanded/SingleSteps/EarthgroundSteps/EarthGroundSteps271.wav","EarthGroundSteps271","player_movement","SOURCE_ONLY","audited-only: footstep breadth cut from mobile build",""
"Assets/Footsteps Pack Expanded/SingleSteps/EarthgroundSteps/EarthGroundSteps272.wav","EarthGroundSteps272","player_movement","SOURCE_ONLY","audited-only: footstep breadth cut from mobile build",""
"Assets/Footsteps Pack Expanded/SingleSteps/EarthgroundSteps/EarthGroundSteps273.wav","EarthGroundSteps273","player_movement","SOURCE_ONLY","audited-only: footstep breadth cut from mobile build",""
"Assets/Footsteps Pack Expanded/SingleSteps/EarthgroundSteps/EarthGroundSteps274.wav","EarthGroundSteps274","player_movement","SOURCE_ONLY","audited-only: footstep breadth cut from mobile build",""
"Assets/Footsteps Pack Expanded/SingleSteps/EarthgroundSteps/EarthGroundSteps275.wav","EarthGroundSteps275","player_movement","SOURCE_ONLY","audited-only: footstep breadth cut from mobile build",""
"Assets/Footsteps Pack Expanded/SingleSteps/EarthgroundSteps/EarthGroundSteps276.wav","EarthGroundSteps276","player_movement","SOURCE_ONLY","audited-only: footstep breadth cut from mobile build",""
"Assets/Footsteps Pack Expanded/SingleSteps/EarthgroundSteps/EarthGroundSteps277.wav","EarthGroundSteps277","player_movement","SOURCE_ONLY","audited-only: footstep breadth cut from mobile build",""
"Assets/Footsteps Pack Expanded/SingleSteps/EarthgroundSteps/EarthGroundSteps278.wav","EarthGroundSteps278","player_movement","SOURCE_ONLY","audited-only: footstep breadth cut from mobile build",""
"Assets/Footsteps Pack Expanded/SingleSteps/EarthgroundSteps/EarthGroundSteps279.wav","EarthGroundSteps279","player_movement","SOURCE_ONLY","audited-only: footstep breadth cut from mobile build",""
"Assets/Footsteps Pack Expanded/SingleSteps/EarthgroundSteps/EarthGroundSteps28.wav","EarthGroundSteps28","player_movement","SOURCE_ONLY","audited-only: footstep breadth cut from mobile build",""
"Assets/Footsteps Pack Expanded/SingleSteps/EarthgroundSteps/EarthGroundSteps280.wav","EarthGroundSteps280","player_movement","SOURCE_ONLY","audited-only: footstep breadth cut from mobile build",""
"Assets/Footsteps Pack Expanded/SingleSteps/EarthgroundSteps/EarthGroundSteps281.wav","EarthGroundSteps281","player_movement","SOURCE_ONLY","audited-only: footstep breadth cut from mobile build",""
"Assets/Footsteps Pack Expanded/SingleSteps/EarthgroundSteps/EarthGroundSteps282.wav","EarthGroundSteps282","player_movement","SOURCE_ONLY","audited-only: footstep breadth cut from mobile build",""
"Assets/Footsteps Pack Expanded/SingleSteps/EarthgroundSteps/EarthGroundSteps283.wav","EarthGroundSteps283","player_movement","SOURCE_ONLY","audited-only: footstep breadth cut from mobile build",""
"Assets/Footsteps Pack Expanded/SingleSteps/EarthgroundSteps/EarthGroundSteps284.wav","EarthGroundSteps284","player_movement","SOURCE_ONLY","audited-only: footstep breadth cut from mobile build",""
"Assets/Footsteps Pack Expanded/SingleSteps/EarthgroundSteps/EarthGroundSteps285.wav","EarthGroundSteps285","player_movement","SOURCE_ONLY","audited-only: footstep breadth cut from mobile build",""
"Assets/Footsteps Pack Expanded/SingleSteps/EarthgroundSteps/EarthGroundSteps286.wav","EarthGroundSteps286","player_movement","SOURCE_ONLY","audited-only: footstep breadth cut from mobile build",""
"Assets/Footsteps Pack Expanded/SingleSteps/EarthgroundSteps/EarthGroundSteps287.wav","EarthGroundSteps287","player_movement","SOURCE_ONLY","audited-only: footstep breadth cut from mobile build",""
"Assets/Footsteps Pack Expanded/SingleSteps/EarthgroundSteps/EarthGroundSteps288.wav","EarthGroundSteps288","player_movement","SOURCE_ONLY","audited-only: footstep breadth cut from mobile build",""
"Assets/Footsteps Pack Expanded/SingleSteps/EarthgroundSteps/EarthGroundSteps289.wav","EarthGroundSteps289","player_movement","SOURCE_ONLY","audited-only: footstep breadth cut from mobile build",""
"Assets/Footsteps Pack Expanded/SingleSteps/EarthgroundSteps/EarthGroundSteps29.wav","EarthGroundSteps29","player_movement","SOURCE_ONLY","audited-only: footstep breadth cut from mobile build",""
"Assets/Footsteps Pack Expanded/SingleSteps/EarthgroundSteps/EarthGroundSteps290.wav","EarthGroundSteps290","player_movement","SOURCE_ONLY","audited-only: footstep breadth cut from mobile build",""
"Assets/Footsteps Pack Expanded/SingleSteps/EarthgroundSteps/EarthGroundSteps291.wav","EarthGroundSteps291","player_movement","SOURCE_ONLY","audited-only: footstep breadth cut from mobile build",""
"Assets/Footsteps Pack Expanded/SingleSteps/EarthgroundSteps/EarthGroundSteps292.wav","EarthGroundSteps292","player_movement","SOURCE_ONLY","audited-only: footstep breadth cut from mobile build",""
"Assets/Footsteps Pack Expanded/SingleSteps/EarthgroundSteps/EarthGroundSteps293.wav","EarthGroundSteps293","player_movement","SOURCE_ONLY","audited-only: footstep breadth cut from mobile build",""
"Assets/Footsteps Pack Expanded/SingleSteps/EarthgroundSteps/EarthGroundSteps294.wav","EarthGroundSteps294","player_movement","SOURCE_ONLY","audited-only: footstep breadth cut from mobile build",""
"Assets/Footsteps Pack Expanded/SingleSteps/EarthgroundSteps/EarthGroundSteps295.wav","EarthGroundSteps295","player_movement","SOURCE_ONLY","audited-only: footstep breadth cut from mobile build",""
"Assets/Footsteps Pack Expanded/SingleSteps/EarthgroundSteps/EarthGroundSteps296.wav","EarthGroundSteps296","player_movement","SOURCE_ONLY","audited-only: footstep breadth cut from mobile build",""
"Assets/Footsteps Pack Expanded/SingleSteps/EarthgroundSteps/EarthGroundSteps297.wav","EarthGroundSteps297","player_movement","SOURCE_ONLY","audited-only: footstep breadth cut from mobile build",""
"Assets/Footsteps Pack Expanded/SingleSteps/EarthgroundSteps/EarthGroundSteps298.wav","EarthGroundSteps298","player_movement","SOURCE_ONLY","audited-only: footstep breadth cut from mobile build",""
"Assets/Footsteps Pack Expanded/SingleSteps/EarthgroundSteps/EarthGroundSteps299.wav","EarthGroundSteps299","player_movement","SOURCE_ONLY","audited-only: footstep breadth cut from mobile build",""
"Assets/Footsteps Pack Expanded/SingleSteps/EarthgroundSteps/EarthGroundSteps30.wav","EarthGroundSteps30","player_movement","SOURCE_ONLY","audited-only: footstep breadth cut from mobile build",""
"Assets/Footsteps Pack Expanded/SingleSteps/EarthgroundSteps/EarthGroundSteps300.wav","EarthGroundSteps300","player_movement","SOURCE_ONLY","audited-only: footstep breadth cut from mobile build",""
"Assets/Footsteps Pack Expanded/SingleSteps/EarthgroundSteps/EarthGroundSteps301.wav","EarthGroundSteps301","player_movement","SOURCE_ONLY","audited-only: footstep breadth cut from mobile build",""
"Assets/Footsteps Pack Expanded/SingleSteps/EarthgroundSteps/EarthGroundSteps302.wav","EarthGroundSteps302","player_movement","SOURCE_ONLY","audited-only: footstep breadth cut from mobile build",""
"Assets/Footsteps Pack Expanded/SingleSteps/EarthgroundSteps/EarthGroundSteps303.wav","EarthGroundSteps303","player_movement","SOURCE_ONLY","audited-only: footstep breadth cut from mobile build",""
"Assets/Footsteps Pack Expanded/SingleSteps/EarthgroundSteps/EarthGroundSteps304.wav","EarthGroundSteps304","player_movement","SOURCE_ONLY","audited-only: footstep breadth cut from mobile build",""
"Assets/Footsteps Pack Expanded/SingleSteps/EarthgroundSteps/EarthGroundSteps305.wav","EarthGroundSteps305","player_movement","SOURCE_ONLY","audited-only: footstep breadth cut from mobile build",""
"Assets/Footsteps Pack Expanded/SingleSteps/EarthgroundSteps/EarthGroundSteps306.wav","EarthGroundSteps306","player_movement","SOURCE_ONLY","audited-only: footstep breadth cut from mobile build",""
"Assets/Footsteps Pack Expanded/SingleSteps/EarthgroundSteps/EarthGroundSteps307.wav","EarthGroundSteps307","player_movement","SOURCE_ONLY","audited-only: footstep breadth cut from mobile build",""
"Assets/Footsteps Pack Expanded/SingleSteps/EarthgroundSteps/EarthGroundSteps308.wav","EarthGroundSteps308","player_movement","SOURCE_ONLY","audited-only: footstep breadth cut from mobile build",""
"Assets/Footsteps Pack Expanded/SingleSteps/EarthgroundSteps/EarthGroundSteps309.wav","EarthGroundSteps309","player_movement","SOURCE_ONLY","audited-only: footstep breadth cut from mobile build",""
"Assets/Footsteps Pack Expanded/SingleSteps/EarthgroundSteps/EarthGroundSteps31.wav","EarthGroundSteps31","player_movement","SOURCE_ONLY","audited-only: footstep breadth cut from mobile build",""
"Assets/Footsteps Pack Expanded/SingleSteps/EarthgroundSteps/EarthGroundSteps310.wav","EarthGroundSteps310","player_movement","SOURCE_ONLY","audited-only: footstep breadth cut from mobile build",""
"Assets/Footsteps Pack Expanded/SingleSteps/EarthgroundSteps/EarthGroundSteps311.wav","EarthGroundSteps311","player_movement","SOURCE_ONLY","audited-only: footstep breadth cut from mobile build",""
"Assets/Footsteps Pack Expanded/SingleSteps/EarthgroundSteps/EarthGroundSteps312.wav","EarthGroundSteps312","player_movement","SOURCE_ONLY","audited-only: footstep breadth cut from mobile build",""
"Assets/Footsteps Pack Expanded/SingleSteps/EarthgroundSteps/EarthGroundSteps313.wav","EarthGroundSteps313","player_movement","SOURCE_ONLY","audited-only: footstep breadth cut from mobile build",""
"Assets/Footsteps Pack Expanded/SingleSteps/EarthgroundSteps/EarthGroundSteps314.wav","EarthGroundSteps314","player_movement","SOURCE_ONLY","audited-only: footstep breadth cut from mobile build",""
"Assets/Footsteps Pack Expanded/SingleSteps/EarthgroundSteps/EarthGroundSteps315.wav","EarthGroundSteps315","player_movement","SOURCE_ONLY","audited-only: footstep breadth cut from mobile build",""
"Assets/Footsteps Pack Expanded/SingleSteps/EarthgroundSteps/EarthGroundSteps316.wav","EarthGroundSteps316","player_movement","SOURCE_ONLY","audited-only: footstep breadth cut from mobile build",""
"Assets/Footsteps Pack Expanded/SingleSteps/EarthgroundSteps/EarthGroundSteps317.wav","EarthGroundSteps317","player_movement","SOURCE_ONLY","audited-only: footstep breadth cut from mobile build",""
"Assets/Footsteps Pack Expanded/SingleSteps/EarthgroundSteps/EarthGroundSteps318.wav","EarthGroundSteps318","player_movement","SOURCE_ONLY","audited-only: footstep breadth cut from mobile build",""
"Assets/Footsteps Pack Expanded/SingleSteps/EarthgroundSteps/EarthGroundSteps319.wav","EarthGroundSteps319","player_movement","SOURCE_ONLY","audited-only: footstep breadth cut from mobile build",""
"Assets/Footsteps Pack Expanded/SingleSteps/EarthgroundSteps/EarthGroundSteps32.wav","EarthGroundSteps32","player_movement","SOURCE_ONLY","audited-only: footstep breadth cut from mobile build",""
"Assets/Footsteps Pack Expanded/SingleSteps/EarthgroundSteps/EarthGroundSteps320.wav","EarthGroundSteps320","player_movement","SOURCE_ONLY","audited-only: footstep breadth cut from mobile build",""
"Assets/Footsteps Pack Expanded/SingleSteps/EarthgroundSteps/EarthGroundSteps321.wav","EarthGroundSteps321","player_movement","SOURCE_ONLY","audited-only: footstep breadth cut from mobile build",""
"Assets/Footsteps Pack Expanded/SingleSteps/EarthgroundSteps/EarthGroundSteps322.wav","EarthGroundSteps322","player_movement","SOURCE_ONLY","audited-only: footstep breadth cut from mobile build",""
"Assets/Footsteps Pack Expanded/SingleSteps/EarthgroundSteps/EarthGroundSteps323.wav","EarthGroundSteps323","player_movement","SOURCE_ONLY","audited-only: footstep breadth cut from mobile build",""
"Assets/Footsteps Pack Expanded/SingleSteps/EarthgroundSteps/EarthGroundSteps324.wav","EarthGroundSteps324","player_movement","SOURCE_ONLY","audited-only: footstep breadth cut from mobile build",""
"Assets/Footsteps Pack Expanded/SingleSteps/EarthgroundSteps/EarthGroundSteps325.wav","EarthGroundSteps325","player_movement","SOURCE_ONLY","audited-only: footstep breadth cut from mobile build",""
"Assets/Footsteps Pack Expanded/SingleSteps/EarthgroundSteps/EarthGroundSteps326.wav","EarthGroundSteps326","player_movement","SOURCE_ONLY","audited-only: footstep breadth cut from mobile build",""
"Assets/Footsteps Pack Expanded/SingleSteps/EarthgroundSteps/EarthGroundSteps327.wav","EarthGroundSteps327","player_movement","SOURCE_ONLY","audited-only: footstep breadth cut from mobile build",""
"Assets/Footsteps Pack Expanded/SingleSteps/EarthgroundSteps/EarthGroundSteps328.wav","EarthGroundSteps328","player_movement","SOURCE_ONLY","audited-only: footstep breadth cut from mobile build",""
"Assets/Footsteps Pack Expanded/SingleSteps/EarthgroundSteps/EarthGroundSteps329.wav","EarthGroundSteps329","player_movement","SOURCE_ONLY","audited-only: footstep breadth cut from mobile build",""
"Assets/Footsteps Pack Expanded/SingleSteps/EarthgroundSteps/EarthGroundSteps33.wav","EarthGroundSteps33","player_movement","SOURCE_ONLY","audited-only: footstep breadth cut from mobile build",""
"Assets/Footsteps Pack Expanded/SingleSteps/EarthgroundSteps/EarthGroundSteps330.wav","EarthGroundSteps330","player_movement","SOURCE_ONLY","audited-only: footstep breadth cut from mobile build",""
"Assets/Footsteps Pack Expanded/SingleSteps/EarthgroundSteps/EarthGroundSteps331.wav","EarthGroundSteps331","player_movement","SOURCE_ONLY","audited-only: footstep breadth cut from mobile build",""
"Assets/Footsteps Pack Expanded/SingleSteps/EarthgroundSteps/EarthGroundSteps332.wav","EarthGroundSteps332","player_movement","SOURCE_ONLY","audited-only: footstep breadth cut from mobile build",""
"Assets/Footsteps Pack Expanded/SingleSteps/EarthgroundSteps/EarthGroundSteps333.wav","EarthGroundSteps333","player_movement","SOURCE_ONLY","audited-only: footstep breadth cut from mobile build",""
"Assets/Footsteps Pack Expanded/SingleSteps/EarthgroundSteps/EarthGroundSteps334.wav","EarthGroundSteps334","player_movement","SOURCE_ONLY","audited-only: footstep breadth cut from mobile build",""
"Assets/Footsteps Pack Expanded/SingleSteps/EarthgroundSteps/EarthGroundSteps335.wav","EarthGroundSteps335","player_movement","SOURCE_ONLY","audited-only: footstep breadth cut from mobile build",""
"Assets/Footsteps Pack Expanded/SingleSteps/EarthgroundSteps/EarthGroundSteps336.wav","EarthGroundSteps336","player_movement","SOURCE_ONLY","audited-only: footstep breadth cut from mobile build",""
"Assets/Footsteps Pack Expanded/SingleSteps/EarthgroundSteps/EarthGroundSteps337.wav","EarthGroundSteps337","player_movement","SOURCE_ONLY","audited-only: footstep breadth cut from mobile build",""
"Assets/Footsteps Pack Expanded/SingleSteps/EarthgroundSteps/EarthGroundSteps338.wav","EarthGroundSteps338","player_movement","SOURCE_ONLY","audited-only: footstep breadth cut from mobile build",""
"Assets/Footsteps Pack Expanded/SingleSteps/EarthgroundSteps/EarthGroundSteps339.wav","EarthGroundSteps339","player_movement","SOURCE_ONLY","audited-only: footstep breadth cut from mobile build",""
"Assets/Footsteps Pack Expanded/SingleSteps/EarthgroundSteps/EarthGroundSteps34.wav","EarthGroundSteps34","player_movement","SOURCE_ONLY","audited-only: footstep breadth cut from mobile build",""
"Assets/Footsteps Pack Expanded/SingleSteps/EarthgroundSteps/EarthGroundSteps340.wav","EarthGroundSteps340","player_movement","SOURCE_ONLY","audited-only: footstep breadth cut from mobile build",""
"Assets/Footsteps Pack Expanded/SingleSteps/EarthgroundSteps/EarthGroundSteps341.wav","EarthGroundSteps341","player_movement","SOURCE_ONLY","audited-only: footstep breadth cut from mobile build",""
"Assets/Footsteps Pack Expanded/SingleSteps/EarthgroundSteps/EarthGroundSteps342.wav","EarthGroundSteps342","player_movement","SOURCE_ONLY","audited-only: footstep breadth cut from mobile build",""
"Assets/Footsteps Pack Expanded/SingleSteps/EarthgroundSteps/EarthGroundSteps343.wav","EarthGroundSteps343","player_movement","SOURCE_ONLY","audited-only: footstep breadth cut from mobile build",""
"Assets/Footsteps Pack Expanded/SingleSteps/EarthgroundSteps/EarthGroundSteps344.wav","EarthGroundSteps344","player_movement","SOURCE_ONLY","audited-only: footstep breadth cut from mobile build",""
"Assets/Footsteps Pack Expanded/SingleSteps/EarthgroundSteps/EarthGroundSteps345.wav","EarthGroundSteps345","player_movement","SOURCE_ONLY","audited-only: footstep breadth cut from mobile build",""
"Assets/Footsteps Pack Expanded/SingleSteps/EarthgroundSteps/EarthGroundSteps346.wav","EarthGroundSteps346","player_movement","SOURCE_ONLY","audited-only: footstep breadth cut from mobile build",""
"Assets/Footsteps Pack Expanded/SingleSteps/EarthgroundSteps/EarthGroundSteps347.wav","EarthGroundSteps347","player_movement","SOURCE_ONLY","audited-only: footstep breadth cut from mobile build",""
"Assets/Footsteps Pack Expanded/SingleSteps/EarthgroundSteps/EarthGroundSteps348.wav","EarthGroundSteps348","player_movement","SOURCE_ONLY","audited-only: footstep breadth cut from mobile build",""
"Assets/Footsteps Pack Expanded/SingleSteps/EarthgroundSteps/EarthGroundSteps349.wav","EarthGroundSteps349","player_movement","SOURCE_ONLY","audited-only: footstep breadth cut from mobile build",""
"Assets/Footsteps Pack Expanded/SingleSteps/EarthgroundSteps/EarthGroundSteps35.wav","EarthGroundSteps35","player_movement","SOURCE_ONLY","audited-only: footstep breadth cut from mobile build",""
"Assets/Footsteps Pack Expanded/SingleSteps/EarthgroundSteps/EarthGroundSteps350.wav","EarthGroundSteps350","player_movement","SOURCE_ONLY","audited-only: footstep breadth cut from mobile build",""
"Assets/Footsteps Pack Expanded/SingleSteps/EarthgroundSteps/EarthGroundSteps351.wav","EarthGroundSteps351","player_movement","SOURCE_ONLY","audited-only: footstep breadth cut from mobile build",""
"Assets/Footsteps Pack Expanded/SingleSteps/EarthgroundSteps/EarthGroundSteps352.wav","EarthGroundSteps352","player_movement","SOURCE_ONLY","audited-only: footstep breadth cut from mobile build",""
"Assets/Footsteps Pack Expanded/SingleSteps/EarthgroundSteps/EarthGroundSteps353.wav","EarthGroundSteps353","player_movement","SOURCE_ONLY","audited-only: footstep breadth cut from mobile build",""
"Assets/Footsteps Pack Expanded/SingleSteps/EarthgroundSteps/EarthGroundSteps354.wav","EarthGroundSteps354","player_movement","SOURCE_ONLY","audited-only: footstep breadth cut from mobile build",""
"Assets/Footsteps Pack Expanded/SingleSteps/EarthgroundSteps/EarthGroundSteps355.wav","EarthGroundSteps355","player_movement","SOURCE_ONLY","audited-only: footstep breadth cut from mobile build",""
"Assets/Footsteps Pack Expanded/SingleSteps/EarthgroundSteps/EarthGroundSteps356.wav","EarthGroundSteps356","player_movement","SOURCE_ONLY","audited-only: footstep breadth cut from mobile build",""
"Assets/Footsteps Pack Expanded/SingleSteps/EarthgroundSteps/EarthGroundSteps357.wav","EarthGroundSteps357","player_movement","SOURCE_ONLY","audited-only: footstep breadth cut from mobile build",""
"Assets/Footsteps Pack Expanded/SingleSteps/EarthgroundSteps/EarthGroundSteps358.wav","EarthGroundSteps358","player_movement","SOURCE_ONLY","audited-only: footstep breadth cut from mobile build",""
"Assets/Footsteps Pack Expanded/SingleSteps/EarthgroundSteps/EarthGroundSteps359.wav","EarthGroundSteps359","player_movement","SOURCE_ONLY","audited-only: footstep breadth cut from mobile build",""
"Assets/Footsteps Pack Expanded/SingleSteps/EarthgroundSteps/EarthGroundSteps36.wav","EarthGroundSteps36","player_movement","SOURCE_ONLY","audited-only: footstep breadth cut from mobile build",""
"Assets/Footsteps Pack Expanded/SingleSteps/EarthgroundSteps/EarthGroundSteps360.wav","EarthGroundSteps360","player_movement","SOURCE_ONLY","audited-only: footstep breadth cut from mobile build",""
"Assets/Footsteps Pack Expanded/SingleSteps/EarthgroundSteps/EarthGroundSteps361.wav","EarthGroundSteps361","player_movement","SOURCE_ONLY","audited-only: footstep breadth cut from mobile build",""
"Assets/Footsteps Pack Expanded/SingleSteps/EarthgroundSteps/EarthGroundSteps362.wav","EarthGroundSteps362","player_movement","SOURCE_ONLY","audited-only: footstep breadth cut from mobile build",""
"Assets/Footsteps Pack Expanded/SingleSteps/EarthgroundSteps/EarthGroundSteps363.wav","EarthGroundSteps363","player_movement","SOURCE_ONLY","audited-only: footstep breadth cut from mobile build",""
"Assets/Footsteps Pack Expanded/SingleSteps/EarthgroundSteps/EarthGroundSteps364.wav","EarthGroundSteps364","player_movement","SOURCE_ONLY","audited-only: footstep breadth cut from mobile build",""
"Assets/Footsteps Pack Expanded/SingleSteps/EarthgroundSteps/EarthGroundSteps365.wav","EarthGroundSteps365","player_movement","SOURCE_ONLY","audited-only: footstep breadth cut from mobile build",""
"Assets/Footsteps Pack Expanded/SingleSteps/EarthgroundSteps/EarthGroundSteps366.wav","EarthGroundSteps366","player_movement","SOURCE_ONLY","audited-only: footstep breadth cut from mobile build",""
"Assets/Footsteps Pack Expanded/SingleSteps/EarthgroundSteps/EarthGroundSteps367.wav","EarthGroundSteps367","player_movement","SOURCE_ONLY","audited-only: footstep breadth cut from mobile build",""
"Assets/Footsteps Pack Expanded/SingleSteps/EarthgroundSteps/EarthGroundSteps368.wav","EarthGroundSteps368","player_movement","SOURCE_ONLY","audited-only: footstep breadth cut from mobile build",""
"Assets/Footsteps Pack Expanded/SingleSteps/EarthgroundSteps/EarthGroundSteps369.wav","EarthGroundSteps369","player_movement","SOURCE_ONLY","audited-only: footstep breadth cut from mobile build",""
"Assets/Footsteps Pack Expanded/SingleSteps/EarthgroundSteps/EarthGroundSteps37.wav","EarthGroundSteps37","player_movement","SOURCE_ONLY","audited-only: footstep breadth cut from mobile build",""
"Assets/Footsteps Pack Expanded/SingleSteps/EarthgroundSteps/EarthGroundSteps370.wav","EarthGroundSteps370","player_movement","SOURCE_ONLY","audited-only: footstep breadth cut from mobile build",""
"Assets/Footsteps Pack Expanded/SingleSteps/EarthgroundSteps/EarthGroundSteps371.wav","EarthGroundSteps371","player_movement","SOURCE_ONLY","audited-only: footstep breadth cut from mobile build",""
"Assets/Footsteps Pack Expanded/SingleSteps/EarthgroundSteps/EarthGroundSteps372.wav","EarthGroundSteps372","player_movement","SOURCE_ONLY","audited-only: footstep breadth cut from mobile build",""
"Assets/Footsteps Pack Expanded/SingleSteps/EarthgroundSteps/EarthGroundSteps373.wav","EarthGroundSteps373","player_movement","SOURCE_ONLY","audited-only: footstep breadth cut from mobile build",""
"Assets/Footsteps Pack Expanded/SingleSteps/EarthgroundSteps/EarthGroundSteps374.wav","EarthGroundSteps374","player_movement","SOURCE_ONLY","audited-only: footstep breadth cut from mobile build",""
"Assets/Footsteps Pack Expanded/SingleSteps/EarthgroundSteps/EarthGroundSteps375.wav","EarthGroundSteps375","player_movement","SOURCE_ONLY","audited-only: footstep breadth cut from mobile build",""
"Assets/Footsteps Pack Expanded/SingleSteps/EarthgroundSteps/EarthGroundSteps376.wav","EarthGroundSteps376","player_movement","SOURCE_ONLY","audited-only: footstep breadth cut from mobile build",""
"Assets/Footsteps Pack Expanded/SingleSteps/EarthgroundSteps/EarthGroundSteps377.wav","EarthGroundSteps377","player_movement","SOURCE_ONLY","audited-only: footstep breadth cut from mobile build",""
"Assets/Footsteps Pack Expanded/SingleSteps/EarthgroundSteps/EarthGroundSteps378.wav","EarthGroundSteps378","player_movement","SOURCE_ONLY","audited-only: footstep breadth cut from mobile build",""
"Assets/Footsteps Pack Expanded/SingleSteps/EarthgroundSteps/EarthGroundSteps379.wav","EarthGroundSteps379","player_movement","SOURCE_ONLY","audited-only: footstep breadth cut from mobile build",""
"Assets/Footsteps Pack Expanded/SingleSteps/EarthgroundSteps/EarthGroundSteps38.wav","EarthGroundSteps38","player_movement","SOURCE_ONLY","audited-only: footstep breadth cut from mobile build",""
"Assets/Footsteps Pack Expanded/SingleSteps/EarthgroundSteps/EarthGroundSteps380.wav","EarthGroundSteps380","player_movement","SOURCE_ONLY","audited-only: footstep breadth cut from mobile build",""
"Assets/Footsteps Pack Expanded/SingleSteps/EarthgroundSteps/EarthGroundSteps381.wav","EarthGroundSteps381","player_movement","SOURCE_ONLY","audited-only: footstep breadth cut from mobile build",""
"Assets/Footsteps Pack Expanded/SingleSteps/EarthgroundSteps/EarthGroundSteps382.wav","EarthGroundSteps382","player_movement","SOURCE_ONLY","audited-only: footstep breadth cut from mobile build",""
"Assets/Footsteps Pack Expanded/SingleSteps/EarthgroundSteps/EarthGroundSteps383.wav","EarthGroundSteps383","player_movement","SOURCE_ONLY","audited-only: footstep breadth cut from mobile build",""
"Assets/Footsteps Pack Expanded/SingleSteps/EarthgroundSteps/EarthGroundSteps384.wav","EarthGroundSteps384","player_movement","SOURCE_ONLY","audited-only: footstep breadth cut from mobile build",""
"Assets/Footsteps Pack Expanded/SingleSteps/EarthgroundSteps/EarthGroundSteps385.wav","EarthGroundSteps385","player_movement","SOURCE_ONLY","audited-only: footstep breadth cut from mobile build",""
"Assets/Footsteps Pack Expanded/SingleSteps/EarthgroundSteps/EarthGroundSteps386.wav","EarthGroundSteps386","player_movement","SOURCE_ONLY","audited-only: footstep breadth cut from mobile build",""
"Assets/Footsteps Pack Expanded/SingleSteps/EarthgroundSteps/EarthGroundSteps387.wav","EarthGroundSteps387","player_movement","SOURCE_ONLY","audited-only: footstep breadth cut from mobile build",""
"Assets/Footsteps Pack Expanded/SingleSteps/EarthgroundSteps/EarthGroundSteps388.wav","EarthGroundSteps388","player_movement","SOURCE_ONLY","audited-only: footstep breadth cut from mobile build",""
"Assets/Footsteps Pack Expanded/SingleSteps/EarthgroundSteps/EarthGroundSteps389.wav","EarthGroundSteps389","player_movement","SOURCE_ONLY","audited-only: footstep breadth cut from mobile build",""
"Assets/Footsteps Pack Expanded/SingleSteps/EarthgroundSteps/EarthGroundSteps39.wav","EarthGroundSteps39","player_movement","SOURCE_ONLY","audited-only: footstep breadth cut from mobile build",""
"Assets/Footsteps Pack Expanded/SingleSteps/EarthgroundSteps/EarthGroundSteps390.wav","EarthGroundSteps390","player_movement","SOURCE_ONLY","audited-only: footstep breadth cut from mobile build",""
"Assets/Footsteps Pack Expanded/SingleSteps/EarthgroundSteps/EarthGroundSteps391.wav","EarthGroundSteps391","player_movement","SOURCE_ONLY","audited-only: footstep breadth cut from mobile build",""
"Assets/Footsteps Pack Expanded/SingleSteps/EarthgroundSteps/EarthGroundSteps392.wav","EarthGroundSteps392","player_movement","SOURCE_ONLY","audited-only: footstep breadth cut from mobile build",""
"Assets/Footsteps Pack Expanded/SingleSteps/EarthgroundSteps/EarthGroundSteps393.wav","EarthGroundSteps393","player_movement","SOURCE_ONLY","audited-only: footstep breadth cut from mobile build",""
"Assets/Footsteps Pack Expanded/SingleSteps/EarthgroundSteps/EarthGroundSteps394.wav","EarthGroundSteps394","player_movement","SOURCE_ONLY","audited-only: footstep breadth cut from mobile build",""
"Assets/Footsteps Pack Expanded/SingleSteps/EarthgroundSteps/EarthGroundSteps395.wav","EarthGroundSteps395","player_movement","SOURCE_ONLY","audited-only: footstep breadth cut from mobile build",""
"Assets/Footsteps Pack Expanded/SingleSteps/EarthgroundSteps/EarthGroundSteps396.wav","EarthGroundSteps396","player_movement","SOURCE_ONLY","audited-only: footstep breadth cut from mobile build",""
"Assets/Footsteps Pack Expanded/SingleSteps/EarthgroundSteps/EarthGroundSteps397.wav","EarthGroundSteps397","player_movement","SOURCE_ONLY","audited-only: footstep breadth cut from mobile build",""
"Assets/Footsteps Pack Expanded/SingleSteps/EarthgroundSteps/EarthGroundSteps398.wav","EarthGroundSteps398","player_movement","SOURCE_ONLY","audited-only: footstep breadth cut from mobile build",""
"Assets/Footsteps Pack Expanded/SingleSteps/EarthgroundSteps/EarthGroundSteps399.wav","EarthGroundSteps399","player_movement","SOURCE_ONLY","audited-only: footstep breadth cut from mobile build",""
"Assets/Footsteps Pack Expanded/SingleSteps/EarthgroundSteps/EarthGroundSteps40.wav","EarthGroundSteps40","player_movement","SOURCE_ONLY","audited-only: footstep breadth cut from mobile build",""
"Assets/Footsteps Pack Expanded/SingleSteps/EarthgroundSteps/EarthGroundSteps400.wav","EarthGroundSteps400","player_movement","SOURCE_ONLY","audited-only: footstep breadth cut from mobile build",""
"Assets/Footsteps Pack Expanded/SingleSteps/EarthgroundSteps/EarthGroundSteps401.wav","EarthGroundSteps401","player_movement","SOURCE_ONLY","audited-only: footstep breadth cut from mobile build",""
"Assets/Footsteps Pack Expanded/SingleSteps/EarthgroundSteps/EarthGroundSteps402.wav","EarthGroundSteps402","player_movement","SOURCE_ONLY","audited-only: footstep breadth cut from mobile build",""
"Assets/Footsteps Pack Expanded/SingleSteps/EarthgroundSteps/EarthGroundSteps403.wav","EarthGroundSteps403","player_movement","SOURCE_ONLY","audited-only: footstep breadth cut from mobile build",""
"Assets/Footsteps Pack Expanded/SingleSteps/EarthgroundSteps/EarthGroundSteps404.wav","EarthGroundSteps404","player_movement","SOURCE_ONLY","audited-only: footstep breadth cut from mobile build",""
"Assets/Footsteps Pack Expanded/SingleSteps/EarthgroundSteps/EarthGroundSteps405.wav","EarthGroundSteps405","player_movement","SOURCE_ONLY","audited-only: footstep breadth cut from mobile build",""
"Assets/Footsteps Pack Expanded/SingleSteps/EarthgroundSteps/EarthGroundSteps406.wav","EarthGroundSteps406","player_movement","SOURCE_ONLY","audited-only: footstep breadth cut from mobile build",""
"Assets/Footsteps Pack Expanded/SingleSteps/EarthgroundSteps/EarthGroundSteps407.wav","EarthGroundSteps407","player_movement","SOURCE_ONLY","audited-only: footstep breadth cut from mobile build",""
"Assets/Footsteps Pack Expanded/SingleSteps/EarthgroundSteps/EarthGroundSteps408.wav","EarthGroundSteps408","player_movement","SOURCE_ONLY","audited-only: footstep breadth cut from mobile build",""
"Assets/Footsteps Pack Expanded/SingleSteps/EarthgroundSteps/EarthGroundSteps409.wav","EarthGroundSteps409","player_movement","SOURCE_ONLY","audited-only: footstep breadth cut from mobile build",""
"Assets/Footsteps Pack Expanded/SingleSteps/EarthgroundSteps/EarthGroundSteps41.wav","EarthGroundSteps41","player_movement","SOURCE_ONLY","audited-only: footstep breadth cut from mobile build",""
"Assets/Footsteps Pack Expanded/SingleSteps/EarthgroundSteps/EarthGroundSteps410.wav","EarthGroundSteps410","player_movement","SOURCE_ONLY","audited-only: footstep breadth cut from mobile build",""
"Assets/Footsteps Pack Expanded/SingleSteps/EarthgroundSteps/EarthGroundSteps411.wav","EarthGroundSteps411","player_movement","SOURCE_ONLY","audited-only: footstep breadth cut from mobile build",""
"Assets/Footsteps Pack Expanded/SingleSteps/EarthgroundSteps/EarthGroundSteps412.wav","EarthGroundSteps412","player_movement","SOURCE_ONLY","audited-only: footstep breadth cut from mobile build",""
"Assets/Footsteps Pack Expanded/SingleSteps/EarthgroundSteps/EarthGroundSteps413.wav","EarthGroundSteps413","player_movement","SOURCE_ONLY","audited-only: footstep breadth cut from mobile build",""
"Assets/Footsteps Pack Expanded/SingleSteps/EarthgroundSteps/EarthGroundSteps414.wav","EarthGroundSteps414","player_movement","SOURCE_ONLY","audited-only: footstep breadth cut from mobile build",""
"Assets/Footsteps Pack Expanded/SingleSteps/EarthgroundSteps/EarthGroundSteps415.wav","EarthGroundSteps415","player_movement","SOURCE_ONLY","audited-only: footstep breadth cut from mobile build",""
"Assets/Footsteps Pack Expanded/SingleSteps/EarthgroundSteps/EarthGroundSteps416.wav","EarthGroundSteps416","player_movement","SOURCE_ONLY","audited-only: footstep breadth cut from mobile build",""
"Assets/Footsteps Pack Expanded/SingleSteps/EarthgroundSteps/EarthGroundSteps417.wav","EarthGroundSteps417","player_movement","SOURCE_ONLY","audited-only: footstep breadth cut from mobile build",""
"Assets/Footsteps Pack Expanded/SingleSteps/EarthgroundSteps/EarthGroundSteps418.wav","EarthGroundSteps418","player_movement","SOURCE_ONLY","audited-only: footstep breadth cut from mobile build",""
"Assets/Footsteps Pack Expanded/SingleSteps/EarthgroundSteps/EarthGroundSteps419.wav","EarthGroundSteps419","player_movement","SOURCE_ONLY","audited-only: footstep breadth cut from mobile build",""
"Assets/Footsteps Pack Expanded/SingleSteps/EarthgroundSteps/EarthGroundSteps42.wav","EarthGroundSteps42","player_movement","SOURCE_ONLY","audited-only: footstep breadth cut from mobile build",""
"Assets/Footsteps Pack Expanded/SingleSteps/EarthgroundSteps/EarthGroundSteps420.wav","EarthGroundSteps420","player_movement","SOURCE_ONLY","audited-only: footstep breadth cut from mobile build",""
"Assets/Footsteps Pack Expanded/SingleSteps/EarthgroundSteps/EarthGroundSteps421.wav","EarthGroundSteps421","player_movement","SOURCE_ONLY","audited-only: footstep breadth cut from mobile build",""
"Assets/Footsteps Pack Expanded/SingleSteps/EarthgroundSteps/EarthGroundSteps422.wav","EarthGroundSteps422","player_movement","SOURCE_ONLY","audited-only: footstep breadth cut from mobile build",""
"Assets/Footsteps Pack Expanded/SingleSteps/EarthgroundSteps/EarthGroundSteps423.wav","EarthGroundSteps423","player_movement","SOURCE_ONLY","audited-only: footstep breadth cut from mobile build",""
"Assets/Footsteps Pack Expanded/SingleSteps/EarthgroundSteps/EarthGroundSteps424.wav","EarthGroundSteps424","player_movement","SOURCE_ONLY","audited-only: footstep breadth cut from mobile build",""
"Assets/Footsteps Pack Expanded/SingleSteps/EarthgroundSteps/EarthGroundSteps425.wav","EarthGroundSteps425","player_movement","SOURCE_ONLY","audited-only: footstep breadth cut from mobile build",""
"Assets/Footsteps Pack Expanded/SingleSteps/EarthgroundSteps/EarthGroundSteps426.wav","EarthGroundSteps426","player_movement","SOURCE_ONLY","audited-only: footstep breadth cut from mobile build",""
"Assets/Footsteps Pack Expanded/SingleSteps/EarthgroundSteps/EarthGroundSteps427.wav","EarthGroundSteps427","player_movement","SOURCE_ONLY","audited-only: footstep breadth cut from mobile build",""
"Assets/Footsteps Pack Expanded/SingleSteps/EarthgroundSteps/EarthGroundSteps428.wav","EarthGroundSteps428","player_movement","SOURCE_ONLY","audited-only: footstep breadth cut from mobile build",""
"Assets/Footsteps Pack Expanded/SingleSteps/EarthgroundSteps/EarthGroundSteps429.wav","EarthGroundSteps429","player_movement","SOURCE_ONLY","audited-only: footstep breadth cut from mobile build",""
"Assets/Footsteps Pack Expanded/SingleSteps/EarthgroundSteps/EarthGroundSteps43.wav","EarthGroundSteps43","player_movement","SOURCE_ONLY","audited-only: footstep breadth cut from mobile build",""
"Assets/Footsteps Pack Expanded/SingleSteps/EarthgroundSteps/EarthGroundSteps430.wav","EarthGroundSteps430","player_movement","SOURCE_ONLY","audited-only: footstep breadth cut from mobile build",""
"Assets/Footsteps Pack Expanded/SingleSteps/EarthgroundSteps/EarthGroundSteps431.wav","EarthGroundSteps431","player_movement","SOURCE_ONLY","audited-only: footstep breadth cut from mobile build",""
"Assets/Footsteps Pack Expanded/SingleSteps/EarthgroundSteps/EarthGroundSteps432.wav","EarthGroundSteps432","player_movement","SOURCE_ONLY","audited-only: footstep breadth cut from mobile build",""
"Assets/Footsteps Pack Expanded/SingleSteps/EarthgroundSteps/EarthGroundSteps433.wav","EarthGroundSteps433","player_movement","SOURCE_ONLY","audited-only: footstep breadth cut from mobile build",""
"Assets/Footsteps Pack Expanded/SingleSteps/EarthgroundSteps/EarthGroundSteps434.wav","EarthGroundSteps434","player_movement","SOURCE_ONLY","audited-only: footstep breadth cut from mobile build",""
"Assets/Footsteps Pack Expanded/SingleSteps/EarthgroundSteps/EarthGroundSteps435.wav","EarthGroundSteps435","player_movement","SOURCE_ONLY","audited-only: footstep breadth cut from mobile build",""
"Assets/Footsteps Pack Expanded/SingleSteps/EarthgroundSteps/EarthGroundSteps436.wav","EarthGroundSteps436","player_movement","SOURCE_ONLY","audited-only: footstep breadth cut from mobile build",""
"Assets/Footsteps Pack Expanded/SingleSteps/EarthgroundSteps/EarthGroundSteps437.wav","EarthGroundSteps437","player_movement","SOURCE_ONLY","audited-only: footstep breadth cut from mobile build",""
"Assets/Footsteps Pack Expanded/SingleSteps/EarthgroundSteps/EarthGroundSteps438.wav","EarthGroundSteps438","player_movement","SOURCE_ONLY","audited-only: footstep breadth cut from mobile build",""
"Assets/Footsteps Pack Expanded/SingleSteps/EarthgroundSteps/EarthGroundSteps439.wav","EarthGroundSteps439","player_movement","SOURCE_ONLY","audited-only: footstep breadth cut from mobile build",""
"Assets/Footsteps Pack Expanded/SingleSteps/EarthgroundSteps/EarthGroundSteps44.wav","EarthGroundSteps44","player_movement","SOURCE_ONLY","audited-only: footstep breadth cut from mobile build",""
"Assets/Footsteps Pack Expanded/SingleSteps/EarthgroundSteps/EarthGroundSteps440.wav","EarthGroundSteps440","player_movement","SOURCE_ONLY","audited-only: footstep breadth cut from mobile build",""
"Assets/Footsteps Pack Expanded/SingleSteps/EarthgroundSteps/EarthGroundSteps441.wav","EarthGroundSteps441","player_movement","SOURCE_ONLY","audited-only: footstep breadth cut from mobile build",""
"Assets/Footsteps Pack Expanded/SingleSteps/EarthgroundSteps/EarthGroundSteps442.wav","EarthGroundSteps442","player_movement","SOURCE_ONLY","audited-only: footstep breadth cut from mobile build",""
"Assets/Footsteps Pack Expanded/SingleSteps/EarthgroundSteps/EarthGroundSteps443.wav","EarthGroundSteps443","player_movement","SOURCE_ONLY","audited-only: footstep breadth cut from mobile build",""
"Assets/Footsteps Pack Expanded/SingleSteps/EarthgroundSteps/EarthGroundSteps444.wav","EarthGroundSteps444","player_movement","SOURCE_ONLY","audited-only: footstep breadth cut from mobile build",""
"Assets/Footsteps Pack Expanded/SingleSteps/EarthgroundSteps/EarthGroundSteps445.wav","EarthGroundSteps445","player_movement","SOURCE_ONLY","audited-only: footstep breadth cut from mobile build",""
"Assets/Footsteps Pack Expanded/SingleSteps/EarthgroundSteps/EarthGroundSteps446.wav","EarthGroundSteps446","player_movement","SOURCE_ONLY","audited-only: footstep breadth cut from mobile build",""
"Assets/Footsteps Pack Expanded/SingleSteps/EarthgroundSteps/EarthGroundSteps45.wav","EarthGroundSteps45","player_movement","SOURCE_ONLY","audited-only: footstep breadth cut from mobile build",""
"Assets/Footsteps Pack Expanded/SingleSteps/EarthgroundSteps/EarthGroundSteps46.wav","EarthGroundSteps46","player_movement","SOURCE_ONLY","audited-only: footstep breadth cut from mobile build",""
"Assets/Footsteps Pack Expanded/SingleSteps/EarthgroundSteps/EarthGroundSteps47.wav","EarthGroundSteps47","player_movement","SOURCE_ONLY","audited-only: footstep breadth cut from mobile build",""
"Assets/Footsteps Pack Expanded/SingleSteps/EarthgroundSteps/EarthGroundSteps48.wav","EarthGroundSteps48","player_movement","SOURCE_ONLY","audited-only: footstep breadth cut from mobile build",""
"Assets/Footsteps Pack Expanded/SingleSteps/EarthgroundSteps/EarthGroundSteps49.wav","EarthGroundSteps49","player_movement","SOURCE_ONLY","audited-only: footstep breadth cut from mobile build",""
"Assets/Footsteps Pack Expanded/SingleSteps/EarthgroundSteps/EarthGroundSteps50.wav","EarthGroundSteps50","player_movement","SOURCE_ONLY","audited-only: footstep breadth cut from mobile build",""
"Assets/Footsteps Pack Expanded/SingleSteps/EarthgroundSteps/EarthGroundSteps51.wav","EarthGroundSteps51","player_movement","SOURCE_ONLY","audited-only: footstep breadth cut from mobile build",""
"Assets/Footsteps Pack Expanded/SingleSteps/EarthgroundSteps/EarthGroundSteps52.wav","EarthGroundSteps52","player_movement","SOURCE_ONLY","audited-only: footstep breadth cut from mobile build",""
"Assets/Footsteps Pack Expanded/SingleSteps/EarthgroundSteps/EarthGroundSteps53.wav","EarthGroundSteps53","player_movement","SOURCE_ONLY","audited-only: footstep breadth cut from mobile build",""
"Assets/Footsteps Pack Expanded/SingleSteps/EarthgroundSteps/EarthGroundSteps54.wav","EarthGroundSteps54","player_movement","SOURCE_ONLY","audited-only: footstep breadth cut from mobile build",""
"Assets/Footsteps Pack Expanded/SingleSteps/EarthgroundSteps/EarthGroundSteps55.wav","EarthGroundSteps55","player_movement","SOURCE_ONLY","audited-only: footstep breadth cut from mobile build",""
"Assets/Footsteps Pack Expanded/SingleSteps/EarthgroundSteps/EarthGroundSteps56.wav","EarthGroundSteps56","player_movement","SOURCE_ONLY","audited-only: footstep breadth cut from mobile build",""
"Assets/Footsteps Pack Expanded/SingleSteps/EarthgroundSteps/EarthGroundSteps57.wav","EarthGroundSteps57","player_movement","SOURCE_ONLY","audited-only: footstep breadth cut from mobile build",""
"Assets/Footsteps Pack Expanded/SingleSteps/EarthgroundSteps/EarthGroundSteps58.wav","EarthGroundSteps58","player_movement","SOURCE_ONLY","audited-only: footstep breadth cut from mobile build",""
"Assets/Footsteps Pack Expanded/SingleSteps/EarthgroundSteps/EarthGroundSteps59.wav","EarthGroundSteps59","player_movement","SOURCE_ONLY","audited-only: footstep breadth cut from mobile build",""
"Assets/Footsteps Pack Expanded/SingleSteps/EarthgroundSteps/EarthGroundSteps60.wav","EarthGroundSteps60","player_movement","SOURCE_ONLY","audited-only: footstep breadth cut from mobile build",""
"Assets/Footsteps Pack Expanded/SingleSteps/EarthgroundSteps/EarthGroundSteps61.wav","EarthGroundSteps61","player_movement","SOURCE_ONLY","audited-only: footstep breadth cut from mobile build",""
"Assets/Footsteps Pack Expanded/SingleSteps/EarthgroundSteps/EarthGroundSteps62.wav","EarthGroundSteps62","player_movement","SOURCE_ONLY","audited-only: footstep breadth cut from mobile build",""
"Assets/Footsteps Pack Expanded/SingleSteps/EarthgroundSteps/EarthGroundSteps63.wav","EarthGroundSteps63","player_movement","SOURCE_ONLY","audited-only: footstep breadth cut from mobile build",""
"Assets/Footsteps Pack Expanded/SingleSteps/EarthgroundSteps/EarthGroundSteps64.wav","EarthGroundSteps64","player_movement","SOURCE_ONLY","audited-only: footstep breadth cut from mobile build",""
"Assets/Footsteps Pack Expanded/SingleSteps/EarthgroundSteps/EarthGroundSteps65.wav","EarthGroundSteps65","player_movement","SOURCE_ONLY","audited-only: footstep breadth cut from mobile build",""
"Assets/Footsteps Pack Expanded/SingleSteps/EarthgroundSteps/EarthGroundSteps66.wav","EarthGroundSteps66","player_movement","SOURCE_ONLY","audited-only: footstep breadth cut from mobile build",""
"Assets/Footsteps Pack Expanded/SingleSteps/EarthgroundSteps/EarthGroundSteps67.wav","EarthGroundSteps67","player_movement","SOURCE_ONLY","audited-only: footstep breadth cut from mobile build",""
"Assets/Footsteps Pack Expanded/SingleSteps/EarthgroundSteps/EarthGroundSteps68.wav","EarthGroundSteps68","player_movement","SOURCE_ONLY","audited-only: footstep breadth cut from mobile build",""
"Assets/Footsteps Pack Expanded/SingleSteps/EarthgroundSteps/EarthGroundSteps69.wav","EarthGroundSteps69","player_movement","SOURCE_ONLY","audited-only: footstep breadth cut from mobile build",""
"Assets/Footsteps Pack Expanded/SingleSteps/EarthgroundSteps/EarthGroundSteps70.wav","EarthGroundSteps70","player_movement","SOURCE_ONLY","audited-only: footstep breadth cut from mobile build",""
"Assets/Footsteps Pack Expanded/SingleSteps/EarthgroundSteps/EarthGroundSteps71.wav","EarthGroundSteps71","player_movement","SOURCE_ONLY","audited-only: footstep breadth cut from mobile build",""
"Assets/Footsteps Pack Expanded/SingleSteps/EarthgroundSteps/EarthGroundSteps72.wav","EarthGroundSteps72","player_movement","SOURCE_ONLY","audited-only: footstep breadth cut from mobile build",""
"Assets/Footsteps Pack Expanded/SingleSteps/EarthgroundSteps/EarthGroundSteps73.wav","EarthGroundSteps73","player_movement","SOURCE_ONLY","audited-only: footstep breadth cut from mobile build",""
"Assets/Footsteps Pack Expanded/SingleSteps/EarthgroundSteps/EarthGroundSteps74.wav","EarthGroundSteps74","player_movement","SOURCE_ONLY","audited-only: footstep breadth cut from mobile build",""
"Assets/Footsteps Pack Expanded/SingleSteps/EarthgroundSteps/EarthGroundSteps75.wav","EarthGroundSteps75","player_movement","SOURCE_ONLY","audited-only: footstep breadth cut from mobile build",""
"Assets/Footsteps Pack Expanded/SingleSteps/EarthgroundSteps/EarthGroundSteps76.wav","EarthGroundSteps76","player_movement","SOURCE_ONLY","audited-only: footstep breadth cut from mobile build",""
"Assets/Footsteps Pack Expanded/SingleSteps/EarthgroundSteps/EarthGroundSteps77.wav","EarthGroundSteps77","player_movement","SOURCE_ONLY","audited-only: footstep breadth cut from mobile build",""
"Assets/Footsteps Pack Expanded/SingleSteps/EarthgroundSteps/EarthGroundSteps78.wav","EarthGroundSteps78","player_movement","SOURCE_ONLY","audited-only: footstep breadth cut from mobile build",""
"Assets/Footsteps Pack Expanded/SingleSteps/EarthgroundSteps/EarthGroundSteps79.wav","EarthGroundSteps79","player_movement","SOURCE_ONLY","audited-only: footstep breadth cut from mobile build",""
"Assets/Footsteps Pack Expanded/SingleSteps/EarthgroundSteps/EarthGroundSteps80.wav","EarthGroundSteps80","player_movement","SOURCE_ONLY","audited-only: footstep breadth cut from mobile build",""
"Assets/Footsteps Pack Expanded/SingleSteps/EarthgroundSteps/EarthGroundSteps81.wav","EarthGroundSteps81","player_movement","SOURCE_ONLY","audited-only: footstep breadth cut from mobile build",""
"Assets/Footsteps Pack Expanded/SingleSteps/EarthgroundSteps/EarthGroundSteps82.wav","EarthGroundSteps82","player_movement","SOURCE_ONLY","audited-only: footstep breadth cut from mobile build",""
"Assets/Footsteps Pack Expanded/SingleSteps/EarthgroundSteps/EarthGroundSteps83.wav","EarthGroundSteps83","player_movement","SOURCE_ONLY","audited-only: footstep breadth cut from mobile build",""
"Assets/Footsteps Pack Expanded/SingleSteps/EarthgroundSteps/EarthGroundSteps84.wav","EarthGroundSteps84","player_movement","SOURCE_ONLY","audited-only: footstep breadth cut from mobile build",""
"Assets/Footsteps Pack Expanded/SingleSteps/EarthgroundSteps/EarthGroundSteps85.wav","EarthGroundSteps85","player_movement","SOURCE_ONLY","audited-only: footstep breadth cut from mobile build",""
"Assets/Footsteps Pack Expanded/SingleSteps/EarthgroundSteps/EarthGroundSteps86.wav","EarthGroundSteps86","player_movement","SOURCE_ONLY","audited-only: footstep breadth cut from mobile build",""
"Assets/Footsteps Pack Expanded/SingleSteps/EarthgroundSteps/EarthGroundSteps87.wav","EarthGroundSteps87","player_movement","SOURCE_ONLY","audited-only: footstep breadth cut from mobile build",""
"Assets/Footsteps Pack Expanded/SingleSteps/EarthgroundSteps/EarthGroundSteps88.wav","EarthGroundSteps88","player_movement","SOURCE_ONLY","audited-only: footstep breadth cut from mobile build",""
"Assets/Footsteps Pack Expanded/SingleSteps/EarthgroundSteps/EarthGroundSteps89.wav","EarthGroundSteps89","player_movement","SOURCE_ONLY","audited-only: footstep breadth cut from mobile build",""
"Assets/Footsteps Pack Expanded/SingleSteps/EarthgroundSteps/EarthGroundSteps90.wav","EarthGroundSteps90","player_movement","SOURCE_ONLY","audited-only: footstep breadth cut from mobile build",""
"Assets/Footsteps Pack Expanded/SingleSteps/EarthgroundSteps/EarthGroundSteps91.wav","EarthGroundSteps91","player_movement","SOURCE_ONLY","audited-only: footstep breadth cut from mobile build",""
"Assets/Footsteps Pack Expanded/SingleSteps/EarthgroundSteps/EarthGroundSteps92.wav","EarthGroundSteps92","player_movement","SOURCE_ONLY","audited-only: footstep breadth cut from mobile build",""
"Assets/Footsteps Pack Expanded/SingleSteps/EarthgroundSteps/EarthGroundSteps93.wav","EarthGroundSteps93","player_movement","SOURCE_ONLY","audited-only: footstep breadth cut from mobile build",""
"Assets/Footsteps Pack Expanded/SingleSteps/EarthgroundSteps/EarthGroundSteps94.wav","EarthGroundSteps94","player_movement","SOURCE_ONLY","audited-only: footstep breadth cut from mobile build",""
"Assets/Footsteps Pack Expanded/SingleSteps/EarthgroundSteps/EarthGroundSteps95.wav","EarthGroundSteps95","player_movement","SOURCE_ONLY","audited-only: footstep breadth cut from mobile build",""
"Assets/Footsteps Pack Expanded/SingleSteps/EarthgroundSteps/EarthGroundSteps96.wav","EarthGroundSteps96","player_movement","SOURCE_ONLY","audited-only: footstep breadth cut from mobile build",""
"Assets/Footsteps Pack Expanded/SingleSteps/EarthgroundSteps/EarthGroundSteps97.wav","EarthGroundSteps97","player_movement","SOURCE_ONLY","audited-only: footstep breadth cut from mobile build",""
"Assets/Footsteps Pack Expanded/SingleSteps/EarthgroundSteps/EarthGroundSteps98.wav","EarthGroundSteps98","player_movement","SOURCE_ONLY","audited-only: footstep breadth cut from mobile build",""
"Assets/Footsteps Pack Expanded/SingleSteps/EarthgroundSteps/EarthGroundSteps99.wav","EarthGroundSteps99","player_movement","SOURCE_ONLY","audited-only: footstep breadth cut from mobile build",""
"Assets/Footsteps Pack Expanded/SingleSteps/GrassSteps/GrassSteps01.wav","GrassSteps01","player_movement","SOURCE_ONLY","audited-only: footstep breadth cut from mobile build",""
"Assets/Footsteps Pack Expanded/SingleSteps/GrassSteps/GrassSteps02.wav","GrassSteps02","player_movement","SOURCE_ONLY","audited-only: footstep breadth cut from mobile build",""
"Assets/Footsteps Pack Expanded/SingleSteps/GrassSteps/GrassSteps03.wav","GrassSteps03","player_movement","SOURCE_ONLY","audited-only: footstep breadth cut from mobile build",""
"Assets/Footsteps Pack Expanded/SingleSteps/GrassSteps/GrassSteps04.wav","GrassSteps04","player_movement","SOURCE_ONLY","audited-only: footstep breadth cut from mobile build",""
"Assets/Footsteps Pack Expanded/SingleSteps/GrassSteps/GrassSteps05.wav","GrassSteps05","player_movement","SOURCE_ONLY","audited-only: footstep breadth cut from mobile build",""
"Assets/Footsteps Pack Expanded/SingleSteps/GrassSteps/GrassSteps06.wav","GrassSteps06","player_movement","SOURCE_ONLY","audited-only: footstep breadth cut from mobile build",""
"Assets/Footsteps Pack Expanded/SingleSteps/GrassSteps/GrassSteps07.wav","GrassSteps07","player_movement","SOURCE_ONLY","audited-only: footstep breadth cut from mobile build",""
"Assets/Footsteps Pack Expanded/SingleSteps/GrassSteps/GrassSteps08.wav","GrassSteps08","player_movement","SOURCE_ONLY","audited-only: footstep breadth cut from mobile build",""
"Assets/Footsteps Pack Expanded/SingleSteps/GrassSteps/GrassSteps09.wav","GrassSteps09","player_movement","SOURCE_ONLY","audited-only: footstep breadth cut from mobile build",""
"Assets/Footsteps Pack Expanded/SingleSteps/GrassSteps/GrassSteps10.wav","GrassSteps10","player_movement","SOURCE_ONLY","audited-only: footstep breadth cut from mobile build",""
"Assets/Footsteps Pack Expanded/SingleSteps/GrassSteps/GrassSteps100.wav","GrassSteps100","player_movement","SOURCE_ONLY","audited-only: footstep breadth cut from mobile build",""
"Assets/Footsteps Pack Expanded/SingleSteps/GrassSteps/GrassSteps101.wav","GrassSteps101","player_movement","SOURCE_ONLY","audited-only: footstep breadth cut from mobile build",""
"Assets/Footsteps Pack Expanded/SingleSteps/GrassSteps/GrassSteps102.wav","GrassSteps102","player_movement","SOURCE_ONLY","audited-only: footstep breadth cut from mobile build",""
"Assets/Footsteps Pack Expanded/SingleSteps/GrassSteps/GrassSteps103.wav","GrassSteps103","player_movement","SOURCE_ONLY","audited-only: footstep breadth cut from mobile build",""
"Assets/Footsteps Pack Expanded/SingleSteps/GrassSteps/GrassSteps104.wav","GrassSteps104","player_movement","SOURCE_ONLY","audited-only: footstep breadth cut from mobile build",""
"Assets/Footsteps Pack Expanded/SingleSteps/GrassSteps/GrassSteps105.wav","GrassSteps105","player_movement","SOURCE_ONLY","audited-only: footstep breadth cut from mobile build",""
"Assets/Footsteps Pack Expanded/SingleSteps/GrassSteps/GrassSteps106.wav","GrassSteps106","player_movement","SOURCE_ONLY","audited-only: footstep breadth cut from mobile build",""
"Assets/Footsteps Pack Expanded/SingleSteps/GrassSteps/GrassSteps107.wav","GrassSteps107","player_movement","SOURCE_ONLY","audited-only: footstep breadth cut from mobile build",""
"Assets/Footsteps Pack Expanded/SingleSteps/GrassSteps/GrassSteps108.wav","GrassSteps108","player_movement","SOURCE_ONLY","audited-only: footstep breadth cut from mobile build",""
"Assets/Footsteps Pack Expanded/SingleSteps/GrassSteps/GrassSteps109.wav","GrassSteps109","player_movement","SOURCE_ONLY","audited-only: footstep breadth cut from mobile build",""
"Assets/Footsteps Pack Expanded/SingleSteps/GrassSteps/GrassSteps11.wav","GrassSteps11","player_movement","SOURCE_ONLY","audited-only: footstep breadth cut from mobile build",""
"Assets/Footsteps Pack Expanded/SingleSteps/GrassSteps/GrassSteps110.wav","GrassSteps110","player_movement","SOURCE_ONLY","audited-only: footstep breadth cut from mobile build",""
"Assets/Footsteps Pack Expanded/SingleSteps/GrassSteps/GrassSteps111.wav","GrassSteps111","player_movement","SOURCE_ONLY","audited-only: footstep breadth cut from mobile build",""
"Assets/Footsteps Pack Expanded/SingleSteps/GrassSteps/GrassSteps112.wav","GrassSteps112","player_movement","SOURCE_ONLY","audited-only: footstep breadth cut from mobile build",""
"Assets/Footsteps Pack Expanded/SingleSteps/GrassSteps/GrassSteps113.wav","GrassSteps113","player_movement","SOURCE_ONLY","audited-only: footstep breadth cut from mobile build",""
"Assets/Footsteps Pack Expanded/SingleSteps/GrassSteps/GrassSteps114.wav","GrassSteps114","player_movement","SOURCE_ONLY","audited-only: footstep breadth cut from mobile build",""
"Assets/Footsteps Pack Expanded/SingleSteps/GrassSteps/GrassSteps115.wav","GrassSteps115","player_movement","SOURCE_ONLY","audited-only: footstep breadth cut from mobile build",""
"Assets/Footsteps Pack Expanded/SingleSteps/GrassSteps/GrassSteps116.wav","GrassSteps116","player_movement","SOURCE_ONLY","audited-only: footstep breadth cut from mobile build",""
"Assets/Footsteps Pack Expanded/SingleSteps/GrassSteps/GrassSteps117.wav","GrassSteps117","player_movement","SOURCE_ONLY","audited-only: footstep breadth cut from mobile build",""
"Assets/Footsteps Pack Expanded/SingleSteps/GrassSteps/GrassSteps118.wav","GrassSteps118","player_movement","SOURCE_ONLY","audited-only: footstep breadth cut from mobile build",""
"Assets/Footsteps Pack Expanded/SingleSteps/GrassSteps/GrassSteps119.wav","GrassSteps119","player_movement","SOURCE_ONLY","audited-only: footstep breadth cut from mobile build",""
"Assets/Footsteps Pack Expanded/SingleSteps/GrassSteps/GrassSteps12.wav","GrassSteps12","player_movement","SOURCE_ONLY","audited-only: footstep breadth cut from mobile build",""
"Assets/Footsteps Pack Expanded/SingleSteps/GrassSteps/GrassSteps120.wav","GrassSteps120","player_movement","SOURCE_ONLY","audited-only: footstep breadth cut from mobile build",""
"Assets/Footsteps Pack Expanded/SingleSteps/GrassSteps/GrassSteps121.wav","GrassSteps121","player_movement","SOURCE_ONLY","audited-only: footstep breadth cut from mobile build",""
"Assets/Footsteps Pack Expanded/SingleSteps/GrassSteps/GrassSteps122.wav","GrassSteps122","player_movement","SOURCE_ONLY","audited-only: footstep breadth cut from mobile build",""
"Assets/Footsteps Pack Expanded/SingleSteps/GrassSteps/GrassSteps123.wav","GrassSteps123","player_movement","SOURCE_ONLY","audited-only: footstep breadth cut from mobile build",""
"Assets/Footsteps Pack Expanded/SingleSteps/GrassSteps/GrassSteps124.wav","GrassSteps124","player_movement","SOURCE_ONLY","audited-only: footstep breadth cut from mobile build",""
"Assets/Footsteps Pack Expanded/SingleSteps/GrassSteps/GrassSteps125.wav","GrassSteps125","player_movement","SOURCE_ONLY","audited-only: footstep breadth cut from mobile build",""
"Assets/Footsteps Pack Expanded/SingleSteps/GrassSteps/GrassSteps126.wav","GrassSteps126","player_movement","SOURCE_ONLY","audited-only: footstep breadth cut from mobile build",""
"Assets/Footsteps Pack Expanded/SingleSteps/GrassSteps/GrassSteps127.wav","GrassSteps127","player_movement","SOURCE_ONLY","audited-only: footstep breadth cut from mobile build",""
"Assets/Footsteps Pack Expanded/SingleSteps/GrassSteps/GrassSteps128.wav","GrassSteps128","player_movement","SOURCE_ONLY","audited-only: footstep breadth cut from mobile build",""
"Assets/Footsteps Pack Expanded/SingleSteps/GrassSteps/GrassSteps129.wav","GrassSteps129","player_movement","SOURCE_ONLY","audited-only: footstep breadth cut from mobile build",""
"Assets/Footsteps Pack Expanded/SingleSteps/GrassSteps/GrassSteps13.wav","GrassSteps13","player_movement","SOURCE_ONLY","audited-only: footstep breadth cut from mobile build",""
"Assets/Footsteps Pack Expanded/SingleSteps/GrassSteps/GrassSteps130.wav","GrassSteps130","player_movement","SOURCE_ONLY","audited-only: footstep breadth cut from mobile build",""
"Assets/Footsteps Pack Expanded/SingleSteps/GrassSteps/GrassSteps131.wav","GrassSteps131","player_movement","SOURCE_ONLY","audited-only: footstep breadth cut from mobile build",""
"Assets/Footsteps Pack Expanded/SingleSteps/GrassSteps/GrassSteps132.wav","GrassSteps132","player_movement","SOURCE_ONLY","audited-only: footstep breadth cut from mobile build",""
"Assets/Footsteps Pack Expanded/SingleSteps/GrassSteps/GrassSteps133.wav","GrassSteps133","player_movement","SOURCE_ONLY","audited-only: footstep breadth cut from mobile build",""
"Assets/Footsteps Pack Expanded/SingleSteps/GrassSteps/GrassSteps134.wav","GrassSteps134","player_movement","SOURCE_ONLY","audited-only: footstep breadth cut from mobile build",""
"Assets/Footsteps Pack Expanded/SingleSteps/GrassSteps/GrassSteps135.wav","GrassSteps135","player_movement","SOURCE_ONLY","audited-only: footstep breadth cut from mobile build",""
"Assets/Footsteps Pack Expanded/SingleSteps/GrassSteps/GrassSteps136.wav","GrassSteps136","player_movement","SOURCE_ONLY","audited-only: footstep breadth cut from mobile build",""
"Assets/Footsteps Pack Expanded/SingleSteps/GrassSteps/GrassSteps137.wav","GrassSteps137","player_movement","SOURCE_ONLY","audited-only: footstep breadth cut from mobile build",""
"Assets/Footsteps Pack Expanded/SingleSteps/GrassSteps/GrassSteps138.wav","GrassSteps138","player_movement","SOURCE_ONLY","audited-only: footstep breadth cut from mobile build",""
"Assets/Footsteps Pack Expanded/SingleSteps/GrassSteps/GrassSteps139.wav","GrassSteps139","player_movement","SOURCE_ONLY","audited-only: footstep breadth cut from mobile build",""
"Assets/Footsteps Pack Expanded/SingleSteps/GrassSteps/GrassSteps14.wav","GrassSteps14","player_movement","SOURCE_ONLY","audited-only: footstep breadth cut from mobile build",""
"Assets/Footsteps Pack Expanded/SingleSteps/GrassSteps/GrassSteps140.wav","GrassSteps140","player_movement","SOURCE_ONLY","audited-only: footstep breadth cut from mobile build",""
"Assets/Footsteps Pack Expanded/SingleSteps/GrassSteps/GrassSteps141.wav","GrassSteps141","player_movement","SOURCE_ONLY","audited-only: footstep breadth cut from mobile build",""
"Assets/Footsteps Pack Expanded/SingleSteps/GrassSteps/GrassSteps142.wav","GrassSteps142","player_movement","SOURCE_ONLY","audited-only: footstep breadth cut from mobile build",""
"Assets/Footsteps Pack Expanded/SingleSteps/GrassSteps/GrassSteps143.wav","GrassSteps143","player_movement","SOURCE_ONLY","audited-only: footstep breadth cut from mobile build",""
"Assets/Footsteps Pack Expanded/SingleSteps/GrassSteps/GrassSteps144.wav","GrassSteps144","player_movement","SOURCE_ONLY","audited-only: footstep breadth cut from mobile build",""
"Assets/Footsteps Pack Expanded/SingleSteps/GrassSteps/GrassSteps145.wav","GrassSteps145","player_movement","SOURCE_ONLY","audited-only: footstep breadth cut from mobile build",""
"Assets/Footsteps Pack Expanded/SingleSteps/GrassSteps/GrassSteps146.wav","GrassSteps146","player_movement","SOURCE_ONLY","audited-only: footstep breadth cut from mobile build",""
"Assets/Footsteps Pack Expanded/SingleSteps/GrassSteps/GrassSteps147.wav","GrassSteps147","player_movement","SOURCE_ONLY","audited-only: footstep breadth cut from mobile build",""
"Assets/Footsteps Pack Expanded/SingleSteps/GrassSteps/GrassSteps148.wav","GrassSteps148","player_movement","SOURCE_ONLY","audited-only: footstep breadth cut from mobile build",""
"Assets/Footsteps Pack Expanded/SingleSteps/GrassSteps/GrassSteps149.wav","GrassSteps149","player_movement","SOURCE_ONLY","audited-only: footstep breadth cut from mobile build",""
"Assets/Footsteps Pack Expanded/SingleSteps/GrassSteps/GrassSteps15.wav","GrassSteps15","player_movement","SOURCE_ONLY","audited-only: footstep breadth cut from mobile build",""
"Assets/Footsteps Pack Expanded/SingleSteps/GrassSteps/GrassSteps150.wav","GrassSteps150","player_movement","SOURCE_ONLY","audited-only: footstep breadth cut from mobile build",""
"Assets/Footsteps Pack Expanded/SingleSteps/GrassSteps/GrassSteps151.wav","GrassSteps151","player_movement","SOURCE_ONLY","audited-only: footstep breadth cut from mobile build",""
"Assets/Footsteps Pack Expanded/SingleSteps/GrassSteps/GrassSteps152.wav","GrassSteps152","player_movement","SOURCE_ONLY","audited-only: footstep breadth cut from mobile build",""
"Assets/Footsteps Pack Expanded/SingleSteps/GrassSteps/GrassSteps153.wav","GrassSteps153","player_movement","SOURCE_ONLY","audited-only: footstep breadth cut from mobile build",""
"Assets/Footsteps Pack Expanded/SingleSteps/GrassSteps/GrassSteps154.wav","GrassSteps154","player_movement","SOURCE_ONLY","audited-only: footstep breadth cut from mobile build",""
"Assets/Footsteps Pack Expanded/SingleSteps/GrassSteps/GrassSteps16.wav","GrassSteps16","player_movement","SOURCE_ONLY","audited-only: footstep breadth cut from mobile build",""
"Assets/Footsteps Pack Expanded/SingleSteps/GrassSteps/GrassSteps17.wav","GrassSteps17","player_movement","SOURCE_ONLY","audited-only: footstep breadth cut from mobile build",""
"Assets/Footsteps Pack Expanded/SingleSteps/GrassSteps/GrassSteps18.wav","GrassSteps18","player_movement","SOURCE_ONLY","audited-only: footstep breadth cut from mobile build",""
"Assets/Footsteps Pack Expanded/SingleSteps/GrassSteps/GrassSteps19.wav","GrassSteps19","player_movement","SOURCE_ONLY","audited-only: footstep breadth cut from mobile build",""
"Assets/Footsteps Pack Expanded/SingleSteps/GrassSteps/GrassSteps20.wav","GrassSteps20","player_movement","SOURCE_ONLY","audited-only: footstep breadth cut from mobile build",""
"Assets/Footsteps Pack Expanded/SingleSteps/GrassSteps/GrassSteps21.wav","GrassSteps21","player_movement","SOURCE_ONLY","audited-only: footstep breadth cut from mobile build",""
"Assets/Footsteps Pack Expanded/SingleSteps/GrassSteps/GrassSteps22.wav","GrassSteps22","player_movement","SOURCE_ONLY","audited-only: footstep breadth cut from mobile build",""
"Assets/Footsteps Pack Expanded/SingleSteps/GrassSteps/GrassSteps23.wav","GrassSteps23","player_movement","SOURCE_ONLY","audited-only: footstep breadth cut from mobile build",""
"Assets/Footsteps Pack Expanded/SingleSteps/GrassSteps/GrassSteps24.wav","GrassSteps24","player_movement","SOURCE_ONLY","audited-only: footstep breadth cut from mobile build",""
"Assets/Footsteps Pack Expanded/SingleSteps/GrassSteps/GrassSteps25.wav","GrassSteps25","player_movement","SOURCE_ONLY","audited-only: footstep breadth cut from mobile build",""
"Assets/Footsteps Pack Expanded/SingleSteps/GrassSteps/GrassSteps26.wav","GrassSteps26","player_movement","SOURCE_ONLY","audited-only: footstep breadth cut from mobile build",""
"Assets/Footsteps Pack Expanded/SingleSteps/GrassSteps/GrassSteps27.wav","GrassSteps27","player_movement","SOURCE_ONLY","audited-only: footstep breadth cut from mobile build",""
"Assets/Footsteps Pack Expanded/SingleSteps/GrassSteps/GrassSteps28.wav","GrassSteps28","player_movement","SOURCE_ONLY","audited-only: footstep breadth cut from mobile build",""
"Assets/Footsteps Pack Expanded/SingleSteps/GrassSteps/GrassSteps29.wav","GrassSteps29","player_movement","SOURCE_ONLY","audited-only: footstep breadth cut from mobile build",""
"Assets/Footsteps Pack Expanded/SingleSteps/GrassSteps/GrassSteps30.wav","GrassSteps30","player_movement","SOURCE_ONLY","audited-only: footstep breadth cut from mobile build",""
"Assets/Footsteps Pack Expanded/SingleSteps/GrassSteps/GrassSteps31.wav","GrassSteps31","player_movement","SOURCE_ONLY","audited-only: footstep breadth cut from mobile build",""
"Assets/Footsteps Pack Expanded/SingleSteps/GrassSteps/GrassSteps32.wav","GrassSteps32","player_movement","SOURCE_ONLY","audited-only: footstep breadth cut from mobile build",""
"Assets/Footsteps Pack Expanded/SingleSteps/GrassSteps/GrassSteps33.wav","GrassSteps33","player_movement","SOURCE_ONLY","audited-only: footstep breadth cut from mobile build",""
"Assets/Footsteps Pack Expanded/SingleSteps/GrassSteps/GrassSteps34.wav","GrassSteps34","player_movement","SOURCE_ONLY","audited-only: footstep breadth cut from mobile build",""
"Assets/Footsteps Pack Expanded/SingleSteps/GrassSteps/GrassSteps35.wav","GrassSteps35","player_movement","SOURCE_ONLY","audited-only: footstep breadth cut from mobile build",""
"Assets/Footsteps Pack Expanded/SingleSteps/GrassSteps/GrassSteps36.wav","GrassSteps36","player_movement","SOURCE_ONLY","audited-only: footstep breadth cut from mobile build",""
"Assets/Footsteps Pack Expanded/SingleSteps/GrassSteps/GrassSteps37.wav","GrassSteps37","player_movement","SOURCE_ONLY","audited-only: footstep breadth cut from mobile build",""
"Assets/Footsteps Pack Expanded/SingleSteps/GrassSteps/GrassSteps38.wav","GrassSteps38","player_movement","SOURCE_ONLY","audited-only: footstep breadth cut from mobile build",""
"Assets/Footsteps Pack Expanded/SingleSteps/GrassSteps/GrassSteps39.wav","GrassSteps39","player_movement","SOURCE_ONLY","audited-only: footstep breadth cut from mobile build",""
"Assets/Footsteps Pack Expanded/SingleSteps/GrassSteps/GrassSteps40.wav","GrassSteps40","player_movement","SOURCE_ONLY","audited-only: footstep breadth cut from mobile build",""
"Assets/Footsteps Pack Expanded/SingleSteps/GrassSteps/GrassSteps41.wav","GrassSteps41","player_movement","SOURCE_ONLY","audited-only: footstep breadth cut from mobile build",""
"Assets/Footsteps Pack Expanded/SingleSteps/GrassSteps/GrassSteps42.wav","GrassSteps42","player_movement","SOURCE_ONLY","audited-only: footstep breadth cut from mobile build",""
"Assets/Footsteps Pack Expanded/SingleSteps/GrassSteps/GrassSteps43.wav","GrassSteps43","player_movement","SOURCE_ONLY","audited-only: footstep breadth cut from mobile build",""
"Assets/Footsteps Pack Expanded/SingleSteps/GrassSteps/GrassSteps44.wav","GrassSteps44","player_movement","SOURCE_ONLY","audited-only: footstep breadth cut from mobile build",""
"Assets/Footsteps Pack Expanded/SingleSteps/GrassSteps/GrassSteps45.wav","GrassSteps45","player_movement","SOURCE_ONLY","audited-only: footstep breadth cut from mobile build",""
"Assets/Footsteps Pack Expanded/SingleSteps/GrassSteps/GrassSteps46.wav","GrassSteps46","player_movement","SOURCE_ONLY","audited-only: footstep breadth cut from mobile build",""
"Assets/Footsteps Pack Expanded/SingleSteps/GrassSteps/GrassSteps47.wav","GrassSteps47","player_movement","SOURCE_ONLY","audited-only: footstep breadth cut from mobile build",""
"Assets/Footsteps Pack Expanded/SingleSteps/GrassSteps/GrassSteps48.wav","GrassSteps48","player_movement","SOURCE_ONLY","audited-only: footstep breadth cut from mobile build",""
"Assets/Footsteps Pack Expanded/SingleSteps/GrassSteps/GrassSteps49.wav","GrassSteps49","player_movement","SOURCE_ONLY","audited-only: footstep breadth cut from mobile build",""
"Assets/Footsteps Pack Expanded/SingleSteps/GrassSteps/GrassSteps50.wav","GrassSteps50","player_movement","SOURCE_ONLY","audited-only: footstep breadth cut from mobile build",""
"Assets/Footsteps Pack Expanded/SingleSteps/GrassSteps/GrassSteps51.wav","GrassSteps51","player_movement","SOURCE_ONLY","audited-only: footstep breadth cut from mobile build",""
"Assets/Footsteps Pack Expanded/SingleSteps/GrassSteps/GrassSteps52.wav","GrassSteps52","player_movement","SOURCE_ONLY","audited-only: footstep breadth cut from mobile build",""
"Assets/Footsteps Pack Expanded/SingleSteps/GrassSteps/GrassSteps53.wav","GrassSteps53","player_movement","SOURCE_ONLY","audited-only: footstep breadth cut from mobile build",""
"Assets/Footsteps Pack Expanded/SingleSteps/GrassSteps/GrassSteps54.wav","GrassSteps54","player_movement","SOURCE_ONLY","audited-only: footstep breadth cut from mobile build",""
"Assets/Footsteps Pack Expanded/SingleSteps/GrassSteps/GrassSteps55.wav","GrassSteps55","player_movement","SOURCE_ONLY","audited-only: footstep breadth cut from mobile build",""
"Assets/Footsteps Pack Expanded/SingleSteps/GrassSteps/GrassSteps56.wav","GrassSteps56","player_movement","SOURCE_ONLY","audited-only: footstep breadth cut from mobile build",""
"Assets/Footsteps Pack Expanded/SingleSteps/GrassSteps/GrassSteps57.wav","GrassSteps57","player_movement","SOURCE_ONLY","audited-only: footstep breadth cut from mobile build",""
"Assets/Footsteps Pack Expanded/SingleSteps/GrassSteps/GrassSteps58.wav","GrassSteps58","player_movement","SOURCE_ONLY","audited-only: footstep breadth cut from mobile build",""
"Assets/Footsteps Pack Expanded/SingleSteps/GrassSteps/GrassSteps59.wav","GrassSteps59","player_movement","SOURCE_ONLY","audited-only: footstep breadth cut from mobile build",""
"Assets/Footsteps Pack Expanded/SingleSteps/GrassSteps/GrassSteps60.wav","GrassSteps60","player_movement","SOURCE_ONLY","audited-only: footstep breadth cut from mobile build",""
"Assets/Footsteps Pack Expanded/SingleSteps/GrassSteps/GrassSteps61.wav","GrassSteps61","player_movement","SOURCE_ONLY","audited-only: footstep breadth cut from mobile build",""
"Assets/Footsteps Pack Expanded/SingleSteps/GrassSteps/GrassSteps62.wav","GrassSteps62","player_movement","SOURCE_ONLY","audited-only: footstep breadth cut from mobile build",""
"Assets/Footsteps Pack Expanded/SingleSteps/GrassSteps/GrassSteps63.wav","GrassSteps63","player_movement","SOURCE_ONLY","audited-only: footstep breadth cut from mobile build",""
"Assets/Footsteps Pack Expanded/SingleSteps/GrassSteps/GrassSteps64.wav","GrassSteps64","player_movement","SOURCE_ONLY","audited-only: footstep breadth cut from mobile build",""
"Assets/Footsteps Pack Expanded/SingleSteps/GrassSteps/GrassSteps65.wav","GrassSteps65","player_movement","SOURCE_ONLY","audited-only: footstep breadth cut from mobile build",""
"Assets/Footsteps Pack Expanded/SingleSteps/GrassSteps/GrassSteps66.wav","GrassSteps66","player_movement","SOURCE_ONLY","audited-only: footstep breadth cut from mobile build",""
"Assets/Footsteps Pack Expanded/SingleSteps/GrassSteps/GrassSteps67.wav","GrassSteps67","player_movement","SOURCE_ONLY","audited-only: footstep breadth cut from mobile build",""
"Assets/Footsteps Pack Expanded/SingleSteps/GrassSteps/GrassSteps68.wav","GrassSteps68","player_movement","SOURCE_ONLY","audited-only: footstep breadth cut from mobile build",""
"Assets/Footsteps Pack Expanded/SingleSteps/GrassSteps/GrassSteps69.wav","GrassSteps69","player_movement","SOURCE_ONLY","audited-only: footstep breadth cut from mobile build",""
"Assets/Footsteps Pack Expanded/SingleSteps/GrassSteps/GrassSteps70.wav","GrassSteps70","player_movement","SOURCE_ONLY","audited-only: footstep breadth cut from mobile build",""
"Assets/Footsteps Pack Expanded/SingleSteps/GrassSteps/GrassSteps71.wav","GrassSteps71","player_movement","SOURCE_ONLY","audited-only: footstep breadth cut from mobile build",""
"Assets/Footsteps Pack Expanded/SingleSteps/GrassSteps/GrassSteps72.wav","GrassSteps72","player_movement","SOURCE_ONLY","audited-only: footstep breadth cut from mobile build",""
"Assets/Footsteps Pack Expanded/SingleSteps/GrassSteps/GrassSteps73.wav","GrassSteps73","player_movement","SOURCE_ONLY","audited-only: footstep breadth cut from mobile build",""
"Assets/Footsteps Pack Expanded/SingleSteps/GrassSteps/GrassSteps74.wav","GrassSteps74","player_movement","SOURCE_ONLY","audited-only: footstep breadth cut from mobile build",""
"Assets/Footsteps Pack Expanded/SingleSteps/GrassSteps/GrassSteps75.wav","GrassSteps75","player_movement","SOURCE_ONLY","audited-only: footstep breadth cut from mobile build",""
"Assets/Footsteps Pack Expanded/SingleSteps/GrassSteps/GrassSteps76.wav","GrassSteps76","player_movement","SOURCE_ONLY","audited-only: footstep breadth cut from mobile build",""
"Assets/Footsteps Pack Expanded/SingleSteps/GrassSteps/GrassSteps77.wav","GrassSteps77","player_movement","SOURCE_ONLY","audited-only: footstep breadth cut from mobile build",""
"Assets/Footsteps Pack Expanded/SingleSteps/GrassSteps/GrassSteps78.wav","GrassSteps78","player_movement","SOURCE_ONLY","audited-only: footstep breadth cut from mobile build",""
"Assets/Footsteps Pack Expanded/SingleSteps/GrassSteps/GrassSteps79.wav","GrassSteps79","player_movement","SOURCE_ONLY","audited-only: footstep breadth cut from mobile build",""
"Assets/Footsteps Pack Expanded/SingleSteps/GrassSteps/GrassSteps80.wav","GrassSteps80","player_movement","SOURCE_ONLY","audited-only: footstep breadth cut from mobile build",""
"Assets/Footsteps Pack Expanded/SingleSteps/GrassSteps/GrassSteps81.wav","GrassSteps81","player_movement","SOURCE_ONLY","audited-only: footstep breadth cut from mobile build",""
"Assets/Footsteps Pack Expanded/SingleSteps/GrassSteps/GrassSteps82.wav","GrassSteps82","player_movement","SOURCE_ONLY","audited-only: footstep breadth cut from mobile build",""
"Assets/Footsteps Pack Expanded/SingleSteps/GrassSteps/GrassSteps83.wav","GrassSteps83","player_movement","SOURCE_ONLY","audited-only: footstep breadth cut from mobile build",""
"Assets/Footsteps Pack Expanded/SingleSteps/GrassSteps/GrassSteps84.wav","GrassSteps84","player_movement","SOURCE_ONLY","audited-only: footstep breadth cut from mobile build",""
"Assets/Footsteps Pack Expanded/SingleSteps/GrassSteps/GrassSteps85.wav","GrassSteps85","player_movement","SOURCE_ONLY","audited-only: footstep breadth cut from mobile build",""
"Assets/Footsteps Pack Expanded/SingleSteps/GrassSteps/GrassSteps86.wav","GrassSteps86","player_movement","SOURCE_ONLY","audited-only: footstep breadth cut from mobile build",""
"Assets/Footsteps Pack Expanded/SingleSteps/GrassSteps/GrassSteps87.wav","GrassSteps87","player_movement","SOURCE_ONLY","audited-only: footstep breadth cut from mobile build",""
"Assets/Footsteps Pack Expanded/SingleSteps/GrassSteps/GrassSteps88.wav","GrassSteps88","player_movement","SOURCE_ONLY","audited-only: footstep breadth cut from mobile build",""
"Assets/Footsteps Pack Expanded/SingleSteps/GrassSteps/GrassSteps89.wav","GrassSteps89","player_movement","SOURCE_ONLY","audited-only: footstep breadth cut from mobile build",""
"Assets/Footsteps Pack Expanded/SingleSteps/GrassSteps/GrassSteps90.wav","GrassSteps90","player_movement","SOURCE_ONLY","audited-only: footstep breadth cut from mobile build",""
"Assets/Footsteps Pack Expanded/SingleSteps/GrassSteps/GrassSteps91.wav","GrassSteps91","player_movement","SOURCE_ONLY","audited-only: footstep breadth cut from mobile build",""
"Assets/Footsteps Pack Expanded/SingleSteps/GrassSteps/GrassSteps92.wav","GrassSteps92","player_movement","SOURCE_ONLY","audited-only: footstep breadth cut from mobile build",""
"Assets/Footsteps Pack Expanded/SingleSteps/GrassSteps/GrassSteps93.wav","GrassSteps93","player_movement","SOURCE_ONLY","audited-only: footstep breadth cut from mobile build",""
"Assets/Footsteps Pack Expanded/SingleSteps/GrassSteps/GrassSteps94.wav","GrassSteps94","player_movement","SOURCE_ONLY","audited-only: footstep breadth cut from mobile build",""
"Assets/Footsteps Pack Expanded/SingleSteps/GrassSteps/GrassSteps95.wav","GrassSteps95","player_movement","SOURCE_ONLY","audited-only: footstep breadth cut from mobile build",""
"Assets/Footsteps Pack Expanded/SingleSteps/GrassSteps/GrassSteps96.wav","GrassSteps96","player_movement","SOURCE_ONLY","audited-only: footstep breadth cut from mobile build",""
"Assets/Footsteps Pack Expanded/SingleSteps/GrassSteps/GrassSteps97.wav","GrassSteps97","player_movement","SOURCE_ONLY","audited-only: footstep breadth cut from mobile build",""
"Assets/Footsteps Pack Expanded/SingleSteps/GrassSteps/GrassSteps98.wav","GrassSteps98","player_movement","SOURCE_ONLY","audited-only: footstep breadth cut from mobile build",""
"Assets/Footsteps Pack Expanded/SingleSteps/GrassSteps/GrassSteps99.wav","GrassSteps99","player_movement","SOURCE_ONLY","audited-only: footstep breadth cut from mobile build",""
"Assets/Footsteps Pack Expanded/SingleSteps/GravelSteps/GravelSteps01.wav","GravelSteps01","player_movement","SOURCE_ONLY","audited-only: footstep breadth cut from mobile build",""
"Assets/Footsteps Pack Expanded/SingleSteps/GravelSteps/GravelSteps02.wav","GravelSteps02","player_movement","SOURCE_ONLY","audited-only: footstep breadth cut from mobile build",""
"Assets/Footsteps Pack Expanded/SingleSteps/GravelSteps/GravelSteps03.wav","GravelSteps03","player_movement","SOURCE_ONLY","audited-only: footstep breadth cut from mobile build",""
"Assets/Footsteps Pack Expanded/SingleSteps/GravelSteps/GravelSteps04.wav","GravelSteps04","player_movement","SOURCE_ONLY","audited-only: footstep breadth cut from mobile build",""
"Assets/Footsteps Pack Expanded/SingleSteps/GravelSteps/GravelSteps05.wav","GravelSteps05","player_movement","SOURCE_ONLY","audited-only: footstep breadth cut from mobile build",""
"Assets/Footsteps Pack Expanded/SingleSteps/GravelSteps/GravelSteps06.wav","GravelSteps06","player_movement","SOURCE_ONLY","audited-only: footstep breadth cut from mobile build",""
"Assets/Footsteps Pack Expanded/SingleSteps/GravelSteps/GravelSteps07.wav","GravelSteps07","player_movement","SOURCE_ONLY","audited-only: footstep breadth cut from mobile build",""
"Assets/Footsteps Pack Expanded/SingleSteps/GravelSteps/GravelSteps08.wav","GravelSteps08","player_movement","SOURCE_ONLY","audited-only: footstep breadth cut from mobile build",""
"Assets/Footsteps Pack Expanded/SingleSteps/GravelSteps/GravelSteps09.wav","GravelSteps09","player_movement","SOURCE_ONLY","audited-only: footstep breadth cut from mobile build",""
"Assets/Footsteps Pack Expanded/SingleSteps/GravelSteps/GravelSteps10.wav","GravelSteps10","player_movement","SOURCE_ONLY","audited-only: footstep breadth cut from mobile build",""
"Assets/Footsteps Pack Expanded/SingleSteps/GravelSteps/GravelSteps100.wav","GravelSteps100","player_movement","SOURCE_ONLY","audited-only: footstep breadth cut from mobile build",""
"Assets/Footsteps Pack Expanded/SingleSteps/GravelSteps/GravelSteps101.wav","GravelSteps101","player_movement","SOURCE_ONLY","audited-only: footstep breadth cut from mobile build",""
"Assets/Footsteps Pack Expanded/SingleSteps/GravelSteps/GravelSteps102.wav","GravelSteps102","player_movement","SOURCE_ONLY","audited-only: footstep breadth cut from mobile build",""
"Assets/Footsteps Pack Expanded/SingleSteps/GravelSteps/GravelSteps103.wav","GravelSteps103","player_movement","SOURCE_ONLY","audited-only: footstep breadth cut from mobile build",""
"Assets/Footsteps Pack Expanded/SingleSteps/GravelSteps/GravelSteps104.wav","GravelSteps104","player_movement","SOURCE_ONLY","audited-only: footstep breadth cut from mobile build",""
"Assets/Footsteps Pack Expanded/SingleSteps/GravelSteps/GravelSteps105.wav","GravelSteps105","player_movement","SOURCE_ONLY","audited-only: footstep breadth cut from mobile build",""
"Assets/Footsteps Pack Expanded/SingleSteps/GravelSteps/GravelSteps106.wav","GravelSteps106","player_movement","SOURCE_ONLY","audited-only: footstep breadth cut from mobile build",""
"Assets/Footsteps Pack Expanded/SingleSteps/GravelSteps/GravelSteps107.wav","GravelSteps107","player_movement","SOURCE_ONLY","audited-only: footstep breadth cut from mobile build",""
"Assets/Footsteps Pack Expanded/SingleSteps/GravelSteps/GravelSteps108.wav","GravelSteps108","player_movement","SOURCE_ONLY","audited-only: footstep breadth cut from mobile build",""
"Assets/Footsteps Pack Expanded/SingleSteps/GravelSteps/GravelSteps109.wav","GravelSteps109","player_movement","SOURCE_ONLY","audited-only: footstep breadth cut from mobile build",""
"Assets/Footsteps Pack Expanded/SingleSteps/GravelSteps/GravelSteps11.wav","GravelSteps11","player_movement","SOURCE_ONLY","audited-only: footstep breadth cut from mobile build",""
"Assets/Footsteps Pack Expanded/SingleSteps/GravelSteps/GravelSteps110.wav","GravelSteps110","player_movement","SOURCE_ONLY","audited-only: footstep breadth cut from mobile build",""
"Assets/Footsteps Pack Expanded/SingleSteps/GravelSteps/GravelSteps111.wav","GravelSteps111","player_movement","SOURCE_ONLY","audited-only: footstep breadth cut from mobile build",""
"Assets/Footsteps Pack Expanded/SingleSteps/GravelSteps/GravelSteps112.wav","GravelSteps112","player_movement","SOURCE_ONLY","audited-only: footstep breadth cut from mobile build",""
"Assets/Footsteps Pack Expanded/SingleSteps/GravelSteps/GravelSteps113.wav","GravelSteps113","player_movement","SOURCE_ONLY","audited-only: footstep breadth cut from mobile build",""
"Assets/Footsteps Pack Expanded/SingleSteps/GravelSteps/GravelSteps114.wav","GravelSteps114","player_movement","SOURCE_ONLY","audited-only: footstep breadth cut from mobile build",""
"Assets/Footsteps Pack Expanded/SingleSteps/GravelSteps/GravelSteps115.wav","GravelSteps115","player_movement","SOURCE_ONLY","audited-only: footstep breadth cut from mobile build",""
"Assets/Footsteps Pack Expanded/SingleSteps/GravelSteps/GravelSteps116.wav","GravelSteps116","player_movement","SOURCE_ONLY","audited-only: footstep breadth cut from mobile build",""
"Assets/Footsteps Pack Expanded/SingleSteps/GravelSteps/GravelSteps117.wav","GravelSteps117","player_movement","SOURCE_ONLY","audited-only: footstep breadth cut from mobile build",""
"Assets/Footsteps Pack Expanded/SingleSteps/GravelSteps/GravelSteps118.wav","GravelSteps118","player_movement","SOURCE_ONLY","audited-only: footstep breadth cut from mobile build",""
"Assets/Footsteps Pack Expanded/SingleSteps/GravelSteps/GravelSteps119.wav","GravelSteps119","player_movement","SOURCE_ONLY","audited-only: footstep breadth cut from mobile build",""
"Assets/Footsteps Pack Expanded/SingleSteps/GravelSteps/GravelSteps12.wav","GravelSteps12","player_movement","SOURCE_ONLY","audited-only: footstep breadth cut from mobile build",""
"Assets/Footsteps Pack Expanded/SingleSteps/GravelSteps/GravelSteps120.wav","GravelSteps120","player_movement","SOURCE_ONLY","audited-only: footstep breadth cut from mobile build",""
"Assets/Footsteps Pack Expanded/SingleSteps/GravelSteps/GravelSteps121.wav","GravelSteps121","player_movement","SOURCE_ONLY","audited-only: footstep breadth cut from mobile build",""
"Assets/Footsteps Pack Expanded/SingleSteps/GravelSteps/GravelSteps122.wav","GravelSteps122","player_movement","SOURCE_ONLY","audited-only: footstep breadth cut from mobile build",""
"Assets/Footsteps Pack Expanded/SingleSteps/GravelSteps/GravelSteps123.wav","GravelSteps123","player_movement","SOURCE_ONLY","audited-only: footstep breadth cut from mobile build",""
"Assets/Footsteps Pack Expanded/SingleSteps/GravelSteps/GravelSteps124.wav","GravelSteps124","player_movement","SOURCE_ONLY","audited-only: footstep breadth cut from mobile build",""
"Assets/Footsteps Pack Expanded/SingleSteps/GravelSteps/GravelSteps125.wav","GravelSteps125","player_movement","SOURCE_ONLY","audited-only: footstep breadth cut from mobile build",""
"Assets/Footsteps Pack Expanded/SingleSteps/GravelSteps/GravelSteps126.wav","GravelSteps126","player_movement","SOURCE_ONLY","audited-only: footstep breadth cut from mobile build",""
"Assets/Footsteps Pack Expanded/SingleSteps/GravelSteps/GravelSteps127.wav","GravelSteps127","player_movement","SOURCE_ONLY","audited-only: footstep breadth cut from mobile build",""
"Assets/Footsteps Pack Expanded/SingleSteps/GravelSteps/GravelSteps128.wav","GravelSteps128","player_movement","SOURCE_ONLY","audited-only: footstep breadth cut from mobile build",""
"Assets/Footsteps Pack Expanded/SingleSteps/GravelSteps/GravelSteps129.wav","GravelSteps129","player_movement","SOURCE_ONLY","audited-only: footstep breadth cut from mobile build",""
"Assets/Footsteps Pack Expanded/SingleSteps/GravelSteps/GravelSteps13.wav","GravelSteps13","player_movement","SOURCE_ONLY","audited-only: footstep breadth cut from mobile build",""
"Assets/Footsteps Pack Expanded/SingleSteps/GravelSteps/GravelSteps130.wav","GravelSteps130","player_movement","SOURCE_ONLY","audited-only: footstep breadth cut from mobile build",""
"Assets/Footsteps Pack Expanded/SingleSteps/GravelSteps/GravelSteps131.wav","GravelSteps131","player_movement","SOURCE_ONLY","audited-only: footstep breadth cut from mobile build",""
"Assets/Footsteps Pack Expanded/SingleSteps/GravelSteps/GravelSteps132.wav","GravelSteps132","player_movement","SOURCE_ONLY","audited-only: footstep breadth cut from mobile build",""
"Assets/Footsteps Pack Expanded/SingleSteps/GravelSteps/GravelSteps133.wav","GravelSteps133","player_movement","SOURCE_ONLY","audited-only: footstep breadth cut from mobile build",""
"Assets/Footsteps Pack Expanded/SingleSteps/GravelSteps/GravelSteps134.wav","GravelSteps134","player_movement","SOURCE_ONLY","audited-only: footstep breadth cut from mobile build",""
"Assets/Footsteps Pack Expanded/SingleSteps/GravelSteps/GravelSteps135.wav","GravelSteps135","player_movement","SOURCE_ONLY","audited-only: footstep breadth cut from mobile build",""
"Assets/Footsteps Pack Expanded/SingleSteps/GravelSteps/GravelSteps136.wav","GravelSteps136","player_movement","SOURCE_ONLY","audited-only: footstep breadth cut from mobile build",""
"Assets/Footsteps Pack Expanded/SingleSteps/GravelSteps/GravelSteps137.wav","GravelSteps137","player_movement","SOURCE_ONLY","audited-only: footstep breadth cut from mobile build",""
"Assets/Footsteps Pack Expanded/SingleSteps/GravelSteps/GravelSteps138.wav","GravelSteps138","player_movement","SOURCE_ONLY","audited-only: footstep breadth cut from mobile build",""
"Assets/Footsteps Pack Expanded/SingleSteps/GravelSteps/GravelSteps139.wav","GravelSteps139","player_movement","SOURCE_ONLY","audited-only: footstep breadth cut from mobile build",""
"Assets/Footsteps Pack Expanded/SingleSteps/GravelSteps/GravelSteps14.wav","GravelSteps14","player_movement","SOURCE_ONLY","audited-only: footstep breadth cut from mobile build",""
"Assets/Footsteps Pack Expanded/SingleSteps/GravelSteps/GravelSteps140.wav","GravelSteps140","player_movement","SOURCE_ONLY","audited-only: footstep breadth cut from mobile build",""
"Assets/Footsteps Pack Expanded/SingleSteps/GravelSteps/GravelSteps141.wav","GravelSteps141","player_movement","SOURCE_ONLY","audited-only: footstep breadth cut from mobile build",""
"Assets/Footsteps Pack Expanded/SingleSteps/GravelSteps/GravelSteps142.wav","GravelSteps142","player_movement","SOURCE_ONLY","audited-only: footstep breadth cut from mobile build",""
"Assets/Footsteps Pack Expanded/SingleSteps/GravelSteps/GravelSteps143.wav","GravelSteps143","player_movement","SOURCE_ONLY","audited-only: footstep breadth cut from mobile build",""
"Assets/Footsteps Pack Expanded/SingleSteps/GravelSteps/GravelSteps144.wav","GravelSteps144","player_movement","SOURCE_ONLY","audited-only: footstep breadth cut from mobile build",""
"Assets/Footsteps Pack Expanded/SingleSteps/GravelSteps/GravelSteps145.wav","GravelSteps145","player_movement","SOURCE_ONLY","audited-only: footstep breadth cut from mobile build",""
"Assets/Footsteps Pack Expanded/SingleSteps/GravelSteps/GravelSteps146.wav","GravelSteps146","player_movement","SOURCE_ONLY","audited-only: footstep breadth cut from mobile build",""
"Assets/Footsteps Pack Expanded/SingleSteps/GravelSteps/GravelSteps147.wav","GravelSteps147","player_movement","SOURCE_ONLY","audited-only: footstep breadth cut from mobile build",""
"Assets/Footsteps Pack Expanded/SingleSteps/GravelSteps/GravelSteps148.wav","GravelSteps148","player_movement","SOURCE_ONLY","audited-only: footstep breadth cut from mobile build",""
"Assets/Footsteps Pack Expanded/SingleSteps/GravelSteps/GravelSteps149.wav","GravelSteps149","player_movement","SOURCE_ONLY","audited-only: footstep breadth cut from mobile build",""
"Assets/Footsteps Pack Expanded/SingleSteps/GravelSteps/GravelSteps15.wav","GravelSteps15","player_movement","SOURCE_ONLY","audited-only: footstep breadth cut from mobile build",""
"Assets/Footsteps Pack Expanded/SingleSteps/GravelSteps/GravelSteps150.wav","GravelSteps150","player_movement","SOURCE_ONLY","audited-only: footstep breadth cut from mobile build",""
"Assets/Footsteps Pack Expanded/SingleSteps/GravelSteps/GravelSteps151.wav","GravelSteps151","player_movement","SOURCE_ONLY","audited-only: footstep breadth cut from mobile build",""
"Assets/Footsteps Pack Expanded/SingleSteps/GravelSteps/GravelSteps152.wav","GravelSteps152","player_movement","SOURCE_ONLY","audited-only: footstep breadth cut from mobile build",""
"Assets/Footsteps Pack Expanded/SingleSteps/GravelSteps/GravelSteps153.wav","GravelSteps153","player_movement","SOURCE_ONLY","audited-only: footstep breadth cut from mobile build",""
"Assets/Footsteps Pack Expanded/SingleSteps/GravelSteps/GravelSteps154.wav","GravelSteps154","player_movement","SOURCE_ONLY","audited-only: footstep breadth cut from mobile build",""
"Assets/Footsteps Pack Expanded/SingleSteps/GravelSteps/GravelSteps155.wav","GravelSteps155","player_movement","SOURCE_ONLY","audited-only: footstep breadth cut from mobile build",""
"Assets/Footsteps Pack Expanded/SingleSteps/GravelSteps/GravelSteps156.wav","GravelSteps156","player_movement","SOURCE_ONLY","audited-only: footstep breadth cut from mobile build",""
"Assets/Footsteps Pack Expanded/SingleSteps/GravelSteps/GravelSteps157.wav","GravelSteps157","player_movement","SOURCE_ONLY","audited-only: footstep breadth cut from mobile build",""
"Assets/Footsteps Pack Expanded/SingleSteps/GravelSteps/GravelSteps158.wav","GravelSteps158","player_movement","SOURCE_ONLY","audited-only: footstep breadth cut from mobile build",""
"Assets/Footsteps Pack Expanded/SingleSteps/GravelSteps/GravelSteps159.wav","GravelSteps159","player_movement","SOURCE_ONLY","audited-only: footstep breadth cut from mobile build",""
"Assets/Footsteps Pack Expanded/SingleSteps/GravelSteps/GravelSteps16.wav","GravelSteps16","player_movement","SOURCE_ONLY","audited-only: footstep breadth cut from mobile build",""
"Assets/Footsteps Pack Expanded/SingleSteps/GravelSteps/GravelSteps160.wav","GravelSteps160","player_movement","SOURCE_ONLY","audited-only: footstep breadth cut from mobile build",""
"Assets/Footsteps Pack Expanded/SingleSteps/GravelSteps/GravelSteps161.wav","GravelSteps161","player_movement","SOURCE_ONLY","audited-only: footstep breadth cut from mobile build",""
"Assets/Footsteps Pack Expanded/SingleSteps/GravelSteps/GravelSteps162.wav","GravelSteps162","player_movement","SOURCE_ONLY","audited-only: footstep breadth cut from mobile build",""
"Assets/Footsteps Pack Expanded/SingleSteps/GravelSteps/GravelSteps163.wav","GravelSteps163","player_movement","SOURCE_ONLY","audited-only: footstep breadth cut from mobile build",""
"Assets/Footsteps Pack Expanded/SingleSteps/GravelSteps/GravelSteps164.wav","GravelSteps164","player_movement","SOURCE_ONLY","audited-only: footstep breadth cut from mobile build",""
"Assets/Footsteps Pack Expanded/SingleSteps/GravelSteps/GravelSteps165.wav","GravelSteps165","player_movement","SOURCE_ONLY","audited-only: footstep breadth cut from mobile build",""
"Assets/Footsteps Pack Expanded/SingleSteps/GravelSteps/GravelSteps166.wav","GravelSteps166","player_movement","SOURCE_ONLY","audited-only: footstep breadth cut from mobile build",""
"Assets/Footsteps Pack Expanded/SingleSteps/GravelSteps/GravelSteps167.wav","GravelSteps167","player_movement","SOURCE_ONLY","audited-only: footstep breadth cut from mobile build",""
"Assets/Footsteps Pack Expanded/SingleSteps/GravelSteps/GravelSteps168.wav","GravelSteps168","player_movement","SOURCE_ONLY","audited-only: footstep breadth cut from mobile build",""
"Assets/Footsteps Pack Expanded/SingleSteps/GravelSteps/GravelSteps169.wav","GravelSteps169","player_movement","SOURCE_ONLY","audited-only: footstep breadth cut from mobile build",""
"Assets/Footsteps Pack Expanded/SingleSteps/GravelSteps/GravelSteps17.wav","GravelSteps17","player_movement","SOURCE_ONLY","audited-only: footstep breadth cut from mobile build",""
"Assets/Footsteps Pack Expanded/SingleSteps/GravelSteps/GravelSteps170.wav","GravelSteps170","player_movement","SOURCE_ONLY","audited-only: footstep breadth cut from mobile build",""
"Assets/Footsteps Pack Expanded/SingleSteps/GravelSteps/GravelSteps171.wav","GravelSteps171","player_movement","SOURCE_ONLY","audited-only: footstep breadth cut from mobile build",""
"Assets/Footsteps Pack Expanded/SingleSteps/GravelSteps/GravelSteps172.wav","GravelSteps172","player_movement","SOURCE_ONLY","audited-only: footstep breadth cut from mobile build",""
"Assets/Footsteps Pack Expanded/SingleSteps/GravelSteps/GravelSteps173.wav","GravelSteps173","player_movement","SOURCE_ONLY","audited-only: footstep breadth cut from mobile build",""
"Assets/Footsteps Pack Expanded/SingleSteps/GravelSteps/GravelSteps174.wav","GravelSteps174","player_movement","SOURCE_ONLY","audited-only: footstep breadth cut from mobile build",""
"Assets/Footsteps Pack Expanded/SingleSteps/GravelSteps/GravelSteps175.wav","GravelSteps175","player_movement","SOURCE_ONLY","audited-only: footstep breadth cut from mobile build",""
"Assets/Footsteps Pack Expanded/SingleSteps/GravelSteps/GravelSteps176.wav","GravelSteps176","player_movement","SOURCE_ONLY","audited-only: footstep breadth cut from mobile build",""
"Assets/Footsteps Pack Expanded/SingleSteps/GravelSteps/GravelSteps177.wav","GravelSteps177","player_movement","SOURCE_ONLY","audited-only: footstep breadth cut from mobile build",""
"Assets/Footsteps Pack Expanded/SingleSteps/GravelSteps/GravelSteps178.wav","GravelSteps178","player_movement","SOURCE_ONLY","audited-only: footstep breadth cut from mobile build",""
"Assets/Footsteps Pack Expanded/SingleSteps/GravelSteps/GravelSteps179.wav","GravelSteps179","player_movement","SOURCE_ONLY","audited-only: footstep breadth cut from mobile build",""
"Assets/Footsteps Pack Expanded/SingleSteps/GravelSteps/GravelSteps18.wav","GravelSteps18","player_movement","SOURCE_ONLY","audited-only: footstep breadth cut from mobile build",""
"Assets/Footsteps Pack Expanded/SingleSteps/GravelSteps/GravelSteps180.wav","GravelSteps180","player_movement","SOURCE_ONLY","audited-only: footstep breadth cut from mobile build",""
"Assets/Footsteps Pack Expanded/SingleSteps/GravelSteps/GravelSteps181.wav","GravelSteps181","player_movement","SOURCE_ONLY","audited-only: footstep breadth cut from mobile build",""
"Assets/Footsteps Pack Expanded/SingleSteps/GravelSteps/GravelSteps182.wav","GravelSteps182","player_movement","SOURCE_ONLY","audited-only: footstep breadth cut from mobile build",""
"Assets/Footsteps Pack Expanded/SingleSteps/GravelSteps/GravelSteps183.wav","GravelSteps183","player_movement","SOURCE_ONLY","audited-only: footstep breadth cut from mobile build",""
"Assets/Footsteps Pack Expanded/SingleSteps/GravelSteps/GravelSteps184.wav","GravelSteps184","player_movement","SOURCE_ONLY","audited-only: footstep breadth cut from mobile build",""
"Assets/Footsteps Pack Expanded/SingleSteps/GravelSteps/GravelSteps185.wav","GravelSteps185","player_movement","SOURCE_ONLY","audited-only: footstep breadth cut from mobile build",""
"Assets/Footsteps Pack Expanded/SingleSteps/GravelSteps/GravelSteps186.wav","GravelSteps186","player_movement","SOURCE_ONLY","audited-only: footstep breadth cut from mobile build",""
"Assets/Footsteps Pack Expanded/SingleSteps/GravelSteps/GravelSteps187.wav","GravelSteps187","player_movement","SOURCE_ONLY","audited-only: footstep breadth cut from mobile build",""
"Assets/Footsteps Pack Expanded/SingleSteps/GravelSteps/GravelSteps188.wav","GravelSteps188","player_movement","SOURCE_ONLY","audited-only: footstep breadth cut from mobile build",""
"Assets/Footsteps Pack Expanded/SingleSteps/GravelSteps/GravelSteps189.wav","GravelSteps189","player_movement","SOURCE_ONLY","audited-only: footstep breadth cut from mobile build",""
"Assets/Footsteps Pack Expanded/SingleSteps/GravelSteps/GravelSteps19.wav","GravelSteps19","player_movement","SOURCE_ONLY","audited-only: footstep breadth cut from mobile build",""
"Assets/Footsteps Pack Expanded/SingleSteps/GravelSteps/GravelSteps190.wav","GravelSteps190","player_movement","SOURCE_ONLY","audited-only: footstep breadth cut from mobile build",""
"Assets/Footsteps Pack Expanded/SingleSteps/GravelSteps/GravelSteps191.wav","GravelSteps191","player_movement","SOURCE_ONLY","audited-only: footstep breadth cut from mobile build",""
"Assets/Footsteps Pack Expanded/SingleSteps/GravelSteps/GravelSteps192.wav","GravelSteps192","player_movement","SOURCE_ONLY","audited-only: footstep breadth cut from mobile build",""
"Assets/Footsteps Pack Expanded/SingleSteps/GravelSteps/GravelSteps193.wav","GravelSteps193","player_movement","SOURCE_ONLY","audited-only: footstep breadth cut from mobile build",""
"Assets/Footsteps Pack Expanded/SingleSteps/GravelSteps/GravelSteps194.wav","GravelSteps194","player_movement","SOURCE_ONLY","audited-only: footstep breadth cut from mobile build",""
"Assets/Footsteps Pack Expanded/SingleSteps/GravelSteps/GravelSteps195.wav","GravelSteps195","player_movement","SOURCE_ONLY","audited-only: footstep breadth cut from mobile build",""
"Assets/Footsteps Pack Expanded/SingleSteps/GravelSteps/GravelSteps196.wav","GravelSteps196","player_movement","SOURCE_ONLY","audited-only: footstep breadth cut from mobile build",""
"Assets/Footsteps Pack Expanded/SingleSteps/GravelSteps/GravelSteps197.wav","GravelSteps197","player_movement","SOURCE_ONLY","audited-only: footstep breadth cut from mobile build",""
"Assets/Footsteps Pack Expanded/SingleSteps/GravelSteps/GravelSteps198.wav","GravelSteps198","player_movement","SOURCE_ONLY","audited-only: footstep breadth cut from mobile build",""
"Assets/Footsteps Pack Expanded/SingleSteps/GravelSteps/GravelSteps199.wav","GravelSteps199","player_movement","SOURCE_ONLY","audited-only: footstep breadth cut from mobile build",""
"Assets/Footsteps Pack Expanded/SingleSteps/GravelSteps/GravelSteps20.wav","GravelSteps20","player_movement","SOURCE_ONLY","audited-only: footstep breadth cut from mobile build",""
"Assets/Footsteps Pack Expanded/SingleSteps/GravelSteps/GravelSteps200.wav","GravelSteps200","player_movement","SOURCE_ONLY","audited-only: footstep breadth cut from mobile build",""
"Assets/Footsteps Pack Expanded/SingleSteps/GravelSteps/GravelSteps201.wav","GravelSteps201","player_movement","SOURCE_ONLY","audited-only: footstep breadth cut from mobile build",""
"Assets/Footsteps Pack Expanded/SingleSteps/GravelSteps/GravelSteps202.wav","GravelSteps202","player_movement","SOURCE_ONLY","audited-only: footstep breadth cut from mobile build",""
"Assets/Footsteps Pack Expanded/SingleSteps/GravelSteps/GravelSteps203.wav","GravelSteps203","player_movement","SOURCE_ONLY","audited-only: footstep breadth cut from mobile build",""
"Assets/Footsteps Pack Expanded/SingleSteps/GravelSteps/GravelSteps204.wav","GravelSteps204","player_movement","SOURCE_ONLY","audited-only: footstep breadth cut from mobile build",""
"Assets/Footsteps Pack Expanded/SingleSteps/GravelSteps/GravelSteps205.wav","GravelSteps205","player_movement","SOURCE_ONLY","audited-only: footstep breadth cut from mobile build",""
"Assets/Footsteps Pack Expanded/SingleSteps/GravelSteps/GravelSteps206.wav","GravelSteps206","player_movement","SOURCE_ONLY","audited-only: footstep breadth cut from mobile build",""
"Assets/Footsteps Pack Expanded/SingleSteps/GravelSteps/GravelSteps207.wav","GravelSteps207","player_movement","SOURCE_ONLY","audited-only: footstep breadth cut from mobile build",""
"Assets/Footsteps Pack Expanded/SingleSteps/GravelSteps/GravelSteps208.wav","GravelSteps208","player_movement","SOURCE_ONLY","audited-only: footstep breadth cut from mobile build",""
"Assets/Footsteps Pack Expanded/SingleSteps/GravelSteps/GravelSteps209.wav","GravelSteps209","player_movement","SOURCE_ONLY","audited-only: footstep breadth cut from mobile build",""
"Assets/Footsteps Pack Expanded/SingleSteps/GravelSteps/GravelSteps21.wav","GravelSteps21","player_movement","SOURCE_ONLY","audited-only: footstep breadth cut from mobile build",""
"Assets/Footsteps Pack Expanded/SingleSteps/GravelSteps/GravelSteps210.wav","GravelSteps210","player_movement","SOURCE_ONLY","audited-only: footstep breadth cut from mobile build",""
"Assets/Footsteps Pack Expanded/SingleSteps/GravelSteps/GravelSteps211.wav","GravelSteps211","player_movement","SOURCE_ONLY","audited-only: footstep breadth cut from mobile build",""
"Assets/Footsteps Pack Expanded/SingleSteps/GravelSteps/GravelSteps22.wav","GravelSteps22","player_movement","SOURCE_ONLY","audited-only: footstep breadth cut from mobile build",""
"Assets/Footsteps Pack Expanded/SingleSteps/GravelSteps/GravelSteps23.wav","GravelSteps23","player_movement","SOURCE_ONLY","audited-only: footstep breadth cut from mobile build",""
"Assets/Footsteps Pack Expanded/SingleSteps/GravelSteps/GravelSteps24.wav","GravelSteps24","player_movement","SOURCE_ONLY","audited-only: footstep breadth cut from mobile build",""
"Assets/Footsteps Pack Expanded/SingleSteps/GravelSteps/GravelSteps25.wav","GravelSteps25","player_movement","SOURCE_ONLY","audited-only: footstep breadth cut from mobile build",""
"Assets/Footsteps Pack Expanded/SingleSteps/GravelSteps/GravelSteps26.wav","GravelSteps26","player_movement","SOURCE_ONLY","audited-only: footstep breadth cut from mobile build",""
"Assets/Footsteps Pack Expanded/SingleSteps/GravelSteps/GravelSteps27.wav","GravelSteps27","player_movement","SOURCE_ONLY","audited-only: footstep breadth cut from mobile build",""
"Assets/Footsteps Pack Expanded/SingleSteps/GravelSteps/GravelSteps28.wav","GravelSteps28","player_movement","SOURCE_ONLY","audited-only: footstep breadth cut from mobile build",""
"Assets/Footsteps Pack Expanded/SingleSteps/GravelSteps/GravelSteps29.wav","GravelSteps29","player_movement","SOURCE_ONLY","audited-only: footstep breadth cut from mobile build",""
"Assets/Footsteps Pack Expanded/SingleSteps/GravelSteps/GravelSteps30.wav","GravelSteps30","player_movement","SOURCE_ONLY","audited-only: footstep breadth cut from mobile build",""
"Assets/Footsteps Pack Expanded/SingleSteps/GravelSteps/GravelSteps31.wav","GravelSteps31","player_movement","SOURCE_ONLY","audited-only: footstep breadth cut from mobile build",""
"Assets/Footsteps Pack Expanded/SingleSteps/GravelSteps/GravelSteps32.wav","GravelSteps32","player_movement","SOURCE_ONLY","audited-only: footstep breadth cut from mobile build",""
"Assets/Footsteps Pack Expanded/SingleSteps/GravelSteps/GravelSteps33.wav","GravelSteps33","player_movement","SOURCE_ONLY","audited-only: footstep breadth cut from mobile build",""
"Assets/Footsteps Pack Expanded/SingleSteps/GravelSteps/GravelSteps34.wav","GravelSteps34","player_movement","SOURCE_ONLY","audited-only: footstep breadth cut from mobile build",""
"Assets/Footsteps Pack Expanded/SingleSteps/GravelSteps/GravelSteps35.wav","GravelSteps35","player_movement","SOURCE_ONLY","audited-only: footstep breadth cut from mobile build",""
"Assets/Footsteps Pack Expanded/SingleSteps/GravelSteps/GravelSteps36.wav","GravelSteps36","player_movement","SOURCE_ONLY","audited-only: footstep breadth cut from mobile build",""
"Assets/Footsteps Pack Expanded/SingleSteps/GravelSteps/GravelSteps37.wav","GravelSteps37","player_movement","SOURCE_ONLY","audited-only: footstep breadth cut from mobile build",""
"Assets/Footsteps Pack Expanded/SingleSteps/GravelSteps/GravelSteps38.wav","GravelSteps38","player_movement","SOURCE_ONLY","audited-only: footstep breadth cut from mobile build",""
"Assets/Footsteps Pack Expanded/SingleSteps/GravelSteps/GravelSteps39.wav","GravelSteps39","player_movement","SOURCE_ONLY","audited-only: footstep breadth cut from mobile build",""
"Assets/Footsteps Pack Expanded/SingleSteps/GravelSteps/GravelSteps40.wav","GravelSteps40","player_movement","SOURCE_ONLY","audited-only: footstep breadth cut from mobile build",""
"Assets/Footsteps Pack Expanded/SingleSteps/GravelSteps/GravelSteps41.wav","GravelSteps41","player_movement","SOURCE_ONLY","audited-only: footstep breadth cut from mobile build",""
"Assets/Footsteps Pack Expanded/SingleSteps/GravelSteps/GravelSteps42.wav","GravelSteps42","player_movement","SOURCE_ONLY","audited-only: footstep breadth cut from mobile build",""
"Assets/Footsteps Pack Expanded/SingleSteps/GravelSteps/GravelSteps43.wav","GravelSteps43","player_movement","SOURCE_ONLY","audited-only: footstep breadth cut from mobile build",""
"Assets/Footsteps Pack Expanded/SingleSteps/GravelSteps/GravelSteps44.wav","GravelSteps44","player_movement","SOURCE_ONLY","audited-only: footstep breadth cut from mobile build",""
"Assets/Footsteps Pack Expanded/SingleSteps/GravelSteps/GravelSteps45.wav","GravelSteps45","player_movement","SOURCE_ONLY","audited-only: footstep breadth cut from mobile build",""
"Assets/Footsteps Pack Expanded/SingleSteps/GravelSteps/GravelSteps46.wav","GravelSteps46","player_movement","SOURCE_ONLY","audited-only: footstep breadth cut from mobile build",""
"Assets/Footsteps Pack Expanded/SingleSteps/GravelSteps/GravelSteps47.wav","GravelSteps47","player_movement","SOURCE_ONLY","audited-only: footstep breadth cut from mobile build",""
"Assets/Footsteps Pack Expanded/SingleSteps/GravelSteps/GravelSteps48.wav","GravelSteps48","player_movement","SOURCE_ONLY","audited-only: footstep breadth cut from mobile build",""
"Assets/Footsteps Pack Expanded/SingleSteps/GravelSteps/GravelSteps49.wav","GravelSteps49","player_movement","SOURCE_ONLY","audited-only: footstep breadth cut from mobile build",""
"Assets/Footsteps Pack Expanded/SingleSteps/GravelSteps/GravelSteps50.wav","GravelSteps50","player_movement","SOURCE_ONLY","audited-only: footstep breadth cut from mobile build",""
"Assets/Footsteps Pack Expanded/SingleSteps/GravelSteps/GravelSteps51.wav","GravelSteps51","player_movement","SOURCE_ONLY","audited-only: footstep breadth cut from mobile build",""
"Assets/Footsteps Pack Expanded/SingleSteps/GravelSteps/GravelSteps52.wav","GravelSteps52","player_movement","SOURCE_ONLY","audited-only: footstep breadth cut from mobile build",""
"Assets/Footsteps Pack Expanded/SingleSteps/GravelSteps/GravelSteps53.wav","GravelSteps53","player_movement","SOURCE_ONLY","audited-only: footstep breadth cut from mobile build",""
"Assets/Footsteps Pack Expanded/SingleSteps/GravelSteps/GravelSteps54.wav","GravelSteps54","player_movement","SOURCE_ONLY","audited-only: footstep breadth cut from mobile build",""
"Assets/Footsteps Pack Expanded/SingleSteps/GravelSteps/GravelSteps55.wav","GravelSteps55","player_movement","SOURCE_ONLY","audited-only: footstep breadth cut from mobile build",""
"Assets/Footsteps Pack Expanded/SingleSteps/GravelSteps/GravelSteps56.wav","GravelSteps56","player_movement","SOURCE_ONLY","audited-only: footstep breadth cut from mobile build",""
"Assets/Footsteps Pack Expanded/SingleSteps/GravelSteps/GravelSteps57.wav","GravelSteps57","player_movement","SOURCE_ONLY","audited-only: footstep breadth cut from mobile build",""
"Assets/Footsteps Pack Expanded/SingleSteps/GravelSteps/GravelSteps58.wav","GravelSteps58","player_movement","SOURCE_ONLY","audited-only: footstep breadth cut from mobile build",""
"Assets/Footsteps Pack Expanded/SingleSteps/GravelSteps/GravelSteps59.wav","GravelSteps59","player_movement","SOURCE_ONLY","audited-only: footstep breadth cut from mobile build",""
"Assets/Footsteps Pack Expanded/SingleSteps/GravelSteps/GravelSteps60.wav","GravelSteps60","player_movement","SOURCE_ONLY","audited-only: footstep breadth cut from mobile build",""
"Assets/Footsteps Pack Expanded/SingleSteps/GravelSteps/GravelSteps61.wav","GravelSteps61","player_movement","SOURCE_ONLY","audited-only: footstep breadth cut from mobile build",""
"Assets/Footsteps Pack Expanded/SingleSteps/GravelSteps/GravelSteps62.wav","GravelSteps62","player_movement","SOURCE_ONLY","audited-only: footstep breadth cut from mobile build",""
"Assets/Footsteps Pack Expanded/SingleSteps/GravelSteps/GravelSteps63.wav","GravelSteps63","player_movement","SOURCE_ONLY","audited-only: footstep breadth cut from mobile build",""
"Assets/Footsteps Pack Expanded/SingleSteps/GravelSteps/GravelSteps64.wav","GravelSteps64","player_movement","SOURCE_ONLY","audited-only: footstep breadth cut from mobile build",""
"Assets/Footsteps Pack Expanded/SingleSteps/GravelSteps/GravelSteps65.wav","GravelSteps65","player_movement","SOURCE_ONLY","audited-only: footstep breadth cut from mobile build",""
"Assets/Footsteps Pack Expanded/SingleSteps/GravelSteps/GravelSteps66.wav","GravelSteps66","player_movement","SOURCE_ONLY","audited-only: footstep breadth cut from mobile build",""
"Assets/Footsteps Pack Expanded/SingleSteps/GravelSteps/GravelSteps67.wav","GravelSteps67","player_movement","SOURCE_ONLY","audited-only: footstep breadth cut from mobile build",""
"Assets/Footsteps Pack Expanded/SingleSteps/GravelSteps/GravelSteps68.wav","GravelSteps68","player_movement","SOURCE_ONLY","audited-only: footstep breadth cut from mobile build",""
"Assets/Footsteps Pack Expanded/SingleSteps/GravelSteps/GravelSteps69.wav","GravelSteps69","player_movement","SOURCE_ONLY","audited-only: footstep breadth cut from mobile build",""
"Assets/Footsteps Pack Expanded/SingleSteps/GravelSteps/GravelSteps70.wav","GravelSteps70","player_movement","SOURCE_ONLY","audited-only: footstep breadth cut from mobile build",""
"Assets/Footsteps Pack Expanded/SingleSteps/GravelSteps/GravelSteps71.wav","GravelSteps71","player_movement","SOURCE_ONLY","audited-only: footstep breadth cut from mobile build",""
"Assets/Footsteps Pack Expanded/SingleSteps/GravelSteps/GravelSteps72.wav","GravelSteps72","player_movement","SOURCE_ONLY","audited-only: footstep breadth cut from mobile build",""
"Assets/Footsteps Pack Expanded/SingleSteps/GravelSteps/GravelSteps73.wav","GravelSteps73","player_movement","SOURCE_ONLY","audited-only: footstep breadth cut from mobile build",""
"Assets/Footsteps Pack Expanded/SingleSteps/GravelSteps/GravelSteps74.wav","GravelSteps74","player_movement","SOURCE_ONLY","audited-only: footstep breadth cut from mobile build",""
"Assets/Footsteps Pack Expanded/SingleSteps/GravelSteps/GravelSteps75.wav","GravelSteps75","player_movement","SOURCE_ONLY","audited-only: footstep breadth cut from mobile build",""
"Assets/Footsteps Pack Expanded/SingleSteps/GravelSteps/GravelSteps76.wav","GravelSteps76","player_movement","SOURCE_ONLY","audited-only: footstep breadth cut from mobile build",""
"Assets/Footsteps Pack Expanded/SingleSteps/GravelSteps/GravelSteps77.wav","GravelSteps77","player_movement","SOURCE_ONLY","audited-only: footstep breadth cut from mobile build",""
"Assets/Footsteps Pack Expanded/SingleSteps/GravelSteps/GravelSteps78.wav","GravelSteps78","player_movement","SOURCE_ONLY","audited-only: footstep breadth cut from mobile build",""
"Assets/Footsteps Pack Expanded/SingleSteps/GravelSteps/GravelSteps79.wav","GravelSteps79","player_movement","SOURCE_ONLY","audited-only: footstep breadth cut from mobile build",""
"Assets/Footsteps Pack Expanded/SingleSteps/GravelSteps/GravelSteps80.wav","GravelSteps80","player_movement","SOURCE_ONLY","audited-only: footstep breadth cut from mobile build",""
"Assets/Footsteps Pack Expanded/SingleSteps/GravelSteps/GravelSteps81.wav","GravelSteps81","player_movement","SOURCE_ONLY","audited-only: footstep breadth cut from mobile build",""
"Assets/Footsteps Pack Expanded/SingleSteps/GravelSteps/GravelSteps82.wav","GravelSteps82","player_movement","SOURCE_ONLY","audited-only: footstep breadth cut from mobile build",""
"Assets/Footsteps Pack Expanded/SingleSteps/GravelSteps/GravelSteps83.wav","GravelSteps83","player_movement","SOURCE_ONLY","audited-only: footstep breadth cut from mobile build",""
"Assets/Footsteps Pack Expanded/SingleSteps/GravelSteps/GravelSteps84.wav","GravelSteps84","player_movement","SOURCE_ONLY","audited-only: footstep breadth cut from mobile build",""
"Assets/Footsteps Pack Expanded/SingleSteps/GravelSteps/GravelSteps85.wav","GravelSteps85","player_movement","SOURCE_ONLY","audited-only: footstep breadth cut from mobile build",""
"Assets/Footsteps Pack Expanded/SingleSteps/GravelSteps/GravelSteps86.wav","GravelSteps86","player_movement","SOURCE_ONLY","audited-only: footstep breadth cut from mobile build",""
"Assets/Footsteps Pack Expanded/SingleSteps/GravelSteps/GravelSteps87.wav","GravelSteps87","player_movement","SOURCE_ONLY","audited-only: footstep breadth cut from mobile build",""
"Assets/Footsteps Pack Expanded/SingleSteps/GravelSteps/GravelSteps88.wav","GravelSteps88","player_movement","SOURCE_ONLY","audited-only: footstep breadth cut from mobile build",""
"Assets/Footsteps Pack Expanded/SingleSteps/GravelSteps/GravelSteps89.wav","GravelSteps89","player_movement","SOURCE_ONLY","audited-only: footstep breadth cut from mobile build",""
"Assets/Footsteps Pack Expanded/SingleSteps/GravelSteps/GravelSteps90.wav","GravelSteps90","player_movement","SOURCE_ONLY","audited-only: footstep breadth cut from mobile build",""
"Assets/Footsteps Pack Expanded/SingleSteps/GravelSteps/GravelSteps91.wav","GravelSteps91","player_movement","SOURCE_ONLY","audited-only: footstep breadth cut from mobile build",""
"Assets/Footsteps Pack Expanded/SingleSteps/GravelSteps/GravelSteps92.wav","GravelSteps92","player_movement","SOURCE_ONLY","audited-only: footstep breadth cut from mobile build",""
"Assets/Footsteps Pack Expanded/SingleSteps/GravelSteps/GravelSteps93.wav","GravelSteps93","player_movement","SOURCE_ONLY","audited-only: footstep breadth cut from mobile build",""
"Assets/Footsteps Pack Expanded/SingleSteps/GravelSteps/GravelSteps94.wav","GravelSteps94","player_movement","SOURCE_ONLY","audited-only: footstep breadth cut from mobile build",""
"Assets/Footsteps Pack Expanded/SingleSteps/GravelSteps/GravelSteps95.wav","GravelSteps95","player_movement","SOURCE_ONLY","audited-only: footstep breadth cut from mobile build",""
"Assets/Footsteps Pack Expanded/SingleSteps/GravelSteps/GravelSteps96.wav","GravelSteps96","player_movement","SOURCE_ONLY","audited-only: footstep breadth cut from mobile build",""
"Assets/Footsteps Pack Expanded/SingleSteps/GravelSteps/GravelSteps97.wav","GravelSteps97","player_movement","SOURCE_ONLY","audited-only: footstep breadth cut from mobile build",""
"Assets/Footsteps Pack Expanded/SingleSteps/GravelSteps/GravelSteps98.wav","GravelSteps98","player_movement","SOURCE_ONLY","audited-only: footstep breadth cut from mobile build",""
"Assets/Footsteps Pack Expanded/SingleSteps/GravelSteps/GravelSteps99.wav","GravelSteps99","player_movement","SOURCE_ONLY","audited-only: footstep breadth cut from mobile build",""
"Assets/Footsteps Pack Expanded/SingleSteps/IceAndSnowSteps/IceAndSnowSteps01.wav","IceAndSnowSteps01","player_movement","SOURCE_ONLY","audited-only: footstep breadth cut from mobile build",""
"Assets/Footsteps Pack Expanded/SingleSteps/IceAndSnowSteps/IceAndSnowSteps02.wav","IceAndSnowSteps02","player_movement","SOURCE_ONLY","audited-only: footstep breadth cut from mobile build",""
"Assets/Footsteps Pack Expanded/SingleSteps/IceAndSnowSteps/IceAndSnowSteps03.wav","IceAndSnowSteps03","player_movement","SOURCE_ONLY","audited-only: footstep breadth cut from mobile build",""
"Assets/Footsteps Pack Expanded/SingleSteps/IceAndSnowSteps/IceAndSnowSteps04.wav","IceAndSnowSteps04","player_movement","SOURCE_ONLY","audited-only: footstep breadth cut from mobile build",""
"Assets/Footsteps Pack Expanded/SingleSteps/IceAndSnowSteps/IceAndSnowSteps05.wav","IceAndSnowSteps05","player_movement","SOURCE_ONLY","audited-only: footstep breadth cut from mobile build",""
"Assets/Footsteps Pack Expanded/SingleSteps/IceAndSnowSteps/IceAndSnowSteps06.wav","IceAndSnowSteps06","player_movement","SOURCE_ONLY","audited-only: footstep breadth cut from mobile build",""
"Assets/Footsteps Pack Expanded/SingleSteps/IceAndSnowSteps/IceAndSnowSteps07.wav","IceAndSnowSteps07","player_movement","SOURCE_ONLY","audited-only: footstep breadth cut from mobile build",""
"Assets/Footsteps Pack Expanded/SingleSteps/IceAndSnowSteps/IceAndSnowSteps08.wav","IceAndSnowSteps08","player_movement","SOURCE_ONLY","audited-only: footstep breadth cut from mobile build",""
"Assets/Footsteps Pack Expanded/SingleSteps/IceAndSnowSteps/IceAndSnowSteps09.wav","IceAndSnowSteps09","player_movement","SOURCE_ONLY","audited-only: footstep breadth cut from mobile build",""
"Assets/Footsteps Pack Expanded/SingleSteps/IceAndSnowSteps/IceAndSnowSteps10.wav","IceAndSnowSteps10","player_movement","SOURCE_ONLY","audited-only: footstep breadth cut from mobile build",""
"Assets/Footsteps Pack Expanded/SingleSteps/IceAndSnowSteps/IceAndSnowSteps100.wav","IceAndSnowSteps100","player_movement","SOURCE_ONLY","audited-only: footstep breadth cut from mobile build",""
"Assets/Footsteps Pack Expanded/SingleSteps/IceAndSnowSteps/IceAndSnowSteps101.wav","IceAndSnowSteps101","player_movement","SOURCE_ONLY","audited-only: footstep breadth cut from mobile build",""
"Assets/Footsteps Pack Expanded/SingleSteps/IceAndSnowSteps/IceAndSnowSteps102.wav","IceAndSnowSteps102","player_movement","SOURCE_ONLY","audited-only: footstep breadth cut from mobile build",""
"Assets/Footsteps Pack Expanded/SingleSteps/IceAndSnowSteps/IceAndSnowSteps103.wav","IceAndSnowSteps103","player_movement","SOURCE_ONLY","audited-only: footstep breadth cut from mobile build",""
"Assets/Footsteps Pack Expanded/SingleSteps/IceAndSnowSteps/IceAndSnowSteps104.wav","IceAndSnowSteps104","player_movement","SOURCE_ONLY","audited-only: footstep breadth cut from mobile build",""
"Assets/Footsteps Pack Expanded/SingleSteps/IceAndSnowSteps/IceAndSnowSteps105.wav","IceAndSnowSteps105","player_movement","SOURCE_ONLY","audited-only: footstep breadth cut from mobile build",""
"Assets/Footsteps Pack Expanded/SingleSteps/IceAndSnowSteps/IceAndSnowSteps106.wav","IceAndSnowSteps106","player_movement","SOURCE_ONLY","audited-only: footstep breadth cut from mobile build",""
"Assets/Footsteps Pack Expanded/SingleSteps/IceAndSnowSteps/IceAndSnowSteps107.wav","IceAndSnowSteps107","player_movement","SOURCE_ONLY","audited-only: footstep breadth cut from mobile build",""
"Assets/Footsteps Pack Expanded/SingleSteps/IceAndSnowSteps/IceAndSnowSteps108.wav","IceAndSnowSteps108","player_movement","SOURCE_ONLY","audited-only: footstep breadth cut from mobile build",""
"Assets/Footsteps Pack Expanded/SingleSteps/IceAndSnowSteps/IceAndSnowSteps109.wav","IceAndSnowSteps109","player_movement","SOURCE_ONLY","audited-only: footstep breadth cut from mobile build",""
"Assets/Footsteps Pack Expanded/SingleSteps/IceAndSnowSteps/IceAndSnowSteps11.wav","IceAndSnowSteps11","player_movement","SOURCE_ONLY","audited-only: footstep breadth cut from mobile build",""
"Assets/Footsteps Pack Expanded/SingleSteps/IceAndSnowSteps/IceAndSnowSteps110.wav","IceAndSnowSteps110","player_movement","SOURCE_ONLY","audited-only: footstep breadth cut from mobile build",""
"Assets/Footsteps Pack Expanded/SingleSteps/IceAndSnowSteps/IceAndSnowSteps111.wav","IceAndSnowSteps111","player_movement","SOURCE_ONLY","audited-only: footstep breadth cut from mobile build",""
"Assets/Footsteps Pack Expanded/SingleSteps/IceAndSnowSteps/IceAndSnowSteps112.wav","IceAndSnowSteps112","player_movement","SOURCE_ONLY","audited-only: footstep breadth cut from mobile build",""
"Assets/Footsteps Pack Expanded/SingleSteps/IceAndSnowSteps/IceAndSnowSteps113.wav","IceAndSnowSteps113","player_movement","SOURCE_ONLY","audited-only: footstep breadth cut from mobile build",""
"Assets/Footsteps Pack Expanded/SingleSteps/IceAndSnowSteps/IceAndSnowSteps114.wav","IceAndSnowSteps114","player_movement","SOURCE_ONLY","audited-only: footstep breadth cut from mobile build",""
"Assets/Footsteps Pack Expanded/SingleSteps/IceAndSnowSteps/IceAndSnowSteps115.wav","IceAndSnowSteps115","player_movement","SOURCE_ONLY","audited-only: footstep breadth cut from mobile build",""
"Assets/Footsteps Pack Expanded/SingleSteps/IceAndSnowSteps/IceAndSnowSteps116.wav","IceAndSnowSteps116","player_movement","SOURCE_ONLY","audited-only: footstep breadth cut from mobile build",""
"Assets/Footsteps Pack Expanded/SingleSteps/IceAndSnowSteps/IceAndSnowSteps117.wav","IceAndSnowSteps117","player_movement","SOURCE_ONLY","audited-only: footstep breadth cut from mobile build",""
"Assets/Footsteps Pack Expanded/SingleSteps/IceAndSnowSteps/IceAndSnowSteps118.wav","IceAndSnowSteps118","player_movement","SOURCE_ONLY","audited-only: footstep breadth cut from mobile build",""
"Assets/Footsteps Pack Expanded/SingleSteps/IceAndSnowSteps/IceAndSnowSteps119.wav","IceAndSnowSteps119","player_movement","SOURCE_ONLY","audited-only: footstep breadth cut from mobile build",""
"Assets/Footsteps Pack Expanded/SingleSteps/IceAndSnowSteps/IceAndSnowSteps12.wav","IceAndSnowSteps12","player_movement","SOURCE_ONLY","audited-only: footstep breadth cut from mobile build",""
"Assets/Footsteps Pack Expanded/SingleSteps/IceAndSnowSteps/IceAndSnowSteps120.wav","IceAndSnowSteps120","player_movement","SOURCE_ONLY","audited-only: footstep breadth cut from mobile build",""
"Assets/Footsteps Pack Expanded/SingleSteps/IceAndSnowSteps/IceAndSnowSteps121.wav","IceAndSnowSteps121","player_movement","SOURCE_ONLY","audited-only: footstep breadth cut from mobile build",""
"Assets/Footsteps Pack Expanded/SingleSteps/IceAndSnowSteps/IceAndSnowSteps122.wav","IceAndSnowSteps122","player_movement","SOURCE_ONLY","audited-only: footstep breadth cut from mobile build",""
"Assets/Footsteps Pack Expanded/SingleSteps/IceAndSnowSteps/IceAndSnowSteps123.wav","IceAndSnowSteps123","player_movement","SOURCE_ONLY","audited-only: footstep breadth cut from mobile build",""
"Assets/Footsteps Pack Expanded/SingleSteps/IceAndSnowSteps/IceAndSnowSteps124.wav","IceAndSnowSteps124","player_movement","SOURCE_ONLY","audited-only: footstep breadth cut from mobile build",""
"Assets/Footsteps Pack Expanded/SingleSteps/IceAndSnowSteps/IceAndSnowSteps125.wav","IceAndSnowSteps125","player_movement","SOURCE_ONLY","audited-only: footstep breadth cut from mobile build",""
"Assets/Footsteps Pack Expanded/SingleSteps/IceAndSnowSteps/IceAndSnowSteps126.wav","IceAndSnowSteps126","player_movement","SOURCE_ONLY","audited-only: footstep breadth cut from mobile build",""
"Assets/Footsteps Pack Expanded/SingleSteps/IceAndSnowSteps/IceAndSnowSteps127.wav","IceAndSnowSteps127","player_movement","SOURCE_ONLY","audited-only: footstep breadth cut from mobile build",""
"Assets/Footsteps Pack Expanded/SingleSteps/IceAndSnowSteps/IceAndSnowSteps128.wav","IceAndSnowSteps128","player_movement","SOURCE_ONLY","audited-only: footstep breadth cut from mobile build",""
"Assets/Footsteps Pack Expanded/SingleSteps/IceAndSnowSteps/IceAndSnowSteps129.wav","IceAndSnowSteps129","player_movement","SOURCE_ONLY","audited-only: footstep breadth cut from mobile build",""
"Assets/Footsteps Pack Expanded/SingleSteps/IceAndSnowSteps/IceAndSnowSteps13.wav","IceAndSnowSteps13","player_movement","SOURCE_ONLY","audited-only: footstep breadth cut from mobile build",""
"Assets/Footsteps Pack Expanded/SingleSteps/IceAndSnowSteps/IceAndSnowSteps130.wav","IceAndSnowSteps130","player_movement","SOURCE_ONLY","audited-only: footstep breadth cut from mobile build",""
"Assets/Footsteps Pack Expanded/SingleSteps/IceAndSnowSteps/IceAndSnowSteps131.wav","IceAndSnowSteps131","player_movement","SOURCE_ONLY","audited-only: footstep breadth cut from mobile build",""
"Assets/Footsteps Pack Expanded/SingleSteps/IceAndSnowSteps/IceAndSnowSteps132.wav","IceAndSnowSteps132","player_movement","SOURCE_ONLY","audited-only: footstep breadth cut from mobile build",""
"Assets/Footsteps Pack Expanded/SingleSteps/IceAndSnowSteps/IceAndSnowSteps133.wav","IceAndSnowSteps133","player_movement","SOURCE_ONLY","audited-only: footstep breadth cut from mobile build",""
"Assets/Footsteps Pack Expanded/SingleSteps/IceAndSnowSteps/IceAndSnowSteps134.wav","IceAndSnowSteps134","player_movement","SOURCE_ONLY","audited-only: footstep breadth cut from mobile build",""
"Assets/Footsteps Pack Expanded/SingleSteps/IceAndSnowSteps/IceAndSnowSteps135.wav","IceAndSnowSteps135","player_movement","SOURCE_ONLY","audited-only: footstep breadth cut from mobile build",""
"Assets/Footsteps Pack Expanded/SingleSteps/IceAndSnowSteps/IceAndSnowSteps136.wav","IceAndSnowSteps136","player_movement","SOURCE_ONLY","audited-only: footstep breadth cut from mobile build",""
"Assets/Footsteps Pack Expanded/SingleSteps/IceAndSnowSteps/IceAndSnowSteps137.wav","IceAndSnowSteps137","player_movement","SOURCE_ONLY","audited-only: footstep breadth cut from mobile build",""
"Assets/Footsteps Pack Expanded/SingleSteps/IceAndSnowSteps/IceAndSnowSteps138.wav","IceAndSnowSteps138","player_movement","SOURCE_ONLY","audited-only: footstep breadth cut from mobile build",""
"Assets/Footsteps Pack Expanded/SingleSteps/IceAndSnowSteps/IceAndSnowSteps139.wav","IceAndSnowSteps139","player_movement","SOURCE_ONLY","audited-only: footstep breadth cut from mobile build",""
"Assets/Footsteps Pack Expanded/SingleSteps/IceAndSnowSteps/IceAndSnowSteps14.wav","IceAndSnowSteps14","player_movement","SOURCE_ONLY","audited-only: footstep breadth cut from mobile build",""
"Assets/Footsteps Pack Expanded/SingleSteps/IceAndSnowSteps/IceAndSnowSteps140.wav","IceAndSnowSteps140","player_movement","SOURCE_ONLY","audited-only: footstep breadth cut from mobile build",""
"Assets/Footsteps Pack Expanded/SingleSteps/IceAndSnowSteps/IceAndSnowSteps141.wav","IceAndSnowSteps141","player_movement","SOURCE_ONLY","audited-only: footstep breadth cut from mobile build",""
"Assets/Footsteps Pack Expanded/SingleSteps/IceAndSnowSteps/IceAndSnowSteps142.wav","IceAndSnowSteps142","player_movement","SOURCE_ONLY","audited-only: footstep breadth cut from mobile build",""
"Assets/Footsteps Pack Expanded/SingleSteps/IceAndSnowSteps/IceAndSnowSteps143.wav","IceAndSnowSteps143","player_movement","SOURCE_ONLY","audited-only: footstep breadth cut from mobile build",""
"Assets/Footsteps Pack Expanded/SingleSteps/IceAndSnowSteps/IceAndSnowSteps144.wav","IceAndSnowSteps144","player_movement","SOURCE_ONLY","audited-only: footstep breadth cut from mobile build",""
"Assets/Footsteps Pack Expanded/SingleSteps/IceAndSnowSteps/IceAndSnowSteps145.wav","IceAndSnowSteps145","player_movement","SOURCE_ONLY","audited-only: footstep breadth cut from mobile build",""
"Assets/Footsteps Pack Expanded/SingleSteps/IceAndSnowSteps/IceAndSnowSteps146.wav","IceAndSnowSteps146","player_movement","SOURCE_ONLY","audited-only: footstep breadth cut from mobile build",""
"Assets/Footsteps Pack Expanded/SingleSteps/IceAndSnowSteps/IceAndSnowSteps147.wav","IceAndSnowSteps147","player_movement","SOURCE_ONLY","audited-only: footstep breadth cut from mobile build",""
"Assets/Footsteps Pack Expanded/SingleSteps/IceAndSnowSteps/IceAndSnowSteps148.wav","IceAndSnowSteps148","player_movement","SOURCE_ONLY","audited-only: footstep breadth cut from mobile build",""
"Assets/Footsteps Pack Expanded/SingleSteps/IceAndSnowSteps/IceAndSnowSteps149.wav","IceAndSnowSteps149","player_movement","SOURCE_ONLY","audited-only: footstep breadth cut from mobile build",""
"Assets/Footsteps Pack Expanded/SingleSteps/IceAndSnowSteps/IceAndSnowSteps15.wav","IceAndSnowSteps15","player_movement","SOURCE_ONLY","audited-only: footstep breadth cut from mobile build",""
"Assets/Footsteps Pack Expanded/SingleSteps/IceAndSnowSteps/IceAndSnowSteps150.wav","IceAndSnowSteps150","player_movement","SOURCE_ONLY","audited-only: footstep breadth cut from mobile build",""
"Assets/Footsteps Pack Expanded/SingleSteps/IceAndSnowSteps/IceAndSnowSteps151.wav","IceAndSnowSteps151","player_movement","SOURCE_ONLY","audited-only: footstep breadth cut from mobile build",""
"Assets/Footsteps Pack Expanded/SingleSteps/IceAndSnowSteps/IceAndSnowSteps152.wav","IceAndSnowSteps152","player_movement","SOURCE_ONLY","audited-only: footstep breadth cut from mobile build",""
"Assets/Footsteps Pack Expanded/SingleSteps/IceAndSnowSteps/IceAndSnowSteps153.wav","IceAndSnowSteps153","player_movement","SOURCE_ONLY","audited-only: footstep breadth cut from mobile build",""
"Assets/Footsteps Pack Expanded/SingleSteps/IceAndSnowSteps/IceAndSnowSteps154.wav","IceAndSnowSteps154","player_movement","SOURCE_ONLY","audited-only: footstep breadth cut from mobile build",""
"Assets/Footsteps Pack Expanded/SingleSteps/IceAndSnowSteps/IceAndSnowSteps155.wav","IceAndSnowSteps155","player_movement","SOURCE_ONLY","audited-only: footstep breadth cut from mobile build",""
"Assets/Footsteps Pack Expanded/SingleSteps/IceAndSnowSteps/IceAndSnowSteps156.wav","IceAndSnowSteps156","player_movement","SOURCE_ONLY","audited-only: footstep breadth cut from mobile build",""
"Assets/Footsteps Pack Expanded/SingleSteps/IceAndSnowSteps/IceAndSnowSteps157.wav","IceAndSnowSteps157","player_movement","SOURCE_ONLY","audited-only: footstep breadth cut from mobile build",""
"Assets/Footsteps Pack Expanded/SingleSteps/IceAndSnowSteps/IceAndSnowSteps158.wav","IceAndSnowSteps158","player_movement","SOURCE_ONLY","audited-only: footstep breadth cut from mobile build",""
"Assets/Footsteps Pack Expanded/SingleSteps/IceAndSnowSteps/IceAndSnowSteps159.wav","IceAndSnowSteps159","player_movement","SOURCE_ONLY","audited-only: footstep breadth cut from mobile build",""
"Assets/Footsteps Pack Expanded/SingleSteps/IceAndSnowSteps/IceAndSnowSteps16.wav","IceAndSnowSteps16","player_movement","SOURCE_ONLY","audited-only: footstep breadth cut from mobile build",""
"Assets/Footsteps Pack Expanded/SingleSteps/IceAndSnowSteps/IceAndSnowSteps160.wav","IceAndSnowSteps160","player_movement","SOURCE_ONLY","audited-only: footstep breadth cut from mobile build",""
"Assets/Footsteps Pack Expanded/SingleSteps/IceAndSnowSteps/IceAndSnowSteps161.wav","IceAndSnowSteps161","player_movement","SOURCE_ONLY","audited-only: footstep breadth cut from mobile build",""
"Assets/Footsteps Pack Expanded/SingleSteps/IceAndSnowSteps/IceAndSnowSteps162.wav","IceAndSnowSteps162","player_movement","SOURCE_ONLY","audited-only: footstep breadth cut from mobile build",""
"Assets/Footsteps Pack Expanded/SingleSteps/IceAndSnowSteps/IceAndSnowSteps163.wav","IceAndSnowSteps163","player_movement","SOURCE_ONLY","audited-only: footstep breadth cut from mobile build",""
"Assets/Footsteps Pack Expanded/SingleSteps/IceAndSnowSteps/IceAndSnowSteps164.wav","IceAndSnowSteps164","player_movement","SOURCE_ONLY","audited-only: footstep breadth cut from mobile build",""
"Assets/Footsteps Pack Expanded/SingleSteps/IceAndSnowSteps/IceAndSnowSteps165.wav","IceAndSnowSteps165","player_movement","SOURCE_ONLY","audited-only: footstep breadth cut from mobile build",""
"Assets/Footsteps Pack Expanded/SingleSteps/IceAndSnowSteps/IceAndSnowSteps166.wav","IceAndSnowSteps166","player_movement","SOURCE_ONLY","audited-only: footstep breadth cut from mobile build",""
"Assets/Footsteps Pack Expanded/SingleSteps/IceAndSnowSteps/IceAndSnowSteps167.wav","IceAndSnowSteps167","player_movement","SOURCE_ONLY","audited-only: footstep breadth cut from mobile build",""
"Assets/Footsteps Pack Expanded/SingleSteps/IceAndSnowSteps/IceAndSnowSteps168.wav","IceAndSnowSteps168","player_movement","SOURCE_ONLY","audited-only: footstep breadth cut from mobile build",""
"Assets/Footsteps Pack Expanded/SingleSteps/IceAndSnowSteps/IceAndSnowSteps169.wav","IceAndSnowSteps169","player_movement","SOURCE_ONLY","audited-only: footstep breadth cut from mobile build",""
"Assets/Footsteps Pack Expanded/SingleSteps/IceAndSnowSteps/IceAndSnowSteps17.wav","IceAndSnowSteps17","player_movement","SOURCE_ONLY","audited-only: footstep breadth cut from mobile build",""
"Assets/Footsteps Pack Expanded/SingleSteps/IceAndSnowSteps/IceAndSnowSteps170.wav","IceAndSnowSteps170","player_movement","SOURCE_ONLY","audited-only: footstep breadth cut from mobile build",""
"Assets/Footsteps Pack Expanded/SingleSteps/IceAndSnowSteps/IceAndSnowSteps171.wav","IceAndSnowSteps171","player_movement","SOURCE_ONLY","audited-only: footstep breadth cut from mobile build",""
"Assets/Footsteps Pack Expanded/SingleSteps/IceAndSnowSteps/IceAndSnowSteps172.wav","IceAndSnowSteps172","player_movement","SOURCE_ONLY","audited-only: footstep breadth cut from mobile build",""
"Assets/Footsteps Pack Expanded/SingleSteps/IceAndSnowSteps/IceAndSnowSteps173.wav","IceAndSnowSteps173","player_movement","SOURCE_ONLY","audited-only: footstep breadth cut from mobile build",""
"Assets/Footsteps Pack Expanded/SingleSteps/IceAndSnowSteps/IceAndSnowSteps174.wav","IceAndSnowSteps174","player_movement","SOURCE_ONLY","audited-only: footstep breadth cut from mobile build",""
"Assets/Footsteps Pack Expanded/SingleSteps/IceAndSnowSteps/IceAndSnowSteps175.wav","IceAndSnowSteps175","player_movement","SOURCE_ONLY","audited-only: footstep breadth cut from mobile build",""
"Assets/Footsteps Pack Expanded/SingleSteps/IceAndSnowSteps/IceAndSnowSteps176.wav","IceAndSnowSteps176","player_movement","SOURCE_ONLY","audited-only: footstep breadth cut from mobile build",""
"Assets/Footsteps Pack Expanded/SingleSteps/IceAndSnowSteps/IceAndSnowSteps177.wav","IceAndSnowSteps177","player_movement","SOURCE_ONLY","audited-only: footstep breadth cut from mobile build",""
"Assets/Footsteps Pack Expanded/SingleSteps/IceAndSnowSteps/IceAndSnowSteps178.wav","IceAndSnowSteps178","player_movement","SOURCE_ONLY","audited-only: footstep breadth cut from mobile build",""
"Assets/Footsteps Pack Expanded/SingleSteps/IceAndSnowSteps/IceAndSnowSteps179.wav","IceAndSnowSteps179","player_movement","SOURCE_ONLY","audited-only: footstep breadth cut from mobile build",""
"Assets/Footsteps Pack Expanded/SingleSteps/IceAndSnowSteps/IceAndSnowSteps18.wav","IceAndSnowSteps18","player_movement","SOURCE_ONLY","audited-only: footstep breadth cut from mobile build",""
"Assets/Footsteps Pack Expanded/SingleSteps/IceAndSnowSteps/IceAndSnowSteps180.wav","IceAndSnowSteps180","player_movement","SOURCE_ONLY","audited-only: footstep breadth cut from mobile build",""
"Assets/Footsteps Pack Expanded/SingleSteps/IceAndSnowSteps/IceAndSnowSteps181.wav","IceAndSnowSteps181","player_movement","SOURCE_ONLY","audited-only: footstep breadth cut from mobile build",""
"Assets/Footsteps Pack Expanded/SingleSteps/IceAndSnowSteps/IceAndSnowSteps182.wav","IceAndSnowSteps182","player_movement","SOURCE_ONLY","audited-only: footstep breadth cut from mobile build",""
"Assets/Footsteps Pack Expanded/SingleSteps/IceAndSnowSteps/IceAndSnowSteps183.wav","IceAndSnowSteps183","player_movement","SOURCE_ONLY","audited-only: footstep breadth cut from mobile build",""
"Assets/Footsteps Pack Expanded/SingleSteps/IceAndSnowSteps/IceAndSnowSteps184.wav","IceAndSnowSteps184","player_movement","SOURCE_ONLY","audited-only: footstep breadth cut from mobile build",""
"Assets/Footsteps Pack Expanded/SingleSteps/IceAndSnowSteps/IceAndSnowSteps185.wav","IceAndSnowSteps185","player_movement","SOURCE_ONLY","audited-only: footstep breadth cut from mobile build",""
"Assets/Footsteps Pack Expanded/SingleSteps/IceAndSnowSteps/IceAndSnowSteps186.wav","IceAndSnowSteps186","player_movement","SOURCE_ONLY","audited-only: footstep breadth cut from mobile build",""
"Assets/Footsteps Pack Expanded/SingleSteps/IceAndSnowSteps/IceAndSnowSteps187.wav","IceAndSnowSteps187","player_movement","SOURCE_ONLY","audited-only: footstep breadth cut from mobile build",""
"Assets/Footsteps Pack Expanded/SingleSteps/IceAndSnowSteps/IceAndSnowSteps188.wav","IceAndSnowSteps188","player_movement","SOURCE_ONLY","audited-only: footstep breadth cut from mobile build",""
"Assets/Footsteps Pack Expanded/SingleSteps/IceAndSnowSteps/IceAndSnowSteps189.wav","IceAndSnowSteps189","player_movement","SOURCE_ONLY","audited-only: footstep breadth cut from mobile build",""
"Assets/Footsteps Pack Expanded/SingleSteps/IceAndSnowSteps/IceAndSnowSteps19.wav","IceAndSnowSteps19","player_movement","SOURCE_ONLY","audited-only: footstep breadth cut from mobile build",""
"Assets/Footsteps Pack Expanded/SingleSteps/IceAndSnowSteps/IceAndSnowSteps190.wav","IceAndSnowSteps190","player_movement","SOURCE_ONLY","audited-only: footstep breadth cut from mobile build",""
"Assets/Footsteps Pack Expanded/SingleSteps/IceAndSnowSteps/IceAndSnowSteps191.wav","IceAndSnowSteps191","player_movement","SOURCE_ONLY","audited-only: footstep breadth cut from mobile build",""
"Assets/Footsteps Pack Expanded/SingleSteps/IceAndSnowSteps/IceAndSnowSteps192.wav","IceAndSnowSteps192","player_movement","SOURCE_ONLY","audited-only: footstep breadth cut from mobile build",""
"Assets/Footsteps Pack Expanded/SingleSteps/IceAndSnowSteps/IceAndSnowSteps193.wav","IceAndSnowSteps193","player_movement","SOURCE_ONLY","audited-only: footstep breadth cut from mobile build",""
"Assets/Footsteps Pack Expanded/SingleSteps/IceAndSnowSteps/IceAndSnowSteps194.wav","IceAndSnowSteps194","player_movement","SOURCE_ONLY","audited-only: footstep breadth cut from mobile build",""
"Assets/Footsteps Pack Expanded/SingleSteps/IceAndSnowSteps/IceAndSnowSteps195.wav","IceAndSnowSteps195","player_movement","SOURCE_ONLY","audited-only: footstep breadth cut from mobile build",""
"Assets/Footsteps Pack Expanded/SingleSteps/IceAndSnowSteps/IceAndSnowSteps196.wav","IceAndSnowSteps196","player_movement","SOURCE_ONLY","audited-only: footstep breadth cut from mobile build",""
"Assets/Footsteps Pack Expanded/SingleSteps/IceAndSnowSteps/IceAndSnowSteps197.wav","IceAndSnowSteps197","player_movement","SOURCE_ONLY","audited-only: footstep breadth cut from mobile build",""
"Assets/Footsteps Pack Expanded/SingleSteps/IceAndSnowSteps/IceAndSnowSteps198.wav","IceAndSnowSteps198","player_movement","SOURCE_ONLY","audited-only: footstep breadth cut from mobile build",""
"Assets/Footsteps Pack Expanded/SingleSteps/IceAndSnowSteps/IceAndSnowSteps199.wav","IceAndSnowSteps199","player_movement","SOURCE_ONLY","audited-only: footstep breadth cut from mobile build",""
"Assets/Footsteps Pack Expanded/SingleSteps/IceAndSnowSteps/IceAndSnowSteps20.wav","IceAndSnowSteps20","player_movement","SOURCE_ONLY","audited-only: footstep breadth cut from mobile build",""
"Assets/Footsteps Pack Expanded/SingleSteps/IceAndSnowSteps/IceAndSnowSteps200.wav","IceAndSnowSteps200","player_movement","SOURCE_ONLY","audited-only: footstep breadth cut from mobile build",""
"Assets/Footsteps Pack Expanded/SingleSteps/IceAndSnowSteps/IceAndSnowSteps201.wav","IceAndSnowSteps201","player_movement","SOURCE_ONLY","audited-only: footstep breadth cut from mobile build",""
"Assets/Footsteps Pack Expanded/SingleSteps/IceAndSnowSteps/IceAndSnowSteps202.wav","IceAndSnowSteps202","player_movement","SOURCE_ONLY","audited-only: footstep breadth cut from mobile build",""
"Assets/Footsteps Pack Expanded/SingleSteps/IceAndSnowSteps/IceAndSnowSteps203.wav","IceAndSnowSteps203","player_movement","SOURCE_ONLY","audited-only: footstep breadth cut from mobile build",""
"Assets/Footsteps Pack Expanded/SingleSteps/IceAndSnowSteps/IceAndSnowSteps204.wav","IceAndSnowSteps204","player_movement","SOURCE_ONLY","audited-only: footstep breadth cut from mobile build",""
"Assets/Footsteps Pack Expanded/SingleSteps/IceAndSnowSteps/IceAndSnowSteps205.wav","IceAndSnowSteps205","player_movement","SOURCE_ONLY","audited-only: footstep breadth cut from mobile build",""
"Assets/Footsteps Pack Expanded/SingleSteps/IceAndSnowSteps/IceAndSnowSteps206.wav","IceAndSnowSteps206","player_movement","SOURCE_ONLY","audited-only: footstep breadth cut from mobile build",""
"Assets/Footsteps Pack Expanded/SingleSteps/IceAndSnowSteps/IceAndSnowSteps207.wav","IceAndSnowSteps207","player_movement","SOURCE_ONLY","audited-only: footstep breadth cut from mobile build",""
"Assets/Footsteps Pack Expanded/SingleSteps/IceAndSnowSteps/IceAndSnowSteps208.wav","IceAndSnowSteps208","player_movement","SOURCE_ONLY","audited-only: footstep breadth cut from mobile build",""
"Assets/Footsteps Pack Expanded/SingleSteps/IceAndSnowSteps/IceAndSnowSteps209.wav","IceAndSnowSteps209","player_movement","SOURCE_ONLY","audited-only: footstep breadth cut from mobile build",""
"Assets/Footsteps Pack Expanded/SingleSteps/IceAndSnowSteps/IceAndSnowSteps21.wav","IceAndSnowSteps21","player_movement","SOURCE_ONLY","audited-only: footstep breadth cut from mobile build",""
"Assets/Footsteps Pack Expanded/SingleSteps/IceAndSnowSteps/IceAndSnowSteps210.wav","IceAndSnowSteps210","player_movement","SOURCE_ONLY","audited-only: footstep breadth cut from mobile build",""
"Assets/Footsteps Pack Expanded/SingleSteps/IceAndSnowSteps/IceAndSnowSteps211.wav","IceAndSnowSteps211","player_movement","SOURCE_ONLY","audited-only: footstep breadth cut from mobile build",""
"Assets/Footsteps Pack Expanded/SingleSteps/IceAndSnowSteps/IceAndSnowSteps212.wav","IceAndSnowSteps212","player_movement","SOURCE_ONLY","audited-only: footstep breadth cut from mobile build",""
"Assets/Footsteps Pack Expanded/SingleSteps/IceAndSnowSteps/IceAndSnowSteps213.wav","IceAndSnowSteps213","player_movement","SOURCE_ONLY","audited-only: footstep breadth cut from mobile build",""
"Assets/Footsteps Pack Expanded/SingleSteps/IceAndSnowSteps/IceAndSnowSteps214.wav","IceAndSnowSteps214","player_movement","SOURCE_ONLY","audited-only: footstep breadth cut from mobile build",""
"Assets/Footsteps Pack Expanded/SingleSteps/IceAndSnowSteps/IceAndSnowSteps215.wav","IceAndSnowSteps215","player_movement","SOURCE_ONLY","audited-only: footstep breadth cut from mobile build",""
"Assets/Footsteps Pack Expanded/SingleSteps/IceAndSnowSteps/IceAndSnowSteps216.wav","IceAndSnowSteps216","player_movement","SOURCE_ONLY","audited-only: footstep breadth cut from mobile build",""
"Assets/Footsteps Pack Expanded/SingleSteps/IceAndSnowSteps/IceAndSnowSteps217.wav","IceAndSnowSteps217","player_movement","SOURCE_ONLY","audited-only: footstep breadth cut from mobile build",""
"Assets/Footsteps Pack Expanded/SingleSteps/IceAndSnowSteps/IceAndSnowSteps218.wav","IceAndSnowSteps218","player_movement","SOURCE_ONLY","audited-only: footstep breadth cut from mobile build",""
"Assets/Footsteps Pack Expanded/SingleSteps/IceAndSnowSteps/IceAndSnowSteps219.wav","IceAndSnowSteps219","player_movement","SOURCE_ONLY","audited-only: footstep breadth cut from mobile build",""
"Assets/Footsteps Pack Expanded/SingleSteps/IceAndSnowSteps/IceAndSnowSteps22.wav","IceAndSnowSteps22","player_movement","SOURCE_ONLY","audited-only: footstep breadth cut from mobile build",""
"Assets/Footsteps Pack Expanded/SingleSteps/IceAndSnowSteps/IceAndSnowSteps220.wav","IceAndSnowSteps220","player_movement","SOURCE_ONLY","audited-only: footstep breadth cut from mobile build",""
"Assets/Footsteps Pack Expanded/SingleSteps/IceAndSnowSteps/IceAndSnowSteps221.wav","IceAndSnowSteps221","player_movement","SOURCE_ONLY","audited-only: footstep breadth cut from mobile build",""
"Assets/Footsteps Pack Expanded/SingleSteps/IceAndSnowSteps/IceAndSnowSteps222.wav","IceAndSnowSteps222","player_movement","SOURCE_ONLY","audited-only: footstep breadth cut from mobile build",""
"Assets/Footsteps Pack Expanded/SingleSteps/IceAndSnowSteps/IceAndSnowSteps223.wav","IceAndSnowSteps223","player_movement","SOURCE_ONLY","audited-only: footstep breadth cut from mobile build",""
"Assets/Footsteps Pack Expanded/SingleSteps/IceAndSnowSteps/IceAndSnowSteps224.wav","IceAndSnowSteps224","player_movement","SOURCE_ONLY","audited-only: footstep breadth cut from mobile build",""
"Assets/Footsteps Pack Expanded/SingleSteps/IceAndSnowSteps/IceAndSnowSteps225.wav","IceAndSnowSteps225","player_movement","SOURCE_ONLY","audited-only: footstep breadth cut from mobile build",""
"Assets/Footsteps Pack Expanded/SingleSteps/IceAndSnowSteps/IceAndSnowSteps226.wav","IceAndSnowSteps226","player_movement","SOURCE_ONLY","audited-only: footstep breadth cut from mobile build",""
"Assets/Footsteps Pack Expanded/SingleSteps/IceAndSnowSteps/IceAndSnowSteps227.wav","IceAndSnowSteps227","player_movement","SOURCE_ONLY","audited-only: footstep breadth cut from mobile build",""
"Assets/Footsteps Pack Expanded/SingleSteps/IceAndSnowSteps/IceAndSnowSteps228.wav","IceAndSnowSteps228","player_movement","SOURCE_ONLY","audited-only: footstep breadth cut from mobile build",""
"Assets/Footsteps Pack Expanded/SingleSteps/IceAndSnowSteps/IceAndSnowSteps229.wav","IceAndSnowSteps229","player_movement","SOURCE_ONLY","audited-only: footstep breadth cut from mobile build",""
"Assets/Footsteps Pack Expanded/SingleSteps/IceAndSnowSteps/IceAndSnowSteps23.wav","IceAndSnowSteps23","player_movement","SOURCE_ONLY","audited-only: footstep breadth cut from mobile build",""
"Assets/Footsteps Pack Expanded/SingleSteps/IceAndSnowSteps/IceAndSnowSteps230.wav","IceAndSnowSteps230","player_movement","SOURCE_ONLY","audited-only: footstep breadth cut from mobile build",""
"Assets/Footsteps Pack Expanded/SingleSteps/IceAndSnowSteps/IceAndSnowSteps231.wav","IceAndSnowSteps231","player_movement","SOURCE_ONLY","audited-only: footstep breadth cut from mobile build",""
"Assets/Footsteps Pack Expanded/SingleSteps/IceAndSnowSteps/IceAndSnowSteps232.wav","IceAndSnowSteps232","player_movement","SOURCE_ONLY","audited-only: footstep breadth cut from mobile build",""
"Assets/Footsteps Pack Expanded/SingleSteps/IceAndSnowSteps/IceAndSnowSteps233.wav","IceAndSnowSteps233","player_movement","SOURCE_ONLY","audited-only: footstep breadth cut from mobile build",""
"Assets/Footsteps Pack Expanded/SingleSteps/IceAndSnowSteps/IceAndSnowSteps234.wav","IceAndSnowSteps234","player_movement","SOURCE_ONLY","audited-only: footstep breadth cut from mobile build",""
"Assets/Footsteps Pack Expanded/SingleSteps/IceAndSnowSteps/IceAndSnowSteps235.wav","IceAndSnowSteps235","player_movement","SOURCE_ONLY","audited-only: footstep breadth cut from mobile build",""
"Assets/Footsteps Pack Expanded/SingleSteps/IceAndSnowSteps/IceAndSnowSteps236.wav","IceAndSnowSteps236","player_movement","SOURCE_ONLY","audited-only: footstep breadth cut from mobile build",""
"Assets/Footsteps Pack Expanded/SingleSteps/IceAndSnowSteps/IceAndSnowSteps237.wav","IceAndSnowSteps237","player_movement","SOURCE_ONLY","audited-only: footstep breadth cut from mobile build",""
"Assets/Footsteps Pack Expanded/SingleSteps/IceAndSnowSteps/IceAndSnowSteps238.wav","IceAndSnowSteps238","player_movement","SOURCE_ONLY","audited-only: footstep breadth cut from mobile build",""
"Assets/Footsteps Pack Expanded/SingleSteps/IceAndSnowSteps/IceAndSnowSteps239.wav","IceAndSnowSteps239","player_movement","SOURCE_ONLY","audited-only: footstep breadth cut from mobile build",""
"Assets/Footsteps Pack Expanded/SingleSteps/IceAndSnowSteps/IceAndSnowSteps24.wav","IceAndSnowSteps24","player_movement","SOURCE_ONLY","audited-only: footstep breadth cut from mobile build",""
"Assets/Footsteps Pack Expanded/SingleSteps/IceAndSnowSteps/IceAndSnowSteps240.wav","IceAndSnowSteps240","player_movement","SOURCE_ONLY","audited-only: footstep breadth cut from mobile build",""
"Assets/Footsteps Pack Expanded/SingleSteps/IceAndSnowSteps/IceAndSnowSteps241.wav","IceAndSnowSteps241","player_movement","SOURCE_ONLY","audited-only: footstep breadth cut from mobile build",""
"Assets/Footsteps Pack Expanded/SingleSteps/IceAndSnowSteps/IceAndSnowSteps242.wav","IceAndSnowSteps242","player_movement","SOURCE_ONLY","audited-only: footstep breadth cut from mobile build",""
"Assets/Footsteps Pack Expanded/SingleSteps/IceAndSnowSteps/IceAndSnowSteps25.wav","IceAndSnowSteps25","player_movement","SOURCE_ONLY","audited-only: footstep breadth cut from mobile build",""
"Assets/Footsteps Pack Expanded/SingleSteps/IceAndSnowSteps/IceAndSnowSteps26.wav","IceAndSnowSteps26","player_movement","SOURCE_ONLY","audited-only: footstep breadth cut from mobile build",""
"Assets/Footsteps Pack Expanded/SingleSteps/IceAndSnowSteps/IceAndSnowSteps27.wav","IceAndSnowSteps27","player_movement","SOURCE_ONLY","audited-only: footstep breadth cut from mobile build",""
"Assets/Footsteps Pack Expanded/SingleSteps/IceAndSnowSteps/IceAndSnowSteps28.wav","IceAndSnowSteps28","player_movement","SOURCE_ONLY","audited-only: footstep breadth cut from mobile build",""
"Assets/Footsteps Pack Expanded/SingleSteps/IceAndSnowSteps/IceAndSnowSteps29.wav","IceAndSnowSteps29","player_movement","SOURCE_ONLY","audited-only: footstep breadth cut from mobile build",""
"Assets/Footsteps Pack Expanded/SingleSteps/IceAndSnowSteps/IceAndSnowSteps30.wav","IceAndSnowSteps30","player_movement","SOURCE_ONLY","audited-only: footstep breadth cut from mobile build",""
"Assets/Footsteps Pack Expanded/SingleSteps/IceAndSnowSteps/IceAndSnowSteps31.wav","IceAndSnowSteps31","player_movement","SOURCE_ONLY","audited-only: footstep breadth cut from mobile build",""
"Assets/Footsteps Pack Expanded/SingleSteps/IceAndSnowSteps/IceAndSnowSteps32.wav","IceAndSnowSteps32","player_movement","SOURCE_ONLY","audited-only: footstep breadth cut from mobile build",""
"Assets/Footsteps Pack Expanded/SingleSteps/IceAndSnowSteps/IceAndSnowSteps33.wav","IceAndSnowSteps33","player_movement","SOURCE_ONLY","audited-only: footstep breadth cut from mobile build",""
"Assets/Footsteps Pack Expanded/SingleSteps/IceAndSnowSteps/IceAndSnowSteps34.wav","IceAndSnowSteps34","player_movement","SOURCE_ONLY","audited-only: footstep breadth cut from mobile build",""
"Assets/Footsteps Pack Expanded/SingleSteps/IceAndSnowSteps/IceAndSnowSteps35.wav","IceAndSnowSteps35","player_movement","SOURCE_ONLY","audited-only: footstep breadth cut from mobile build",""
"Assets/Footsteps Pack Expanded/SingleSteps/IceAndSnowSteps/IceAndSnowSteps36.wav","IceAndSnowSteps36","player_movement","SOURCE_ONLY","audited-only: footstep breadth cut from mobile build",""
"Assets/Footsteps Pack Expanded/SingleSteps/IceAndSnowSteps/IceAndSnowSteps37.wav","IceAndSnowSteps37","player_movement","SOURCE_ONLY","audited-only: footstep breadth cut from mobile build",""
"Assets/Footsteps Pack Expanded/SingleSteps/IceAndSnowSteps/IceAndSnowSteps38.wav","IceAndSnowSteps38","player_movement","SOURCE_ONLY","audited-only: footstep breadth cut from mobile build",""
"Assets/Footsteps Pack Expanded/SingleSteps/IceAndSnowSteps/IceAndSnowSteps39.wav","IceAndSnowSteps39","player_movement","SOURCE_ONLY","audited-only: footstep breadth cut from mobile build",""
"Assets/Footsteps Pack Expanded/SingleSteps/IceAndSnowSteps/IceAndSnowSteps40.wav","IceAndSnowSteps40","player_movement","SOURCE_ONLY","audited-only: footstep breadth cut from mobile build",""
"Assets/Footsteps Pack Expanded/SingleSteps/IceAndSnowSteps/IceAndSnowSteps41.wav","IceAndSnowSteps41","player_movement","SOURCE_ONLY","audited-only: footstep breadth cut from mobile build",""
"Assets/Footsteps Pack Expanded/SingleSteps/IceAndSnowSteps/IceAndSnowSteps42.wav","IceAndSnowSteps42","player_movement","SOURCE_ONLY","audited-only: footstep breadth cut from mobile build",""
"Assets/Footsteps Pack Expanded/SingleSteps/IceAndSnowSteps/IceAndSnowSteps43.wav","IceAndSnowSteps43","player_movement","SOURCE_ONLY","audited-only: footstep breadth cut from mobile build",""
"Assets/Footsteps Pack Expanded/SingleSteps/IceAndSnowSteps/IceAndSnowSteps44.wav","IceAndSnowSteps44","player_movement","SOURCE_ONLY","audited-only: footstep breadth cut from mobile build",""
"Assets/Footsteps Pack Expanded/SingleSteps/IceAndSnowSteps/IceAndSnowSteps45.wav","IceAndSnowSteps45","player_movement","SOURCE_ONLY","audited-only: footstep breadth cut from mobile build",""
"Assets/Footsteps Pack Expanded/SingleSteps/IceAndSnowSteps/IceAndSnowSteps46.wav","IceAndSnowSteps46","player_movement","SOURCE_ONLY","audited-only: footstep breadth cut from mobile build",""
"Assets/Footsteps Pack Expanded/SingleSteps/IceAndSnowSteps/IceAndSnowSteps47.wav","IceAndSnowSteps47","player_movement","SOURCE_ONLY","audited-only: footstep breadth cut from mobile build",""
"Assets/Footsteps Pack Expanded/SingleSteps/IceAndSnowSteps/IceAndSnowSteps48.wav","IceAndSnowSteps48","player_movement","SOURCE_ONLY","audited-only: footstep breadth cut from mobile build",""
"Assets/Footsteps Pack Expanded/SingleSteps/IceAndSnowSteps/IceAndSnowSteps49.wav","IceAndSnowSteps49","player_movement","SOURCE_ONLY","audited-only: footstep breadth cut from mobile build",""
"Assets/Footsteps Pack Expanded/SingleSteps/IceAndSnowSteps/IceAndSnowSteps50.wav","IceAndSnowSteps50","player_movement","SOURCE_ONLY","audited-only: footstep breadth cut from mobile build",""
"Assets/Footsteps Pack Expanded/SingleSteps/IceAndSnowSteps/IceAndSnowSteps51.wav","IceAndSnowSteps51","player_movement","SOURCE_ONLY","audited-only: footstep breadth cut from mobile build",""
"Assets/Footsteps Pack Expanded/SingleSteps/IceAndSnowSteps/IceAndSnowSteps52.wav","IceAndSnowSteps52","player_movement","SOURCE_ONLY","audited-only: footstep breadth cut from mobile build",""
"Assets/Footsteps Pack Expanded/SingleSteps/IceAndSnowSteps/IceAndSnowSteps53.wav","IceAndSnowSteps53","player_movement","SOURCE_ONLY","audited-only: footstep breadth cut from mobile build",""
"Assets/Footsteps Pack Expanded/SingleSteps/IceAndSnowSteps/IceAndSnowSteps54.wav","IceAndSnowSteps54","player_movement","SOURCE_ONLY","audited-only: footstep breadth cut from mobile build",""
"Assets/Footsteps Pack Expanded/SingleSteps/IceAndSnowSteps/IceAndSnowSteps55.wav","IceAndSnowSteps55","player_movement","SOURCE_ONLY","audited-only: footstep breadth cut from mobile build",""
"Assets/Footsteps Pack Expanded/SingleSteps/IceAndSnowSteps/IceAndSnowSteps56.wav","IceAndSnowSteps56","player_movement","SOURCE_ONLY","audited-only: footstep breadth cut from mobile build",""
"Assets/Footsteps Pack Expanded/SingleSteps/IceAndSnowSteps/IceAndSnowSteps57.wav","IceAndSnowSteps57","player_movement","SOURCE_ONLY","audited-only: footstep breadth cut from mobile build",""
"Assets/Footsteps Pack Expanded/SingleSteps/IceAndSnowSteps/IceAndSnowSteps58.wav","IceAndSnowSteps58","player_movement","SOURCE_ONLY","audited-only: footstep breadth cut from mobile build",""
"Assets/Footsteps Pack Expanded/SingleSteps/IceAndSnowSteps/IceAndSnowSteps59.wav","IceAndSnowSteps59","player_movement","SOURCE_ONLY","audited-only: footstep breadth cut from mobile build",""
"Assets/Footsteps Pack Expanded/SingleSteps/IceAndSnowSteps/IceAndSnowSteps60.wav","IceAndSnowSteps60","player_movement","SOURCE_ONLY","audited-only: footstep breadth cut from mobile build",""
"Assets/Footsteps Pack Expanded/SingleSteps/IceAndSnowSteps/IceAndSnowSteps61.wav","IceAndSnowSteps61","player_movement","SOURCE_ONLY","audited-only: footstep breadth cut from mobile build",""
"Assets/Footsteps Pack Expanded/SingleSteps/IceAndSnowSteps/IceAndSnowSteps62.wav","IceAndSnowSteps62","player_movement","SOURCE_ONLY","audited-only: footstep breadth cut from mobile build",""
"Assets/Footsteps Pack Expanded/SingleSteps/IceAndSnowSteps/IceAndSnowSteps63.wav","IceAndSnowSteps63","player_movement","SOURCE_ONLY","audited-only: footstep breadth cut from mobile build",""
"Assets/Footsteps Pack Expanded/SingleSteps/IceAndSnowSteps/IceAndSnowSteps64.wav","IceAndSnowSteps64","player_movement","SOURCE_ONLY","audited-only: footstep breadth cut from mobile build",""
"Assets/Footsteps Pack Expanded/SingleSteps/IceAndSnowSteps/IceAndSnowSteps65.wav","IceAndSnowSteps65","player_movement","SOURCE_ONLY","audited-only: footstep breadth cut from mobile build",""
"Assets/Footsteps Pack Expanded/SingleSteps/IceAndSnowSteps/IceAndSnowSteps66.wav","IceAndSnowSteps66","player_movement","SOURCE_ONLY","audited-only: footstep breadth cut from mobile build",""
"Assets/Footsteps Pack Expanded/SingleSteps/IceAndSnowSteps/IceAndSnowSteps67.wav","IceAndSnowSteps67","player_movement","SOURCE_ONLY","audited-only: footstep breadth cut from mobile build",""
"Assets/Footsteps Pack Expanded/SingleSteps/IceAndSnowSteps/IceAndSnowSteps68.wav","IceAndSnowSteps68","player_movement","SOURCE_ONLY","audited-only: footstep breadth cut from mobile build",""
"Assets/Footsteps Pack Expanded/SingleSteps/IceAndSnowSteps/IceAndSnowSteps69.wav","IceAndSnowSteps69","player_movement","SOURCE_ONLY","audited-only: footstep breadth cut from mobile build",""
"Assets/Footsteps Pack Expanded/SingleSteps/IceAndSnowSteps/IceAndSnowSteps70.wav","IceAndSnowSteps70","player_movement","SOURCE_ONLY","audited-only: footstep breadth cut from mobile build",""
"Assets/Footsteps Pack Expanded/SingleSteps/IceAndSnowSteps/IceAndSnowSteps71.wav","IceAndSnowSteps71","player_movement","SOURCE_ONLY","audited-only: footstep breadth cut from mobile build",""
"Assets/Footsteps Pack Expanded/SingleSteps/IceAndSnowSteps/IceAndSnowSteps72.wav","IceAndSnowSteps72","player_movement","SOURCE_ONLY","audited-only: footstep breadth cut from mobile build",""
"Assets/Footsteps Pack Expanded/SingleSteps/IceAndSnowSteps/IceAndSnowSteps73.wav","IceAndSnowSteps73","player_movement","SOURCE_ONLY","audited-only: footstep breadth cut from mobile build",""
"Assets/Footsteps Pack Expanded/SingleSteps/IceAndSnowSteps/IceAndSnowSteps74.wav","IceAndSnowSteps74","player_movement","SOURCE_ONLY","audited-only: footstep breadth cut from mobile build",""
"Assets/Footsteps Pack Expanded/SingleSteps/IceAndSnowSteps/IceAndSnowSteps75.wav","IceAndSnowSteps75","player_movement","SOURCE_ONLY","audited-only: footstep breadth cut from mobile build",""
"Assets/Footsteps Pack Expanded/SingleSteps/IceAndSnowSteps/IceAndSnowSteps76.wav","IceAndSnowSteps76","player_movement","SOURCE_ONLY","audited-only: footstep breadth cut from mobile build",""
"Assets/Footsteps Pack Expanded/SingleSteps/IceAndSnowSteps/IceAndSnowSteps77.wav","IceAndSnowSteps77","player_movement","SOURCE_ONLY","audited-only: footstep breadth cut from mobile build",""
"Assets/Footsteps Pack Expanded/SingleSteps/IceAndSnowSteps/IceAndSnowSteps78.wav","IceAndSnowSteps78","player_movement","SOURCE_ONLY","audited-only: footstep breadth cut from mobile build",""
"Assets/Footsteps Pack Expanded/SingleSteps/IceAndSnowSteps/IceAndSnowSteps79.wav","IceAndSnowSteps79","player_movement","SOURCE_ONLY","audited-only: footstep breadth cut from mobile build",""
"Assets/Footsteps Pack Expanded/SingleSteps/IceAndSnowSteps/IceAndSnowSteps80.wav","IceAndSnowSteps80","player_movement","SOURCE_ONLY","audited-only: footstep breadth cut from mobile build",""
"Assets/Footsteps Pack Expanded/SingleSteps/IceAndSnowSteps/IceAndSnowSteps81.wav","IceAndSnowSteps81","player_movement","SOURCE_ONLY","audited-only: footstep breadth cut from mobile build",""
"Assets/Footsteps Pack Expanded/SingleSteps/IceAndSnowSteps/IceAndSnowSteps82.wav","IceAndSnowSteps82","player_movement","SOURCE_ONLY","audited-only: footstep breadth cut from mobile build",""
"Assets/Footsteps Pack Expanded/SingleSteps/IceAndSnowSteps/IceAndSnowSteps83.wav","IceAndSnowSteps83","player_movement","SOURCE_ONLY","audited-only: footstep breadth cut from mobile build",""
"Assets/Footsteps Pack Expanded/SingleSteps/IceAndSnowSteps/IceAndSnowSteps84.wav","IceAndSnowSteps84","player_movement","SOURCE_ONLY","audited-only: footstep breadth cut from mobile build",""
"Assets/Footsteps Pack Expanded/SingleSteps/IceAndSnowSteps/IceAndSnowSteps85.wav","IceAndSnowSteps85","player_movement","SOURCE_ONLY","audited-only: footstep breadth cut from mobile build",""
"Assets/Footsteps Pack Expanded/SingleSteps/IceAndSnowSteps/IceAndSnowSteps86.wav","IceAndSnowSteps86","player_movement","SOURCE_ONLY","audited-only: footstep breadth cut from mobile build",""
"Assets/Footsteps Pack Expanded/SingleSteps/IceAndSnowSteps/IceAndSnowSteps87.wav","IceAndSnowSteps87","player_movement","SOURCE_ONLY","audited-only: footstep breadth cut from mobile build",""
"Assets/Footsteps Pack Expanded/SingleSteps/IceAndSnowSteps/IceAndSnowSteps88.wav","IceAndSnowSteps88","player_movement","SOURCE_ONLY","audited-only: footstep breadth cut from mobile build",""
"Assets/Footsteps Pack Expanded/SingleSteps/IceAndSnowSteps/IceAndSnowSteps89.wav","IceAndSnowSteps89","player_movement","SOURCE_ONLY","audited-only: footstep breadth cut from mobile build",""
"Assets/Footsteps Pack Expanded/SingleSteps/IceAndSnowSteps/IceAndSnowSteps90.wav","IceAndSnowSteps90","player_movement","SOURCE_ONLY","audited-only: footstep breadth cut from mobile build",""
"Assets/Footsteps Pack Expanded/SingleSteps/IceAndSnowSteps/IceAndSnowSteps91.wav","IceAndSnowSteps91","player_movement","SOURCE_ONLY","audited-only: footstep breadth cut from mobile build",""
"Assets/Footsteps Pack Expanded/SingleSteps/IceAndSnowSteps/IceAndSnowSteps92.wav","IceAndSnowSteps92","player_movement","SOURCE_ONLY","audited-only: footstep breadth cut from mobile build",""
"Assets/Footsteps Pack Expanded/SingleSteps/IceAndSnowSteps/IceAndSnowSteps93.wav","IceAndSnowSteps93","player_movement","SOURCE_ONLY","audited-only: footstep breadth cut from mobile build",""
"Assets/Footsteps Pack Expanded/SingleSteps/IceAndSnowSteps/IceAndSnowSteps94.wav","IceAndSnowSteps94","player_movement","SOURCE_ONLY","audited-only: footstep breadth cut from mobile build",""
"Assets/Footsteps Pack Expanded/SingleSteps/IceAndSnowSteps/IceAndSnowSteps95.wav","IceAndSnowSteps95","player_movement","SOURCE_ONLY","audited-only: footstep breadth cut from mobile build",""
"Assets/Footsteps Pack Expanded/SingleSteps/IceAndSnowSteps/IceAndSnowSteps96.wav","IceAndSnowSteps96","player_movement","SOURCE_ONLY","audited-only: footstep breadth cut from mobile build",""
"Assets/Footsteps Pack Expanded/SingleSteps/IceAndSnowSteps/IceAndSnowSteps97.wav","IceAndSnowSteps97","player_movement","SOURCE_ONLY","audited-only: footstep breadth cut from mobile build",""
"Assets/Footsteps Pack Expanded/SingleSteps/IceAndSnowSteps/IceAndSnowSteps98.wav","IceAndSnowSteps98","player_movement","SOURCE_ONLY","audited-only: footstep breadth cut from mobile build",""
"Assets/Footsteps Pack Expanded/SingleSteps/IceAndSnowSteps/IceAndSnowSteps99.wav","IceAndSnowSteps99","player_movement","SOURCE_ONLY","audited-only: footstep breadth cut from mobile build",""
"Assets/Footsteps Pack Expanded/SingleSteps/MetalSteps/MetalSteps01.wav","MetalSteps01","player_movement","ADDRESSABLE","runtime-mapped","library.footsteps.pack.expanded.singlesteps.metalsteps.metalsteps01|sfx.footstep.player.metal"
"Assets/Footsteps Pack Expanded/SingleSteps/MetalSteps/MetalSteps02.wav","MetalSteps02","player_movement","ADDRESSABLE","runtime-mapped","library.footsteps.pack.expanded.singlesteps.metalsteps.metalsteps02|sfx.footstep.player.metal"
"Assets/Footsteps Pack Expanded/SingleSteps/MetalSteps/MetalSteps03.wav","MetalSteps03","player_movement","ADDRESSABLE","runtime-mapped","library.footsteps.pack.expanded.singlesteps.metalsteps.metalsteps03|sfx.footstep.player.metal"
"Assets/Footsteps Pack Expanded/SingleSteps/MetalSteps/MetalSteps04.wav","MetalSteps04","player_movement","ADDRESSABLE","runtime-mapped","library.footsteps.pack.expanded.singlesteps.metalsteps.metalsteps04|sfx.footstep.player.metal"
"Assets/Footsteps Pack Expanded/SingleSteps/MetalSteps/MetalSteps05.wav","MetalSteps05","player_movement","ADDRESSABLE","runtime-mapped","library.footsteps.pack.expanded.singlesteps.metalsteps.metalsteps05|sfx.footstep.player.metal"
"Assets/Footsteps Pack Expanded/SingleSteps/MetalSteps/MetalSteps06.wav","MetalSteps06","player_movement","ADDRESSABLE","runtime-mapped","library.footsteps.pack.expanded.singlesteps.metalsteps.metalsteps06|sfx.footstep.player.metal"
"Assets/Footsteps Pack Expanded/SingleSteps/MetalSteps/MetalSteps07.wav","MetalSteps07","player_movement","ADDRESSABLE","runtime-mapped","library.footsteps.pack.expanded.singlesteps.metalsteps.metalsteps07|sfx.footstep.player.metal"
"Assets/Footsteps Pack Expanded/SingleSteps/MetalSteps/MetalSteps08.wav","MetalSteps08","player_movement","ADDRESSABLE","runtime-mapped","library.footsteps.pack.expanded.singlesteps.metalsteps.metalsteps08|sfx.footstep.player.metal"
"Assets/Footsteps Pack Expanded/SingleSteps/MetalSteps/MetalSteps09.wav","MetalSteps09","player_movement","SOURCE_ONLY","audited-only: footstep breadth cut from mobile build",""
"Assets/Footsteps Pack Expanded/SingleSteps/MetalSteps/MetalSteps10.wav","MetalSteps10","player_movement","SOURCE_ONLY","audited-only: footstep breadth cut from mobile build",""
"Assets/Footsteps Pack Expanded/SingleSteps/MetalSteps/MetalSteps100.wav","MetalSteps100","player_movement","SOURCE_ONLY","audited-only: footstep breadth cut from mobile build",""
"Assets/Footsteps Pack Expanded/SingleSteps/MetalSteps/MetalSteps101.wav","MetalSteps101","player_movement","SOURCE_ONLY","audited-only: footstep breadth cut from mobile build",""
"Assets/Footsteps Pack Expanded/SingleSteps/MetalSteps/MetalSteps102.wav","MetalSteps102","player_movement","SOURCE_ONLY","audited-only: footstep breadth cut from mobile build",""
"Assets/Footsteps Pack Expanded/SingleSteps/MetalSteps/MetalSteps103.wav","MetalSteps103","player_movement","SOURCE_ONLY","audited-only: footstep breadth cut from mobile build",""
"Assets/Footsteps Pack Expanded/SingleSteps/MetalSteps/MetalSteps104.wav","MetalSteps104","player_movement","SOURCE_ONLY","audited-only: footstep breadth cut from mobile build",""
"Assets/Footsteps Pack Expanded/SingleSteps/MetalSteps/MetalSteps105.wav","MetalSteps105","player_movement","SOURCE_ONLY","audited-only: footstep breadth cut from mobile build",""
"Assets/Footsteps Pack Expanded/SingleSteps/MetalSteps/MetalSteps106.wav","MetalSteps106","player_movement","SOURCE_ONLY","audited-only: footstep breadth cut from mobile build",""
"Assets/Footsteps Pack Expanded/SingleSteps/MetalSteps/MetalSteps107.wav","MetalSteps107","player_movement","SOURCE_ONLY","audited-only: footstep breadth cut from mobile build",""
"Assets/Footsteps Pack Expanded/SingleSteps/MetalSteps/MetalSteps108.wav","MetalSteps108","player_movement","SOURCE_ONLY","audited-only: footstep breadth cut from mobile build",""
"Assets/Footsteps Pack Expanded/SingleSteps/MetalSteps/MetalSteps109.wav","MetalSteps109","player_movement","SOURCE_ONLY","audited-only: footstep breadth cut from mobile build",""
"Assets/Footsteps Pack Expanded/SingleSteps/MetalSteps/MetalSteps11.wav","MetalSteps11","player_movement","SOURCE_ONLY","audited-only: footstep breadth cut from mobile build",""
"Assets/Footsteps Pack Expanded/SingleSteps/MetalSteps/MetalSteps110.wav","MetalSteps110","player_movement","SOURCE_ONLY","audited-only: footstep breadth cut from mobile build",""
"Assets/Footsteps Pack Expanded/SingleSteps/MetalSteps/MetalSteps111.wav","MetalSteps111","player_movement","SOURCE_ONLY","audited-only: footstep breadth cut from mobile build",""
"Assets/Footsteps Pack Expanded/SingleSteps/MetalSteps/MetalSteps112.wav","MetalSteps112","player_movement","SOURCE_ONLY","audited-only: footstep breadth cut from mobile build",""
"Assets/Footsteps Pack Expanded/SingleSteps/MetalSteps/MetalSteps113.wav","MetalSteps113","player_movement","SOURCE_ONLY","audited-only: footstep breadth cut from mobile build",""
"Assets/Footsteps Pack Expanded/SingleSteps/MetalSteps/MetalSteps114.wav","MetalSteps114","player_movement","SOURCE_ONLY","audited-only: footstep breadth cut from mobile build",""
"Assets/Footsteps Pack Expanded/SingleSteps/MetalSteps/MetalSteps115.wav","MetalSteps115","player_movement","SOURCE_ONLY","audited-only: footstep breadth cut from mobile build",""
"Assets/Footsteps Pack Expanded/SingleSteps/MetalSteps/MetalSteps116.wav","MetalSteps116","player_movement","SOURCE_ONLY","audited-only: footstep breadth cut from mobile build",""
"Assets/Footsteps Pack Expanded/SingleSteps/MetalSteps/MetalSteps117.wav","MetalSteps117","player_movement","SOURCE_ONLY","audited-only: footstep breadth cut from mobile build",""
"Assets/Footsteps Pack Expanded/SingleSteps/MetalSteps/MetalSteps118.wav","MetalSteps118","player_movement","SOURCE_ONLY","audited-only: footstep breadth cut from mobile build",""
"Assets/Footsteps Pack Expanded/SingleSteps/MetalSteps/MetalSteps119.wav","MetalSteps119","player_movement","SOURCE_ONLY","audited-only: footstep breadth cut from mobile build",""
"Assets/Footsteps Pack Expanded/SingleSteps/MetalSteps/MetalSteps12.wav","MetalSteps12","player_movement","SOURCE_ONLY","audited-only: footstep breadth cut from mobile build",""
"Assets/Footsteps Pack Expanded/SingleSteps/MetalSteps/MetalSteps120.wav","MetalSteps120","player_movement","SOURCE_ONLY","audited-only: footstep breadth cut from mobile build",""
"Assets/Footsteps Pack Expanded/SingleSteps/MetalSteps/MetalSteps121.wav","MetalSteps121","player_movement","SOURCE_ONLY","audited-only: footstep breadth cut from mobile build",""
"Assets/Footsteps Pack Expanded/SingleSteps/MetalSteps/MetalSteps122.wav","MetalSteps122","player_movement","SOURCE_ONLY","audited-only: footstep breadth cut from mobile build",""
"Assets/Footsteps Pack Expanded/SingleSteps/MetalSteps/MetalSteps123.wav","MetalSteps123","player_movement","SOURCE_ONLY","audited-only: footstep breadth cut from mobile build",""
"Assets/Footsteps Pack Expanded/SingleSteps/MetalSteps/MetalSteps124.wav","MetalSteps124","player_movement","SOURCE_ONLY","audited-only: footstep breadth cut from mobile build",""
"Assets/Footsteps Pack Expanded/SingleSteps/MetalSteps/MetalSteps125.wav","MetalSteps125","player_movement","SOURCE_ONLY","audited-only: footstep breadth cut from mobile build",""
"Assets/Footsteps Pack Expanded/SingleSteps/MetalSteps/MetalSteps126.wav","MetalSteps126","player_movement","SOURCE_ONLY","audited-only: footstep breadth cut from mobile build",""
"Assets/Footsteps Pack Expanded/SingleSteps/MetalSteps/MetalSteps127.wav","MetalSteps127","player_movement","SOURCE_ONLY","audited-only: footstep breadth cut from mobile build",""
"Assets/Footsteps Pack Expanded/SingleSteps/MetalSteps/MetalSteps128.wav","MetalSteps128","player_movement","SOURCE_ONLY","audited-only: footstep breadth cut from mobile build",""
"Assets/Footsteps Pack Expanded/SingleSteps/MetalSteps/MetalSteps129.wav","MetalSteps129","player_movement","SOURCE_ONLY","audited-only: footstep breadth cut from mobile build",""
"Assets/Footsteps Pack Expanded/SingleSteps/MetalSteps/MetalSteps13.wav","MetalSteps13","player_movement","SOURCE_ONLY","audited-only: footstep breadth cut from mobile build",""
"Assets/Footsteps Pack Expanded/SingleSteps/MetalSteps/MetalSteps130.wav","MetalSteps130","player_movement","SOURCE_ONLY","audited-only: footstep breadth cut from mobile build",""
"Assets/Footsteps Pack Expanded/SingleSteps/MetalSteps/MetalSteps131.wav","MetalSteps131","player_movement","SOURCE_ONLY","audited-only: footstep breadth cut from mobile build",""
"Assets/Footsteps Pack Expanded/SingleSteps/MetalSteps/MetalSteps132.wav","MetalSteps132","player_movement","SOURCE_ONLY","audited-only: footstep breadth cut from mobile build",""
"Assets/Footsteps Pack Expanded/SingleSteps/MetalSteps/MetalSteps133.wav","MetalSteps133","player_movement","SOURCE_ONLY","audited-only: footstep breadth cut from mobile build",""
"Assets/Footsteps Pack Expanded/SingleSteps/MetalSteps/MetalSteps134.wav","MetalSteps134","player_movement","SOURCE_ONLY","audited-only: footstep breadth cut from mobile build",""
"Assets/Footsteps Pack Expanded/SingleSteps/MetalSteps/MetalSteps135.wav","MetalSteps135","player_movement","SOURCE_ONLY","audited-only: footstep breadth cut from mobile build",""
"Assets/Footsteps Pack Expanded/SingleSteps/MetalSteps/MetalSteps136.wav","MetalSteps136","player_movement","SOURCE_ONLY","audited-only: footstep breadth cut from mobile build",""
"Assets/Footsteps Pack Expanded/SingleSteps/MetalSteps/MetalSteps137.wav","MetalSteps137","player_movement","SOURCE_ONLY","audited-only: footstep breadth cut from mobile build",""
"Assets/Footsteps Pack Expanded/SingleSteps/MetalSteps/MetalSteps138.wav","MetalSteps138","player_movement","SOURCE_ONLY","audited-only: footstep breadth cut from mobile build",""
"Assets/Footsteps Pack Expanded/SingleSteps/MetalSteps/MetalSteps139.wav","MetalSteps139","player_movement","SOURCE_ONLY","audited-only: footstep breadth cut from mobile build",""
"Assets/Footsteps Pack Expanded/SingleSteps/MetalSteps/MetalSteps14.wav","MetalSteps14","player_movement","SOURCE_ONLY","audited-only: footstep breadth cut from mobile build",""
"Assets/Footsteps Pack Expanded/SingleSteps/MetalSteps/MetalSteps140.wav","MetalSteps140","player_movement","SOURCE_ONLY","audited-only: footstep breadth cut from mobile build",""
"Assets/Footsteps Pack Expanded/SingleSteps/MetalSteps/MetalSteps141.wav","MetalSteps141","player_movement","SOURCE_ONLY","audited-only: footstep breadth cut from mobile build",""
"Assets/Footsteps Pack Expanded/SingleSteps/MetalSteps/MetalSteps142.wav","MetalSteps142","player_movement","SOURCE_ONLY","audited-only: footstep breadth cut from mobile build",""
"Assets/Footsteps Pack Expanded/SingleSteps/MetalSteps/MetalSteps143.wav","MetalSteps143","player_movement","SOURCE_ONLY","audited-only: footstep breadth cut from mobile build",""
"Assets/Footsteps Pack Expanded/SingleSteps/MetalSteps/MetalSteps144.wav","MetalSteps144","player_movement","SOURCE_ONLY","audited-only: footstep breadth cut from mobile build",""
"Assets/Footsteps Pack Expanded/SingleSteps/MetalSteps/MetalSteps145.wav","MetalSteps145","player_movement","SOURCE_ONLY","audited-only: footstep breadth cut from mobile build",""
"Assets/Footsteps Pack Expanded/SingleSteps/MetalSteps/MetalSteps146.wav","MetalSteps146","player_movement","SOURCE_ONLY","audited-only: footstep breadth cut from mobile build",""
"Assets/Footsteps Pack Expanded/SingleSteps/MetalSteps/MetalSteps147.wav","MetalSteps147","player_movement","SOURCE_ONLY","audited-only: footstep breadth cut from mobile build",""
"Assets/Footsteps Pack Expanded/SingleSteps/MetalSteps/MetalSteps148.wav","MetalSteps148","player_movement","SOURCE_ONLY","audited-only: footstep breadth cut from mobile build",""
"Assets/Footsteps Pack Expanded/SingleSteps/MetalSteps/MetalSteps149.wav","MetalSteps149","player_movement","SOURCE_ONLY","audited-only: footstep breadth cut from mobile build",""
"Assets/Footsteps Pack Expanded/SingleSteps/MetalSteps/MetalSteps15.wav","MetalSteps15","player_movement","SOURCE_ONLY","audited-only: footstep breadth cut from mobile build",""
"Assets/Footsteps Pack Expanded/SingleSteps/MetalSteps/MetalSteps150.wav","MetalSteps150","player_movement","SOURCE_ONLY","audited-only: footstep breadth cut from mobile build",""
"Assets/Footsteps Pack Expanded/SingleSteps/MetalSteps/MetalSteps151.wav","MetalSteps151","player_movement","SOURCE_ONLY","audited-only: footstep breadth cut from mobile build",""
"Assets/Footsteps Pack Expanded/SingleSteps/MetalSteps/MetalSteps152.wav","MetalSteps152","player_movement","SOURCE_ONLY","audited-only: footstep breadth cut from mobile build",""
"Assets/Footsteps Pack Expanded/SingleSteps/MetalSteps/MetalSteps153.wav","MetalSteps153","player_movement","SOURCE_ONLY","audited-only: footstep breadth cut from mobile build",""
"Assets/Footsteps Pack Expanded/SingleSteps/MetalSteps/MetalSteps154.wav","MetalSteps154","player_movement","SOURCE_ONLY","audited-only: footstep breadth cut from mobile build",""
"Assets/Footsteps Pack Expanded/SingleSteps/MetalSteps/MetalSteps155.wav","MetalSteps155","player_movement","SOURCE_ONLY","audited-only: footstep breadth cut from mobile build",""
"Assets/Footsteps Pack Expanded/SingleSteps/MetalSteps/MetalSteps156.wav","MetalSteps156","player_movement","SOURCE_ONLY","audited-only: footstep breadth cut from mobile build",""
"Assets/Footsteps Pack Expanded/SingleSteps/MetalSteps/MetalSteps157.wav","MetalSteps157","player_movement","SOURCE_ONLY","audited-only: footstep breadth cut from mobile build",""
"Assets/Footsteps Pack Expanded/SingleSteps/MetalSteps/MetalSteps158.wav","MetalSteps158","player_movement","SOURCE_ONLY","audited-only: footstep breadth cut from mobile build",""
"Assets/Footsteps Pack Expanded/SingleSteps/MetalSteps/MetalSteps159.wav","MetalSteps159","player_movement","SOURCE_ONLY","audited-only: footstep breadth cut from mobile build",""
"Assets/Footsteps Pack Expanded/SingleSteps/MetalSteps/MetalSteps16.wav","MetalSteps16","player_movement","SOURCE_ONLY","audited-only: footstep breadth cut from mobile build",""
"Assets/Footsteps Pack Expanded/SingleSteps/MetalSteps/MetalSteps160.wav","MetalSteps160","player_movement","SOURCE_ONLY","audited-only: footstep breadth cut from mobile build",""
"Assets/Footsteps Pack Expanded/SingleSteps/MetalSteps/MetalSteps161.wav","MetalSteps161","player_movement","SOURCE_ONLY","audited-only: footstep breadth cut from mobile build",""
"Assets/Footsteps Pack Expanded/SingleSteps/MetalSteps/MetalSteps162.wav","MetalSteps162","player_movement","SOURCE_ONLY","audited-only: footstep breadth cut from mobile build",""
"Assets/Footsteps Pack Expanded/SingleSteps/MetalSteps/MetalSteps163.wav","MetalSteps163","player_movement","SOURCE_ONLY","audited-only: footstep breadth cut from mobile build",""
"Assets/Footsteps Pack Expanded/SingleSteps/MetalSteps/MetalSteps164.wav","MetalSteps164","player_movement","SOURCE_ONLY","audited-only: footstep breadth cut from mobile build",""
"Assets/Footsteps Pack Expanded/SingleSteps/MetalSteps/MetalSteps165.wav","MetalSteps165","player_movement","SOURCE_ONLY","audited-only: footstep breadth cut from mobile build",""
"Assets/Footsteps Pack Expanded/SingleSteps/MetalSteps/MetalSteps166.wav","MetalSteps166","player_movement","SOURCE_ONLY","audited-only: footstep breadth cut from mobile build",""
"Assets/Footsteps Pack Expanded/SingleSteps/MetalSteps/MetalSteps167.wav","MetalSteps167","player_movement","SOURCE_ONLY","audited-only: footstep breadth cut from mobile build",""
"Assets/Footsteps Pack Expanded/SingleSteps/MetalSteps/MetalSteps168.wav","MetalSteps168","player_movement","SOURCE_ONLY","audited-only: footstep breadth cut from mobile build",""
"Assets/Footsteps Pack Expanded/SingleSteps/MetalSteps/MetalSteps169.wav","MetalSteps169","player_movement","SOURCE_ONLY","audited-only: footstep breadth cut from mobile build",""
"Assets/Footsteps Pack Expanded/SingleSteps/MetalSteps/MetalSteps17.wav","MetalSteps17","player_movement","SOURCE_ONLY","audited-only: footstep breadth cut from mobile build",""
"Assets/Footsteps Pack Expanded/SingleSteps/MetalSteps/MetalSteps170.wav","MetalSteps170","player_movement","SOURCE_ONLY","audited-only: footstep breadth cut from mobile build",""
"Assets/Footsteps Pack Expanded/SingleSteps/MetalSteps/MetalSteps171.wav","MetalSteps171","player_movement","SOURCE_ONLY","audited-only: footstep breadth cut from mobile build",""
"Assets/Footsteps Pack Expanded/SingleSteps/MetalSteps/MetalSteps172.wav","MetalSteps172","player_movement","SOURCE_ONLY","audited-only: footstep breadth cut from mobile build",""
"Assets/Footsteps Pack Expanded/SingleSteps/MetalSteps/MetalSteps173.wav","MetalSteps173","player_movement","SOURCE_ONLY","audited-only: footstep breadth cut from mobile build",""
"Assets/Footsteps Pack Expanded/SingleSteps/MetalSteps/MetalSteps174.wav","MetalSteps174","player_movement","SOURCE_ONLY","audited-only: footstep breadth cut from mobile build",""
"Assets/Footsteps Pack Expanded/SingleSteps/MetalSteps/MetalSteps175.wav","MetalSteps175","player_movement","SOURCE_ONLY","audited-only: footstep breadth cut from mobile build",""
"Assets/Footsteps Pack Expanded/SingleSteps/MetalSteps/MetalSteps176.wav","MetalSteps176","player_movement","SOURCE_ONLY","audited-only: footstep breadth cut from mobile build",""
"Assets/Footsteps Pack Expanded/SingleSteps/MetalSteps/MetalSteps177.wav","MetalSteps177","player_movement","SOURCE_ONLY","audited-only: footstep breadth cut from mobile build",""
"Assets/Footsteps Pack Expanded/SingleSteps/MetalSteps/MetalSteps178.wav","MetalSteps178","player_movement","SOURCE_ONLY","audited-only: footstep breadth cut from mobile build",""
"Assets/Footsteps Pack Expanded/SingleSteps/MetalSteps/MetalSteps179.wav","MetalSteps179","player_movement","SOURCE_ONLY","audited-only: footstep breadth cut from mobile build",""
"Assets/Footsteps Pack Expanded/SingleSteps/MetalSteps/MetalSteps18.wav","MetalSteps18","player_movement","SOURCE_ONLY","audited-only: footstep breadth cut from mobile build",""
"Assets/Footsteps Pack Expanded/SingleSteps/MetalSteps/MetalSteps180.wav","MetalSteps180","player_movement","SOURCE_ONLY","audited-only: footstep breadth cut from mobile build",""
"Assets/Footsteps Pack Expanded/SingleSteps/MetalSteps/MetalSteps181.wav","MetalSteps181","player_movement","SOURCE_ONLY","audited-only: footstep breadth cut from mobile build",""
"Assets/Footsteps Pack Expanded/SingleSteps/MetalSteps/MetalSteps182.wav","MetalSteps182","player_movement","SOURCE_ONLY","audited-only: footstep breadth cut from mobile build",""
"Assets/Footsteps Pack Expanded/SingleSteps/MetalSteps/MetalSteps183.wav","MetalSteps183","player_movement","SOURCE_ONLY","audited-only: footstep breadth cut from mobile build",""
"Assets/Footsteps Pack Expanded/SingleSteps/MetalSteps/MetalSteps184.wav","MetalSteps184","player_movement","SOURCE_ONLY","audited-only: footstep breadth cut from mobile build",""
"Assets/Footsteps Pack Expanded/SingleSteps/MetalSteps/MetalSteps185.wav","MetalSteps185","player_movement","SOURCE_ONLY","audited-only: footstep breadth cut from mobile build",""
"Assets/Footsteps Pack Expanded/SingleSteps/MetalSteps/MetalSteps186.wav","MetalSteps186","player_movement","SOURCE_ONLY","audited-only: footstep breadth cut from mobile build",""
"Assets/Footsteps Pack Expanded/SingleSteps/MetalSteps/MetalSteps187.wav","MetalSteps187","player_movement","SOURCE_ONLY","audited-only: footstep breadth cut from mobile build",""
"Assets/Footsteps Pack Expanded/SingleSteps/MetalSteps/MetalSteps188.wav","MetalSteps188","player_movement","SOURCE_ONLY","audited-only: footstep breadth cut from mobile build",""
"Assets/Footsteps Pack Expanded/SingleSteps/MetalSteps/MetalSteps189.wav","MetalSteps189","player_movement","SOURCE_ONLY","audited-only: footstep breadth cut from mobile build",""
"Assets/Footsteps Pack Expanded/SingleSteps/MetalSteps/MetalSteps19.wav","MetalSteps19","player_movement","SOURCE_ONLY","audited-only: footstep breadth cut from mobile build",""
"Assets/Footsteps Pack Expanded/SingleSteps/MetalSteps/MetalSteps190.wav","MetalSteps190","player_movement","SOURCE_ONLY","audited-only: footstep breadth cut from mobile build",""
"Assets/Footsteps Pack Expanded/SingleSteps/MetalSteps/MetalSteps191.wav","MetalSteps191","player_movement","SOURCE_ONLY","audited-only: footstep breadth cut from mobile build",""
"Assets/Footsteps Pack Expanded/SingleSteps/MetalSteps/MetalSteps192.wav","MetalSteps192","player_movement","SOURCE_ONLY","audited-only: footstep breadth cut from mobile build",""
"Assets/Footsteps Pack Expanded/SingleSteps/MetalSteps/MetalSteps193.wav","MetalSteps193","player_movement","SOURCE_ONLY","audited-only: footstep breadth cut from mobile build",""
"Assets/Footsteps Pack Expanded/SingleSteps/MetalSteps/MetalSteps194.wav","MetalSteps194","player_movement","SOURCE_ONLY","audited-only: footstep breadth cut from mobile build",""
"Assets/Footsteps Pack Expanded/SingleSteps/MetalSteps/MetalSteps195.wav","MetalSteps195","player_movement","SOURCE_ONLY","audited-only: footstep breadth cut from mobile build",""
"Assets/Footsteps Pack Expanded/SingleSteps/MetalSteps/MetalSteps196.wav","MetalSteps196","player_movement","SOURCE_ONLY","audited-only: footstep breadth cut from mobile build",""
"Assets/Footsteps Pack Expanded/SingleSteps/MetalSteps/MetalSteps197.wav","MetalSteps197","player_movement","SOURCE_ONLY","audited-only: footstep breadth cut from mobile build",""
"Assets/Footsteps Pack Expanded/SingleSteps/MetalSteps/MetalSteps198.wav","MetalSteps198","player_movement","SOURCE_ONLY","audited-only: footstep breadth cut from mobile build",""
"Assets/Footsteps Pack Expanded/SingleSteps/MetalSteps/MetalSteps199.wav","MetalSteps199","player_movement","SOURCE_ONLY","audited-only: footstep breadth cut from mobile build",""
"Assets/Footsteps Pack Expanded/SingleSteps/MetalSteps/MetalSteps20.wav","MetalSteps20","player_movement","SOURCE_ONLY","audited-only: footstep breadth cut from mobile build",""
"Assets/Footsteps Pack Expanded/SingleSteps/MetalSteps/MetalSteps200.wav","MetalSteps200","player_movement","SOURCE_ONLY","audited-only: footstep breadth cut from mobile build",""
"Assets/Footsteps Pack Expanded/SingleSteps/MetalSteps/MetalSteps201.wav","MetalSteps201","player_movement","SOURCE_ONLY","audited-only: footstep breadth cut from mobile build",""
"Assets/Footsteps Pack Expanded/SingleSteps/MetalSteps/MetalSteps202.wav","MetalSteps202","player_movement","SOURCE_ONLY","audited-only: footstep breadth cut from mobile build",""
"Assets/Footsteps Pack Expanded/SingleSteps/MetalSteps/MetalSteps203.wav","MetalSteps203","player_movement","SOURCE_ONLY","audited-only: footstep breadth cut from mobile build",""
"Assets/Footsteps Pack Expanded/SingleSteps/MetalSteps/MetalSteps204.wav","MetalSteps204","player_movement","SOURCE_ONLY","audited-only: footstep breadth cut from mobile build",""
"Assets/Footsteps Pack Expanded/SingleSteps/MetalSteps/MetalSteps205.wav","MetalSteps205","player_movement","SOURCE_ONLY","audited-only: footstep breadth cut from mobile build",""
"Assets/Footsteps Pack Expanded/SingleSteps/MetalSteps/MetalSteps206.wav","MetalSteps206","player_movement","SOURCE_ONLY","audited-only: footstep breadth cut from mobile build",""
"Assets/Footsteps Pack Expanded/SingleSteps/MetalSteps/MetalSteps207.wav","MetalSteps207","player_movement","SOURCE_ONLY","audited-only: footstep breadth cut from mobile build",""
"Assets/Footsteps Pack Expanded/SingleSteps/MetalSteps/MetalSteps208.wav","MetalSteps208","player_movement","SOURCE_ONLY","audited-only: footstep breadth cut from mobile build",""
"Assets/Footsteps Pack Expanded/SingleSteps/MetalSteps/MetalSteps209.wav","MetalSteps209","player_movement","SOURCE_ONLY","audited-only: footstep breadth cut from mobile build",""
"Assets/Footsteps Pack Expanded/SingleSteps/MetalSteps/MetalSteps21.wav","MetalSteps21","player_movement","SOURCE_ONLY","audited-only: footstep breadth cut from mobile build",""
"Assets/Footsteps Pack Expanded/SingleSteps/MetalSteps/MetalSteps210.wav","MetalSteps210","player_movement","SOURCE_ONLY","audited-only: footstep breadth cut from mobile build",""
"Assets/Footsteps Pack Expanded/SingleSteps/MetalSteps/MetalSteps211.wav","MetalSteps211","player_movement","SOURCE_ONLY","audited-only: footstep breadth cut from mobile build",""
"Assets/Footsteps Pack Expanded/SingleSteps/MetalSteps/MetalSteps212.wav","MetalSteps212","player_movement","SOURCE_ONLY","audited-only: footstep breadth cut from mobile build",""
"Assets/Footsteps Pack Expanded/SingleSteps/MetalSteps/MetalSteps213.wav","MetalSteps213","player_movement","SOURCE_ONLY","audited-only: footstep breadth cut from mobile build",""
"Assets/Footsteps Pack Expanded/SingleSteps/MetalSteps/MetalSteps214.wav","MetalSteps214","player_movement","SOURCE_ONLY","audited-only: footstep breadth cut from mobile build",""
"Assets/Footsteps Pack Expanded/SingleSteps/MetalSteps/MetalSteps215.wav","MetalSteps215","player_movement","SOURCE_ONLY","audited-only: footstep breadth cut from mobile build",""
"Assets/Footsteps Pack Expanded/SingleSteps/MetalSteps/MetalSteps216.wav","MetalSteps216","player_movement","SOURCE_ONLY","audited-only: footstep breadth cut from mobile build",""
"Assets/Footsteps Pack Expanded/SingleSteps/MetalSteps/MetalSteps217.wav","MetalSteps217","player_movement","SOURCE_ONLY","audited-only: footstep breadth cut from mobile build",""
"Assets/Footsteps Pack Expanded/SingleSteps/MetalSteps/MetalSteps22.wav","MetalSteps22","player_movement","SOURCE_ONLY","audited-only: footstep breadth cut from mobile build",""
"Assets/Footsteps Pack Expanded/SingleSteps/MetalSteps/MetalSteps23.wav","MetalSteps23","player_movement","SOURCE_ONLY","audited-only: footstep breadth cut from mobile build",""
"Assets/Footsteps Pack Expanded/SingleSteps/MetalSteps/MetalSteps24.wav","MetalSteps24","player_movement","SOURCE_ONLY","audited-only: footstep breadth cut from mobile build",""
"Assets/Footsteps Pack Expanded/SingleSteps/MetalSteps/MetalSteps25.wav","MetalSteps25","player_movement","SOURCE_ONLY","audited-only: footstep breadth cut from mobile build",""
"Assets/Footsteps Pack Expanded/SingleSteps/MetalSteps/MetalSteps26.wav","MetalSteps26","player_movement","SOURCE_ONLY","audited-only: footstep breadth cut from mobile build",""
"Assets/Footsteps Pack Expanded/SingleSteps/MetalSteps/MetalSteps27.wav","MetalSteps27","player_movement","SOURCE_ONLY","audited-only: footstep breadth cut from mobile build",""
"Assets/Footsteps Pack Expanded/SingleSteps/MetalSteps/MetalSteps28.wav","MetalSteps28","player_movement","SOURCE_ONLY","audited-only: footstep breadth cut from mobile build",""
"Assets/Footsteps Pack Expanded/SingleSteps/MetalSteps/MetalSteps29.wav","MetalSteps29","player_movement","SOURCE_ONLY","audited-only: footstep breadth cut from mobile build",""
"Assets/Footsteps Pack Expanded/SingleSteps/MetalSteps/MetalSteps30.wav","MetalSteps30","player_movement","SOURCE_ONLY","audited-only: footstep breadth cut from mobile build",""
"Assets/Footsteps Pack Expanded/SingleSteps/MetalSteps/MetalSteps31.wav","MetalSteps31","player_movement","SOURCE_ONLY","audited-only: footstep breadth cut from mobile build",""
"Assets/Footsteps Pack Expanded/SingleSteps/MetalSteps/MetalSteps32.wav","MetalSteps32","player_movement","SOURCE_ONLY","audited-only: footstep breadth cut from mobile build",""
"Assets/Footsteps Pack Expanded/SingleSteps/MetalSteps/MetalSteps33.wav","MetalSteps33","player_movement","SOURCE_ONLY","audited-only: footstep breadth cut from mobile build",""
"Assets/Footsteps Pack Expanded/SingleSteps/MetalSteps/MetalSteps34.wav","MetalSteps34","player_movement","SOURCE_ONLY","audited-only: footstep breadth cut from mobile build",""
"Assets/Footsteps Pack Expanded/SingleSteps/MetalSteps/MetalSteps35.wav","MetalSteps35","player_movement","SOURCE_ONLY","audited-only: footstep breadth cut from mobile build",""
"Assets/Footsteps Pack Expanded/SingleSteps/MetalSteps/MetalSteps36.wav","MetalSteps36","player_movement","SOURCE_ONLY","audited-only: footstep breadth cut from mobile build",""
"Assets/Footsteps Pack Expanded/SingleSteps/MetalSteps/MetalSteps37.wav","MetalSteps37","player_movement","SOURCE_ONLY","audited-only: footstep breadth cut from mobile build",""
"Assets/Footsteps Pack Expanded/SingleSteps/MetalSteps/MetalSteps38.wav","MetalSteps38","player_movement","SOURCE_ONLY","audited-only: footstep breadth cut from mobile build",""
"Assets/Footsteps Pack Expanded/SingleSteps/MetalSteps/MetalSteps39.wav","MetalSteps39","player_movement","SOURCE_ONLY","audited-only: footstep breadth cut from mobile build",""
"Assets/Footsteps Pack Expanded/SingleSteps/MetalSteps/MetalSteps40.wav","MetalSteps40","player_movement","SOURCE_ONLY","audited-only: footstep breadth cut from mobile build",""
"Assets/Footsteps Pack Expanded/SingleSteps/MetalSteps/MetalSteps41.wav","MetalSteps41","player_movement","SOURCE_ONLY","audited-only: footstep breadth cut from mobile build",""
"Assets/Footsteps Pack Expanded/SingleSteps/MetalSteps/MetalSteps42.wav","MetalSteps42","player_movement","SOURCE_ONLY","audited-only: footstep breadth cut from mobile build",""
"Assets/Footsteps Pack Expanded/SingleSteps/MetalSteps/MetalSteps43.wav","MetalSteps43","player_movement","SOURCE_ONLY","audited-only: footstep breadth cut from mobile build",""
"Assets/Footsteps Pack Expanded/SingleSteps/MetalSteps/MetalSteps44.wav","MetalSteps44","player_movement","SOURCE_ONLY","audited-only: footstep breadth cut from mobile build",""
"Assets/Footsteps Pack Expanded/SingleSteps/MetalSteps/MetalSteps45.wav","MetalSteps45","player_movement","SOURCE_ONLY","audited-only: footstep breadth cut from mobile build",""
"Assets/Footsteps Pack Expanded/SingleSteps/MetalSteps/MetalSteps46.wav","MetalSteps46","player_movement","SOURCE_ONLY","audited-only: footstep breadth cut from mobile build",""
"Assets/Footsteps Pack Expanded/SingleSteps/MetalSteps/MetalSteps47.wav","MetalSteps47","player_movement","SOURCE_ONLY","audited-only: footstep breadth cut from mobile build",""
"Assets/Footsteps Pack Expanded/SingleSteps/MetalSteps/MetalSteps48.wav","MetalSteps48","player_movement","SOURCE_ONLY","audited-only: footstep breadth cut from mobile build",""
"Assets/Footsteps Pack Expanded/SingleSteps/MetalSteps/MetalSteps49.wav","MetalSteps49","player_movement","SOURCE_ONLY","audited-only: footstep breadth cut from mobile build",""
"Assets/Footsteps Pack Expanded/SingleSteps/MetalSteps/MetalSteps50.wav","MetalSteps50","player_movement","SOURCE_ONLY","audited-only: footstep breadth cut from mobile build",""
"Assets/Footsteps Pack Expanded/SingleSteps/MetalSteps/MetalSteps51.wav","MetalSteps51","player_movement","SOURCE_ONLY","audited-only: footstep breadth cut from mobile build",""
"Assets/Footsteps Pack Expanded/SingleSteps/MetalSteps/MetalSteps52.wav","MetalSteps52","player_movement","SOURCE_ONLY","audited-only: footstep breadth cut from mobile build",""
"Assets/Footsteps Pack Expanded/SingleSteps/MetalSteps/MetalSteps53.wav","MetalSteps53","player_movement","SOURCE_ONLY","audited-only: footstep breadth cut from mobile build",""
"Assets/Footsteps Pack Expanded/SingleSteps/MetalSteps/MetalSteps54.wav","MetalSteps54","player_movement","SOURCE_ONLY","audited-only: footstep breadth cut from mobile build",""
"Assets/Footsteps Pack Expanded/SingleSteps/MetalSteps/MetalSteps55.wav","MetalSteps55","player_movement","SOURCE_ONLY","audited-only: footstep breadth cut from mobile build",""
"Assets/Footsteps Pack Expanded/SingleSteps/MetalSteps/MetalSteps56.wav","MetalSteps56","player_movement","SOURCE_ONLY","audited-only: footstep breadth cut from mobile build",""
"Assets/Footsteps Pack Expanded/SingleSteps/MetalSteps/MetalSteps57.wav","MetalSteps57","player_movement","SOURCE_ONLY","audited-only: footstep breadth cut from mobile build",""
"Assets/Footsteps Pack Expanded/SingleSteps/MetalSteps/MetalSteps58.wav","MetalSteps58","player_movement","SOURCE_ONLY","audited-only: footstep breadth cut from mobile build",""
"Assets/Footsteps Pack Expanded/SingleSteps/MetalSteps/MetalSteps59.wav","MetalSteps59","player_movement","SOURCE_ONLY","audited-only: footstep breadth cut from mobile build",""
"Assets/Footsteps Pack Expanded/SingleSteps/MetalSteps/MetalSteps60.wav","MetalSteps60","player_movement","SOURCE_ONLY","audited-only: footstep breadth cut from mobile build",""
"Assets/Footsteps Pack Expanded/SingleSteps/MetalSteps/MetalSteps61.wav","MetalSteps61","player_movement","SOURCE_ONLY","audited-only: footstep breadth cut from mobile build",""
"Assets/Footsteps Pack Expanded/SingleSteps/MetalSteps/MetalSteps62.wav","MetalSteps62","player_movement","SOURCE_ONLY","audited-only: footstep breadth cut from mobile build",""
"Assets/Footsteps Pack Expanded/SingleSteps/MetalSteps/MetalSteps63.wav","MetalSteps63","player_movement","SOURCE_ONLY","audited-only: footstep breadth cut from mobile build",""
"Assets/Footsteps Pack Expanded/SingleSteps/MetalSteps/MetalSteps64.wav","MetalSteps64","player_movement","SOURCE_ONLY","audited-only: footstep breadth cut from mobile build",""
"Assets/Footsteps Pack Expanded/SingleSteps/MetalSteps/MetalSteps65.wav","MetalSteps65","player_movement","SOURCE_ONLY","audited-only: footstep breadth cut from mobile build",""
"Assets/Footsteps Pack Expanded/SingleSteps/MetalSteps/MetalSteps66.wav","MetalSteps66","player_movement","SOURCE_ONLY","audited-only: footstep breadth cut from mobile build",""
"Assets/Footsteps Pack Expanded/SingleSteps/MetalSteps/MetalSteps67.wav","MetalSteps67","player_movement","SOURCE_ONLY","audited-only: footstep breadth cut from mobile build",""
"Assets/Footsteps Pack Expanded/SingleSteps/MetalSteps/MetalSteps68.wav","MetalSteps68","player_movement","SOURCE_ONLY","audited-only: footstep breadth cut from mobile build",""
"Assets/Footsteps Pack Expanded/SingleSteps/MetalSteps/MetalSteps69.wav","MetalSteps69","player_movement","SOURCE_ONLY","audited-only: footstep breadth cut from mobile build",""
"Assets/Footsteps Pack Expanded/SingleSteps/MetalSteps/MetalSteps70.wav","MetalSteps70","player_movement","SOURCE_ONLY","audited-only: footstep breadth cut from mobile build",""
"Assets/Footsteps Pack Expanded/SingleSteps/MetalSteps/MetalSteps71.wav","MetalSteps71","player_movement","SOURCE_ONLY","audited-only: footstep breadth cut from mobile build",""
"Assets/Footsteps Pack Expanded/SingleSteps/MetalSteps/MetalSteps72.wav","MetalSteps72","player_movement","SOURCE_ONLY","audited-only: footstep breadth cut from mobile build",""
"Assets/Footsteps Pack Expanded/SingleSteps/MetalSteps/MetalSteps73.wav","MetalSteps73","player_movement","SOURCE_ONLY","audited-only: footstep breadth cut from mobile build",""
"Assets/Footsteps Pack Expanded/SingleSteps/MetalSteps/MetalSteps74.wav","MetalSteps74","player_movement","SOURCE_ONLY","audited-only: footstep breadth cut from mobile build",""
"Assets/Footsteps Pack Expanded/SingleSteps/MetalSteps/MetalSteps75.wav","MetalSteps75","player_movement","SOURCE_ONLY","audited-only: footstep breadth cut from mobile build",""
"Assets/Footsteps Pack Expanded/SingleSteps/MetalSteps/MetalSteps76.wav","MetalSteps76","player_movement","SOURCE_ONLY","audited-only: footstep breadth cut from mobile build",""
"Assets/Footsteps Pack Expanded/SingleSteps/MetalSteps/MetalSteps77.wav","MetalSteps77","player_movement","SOURCE_ONLY","audited-only: footstep breadth cut from mobile build",""
"Assets/Footsteps Pack Expanded/SingleSteps/MetalSteps/MetalSteps78.wav","MetalSteps78","player_movement","SOURCE_ONLY","audited-only: footstep breadth cut from mobile build",""
"Assets/Footsteps Pack Expanded/SingleSteps/MetalSteps/MetalSteps79.wav","MetalSteps79","player_movement","SOURCE_ONLY","audited-only: footstep breadth cut from mobile build",""
"Assets/Footsteps Pack Expanded/SingleSteps/MetalSteps/MetalSteps80.wav","MetalSteps80","player_movement","SOURCE_ONLY","audited-only: footstep breadth cut from mobile build",""
"Assets/Footsteps Pack Expanded/SingleSteps/MetalSteps/MetalSteps81.wav","MetalSteps81","player_movement","SOURCE_ONLY","audited-only: footstep breadth cut from mobile build",""
"Assets/Footsteps Pack Expanded/SingleSteps/MetalSteps/MetalSteps82.wav","MetalSteps82","player_movement","SOURCE_ONLY","audited-only: footstep breadth cut from mobile build",""
"Assets/Footsteps Pack Expanded/SingleSteps/MetalSteps/MetalSteps83.wav","MetalSteps83","player_movement","SOURCE_ONLY","audited-only: footstep breadth cut from mobile build",""
"Assets/Footsteps Pack Expanded/SingleSteps/MetalSteps/MetalSteps84.wav","MetalSteps84","player_movement","SOURCE_ONLY","audited-only: footstep breadth cut from mobile build",""
"Assets/Footsteps Pack Expanded/SingleSteps/MetalSteps/MetalSteps85.wav","MetalSteps85","player_movement","SOURCE_ONLY","audited-only: footstep breadth cut from mobile build",""
"Assets/Footsteps Pack Expanded/SingleSteps/MetalSteps/MetalSteps86.wav","MetalSteps86","player_movement","SOURCE_ONLY","audited-only: footstep breadth cut from mobile build",""
"Assets/Footsteps Pack Expanded/SingleSteps/MetalSteps/MetalSteps87.wav","MetalSteps87","player_movement","SOURCE_ONLY","audited-only: footstep breadth cut from mobile build",""
"Assets/Footsteps Pack Expanded/SingleSteps/MetalSteps/MetalSteps88.wav","MetalSteps88","player_movement","SOURCE_ONLY","audited-only: footstep breadth cut from mobile build",""
"Assets/Footsteps Pack Expanded/SingleSteps/MetalSteps/MetalSteps89.wav","MetalSteps89","player_movement","SOURCE_ONLY","audited-only: footstep breadth cut from mobile build",""
"Assets/Footsteps Pack Expanded/SingleSteps/MetalSteps/MetalSteps90.wav","MetalSteps90","player_movement","SOURCE_ONLY","audited-only: footstep breadth cut from mobile build",""
"Assets/Footsteps Pack Expanded/SingleSteps/MetalSteps/MetalSteps91.wav","MetalSteps91","player_movement","SOURCE_ONLY","audited-only: footstep breadth cut from mobile build",""
"Assets/Footsteps Pack Expanded/SingleSteps/MetalSteps/MetalSteps92.wav","MetalSteps92","player_movement","SOURCE_ONLY","audited-only: footstep breadth cut from mobile build",""
"Assets/Footsteps Pack Expanded/SingleSteps/MetalSteps/MetalSteps93.wav","MetalSteps93","player_movement","SOURCE_ONLY","audited-only: footstep breadth cut from mobile build",""
"Assets/Footsteps Pack Expanded/SingleSteps/MetalSteps/MetalSteps94.wav","MetalSteps94","player_movement","SOURCE_ONLY","audited-only: footstep breadth cut from mobile build",""
"Assets/Footsteps Pack Expanded/SingleSteps/MetalSteps/MetalSteps95.wav","MetalSteps95","player_movement","SOURCE_ONLY","audited-only: footstep breadth cut from mobile build",""
"Assets/Footsteps Pack Expanded/SingleSteps/MetalSteps/MetalSteps96.wav","MetalSteps96","player_movement","SOURCE_ONLY","audited-only: footstep breadth cut from mobile build",""
"Assets/Footsteps Pack Expanded/SingleSteps/MetalSteps/MetalSteps97.wav","MetalSteps97","player_movement","SOURCE_ONLY","audited-only: footstep breadth cut from mobile build",""
"Assets/Footsteps Pack Expanded/SingleSteps/MetalSteps/MetalSteps98.wav","MetalSteps98","player_movement","SOURCE_ONLY","audited-only: footstep breadth cut from mobile build",""
"Assets/Footsteps Pack Expanded/SingleSteps/MetalSteps/MetalSteps99.wav","MetalSteps99","player_movement","SOURCE_ONLY","audited-only: footstep breadth cut from mobile build",""
"Assets/Footsteps Pack Expanded/SingleSteps/MudSteps/MudSteps01.wav","MudSteps01","player_movement","SOURCE_ONLY","audited-only: footstep breadth cut from mobile build",""
"Assets/Footsteps Pack Expanded/SingleSteps/MudSteps/MudSteps02.wav","MudSteps02","player_movement","SOURCE_ONLY","audited-only: footstep breadth cut from mobile build",""
"Assets/Footsteps Pack Expanded/SingleSteps/MudSteps/MudSteps03.wav","MudSteps03","player_movement","SOURCE_ONLY","audited-only: footstep breadth cut from mobile build",""
"Assets/Footsteps Pack Expanded/SingleSteps/MudSteps/MudSteps04.wav","MudSteps04","player_movement","SOURCE_ONLY","audited-only: footstep breadth cut from mobile build",""
"Assets/Footsteps Pack Expanded/SingleSteps/MudSteps/MudSteps05.wav","MudSteps05","player_movement","SOURCE_ONLY","audited-only: footstep breadth cut from mobile build",""
"Assets/Footsteps Pack Expanded/SingleSteps/MudSteps/MudSteps06.wav","MudSteps06","player_movement","SOURCE_ONLY","audited-only: footstep breadth cut from mobile build",""
"Assets/Footsteps Pack Expanded/SingleSteps/MudSteps/MudSteps07.wav","MudSteps07","player_movement","SOURCE_ONLY","audited-only: footstep breadth cut from mobile build",""
"Assets/Footsteps Pack Expanded/SingleSteps/MudSteps/MudSteps08.wav","MudSteps08","player_movement","SOURCE_ONLY","audited-only: footstep breadth cut from mobile build",""
"Assets/Footsteps Pack Expanded/SingleSteps/MudSteps/MudSteps09.wav","MudSteps09","player_movement","SOURCE_ONLY","audited-only: footstep breadth cut from mobile build",""
"Assets/Footsteps Pack Expanded/SingleSteps/MudSteps/MudSteps10.wav","MudSteps10","player_movement","SOURCE_ONLY","audited-only: footstep breadth cut from mobile build",""
"Assets/Footsteps Pack Expanded/SingleSteps/MudSteps/MudSteps100.wav","MudSteps100","player_movement","SOURCE_ONLY","audited-only: footstep breadth cut from mobile build",""
"Assets/Footsteps Pack Expanded/SingleSteps/MudSteps/MudSteps101.wav","MudSteps101","player_movement","SOURCE_ONLY","audited-only: footstep breadth cut from mobile build",""
"Assets/Footsteps Pack Expanded/SingleSteps/MudSteps/MudSteps102.wav","MudSteps102","player_movement","SOURCE_ONLY","audited-only: footstep breadth cut from mobile build",""
"Assets/Footsteps Pack Expanded/SingleSteps/MudSteps/MudSteps103.wav","MudSteps103","player_movement","SOURCE_ONLY","audited-only: footstep breadth cut from mobile build",""
"Assets/Footsteps Pack Expanded/SingleSteps/MudSteps/MudSteps104.wav","MudSteps104","player_movement","SOURCE_ONLY","audited-only: footstep breadth cut from mobile build",""
"Assets/Footsteps Pack Expanded/SingleSteps/MudSteps/MudSteps105.wav","MudSteps105","player_movement","SOURCE_ONLY","audited-only: footstep breadth cut from mobile build",""
"Assets/Footsteps Pack Expanded/SingleSteps/MudSteps/MudSteps106.wav","MudSteps106","player_movement","SOURCE_ONLY","audited-only: footstep breadth cut from mobile build",""
"Assets/Footsteps Pack Expanded/SingleSteps/MudSteps/MudSteps107.wav","MudSteps107","player_movement","SOURCE_ONLY","audited-only: footstep breadth cut from mobile build",""
"Assets/Footsteps Pack Expanded/SingleSteps/MudSteps/MudSteps108.wav","MudSteps108","player_movement","SOURCE_ONLY","audited-only: footstep breadth cut from mobile build",""
"Assets/Footsteps Pack Expanded/SingleSteps/MudSteps/MudSteps109.wav","MudSteps109","player_movement","SOURCE_ONLY","audited-only: footstep breadth cut from mobile build",""
"Assets/Footsteps Pack Expanded/SingleSteps/MudSteps/MudSteps11.wav","MudSteps11","player_movement","SOURCE_ONLY","audited-only: footstep breadth cut from mobile build",""
"Assets/Footsteps Pack Expanded/SingleSteps/MudSteps/MudSteps110.wav","MudSteps110","player_movement","SOURCE_ONLY","audited-only: footstep breadth cut from mobile build",""
"Assets/Footsteps Pack Expanded/SingleSteps/MudSteps/MudSteps111.wav","MudSteps111","player_movement","SOURCE_ONLY","audited-only: footstep breadth cut from mobile build",""
"Assets/Footsteps Pack Expanded/SingleSteps/MudSteps/MudSteps112.wav","MudSteps112","player_movement","SOURCE_ONLY","audited-only: footstep breadth cut from mobile build",""
"Assets/Footsteps Pack Expanded/SingleSteps/MudSteps/MudSteps113.wav","MudSteps113","player_movement","SOURCE_ONLY","audited-only: footstep breadth cut from mobile build",""
"Assets/Footsteps Pack Expanded/SingleSteps/MudSteps/MudSteps114.wav","MudSteps114","player_movement","SOURCE_ONLY","audited-only: footstep breadth cut from mobile build",""
"Assets/Footsteps Pack Expanded/SingleSteps/MudSteps/MudSteps115.wav","MudSteps115","player_movement","SOURCE_ONLY","audited-only: footstep breadth cut from mobile build",""
"Assets/Footsteps Pack Expanded/SingleSteps/MudSteps/MudSteps116.wav","MudSteps116","player_movement","SOURCE_ONLY","audited-only: footstep breadth cut from mobile build",""
"Assets/Footsteps Pack Expanded/SingleSteps/MudSteps/MudSteps117.wav","MudSteps117","player_movement","SOURCE_ONLY","audited-only: footstep breadth cut from mobile build",""
"Assets/Footsteps Pack Expanded/SingleSteps/MudSteps/MudSteps118.wav","MudSteps118","player_movement","SOURCE_ONLY","audited-only: footstep breadth cut from mobile build",""
"Assets/Footsteps Pack Expanded/SingleSteps/MudSteps/MudSteps119.wav","MudSteps119","player_movement","SOURCE_ONLY","audited-only: footstep breadth cut from mobile build",""
"Assets/Footsteps Pack Expanded/SingleSteps/MudSteps/MudSteps12.wav","MudSteps12","player_movement","SOURCE_ONLY","audited-only: footstep breadth cut from mobile build",""
"Assets/Footsteps Pack Expanded/SingleSteps/MudSteps/MudSteps120.wav","MudSteps120","player_movement","SOURCE_ONLY","audited-only: footstep breadth cut from mobile build",""
"Assets/Footsteps Pack Expanded/SingleSteps/MudSteps/MudSteps121.wav","MudSteps121","player_movement","SOURCE_ONLY","audited-only: footstep breadth cut from mobile build",""
"Assets/Footsteps Pack Expanded/SingleSteps/MudSteps/MudSteps122.wav","MudSteps122","player_movement","SOURCE_ONLY","audited-only: footstep breadth cut from mobile build",""
"Assets/Footsteps Pack Expanded/SingleSteps/MudSteps/MudSteps123.wav","MudSteps123","player_movement","SOURCE_ONLY","audited-only: footstep breadth cut from mobile build",""
"Assets/Footsteps Pack Expanded/SingleSteps/MudSteps/MudSteps124.wav","MudSteps124","player_movement","SOURCE_ONLY","audited-only: footstep breadth cut from mobile build",""
"Assets/Footsteps Pack Expanded/SingleSteps/MudSteps/MudSteps125.wav","MudSteps125","player_movement","SOURCE_ONLY","audited-only: footstep breadth cut from mobile build",""
"Assets/Footsteps Pack Expanded/SingleSteps/MudSteps/MudSteps126.wav","MudSteps126","player_movement","SOURCE_ONLY","audited-only: footstep breadth cut from mobile build",""
"Assets/Footsteps Pack Expanded/SingleSteps/MudSteps/MudSteps127.wav","MudSteps127","player_movement","SOURCE_ONLY","audited-only: footstep breadth cut from mobile build",""
"Assets/Footsteps Pack Expanded/SingleSteps/MudSteps/MudSteps128.wav","MudSteps128","player_movement","SOURCE_ONLY","audited-only: footstep breadth cut from mobile build",""
"Assets/Footsteps Pack Expanded/SingleSteps/MudSteps/MudSteps129.wav","MudSteps129","player_movement","SOURCE_ONLY","audited-only: footstep breadth cut from mobile build",""
"Assets/Footsteps Pack Expanded/SingleSteps/MudSteps/MudSteps13.wav","MudSteps13","player_movement","SOURCE_ONLY","audited-only: footstep breadth cut from mobile build",""
"Assets/Footsteps Pack Expanded/SingleSteps/MudSteps/MudSteps130.wav","MudSteps130","player_movement","SOURCE_ONLY","audited-only: footstep breadth cut from mobile build",""
"Assets/Footsteps Pack Expanded/SingleSteps/MudSteps/MudSteps131.wav","MudSteps131","player_movement","SOURCE_ONLY","audited-only: footstep breadth cut from mobile build",""
"Assets/Footsteps Pack Expanded/SingleSteps/MudSteps/MudSteps132.wav","MudSteps132","player_movement","SOURCE_ONLY","audited-only: footstep breadth cut from mobile build",""
"Assets/Footsteps Pack Expanded/SingleSteps/MudSteps/MudSteps133.wav","MudSteps133","player_movement","SOURCE_ONLY","audited-only: footstep breadth cut from mobile build",""
"Assets/Footsteps Pack Expanded/SingleSteps/MudSteps/MudSteps134.wav","MudSteps134","player_movement","SOURCE_ONLY","audited-only: footstep breadth cut from mobile build",""
"Assets/Footsteps Pack Expanded/SingleSteps/MudSteps/MudSteps135.wav","MudSteps135","player_movement","SOURCE_ONLY","audited-only: footstep breadth cut from mobile build",""
"Assets/Footsteps Pack Expanded/SingleSteps/MudSteps/MudSteps136.wav","MudSteps136","player_movement","SOURCE_ONLY","audited-only: footstep breadth cut from mobile build",""
"Assets/Footsteps Pack Expanded/SingleSteps/MudSteps/MudSteps137.wav","MudSteps137","player_movement","SOURCE_ONLY","audited-only: footstep breadth cut from mobile build",""
"Assets/Footsteps Pack Expanded/SingleSteps/MudSteps/MudSteps138.wav","MudSteps138","player_movement","SOURCE_ONLY","audited-only: footstep breadth cut from mobile build",""
"Assets/Footsteps Pack Expanded/SingleSteps/MudSteps/MudSteps139.wav","MudSteps139","player_movement","SOURCE_ONLY","audited-only: footstep breadth cut from mobile build",""
"Assets/Footsteps Pack Expanded/SingleSteps/MudSteps/MudSteps14.wav","MudSteps14","player_movement","SOURCE_ONLY","audited-only: footstep breadth cut from mobile build",""
"Assets/Footsteps Pack Expanded/SingleSteps/MudSteps/MudSteps140.wav","MudSteps140","player_movement","SOURCE_ONLY","audited-only: footstep breadth cut from mobile build",""
"Assets/Footsteps Pack Expanded/SingleSteps/MudSteps/MudSteps141.wav","MudSteps141","player_movement","SOURCE_ONLY","audited-only: footstep breadth cut from mobile build",""
"Assets/Footsteps Pack Expanded/SingleSteps/MudSteps/MudSteps142.wav","MudSteps142","player_movement","SOURCE_ONLY","audited-only: footstep breadth cut from mobile build",""
"Assets/Footsteps Pack Expanded/SingleSteps/MudSteps/MudSteps143.wav","MudSteps143","player_movement","SOURCE_ONLY","audited-only: footstep breadth cut from mobile build",""
"Assets/Footsteps Pack Expanded/SingleSteps/MudSteps/MudSteps144.wav","MudSteps144","player_movement","SOURCE_ONLY","audited-only: footstep breadth cut from mobile build",""
"Assets/Footsteps Pack Expanded/SingleSteps/MudSteps/MudSteps145.wav","MudSteps145","player_movement","SOURCE_ONLY","audited-only: footstep breadth cut from mobile build",""
"Assets/Footsteps Pack Expanded/SingleSteps/MudSteps/MudSteps146.wav","MudSteps146","player_movement","SOURCE_ONLY","audited-only: footstep breadth cut from mobile build",""
"Assets/Footsteps Pack Expanded/SingleSteps/MudSteps/MudSteps147.wav","MudSteps147","player_movement","SOURCE_ONLY","audited-only: footstep breadth cut from mobile build",""
"Assets/Footsteps Pack Expanded/SingleSteps/MudSteps/MudSteps148.wav","MudSteps148","player_movement","SOURCE_ONLY","audited-only: footstep breadth cut from mobile build",""
"Assets/Footsteps Pack Expanded/SingleSteps/MudSteps/MudSteps149.wav","MudSteps149","player_movement","SOURCE_ONLY","audited-only: footstep breadth cut from mobile build",""
"Assets/Footsteps Pack Expanded/SingleSteps/MudSteps/MudSteps15.wav","MudSteps15","player_movement","SOURCE_ONLY","audited-only: footstep breadth cut from mobile build",""
"Assets/Footsteps Pack Expanded/SingleSteps/MudSteps/MudSteps150.wav","MudSteps150","player_movement","SOURCE_ONLY","audited-only: footstep breadth cut from mobile build",""
"Assets/Footsteps Pack Expanded/SingleSteps/MudSteps/MudSteps151.wav","MudSteps151","player_movement","SOURCE_ONLY","audited-only: footstep breadth cut from mobile build",""
"Assets/Footsteps Pack Expanded/SingleSteps/MudSteps/MudSteps152.wav","MudSteps152","player_movement","SOURCE_ONLY","audited-only: footstep breadth cut from mobile build",""
"Assets/Footsteps Pack Expanded/SingleSteps/MudSteps/MudSteps153.wav","MudSteps153","player_movement","SOURCE_ONLY","audited-only: footstep breadth cut from mobile build",""
"Assets/Footsteps Pack Expanded/SingleSteps/MudSteps/MudSteps154.wav","MudSteps154","player_movement","SOURCE_ONLY","audited-only: footstep breadth cut from mobile build",""
"Assets/Footsteps Pack Expanded/SingleSteps/MudSteps/MudSteps155.wav","MudSteps155","player_movement","SOURCE_ONLY","audited-only: footstep breadth cut from mobile build",""
"Assets/Footsteps Pack Expanded/SingleSteps/MudSteps/MudSteps156.wav","MudSteps156","player_movement","SOURCE_ONLY","audited-only: footstep breadth cut from mobile build",""
"Assets/Footsteps Pack Expanded/SingleSteps/MudSteps/MudSteps157.wav","MudSteps157","player_movement","SOURCE_ONLY","audited-only: footstep breadth cut from mobile build",""
"Assets/Footsteps Pack Expanded/SingleSteps/MudSteps/MudSteps158.wav","MudSteps158","player_movement","SOURCE_ONLY","audited-only: footstep breadth cut from mobile build",""
"Assets/Footsteps Pack Expanded/SingleSteps/MudSteps/MudSteps159.wav","MudSteps159","player_movement","SOURCE_ONLY","audited-only: footstep breadth cut from mobile build",""
"Assets/Footsteps Pack Expanded/SingleSteps/MudSteps/MudSteps16.wav","MudSteps16","player_movement","SOURCE_ONLY","audited-only: footstep breadth cut from mobile build",""
"Assets/Footsteps Pack Expanded/SingleSteps/MudSteps/MudSteps160.wav","MudSteps160","player_movement","SOURCE_ONLY","audited-only: footstep breadth cut from mobile build",""
"Assets/Footsteps Pack Expanded/SingleSteps/MudSteps/MudSteps161.wav","MudSteps161","player_movement","SOURCE_ONLY","audited-only: footstep breadth cut from mobile build",""
"Assets/Footsteps Pack Expanded/SingleSteps/MudSteps/MudSteps162.wav","MudSteps162","player_movement","SOURCE_ONLY","audited-only: footstep breadth cut from mobile build",""
"Assets/Footsteps Pack Expanded/SingleSteps/MudSteps/MudSteps163.wav","MudSteps163","player_movement","SOURCE_ONLY","audited-only: footstep breadth cut from mobile build",""
"Assets/Footsteps Pack Expanded/SingleSteps/MudSteps/MudSteps164.wav","MudSteps164","player_movement","SOURCE_ONLY","audited-only: footstep breadth cut from mobile build",""
"Assets/Footsteps Pack Expanded/SingleSteps/MudSteps/MudSteps165.wav","MudSteps165","player_movement","SOURCE_ONLY","audited-only: footstep breadth cut from mobile build",""
"Assets/Footsteps Pack Expanded/SingleSteps/MudSteps/MudSteps166.wav","MudSteps166","player_movement","SOURCE_ONLY","audited-only: footstep breadth cut from mobile build",""
"Assets/Footsteps Pack Expanded/SingleSteps/MudSteps/MudSteps167.wav","MudSteps167","player_movement","SOURCE_ONLY","audited-only: footstep breadth cut from mobile build",""
"Assets/Footsteps Pack Expanded/SingleSteps/MudSteps/MudSteps168.wav","MudSteps168","player_movement","SOURCE_ONLY","audited-only: footstep breadth cut from mobile build",""
"Assets/Footsteps Pack Expanded/SingleSteps/MudSteps/MudSteps169.wav","MudSteps169","player_movement","SOURCE_ONLY","audited-only: footstep breadth cut from mobile build",""
"Assets/Footsteps Pack Expanded/SingleSteps/MudSteps/MudSteps17.wav","MudSteps17","player_movement","SOURCE_ONLY","audited-only: footstep breadth cut from mobile build",""
"Assets/Footsteps Pack Expanded/SingleSteps/MudSteps/MudSteps170.wav","MudSteps170","player_movement","SOURCE_ONLY","audited-only: footstep breadth cut from mobile build",""
"Assets/Footsteps Pack Expanded/SingleSteps/MudSteps/MudSteps171.wav","MudSteps171","player_movement","SOURCE_ONLY","audited-only: footstep breadth cut from mobile build",""
"Assets/Footsteps Pack Expanded/SingleSteps/MudSteps/MudSteps172.wav","MudSteps172","player_movement","SOURCE_ONLY","audited-only: footstep breadth cut from mobile build",""
"Assets/Footsteps Pack Expanded/SingleSteps/MudSteps/MudSteps173.wav","MudSteps173","player_movement","SOURCE_ONLY","audited-only: footstep breadth cut from mobile build",""
"Assets/Footsteps Pack Expanded/SingleSteps/MudSteps/MudSteps174.wav","MudSteps174","player_movement","SOURCE_ONLY","audited-only: footstep breadth cut from mobile build",""
"Assets/Footsteps Pack Expanded/SingleSteps/MudSteps/MudSteps175.wav","MudSteps175","player_movement","SOURCE_ONLY","audited-only: footstep breadth cut from mobile build",""
"Assets/Footsteps Pack Expanded/SingleSteps/MudSteps/MudSteps176.wav","MudSteps176","player_movement","SOURCE_ONLY","audited-only: footstep breadth cut from mobile build",""
"Assets/Footsteps Pack Expanded/SingleSteps/MudSteps/MudSteps177.wav","MudSteps177","player_movement","SOURCE_ONLY","audited-only: footstep breadth cut from mobile build",""
"Assets/Footsteps Pack Expanded/SingleSteps/MudSteps/MudSteps178.wav","MudSteps178","player_movement","SOURCE_ONLY","audited-only: footstep breadth cut from mobile build",""
"Assets/Footsteps Pack Expanded/SingleSteps/MudSteps/MudSteps179.wav","MudSteps179","player_movement","SOURCE_ONLY","audited-only: footstep breadth cut from mobile build",""
"Assets/Footsteps Pack Expanded/SingleSteps/MudSteps/MudSteps18.wav","MudSteps18","player_movement","SOURCE_ONLY","audited-only: footstep breadth cut from mobile build",""
"Assets/Footsteps Pack Expanded/SingleSteps/MudSteps/MudSteps180.wav","MudSteps180","player_movement","SOURCE_ONLY","audited-only: footstep breadth cut from mobile build",""
"Assets/Footsteps Pack Expanded/SingleSteps/MudSteps/MudSteps181.wav","MudSteps181","player_movement","SOURCE_ONLY","audited-only: footstep breadth cut from mobile build",""
"Assets/Footsteps Pack Expanded/SingleSteps/MudSteps/MudSteps182.wav","MudSteps182","player_movement","SOURCE_ONLY","audited-only: footstep breadth cut from mobile build",""
"Assets/Footsteps Pack Expanded/SingleSteps/MudSteps/MudSteps183.wav","MudSteps183","player_movement","SOURCE_ONLY","audited-only: footstep breadth cut from mobile build",""
"Assets/Footsteps Pack Expanded/SingleSteps/MudSteps/MudSteps184.wav","MudSteps184","player_movement","SOURCE_ONLY","audited-only: footstep breadth cut from mobile build",""
"Assets/Footsteps Pack Expanded/SingleSteps/MudSteps/MudSteps185.wav","MudSteps185","player_movement","SOURCE_ONLY","audited-only: footstep breadth cut from mobile build",""
"Assets/Footsteps Pack Expanded/SingleSteps/MudSteps/MudSteps186.wav","MudSteps186","player_movement","SOURCE_ONLY","audited-only: footstep breadth cut from mobile build",""
"Assets/Footsteps Pack Expanded/SingleSteps/MudSteps/MudSteps187.wav","MudSteps187","player_movement","SOURCE_ONLY","audited-only: footstep breadth cut from mobile build",""
"Assets/Footsteps Pack Expanded/SingleSteps/MudSteps/MudSteps188.wav","MudSteps188","player_movement","SOURCE_ONLY","audited-only: footstep breadth cut from mobile build",""
"Assets/Footsteps Pack Expanded/SingleSteps/MudSteps/MudSteps189.wav","MudSteps189","player_movement","SOURCE_ONLY","audited-only: footstep breadth cut from mobile build",""
"Assets/Footsteps Pack Expanded/SingleSteps/MudSteps/MudSteps19.wav","MudSteps19","player_movement","SOURCE_ONLY","audited-only: footstep breadth cut from mobile build",""
"Assets/Footsteps Pack Expanded/SingleSteps/MudSteps/MudSteps190.wav","MudSteps190","player_movement","SOURCE_ONLY","audited-only: footstep breadth cut from mobile build",""
"Assets/Footsteps Pack Expanded/SingleSteps/MudSteps/MudSteps191.wav","MudSteps191","player_movement","SOURCE_ONLY","audited-only: footstep breadth cut from mobile build",""
"Assets/Footsteps Pack Expanded/SingleSteps/MudSteps/MudSteps192.wav","MudSteps192","player_movement","SOURCE_ONLY","audited-only: footstep breadth cut from mobile build",""
"Assets/Footsteps Pack Expanded/SingleSteps/MudSteps/MudSteps193.wav","MudSteps193","player_movement","SOURCE_ONLY","audited-only: footstep breadth cut from mobile build",""
"Assets/Footsteps Pack Expanded/SingleSteps/MudSteps/MudSteps194.wav","MudSteps194","player_movement","SOURCE_ONLY","audited-only: footstep breadth cut from mobile build",""
"Assets/Footsteps Pack Expanded/SingleSteps/MudSteps/MudSteps195.wav","MudSteps195","player_movement","SOURCE_ONLY","audited-only: footstep breadth cut from mobile build",""
"Assets/Footsteps Pack Expanded/SingleSteps/MudSteps/MudSteps196.wav","MudSteps196","player_movement","SOURCE_ONLY","audited-only: footstep breadth cut from mobile build",""
"Assets/Footsteps Pack Expanded/SingleSteps/MudSteps/MudSteps197.wav","MudSteps197","player_movement","SOURCE_ONLY","audited-only: footstep breadth cut from mobile build",""
"Assets/Footsteps Pack Expanded/SingleSteps/MudSteps/MudSteps198.wav","MudSteps198","player_movement","SOURCE_ONLY","audited-only: footstep breadth cut from mobile build",""
"Assets/Footsteps Pack Expanded/SingleSteps/MudSteps/MudSteps199.wav","MudSteps199","player_movement","SOURCE_ONLY","audited-only: footstep breadth cut from mobile build",""
"Assets/Footsteps Pack Expanded/SingleSteps/MudSteps/MudSteps20.wav","MudSteps20","player_movement","SOURCE_ONLY","audited-only: footstep breadth cut from mobile build",""
"Assets/Footsteps Pack Expanded/SingleSteps/MudSteps/MudSteps200.wav","MudSteps200","player_movement","SOURCE_ONLY","audited-only: footstep breadth cut from mobile build",""
"Assets/Footsteps Pack Expanded/SingleSteps/MudSteps/MudSteps201.wav","MudSteps201","player_movement","SOURCE_ONLY","audited-only: footstep breadth cut from mobile build",""
"Assets/Footsteps Pack Expanded/SingleSteps/MudSteps/MudSteps202.wav","MudSteps202","player_movement","SOURCE_ONLY","audited-only: footstep breadth cut from mobile build",""
"Assets/Footsteps Pack Expanded/SingleSteps/MudSteps/MudSteps203.wav","MudSteps203","player_movement","SOURCE_ONLY","audited-only: footstep breadth cut from mobile build",""
"Assets/Footsteps Pack Expanded/SingleSteps/MudSteps/MudSteps204.wav","MudSteps204","player_movement","SOURCE_ONLY","audited-only: footstep breadth cut from mobile build",""
"Assets/Footsteps Pack Expanded/SingleSteps/MudSteps/MudSteps205.wav","MudSteps205","player_movement","SOURCE_ONLY","audited-only: footstep breadth cut from mobile build",""
"Assets/Footsteps Pack Expanded/SingleSteps/MudSteps/MudSteps206.wav","MudSteps206","player_movement","SOURCE_ONLY","audited-only: footstep breadth cut from mobile build",""
"Assets/Footsteps Pack Expanded/SingleSteps/MudSteps/MudSteps207.wav","MudSteps207","player_movement","SOURCE_ONLY","audited-only: footstep breadth cut from mobile build",""
"Assets/Footsteps Pack Expanded/SingleSteps/MudSteps/MudSteps208.wav","MudSteps208","player_movement","SOURCE_ONLY","audited-only: footstep breadth cut from mobile build",""
"Assets/Footsteps Pack Expanded/SingleSteps/MudSteps/MudSteps209.wav","MudSteps209","player_movement","SOURCE_ONLY","audited-only: footstep breadth cut from mobile build",""
"Assets/Footsteps Pack Expanded/SingleSteps/MudSteps/MudSteps21.wav","MudSteps21","player_movement","SOURCE_ONLY","audited-only: footstep breadth cut from mobile build",""
"Assets/Footsteps Pack Expanded/SingleSteps/MudSteps/MudSteps210.wav","MudSteps210","player_movement","SOURCE_ONLY","audited-only: footstep breadth cut from mobile build",""
"Assets/Footsteps Pack Expanded/SingleSteps/MudSteps/MudSteps211.wav","MudSteps211","player_movement","SOURCE_ONLY","audited-only: footstep breadth cut from mobile build",""
"Assets/Footsteps Pack Expanded/SingleSteps/MudSteps/MudSteps212.wav","MudSteps212","player_movement","SOURCE_ONLY","audited-only: footstep breadth cut from mobile build",""
"Assets/Footsteps Pack Expanded/SingleSteps/MudSteps/MudSteps213.wav","MudSteps213","player_movement","SOURCE_ONLY","audited-only: footstep breadth cut from mobile build",""
"Assets/Footsteps Pack Expanded/SingleSteps/MudSteps/MudSteps214.wav","MudSteps214","player_movement","SOURCE_ONLY","audited-only: footstep breadth cut from mobile build",""
"Assets/Footsteps Pack Expanded/SingleSteps/MudSteps/MudSteps215.wav","MudSteps215","player_movement","SOURCE_ONLY","audited-only: footstep breadth cut from mobile build",""
"Assets/Footsteps Pack Expanded/SingleSteps/MudSteps/MudSteps216.wav","MudSteps216","player_movement","SOURCE_ONLY","audited-only: footstep breadth cut from mobile build",""
"Assets/Footsteps Pack Expanded/SingleSteps/MudSteps/MudSteps217.wav","MudSteps217","player_movement","SOURCE_ONLY","audited-only: footstep breadth cut from mobile build",""
"Assets/Footsteps Pack Expanded/SingleSteps/MudSteps/MudSteps218.wav","MudSteps218","player_movement","SOURCE_ONLY","audited-only: footstep breadth cut from mobile build",""
"Assets/Footsteps Pack Expanded/SingleSteps/MudSteps/MudSteps219.wav","MudSteps219","player_movement","SOURCE_ONLY","audited-only: footstep breadth cut from mobile build",""
"Assets/Footsteps Pack Expanded/SingleSteps/MudSteps/MudSteps22.wav","MudSteps22","player_movement","SOURCE_ONLY","audited-only: footstep breadth cut from mobile build",""
"Assets/Footsteps Pack Expanded/SingleSteps/MudSteps/MudSteps220.wav","MudSteps220","player_movement","SOURCE_ONLY","audited-only: footstep breadth cut from mobile build",""
"Assets/Footsteps Pack Expanded/SingleSteps/MudSteps/MudSteps221.wav","MudSteps221","player_movement","SOURCE_ONLY","audited-only: footstep breadth cut from mobile build",""
"Assets/Footsteps Pack Expanded/SingleSteps/MudSteps/MudSteps222.wav","MudSteps222","player_movement","SOURCE_ONLY","audited-only: footstep breadth cut from mobile build",""
"Assets/Footsteps Pack Expanded/SingleSteps/MudSteps/MudSteps223.wav","MudSteps223","player_movement","SOURCE_ONLY","audited-only: footstep breadth cut from mobile build",""
"Assets/Footsteps Pack Expanded/SingleSteps/MudSteps/MudSteps224.wav","MudSteps224","player_movement","SOURCE_ONLY","audited-only: footstep breadth cut from mobile build",""
"Assets/Footsteps Pack Expanded/SingleSteps/MudSteps/MudSteps225.wav","MudSteps225","player_movement","SOURCE_ONLY","audited-only: footstep breadth cut from mobile build",""
"Assets/Footsteps Pack Expanded/SingleSteps/MudSteps/MudSteps226.wav","MudSteps226","player_movement","SOURCE_ONLY","audited-only: footstep breadth cut from mobile build",""
"Assets/Footsteps Pack Expanded/SingleSteps/MudSteps/MudSteps227.wav","MudSteps227","player_movement","SOURCE_ONLY","audited-only: footstep breadth cut from mobile build",""
"Assets/Footsteps Pack Expanded/SingleSteps/MudSteps/MudSteps228.wav","MudSteps228","player_movement","SOURCE_ONLY","audited-only: footstep breadth cut from mobile build",""
"Assets/Footsteps Pack Expanded/SingleSteps/MudSteps/MudSteps229.wav","MudSteps229","player_movement","SOURCE_ONLY","audited-only: footstep breadth cut from mobile build",""
"Assets/Footsteps Pack Expanded/SingleSteps/MudSteps/MudSteps23.wav","MudSteps23","player_movement","SOURCE_ONLY","audited-only: footstep breadth cut from mobile build",""
"Assets/Footsteps Pack Expanded/SingleSteps/MudSteps/MudSteps230.wav","MudSteps230","player_movement","SOURCE_ONLY","audited-only: footstep breadth cut from mobile build",""
"Assets/Footsteps Pack Expanded/SingleSteps/MudSteps/MudSteps231.wav","MudSteps231","player_movement","SOURCE_ONLY","audited-only: footstep breadth cut from mobile build",""
"Assets/Footsteps Pack Expanded/SingleSteps/MudSteps/MudSteps232.wav","MudSteps232","player_movement","SOURCE_ONLY","audited-only: footstep breadth cut from mobile build",""
"Assets/Footsteps Pack Expanded/SingleSteps/MudSteps/MudSteps233.wav","MudSteps233","player_movement","SOURCE_ONLY","audited-only: footstep breadth cut from mobile build",""
"Assets/Footsteps Pack Expanded/SingleSteps/MudSteps/MudSteps234.wav","MudSteps234","player_movement","SOURCE_ONLY","audited-only: footstep breadth cut from mobile build",""
"Assets/Footsteps Pack Expanded/SingleSteps/MudSteps/MudSteps235.wav","MudSteps235","player_movement","SOURCE_ONLY","audited-only: footstep breadth cut from mobile build",""
"Assets/Footsteps Pack Expanded/SingleSteps/MudSteps/MudSteps236.wav","MudSteps236","player_movement","SOURCE_ONLY","audited-only: footstep breadth cut from mobile build",""
"Assets/Footsteps Pack Expanded/SingleSteps/MudSteps/MudSteps237.wav","MudSteps237","player_movement","SOURCE_ONLY","audited-only: footstep breadth cut from mobile build",""
"Assets/Footsteps Pack Expanded/SingleSteps/MudSteps/MudSteps238.wav","MudSteps238","player_movement","SOURCE_ONLY","audited-only: footstep breadth cut from mobile build",""
"Assets/Footsteps Pack Expanded/SingleSteps/MudSteps/MudSteps239.wav","MudSteps239","player_movement","SOURCE_ONLY","audited-only: footstep breadth cut from mobile build",""
"Assets/Footsteps Pack Expanded/SingleSteps/MudSteps/MudSteps24.wav","MudSteps24","player_movement","SOURCE_ONLY","audited-only: footstep breadth cut from mobile build",""
"Assets/Footsteps Pack Expanded/SingleSteps/MudSteps/MudSteps240.wav","MudSteps240","player_movement","SOURCE_ONLY","audited-only: footstep breadth cut from mobile build",""
"Assets/Footsteps Pack Expanded/SingleSteps/MudSteps/MudSteps241.wav","MudSteps241","player_movement","SOURCE_ONLY","audited-only: footstep breadth cut from mobile build",""
"Assets/Footsteps Pack Expanded/SingleSteps/MudSteps/MudSteps242.wav","MudSteps242","player_movement","SOURCE_ONLY","audited-only: footstep breadth cut from mobile build",""
"Assets/Footsteps Pack Expanded/SingleSteps/MudSteps/MudSteps243.wav","MudSteps243","player_movement","SOURCE_ONLY","audited-only: footstep breadth cut from mobile build",""
"Assets/Footsteps Pack Expanded/SingleSteps/MudSteps/MudSteps244.wav","MudSteps244","player_movement","SOURCE_ONLY","audited-only: footstep breadth cut from mobile build",""
"Assets/Footsteps Pack Expanded/SingleSteps/MudSteps/MudSteps245.wav","MudSteps245","player_movement","SOURCE_ONLY","audited-only: footstep breadth cut from mobile build",""
"Assets/Footsteps Pack Expanded/SingleSteps/MudSteps/MudSteps246.wav","MudSteps246","player_movement","SOURCE_ONLY","audited-only: footstep breadth cut from mobile build",""
"Assets/Footsteps Pack Expanded/SingleSteps/MudSteps/MudSteps247.wav","MudSteps247","player_movement","SOURCE_ONLY","audited-only: footstep breadth cut from mobile build",""
"Assets/Footsteps Pack Expanded/SingleSteps/MudSteps/MudSteps248.wav","MudSteps248","player_movement","SOURCE_ONLY","audited-only: footstep breadth cut from mobile build",""
"Assets/Footsteps Pack Expanded/SingleSteps/MudSteps/MudSteps249.wav","MudSteps249","player_movement","SOURCE_ONLY","audited-only: footstep breadth cut from mobile build",""
"Assets/Footsteps Pack Expanded/SingleSteps/MudSteps/MudSteps25.wav","MudSteps25","player_movement","SOURCE_ONLY","audited-only: footstep breadth cut from mobile build",""
"Assets/Footsteps Pack Expanded/SingleSteps/MudSteps/MudSteps250.wav","MudSteps250","player_movement","SOURCE_ONLY","audited-only: footstep breadth cut from mobile build",""
"Assets/Footsteps Pack Expanded/SingleSteps/MudSteps/MudSteps251.wav","MudSteps251","player_movement","SOURCE_ONLY","audited-only: footstep breadth cut from mobile build",""
"Assets/Footsteps Pack Expanded/SingleSteps/MudSteps/MudSteps252.wav","MudSteps252","player_movement","SOURCE_ONLY","audited-only: footstep breadth cut from mobile build",""
"Assets/Footsteps Pack Expanded/SingleSteps/MudSteps/MudSteps253.wav","MudSteps253","player_movement","SOURCE_ONLY","audited-only: footstep breadth cut from mobile build",""
"Assets/Footsteps Pack Expanded/SingleSteps/MudSteps/MudSteps254.wav","MudSteps254","player_movement","SOURCE_ONLY","audited-only: footstep breadth cut from mobile build",""
"Assets/Footsteps Pack Expanded/SingleSteps/MudSteps/MudSteps255.wav","MudSteps255","player_movement","SOURCE_ONLY","audited-only: footstep breadth cut from mobile build",""
"Assets/Footsteps Pack Expanded/SingleSteps/MudSteps/MudSteps256.wav","MudSteps256","player_movement","SOURCE_ONLY","audited-only: footstep breadth cut from mobile build",""
"Assets/Footsteps Pack Expanded/SingleSteps/MudSteps/MudSteps257.wav","MudSteps257","player_movement","SOURCE_ONLY","audited-only: footstep breadth cut from mobile build",""
"Assets/Footsteps Pack Expanded/SingleSteps/MudSteps/MudSteps258.wav","MudSteps258","player_movement","SOURCE_ONLY","audited-only: footstep breadth cut from mobile build",""
"Assets/Footsteps Pack Expanded/SingleSteps/MudSteps/MudSteps259.wav","MudSteps259","player_movement","SOURCE_ONLY","audited-only: footstep breadth cut from mobile build",""
"Assets/Footsteps Pack Expanded/SingleSteps/MudSteps/MudSteps26.wav","MudSteps26","player_movement","SOURCE_ONLY","audited-only: footstep breadth cut from mobile build",""
"Assets/Footsteps Pack Expanded/SingleSteps/MudSteps/MudSteps260.wav","MudSteps260","player_movement","SOURCE_ONLY","audited-only: footstep breadth cut from mobile build",""
"Assets/Footsteps Pack Expanded/SingleSteps/MudSteps/MudSteps261.wav","MudSteps261","player_movement","SOURCE_ONLY","audited-only: footstep breadth cut from mobile build",""
"Assets/Footsteps Pack Expanded/SingleSteps/MudSteps/MudSteps262.wav","MudSteps262","player_movement","SOURCE_ONLY","audited-only: footstep breadth cut from mobile build",""
"Assets/Footsteps Pack Expanded/SingleSteps/MudSteps/MudSteps263.wav","MudSteps263","player_movement","SOURCE_ONLY","audited-only: footstep breadth cut from mobile build",""
"Assets/Footsteps Pack Expanded/SingleSteps/MudSteps/MudSteps264.wav","MudSteps264","player_movement","SOURCE_ONLY","audited-only: footstep breadth cut from mobile build",""
"Assets/Footsteps Pack Expanded/SingleSteps/MudSteps/MudSteps265.wav","MudSteps265","player_movement","SOURCE_ONLY","audited-only: footstep breadth cut from mobile build",""
"Assets/Footsteps Pack Expanded/SingleSteps/MudSteps/MudSteps266.wav","MudSteps266","player_movement","SOURCE_ONLY","audited-only: footstep breadth cut from mobile build",""
"Assets/Footsteps Pack Expanded/SingleSteps/MudSteps/MudSteps267.wav","MudSteps267","player_movement","SOURCE_ONLY","audited-only: footstep breadth cut from mobile build",""
"Assets/Footsteps Pack Expanded/SingleSteps/MudSteps/MudSteps268.wav","MudSteps268","player_movement","SOURCE_ONLY","audited-only: footstep breadth cut from mobile build",""
"Assets/Footsteps Pack Expanded/SingleSteps/MudSteps/MudSteps269.wav","MudSteps269","player_movement","SOURCE_ONLY","audited-only: footstep breadth cut from mobile build",""
"Assets/Footsteps Pack Expanded/SingleSteps/MudSteps/MudSteps27.wav","MudSteps27","player_movement","SOURCE_ONLY","audited-only: footstep breadth cut from mobile build",""
"Assets/Footsteps Pack Expanded/SingleSteps/MudSteps/MudSteps270.wav","MudSteps270","player_movement","SOURCE_ONLY","audited-only: footstep breadth cut from mobile build",""
"Assets/Footsteps Pack Expanded/SingleSteps/MudSteps/MudSteps271.wav","MudSteps271","player_movement","SOURCE_ONLY","audited-only: footstep breadth cut from mobile build",""
"Assets/Footsteps Pack Expanded/SingleSteps/MudSteps/MudSteps272.wav","MudSteps272","player_movement","SOURCE_ONLY","audited-only: footstep breadth cut from mobile build",""
"Assets/Footsteps Pack Expanded/SingleSteps/MudSteps/MudSteps273.wav","MudSteps273","player_movement","SOURCE_ONLY","audited-only: footstep breadth cut from mobile build",""
"Assets/Footsteps Pack Expanded/SingleSteps/MudSteps/MudSteps274.wav","MudSteps274","player_movement","SOURCE_ONLY","audited-only: footstep breadth cut from mobile build",""
"Assets/Footsteps Pack Expanded/SingleSteps/MudSteps/MudSteps275.wav","MudSteps275","player_movement","SOURCE_ONLY","audited-only: footstep breadth cut from mobile build",""
"Assets/Footsteps Pack Expanded/SingleSteps/MudSteps/MudSteps276.wav","MudSteps276","player_movement","SOURCE_ONLY","audited-only: footstep breadth cut from mobile build",""
"Assets/Footsteps Pack Expanded/SingleSteps/MudSteps/MudSteps277.wav","MudSteps277","player_movement","SOURCE_ONLY","audited-only: footstep breadth cut from mobile build",""
"Assets/Footsteps Pack Expanded/SingleSteps/MudSteps/MudSteps278.wav","MudSteps278","player_movement","SOURCE_ONLY","audited-only: footstep breadth cut from mobile build",""
"Assets/Footsteps Pack Expanded/SingleSteps/MudSteps/MudSteps279.wav","MudSteps279","player_movement","SOURCE_ONLY","audited-only: footstep breadth cut from mobile build",""
"Assets/Footsteps Pack Expanded/SingleSteps/MudSteps/MudSteps28.wav","MudSteps28","player_movement","SOURCE_ONLY","audited-only: footstep breadth cut from mobile build",""
"Assets/Footsteps Pack Expanded/SingleSteps/MudSteps/MudSteps280.wav","MudSteps280","player_movement","SOURCE_ONLY","audited-only: footstep breadth cut from mobile build",""
"Assets/Footsteps Pack Expanded/SingleSteps/MudSteps/MudSteps281.wav","MudSteps281","player_movement","SOURCE_ONLY","audited-only: footstep breadth cut from mobile build",""
"Assets/Footsteps Pack Expanded/SingleSteps/MudSteps/MudSteps282.wav","MudSteps282","player_movement","SOURCE_ONLY","audited-only: footstep breadth cut from mobile build",""
"Assets/Footsteps Pack Expanded/SingleSteps/MudSteps/MudSteps283.wav","MudSteps283","player_movement","SOURCE_ONLY","audited-only: footstep breadth cut from mobile build",""
"Assets/Footsteps Pack Expanded/SingleSteps/MudSteps/MudSteps284.wav","MudSteps284","player_movement","SOURCE_ONLY","audited-only: footstep breadth cut from mobile build",""
"Assets/Footsteps Pack Expanded/SingleSteps/MudSteps/MudSteps285.wav","MudSteps285","player_movement","SOURCE_ONLY","audited-only: footstep breadth cut from mobile build",""
"Assets/Footsteps Pack Expanded/SingleSteps/MudSteps/MudSteps286.wav","MudSteps286","player_movement","SOURCE_ONLY","audited-only: footstep breadth cut from mobile build",""
"Assets/Footsteps Pack Expanded/SingleSteps/MudSteps/MudSteps287.wav","MudSteps287","player_movement","SOURCE_ONLY","audited-only: footstep breadth cut from mobile build",""
"Assets/Footsteps Pack Expanded/SingleSteps/MudSteps/MudSteps288.wav","MudSteps288","player_movement","SOURCE_ONLY","audited-only: footstep breadth cut from mobile build",""
"Assets/Footsteps Pack Expanded/SingleSteps/MudSteps/MudSteps289.wav","MudSteps289","player_movement","SOURCE_ONLY","audited-only: footstep breadth cut from mobile build",""
"Assets/Footsteps Pack Expanded/SingleSteps/MudSteps/MudSteps29.wav","MudSteps29","player_movement","SOURCE_ONLY","audited-only: footstep breadth cut from mobile build",""
"Assets/Footsteps Pack Expanded/SingleSteps/MudSteps/MudSteps290.wav","MudSteps290","player_movement","SOURCE_ONLY","audited-only: footstep breadth cut from mobile build",""
"Assets/Footsteps Pack Expanded/SingleSteps/MudSteps/MudSteps291.wav","MudSteps291","player_movement","SOURCE_ONLY","audited-only: footstep breadth cut from mobile build",""
"Assets/Footsteps Pack Expanded/SingleSteps/MudSteps/MudSteps292.wav","MudSteps292","player_movement","SOURCE_ONLY","audited-only: footstep breadth cut from mobile build",""
"Assets/Footsteps Pack Expanded/SingleSteps/MudSteps/MudSteps293.wav","MudSteps293","player_movement","SOURCE_ONLY","audited-only: footstep breadth cut from mobile build",""
"Assets/Footsteps Pack Expanded/SingleSteps/MudSteps/MudSteps294.wav","MudSteps294","player_movement","SOURCE_ONLY","audited-only: footstep breadth cut from mobile build",""
"Assets/Footsteps Pack Expanded/SingleSteps/MudSteps/MudSteps295.wav","MudSteps295","player_movement","SOURCE_ONLY","audited-only: footstep breadth cut from mobile build",""
"Assets/Footsteps Pack Expanded/SingleSteps/MudSteps/MudSteps296.wav","MudSteps296","player_movement","SOURCE_ONLY","audited-only: footstep breadth cut from mobile build",""
"Assets/Footsteps Pack Expanded/SingleSteps/MudSteps/MudSteps297.wav","MudSteps297","player_movement","SOURCE_ONLY","audited-only: footstep breadth cut from mobile build",""
"Assets/Footsteps Pack Expanded/SingleSteps/MudSteps/MudSteps298.wav","MudSteps298","player_movement","SOURCE_ONLY","audited-only: footstep breadth cut from mobile build",""
"Assets/Footsteps Pack Expanded/SingleSteps/MudSteps/MudSteps299.wav","MudSteps299","player_movement","SOURCE_ONLY","audited-only: footstep breadth cut from mobile build",""
"Assets/Footsteps Pack Expanded/SingleSteps/MudSteps/MudSteps30.wav","MudSteps30","player_movement","SOURCE_ONLY","audited-only: footstep breadth cut from mobile build",""
"Assets/Footsteps Pack Expanded/SingleSteps/MudSteps/MudSteps300.wav","MudSteps300","player_movement","SOURCE_ONLY","audited-only: footstep breadth cut from mobile build",""
"Assets/Footsteps Pack Expanded/SingleSteps/MudSteps/MudSteps301.wav","MudSteps301","player_movement","SOURCE_ONLY","audited-only: footstep breadth cut from mobile build",""
"Assets/Footsteps Pack Expanded/SingleSteps/MudSteps/MudSteps302.wav","MudSteps302","player_movement","SOURCE_ONLY","audited-only: footstep breadth cut from mobile build",""
"Assets/Footsteps Pack Expanded/SingleSteps/MudSteps/MudSteps303.wav","MudSteps303","player_movement","SOURCE_ONLY","audited-only: footstep breadth cut from mobile build",""
"Assets/Footsteps Pack Expanded/SingleSteps/MudSteps/MudSteps304.wav","MudSteps304","player_movement","SOURCE_ONLY","audited-only: footstep breadth cut from mobile build",""
"Assets/Footsteps Pack Expanded/SingleSteps/MudSteps/MudSteps305.wav","MudSteps305","player_movement","SOURCE_ONLY","audited-only: footstep breadth cut from mobile build",""
"Assets/Footsteps Pack Expanded/SingleSteps/MudSteps/MudSteps306.wav","MudSteps306","player_movement","SOURCE_ONLY","audited-only: footstep breadth cut from mobile build",""
"Assets/Footsteps Pack Expanded/SingleSteps/MudSteps/MudSteps307.wav","MudSteps307","player_movement","SOURCE_ONLY","audited-only: footstep breadth cut from mobile build",""
"Assets/Footsteps Pack Expanded/SingleSteps/MudSteps/MudSteps308.wav","MudSteps308","player_movement","SOURCE_ONLY","audited-only: footstep breadth cut from mobile build",""
"Assets/Footsteps Pack Expanded/SingleSteps/MudSteps/MudSteps309.wav","MudSteps309","player_movement","SOURCE_ONLY","audited-only: footstep breadth cut from mobile build",""
"Assets/Footsteps Pack Expanded/SingleSteps/MudSteps/MudSteps31.wav","MudSteps31","player_movement","SOURCE_ONLY","audited-only: footstep breadth cut from mobile build",""
"Assets/Footsteps Pack Expanded/SingleSteps/MudSteps/MudSteps310.wav","MudSteps310","player_movement","SOURCE_ONLY","audited-only: footstep breadth cut from mobile build",""
"Assets/Footsteps Pack Expanded/SingleSteps/MudSteps/MudSteps311.wav","MudSteps311","player_movement","SOURCE_ONLY","audited-only: footstep breadth cut from mobile build",""
"Assets/Footsteps Pack Expanded/SingleSteps/MudSteps/MudSteps312.wav","MudSteps312","player_movement","SOURCE_ONLY","audited-only: footstep breadth cut from mobile build",""
"Assets/Footsteps Pack Expanded/SingleSteps/MudSteps/MudSteps313.wav","MudSteps313","player_movement","SOURCE_ONLY","audited-only: footstep breadth cut from mobile build",""
"Assets/Footsteps Pack Expanded/SingleSteps/MudSteps/MudSteps314.wav","MudSteps314","player_movement","SOURCE_ONLY","audited-only: footstep breadth cut from mobile build",""
"Assets/Footsteps Pack Expanded/SingleSteps/MudSteps/MudSteps315.wav","MudSteps315","player_movement","SOURCE_ONLY","audited-only: footstep breadth cut from mobile build",""
"Assets/Footsteps Pack Expanded/SingleSteps/MudSteps/MudSteps316.wav","MudSteps316","player_movement","SOURCE_ONLY","audited-only: footstep breadth cut from mobile build",""
"Assets/Footsteps Pack Expanded/SingleSteps/MudSteps/MudSteps317.wav","MudSteps317","player_movement","SOURCE_ONLY","audited-only: footstep breadth cut from mobile build",""
"Assets/Footsteps Pack Expanded/SingleSteps/MudSteps/MudSteps318.wav","MudSteps318","player_movement","SOURCE_ONLY","audited-only: footstep breadth cut from mobile build",""
"Assets/Footsteps Pack Expanded/SingleSteps/MudSteps/MudSteps319.wav","MudSteps319","player_movement","SOURCE_ONLY","audited-only: footstep breadth cut from mobile build",""
"Assets/Footsteps Pack Expanded/SingleSteps/MudSteps/MudSteps32.wav","MudSteps32","player_movement","SOURCE_ONLY","audited-only: footstep breadth cut from mobile build",""
"Assets/Footsteps Pack Expanded/SingleSteps/MudSteps/MudSteps320.wav","MudSteps320","player_movement","SOURCE_ONLY","audited-only: footstep breadth cut from mobile build",""
"Assets/Footsteps Pack Expanded/SingleSteps/MudSteps/MudSteps321.wav","MudSteps321","player_movement","SOURCE_ONLY","audited-only: footstep breadth cut from mobile build",""
"Assets/Footsteps Pack Expanded/SingleSteps/MudSteps/MudSteps322.wav","MudSteps322","player_movement","SOURCE_ONLY","audited-only: footstep breadth cut from mobile build",""
"Assets/Footsteps Pack Expanded/SingleSteps/MudSteps/MudSteps323.wav","MudSteps323","player_movement","SOURCE_ONLY","audited-only: footstep breadth cut from mobile build",""
"Assets/Footsteps Pack Expanded/SingleSteps/MudSteps/MudSteps324.wav","MudSteps324","player_movement","SOURCE_ONLY","audited-only: footstep breadth cut from mobile build",""
"Assets/Footsteps Pack Expanded/SingleSteps/MudSteps/MudSteps325.wav","MudSteps325","player_movement","SOURCE_ONLY","audited-only: footstep breadth cut from mobile build",""
"Assets/Footsteps Pack Expanded/SingleSteps/MudSteps/MudSteps326.wav","MudSteps326","player_movement","SOURCE_ONLY","audited-only: footstep breadth cut from mobile build",""
"Assets/Footsteps Pack Expanded/SingleSteps/MudSteps/MudSteps327.wav","MudSteps327","player_movement","SOURCE_ONLY","audited-only: footstep breadth cut from mobile build",""
"Assets/Footsteps Pack Expanded/SingleSteps/MudSteps/MudSteps328.wav","MudSteps328","player_movement","SOURCE_ONLY","audited-only: footstep breadth cut from mobile build",""
"Assets/Footsteps Pack Expanded/SingleSteps/MudSteps/MudSteps329.wav","MudSteps329","player_movement","SOURCE_ONLY","audited-only: footstep breadth cut from mobile build",""
"Assets/Footsteps Pack Expanded/SingleSteps/MudSteps/MudSteps33.wav","MudSteps33","player_movement","SOURCE_ONLY","audited-only: footstep breadth cut from mobile build",""
"Assets/Footsteps Pack Expanded/SingleSteps/MudSteps/MudSteps330.wav","MudSteps330","player_movement","SOURCE_ONLY","audited-only: footstep breadth cut from mobile build",""
"Assets/Footsteps Pack Expanded/SingleSteps/MudSteps/MudSteps331.wav","MudSteps331","player_movement","SOURCE_ONLY","audited-only: footstep breadth cut from mobile build",""
"Assets/Footsteps Pack Expanded/SingleSteps/MudSteps/MudSteps332.wav","MudSteps332","player_movement","SOURCE_ONLY","audited-only: footstep breadth cut from mobile build",""
"Assets/Footsteps Pack Expanded/SingleSteps/MudSteps/MudSteps333.wav","MudSteps333","player_movement","SOURCE_ONLY","audited-only: footstep breadth cut from mobile build",""
"Assets/Footsteps Pack Expanded/SingleSteps/MudSteps/MudSteps334.wav","MudSteps334","player_movement","SOURCE_ONLY","audited-only: footstep breadth cut from mobile build",""
"Assets/Footsteps Pack Expanded/SingleSteps/MudSteps/MudSteps335.wav","MudSteps335","player_movement","SOURCE_ONLY","audited-only: footstep breadth cut from mobile build",""
"Assets/Footsteps Pack Expanded/SingleSteps/MudSteps/MudSteps336.wav","MudSteps336","player_movement","SOURCE_ONLY","audited-only: footstep breadth cut from mobile build",""
"Assets/Footsteps Pack Expanded/SingleSteps/MudSteps/MudSteps337.wav","MudSteps337","player_movement","SOURCE_ONLY","audited-only: footstep breadth cut from mobile build",""
"Assets/Footsteps Pack Expanded/SingleSteps/MudSteps/MudSteps338.wav","MudSteps338","player_movement","SOURCE_ONLY","audited-only: footstep breadth cut from mobile build",""
"Assets/Footsteps Pack Expanded/SingleSteps/MudSteps/MudSteps339.wav","MudSteps339","player_movement","SOURCE_ONLY","audited-only: footstep breadth cut from mobile build",""
"Assets/Footsteps Pack Expanded/SingleSteps/MudSteps/MudSteps34.wav","MudSteps34","player_movement","SOURCE_ONLY","audited-only: footstep breadth cut from mobile build",""
"Assets/Footsteps Pack Expanded/SingleSteps/MudSteps/MudSteps340.wav","MudSteps340","player_movement","SOURCE_ONLY","audited-only: footstep breadth cut from mobile build",""
"Assets/Footsteps Pack Expanded/SingleSteps/MudSteps/MudSteps341.wav","MudSteps341","player_movement","SOURCE_ONLY","audited-only: footstep breadth cut from mobile build",""
"Assets/Footsteps Pack Expanded/SingleSteps/MudSteps/MudSteps342.wav","MudSteps342","player_movement","SOURCE_ONLY","audited-only: footstep breadth cut from mobile build",""
"Assets/Footsteps Pack Expanded/SingleSteps/MudSteps/MudSteps343.wav","MudSteps343","player_movement","SOURCE_ONLY","audited-only: footstep breadth cut from mobile build",""
"Assets/Footsteps Pack Expanded/SingleSteps/MudSteps/MudSteps344.wav","MudSteps344","player_movement","SOURCE_ONLY","audited-only: footstep breadth cut from mobile build",""
"Assets/Footsteps Pack Expanded/SingleSteps/MudSteps/MudSteps345.wav","MudSteps345","player_movement","SOURCE_ONLY","audited-only: footstep breadth cut from mobile build",""
"Assets/Footsteps Pack Expanded/SingleSteps/MudSteps/MudSteps346.wav","MudSteps346","player_movement","SOURCE_ONLY","audited-only: footstep breadth cut from mobile build",""
"Assets/Footsteps Pack Expanded/SingleSteps/MudSteps/MudSteps347.wav","MudSteps347","player_movement","SOURCE_ONLY","audited-only: footstep breadth cut from mobile build",""
"Assets/Footsteps Pack Expanded/SingleSteps/MudSteps/MudSteps348.wav","MudSteps348","player_movement","SOURCE_ONLY","audited-only: footstep breadth cut from mobile build",""
"Assets/Footsteps Pack Expanded/SingleSteps/MudSteps/MudSteps349.wav","MudSteps349","player_movement","SOURCE_ONLY","audited-only: footstep breadth cut from mobile build",""
"Assets/Footsteps Pack Expanded/SingleSteps/MudSteps/MudSteps35.wav","MudSteps35","player_movement","SOURCE_ONLY","audited-only: footstep breadth cut from mobile build",""
"Assets/Footsteps Pack Expanded/SingleSteps/MudSteps/MudSteps350.wav","MudSteps350","player_movement","SOURCE_ONLY","audited-only: footstep breadth cut from mobile build",""
"Assets/Footsteps Pack Expanded/SingleSteps/MudSteps/MudSteps351.wav","MudSteps351","player_movement","SOURCE_ONLY","audited-only: footstep breadth cut from mobile build",""
"Assets/Footsteps Pack Expanded/SingleSteps/MudSteps/MudSteps352.wav","MudSteps352","player_movement","SOURCE_ONLY","audited-only: footstep breadth cut from mobile build",""
"Assets/Footsteps Pack Expanded/SingleSteps/MudSteps/MudSteps353.wav","MudSteps353","player_movement","SOURCE_ONLY","audited-only: footstep breadth cut from mobile build",""
"Assets/Footsteps Pack Expanded/SingleSteps/MudSteps/MudSteps354.wav","MudSteps354","player_movement","SOURCE_ONLY","audited-only: footstep breadth cut from mobile build",""
"Assets/Footsteps Pack Expanded/SingleSteps/MudSteps/MudSteps36.wav","MudSteps36","player_movement","SOURCE_ONLY","audited-only: footstep breadth cut from mobile build",""
"Assets/Footsteps Pack Expanded/SingleSteps/MudSteps/MudSteps37.wav","MudSteps37","player_movement","SOURCE_ONLY","audited-only: footstep breadth cut from mobile build",""
"Assets/Footsteps Pack Expanded/SingleSteps/MudSteps/MudSteps38.wav","MudSteps38","player_movement","SOURCE_ONLY","audited-only: footstep breadth cut from mobile build",""
"Assets/Footsteps Pack Expanded/SingleSteps/MudSteps/MudSteps39.wav","MudSteps39","player_movement","SOURCE_ONLY","audited-only: footstep breadth cut from mobile build",""
"Assets/Footsteps Pack Expanded/SingleSteps/MudSteps/MudSteps40.wav","MudSteps40","player_movement","SOURCE_ONLY","audited-only: footstep breadth cut from mobile build",""
"Assets/Footsteps Pack Expanded/SingleSteps/MudSteps/MudSteps41.wav","MudSteps41","player_movement","SOURCE_ONLY","audited-only: footstep breadth cut from mobile build",""
"Assets/Footsteps Pack Expanded/SingleSteps/MudSteps/MudSteps42.wav","MudSteps42","player_movement","SOURCE_ONLY","audited-only: footstep breadth cut from mobile build",""
"Assets/Footsteps Pack Expanded/SingleSteps/MudSteps/MudSteps43.wav","MudSteps43","player_movement","SOURCE_ONLY","audited-only: footstep breadth cut from mobile build",""
"Assets/Footsteps Pack Expanded/SingleSteps/MudSteps/MudSteps44.wav","MudSteps44","player_movement","SOURCE_ONLY","audited-only: footstep breadth cut from mobile build",""
"Assets/Footsteps Pack Expanded/SingleSteps/MudSteps/MudSteps45.wav","MudSteps45","player_movement","SOURCE_ONLY","audited-only: footstep breadth cut from mobile build",""
"Assets/Footsteps Pack Expanded/SingleSteps/MudSteps/MudSteps46.wav","MudSteps46","player_movement","SOURCE_ONLY","audited-only: footstep breadth cut from mobile build",""
"Assets/Footsteps Pack Expanded/SingleSteps/MudSteps/MudSteps47.wav","MudSteps47","player_movement","SOURCE_ONLY","audited-only: footstep breadth cut from mobile build",""
"Assets/Footsteps Pack Expanded/SingleSteps/MudSteps/MudSteps48.wav","MudSteps48","player_movement","SOURCE_ONLY","audited-only: footstep breadth cut from mobile build",""
"Assets/Footsteps Pack Expanded/SingleSteps/MudSteps/MudSteps49.wav","MudSteps49","player_movement","SOURCE_ONLY","audited-only: footstep breadth cut from mobile build",""
"Assets/Footsteps Pack Expanded/SingleSteps/MudSteps/MudSteps50.wav","MudSteps50","player_movement","SOURCE_ONLY","audited-only: footstep breadth cut from mobile build",""
"Assets/Footsteps Pack Expanded/SingleSteps/MudSteps/MudSteps51.wav","MudSteps51","player_movement","SOURCE_ONLY","audited-only: footstep breadth cut from mobile build",""
"Assets/Footsteps Pack Expanded/SingleSteps/MudSteps/MudSteps52.wav","MudSteps52","player_movement","SOURCE_ONLY","audited-only: footstep breadth cut from mobile build",""
"Assets/Footsteps Pack Expanded/SingleSteps/MudSteps/MudSteps53.wav","MudSteps53","player_movement","SOURCE_ONLY","audited-only: footstep breadth cut from mobile build",""
"Assets/Footsteps Pack Expanded/SingleSteps/MudSteps/MudSteps54.wav","MudSteps54","player_movement","SOURCE_ONLY","audited-only: footstep breadth cut from mobile build",""
"Assets/Footsteps Pack Expanded/SingleSteps/MudSteps/MudSteps55.wav","MudSteps55","player_movement","SOURCE_ONLY","audited-only: footstep breadth cut from mobile build",""
"Assets/Footsteps Pack Expanded/SingleSteps/MudSteps/MudSteps56.wav","MudSteps56","player_movement","SOURCE_ONLY","audited-only: footstep breadth cut from mobile build",""
"Assets/Footsteps Pack Expanded/SingleSteps/MudSteps/MudSteps57.wav","MudSteps57","player_movement","SOURCE_ONLY","audited-only: footstep breadth cut from mobile build",""
"Assets/Footsteps Pack Expanded/SingleSteps/MudSteps/MudSteps58.wav","MudSteps58","player_movement","SOURCE_ONLY","audited-only: footstep breadth cut from mobile build",""
"Assets/Footsteps Pack Expanded/SingleSteps/MudSteps/MudSteps59.wav","MudSteps59","player_movement","SOURCE_ONLY","audited-only: footstep breadth cut from mobile build",""
"Assets/Footsteps Pack Expanded/SingleSteps/MudSteps/MudSteps60.wav","MudSteps60","player_movement","SOURCE_ONLY","audited-only: footstep breadth cut from mobile build",""
"Assets/Footsteps Pack Expanded/SingleSteps/MudSteps/MudSteps61.wav","MudSteps61","player_movement","SOURCE_ONLY","audited-only: footstep breadth cut from mobile build",""
"Assets/Footsteps Pack Expanded/SingleSteps/MudSteps/MudSteps62.wav","MudSteps62","player_movement","SOURCE_ONLY","audited-only: footstep breadth cut from mobile build",""
"Assets/Footsteps Pack Expanded/SingleSteps/MudSteps/MudSteps63.wav","MudSteps63","player_movement","SOURCE_ONLY","audited-only: footstep breadth cut from mobile build",""
"Assets/Footsteps Pack Expanded/SingleSteps/MudSteps/MudSteps64.wav","MudSteps64","player_movement","SOURCE_ONLY","audited-only: footstep breadth cut from mobile build",""
"Assets/Footsteps Pack Expanded/SingleSteps/MudSteps/MudSteps65.wav","MudSteps65","player_movement","SOURCE_ONLY","audited-only: footstep breadth cut from mobile build",""
"Assets/Footsteps Pack Expanded/SingleSteps/MudSteps/MudSteps66.wav","MudSteps66","player_movement","SOURCE_ONLY","audited-only: footstep breadth cut from mobile build",""
"Assets/Footsteps Pack Expanded/SingleSteps/MudSteps/MudSteps67.wav","MudSteps67","player_movement","SOURCE_ONLY","audited-only: footstep breadth cut from mobile build",""
"Assets/Footsteps Pack Expanded/SingleSteps/MudSteps/MudSteps68.wav","MudSteps68","player_movement","SOURCE_ONLY","audited-only: footstep breadth cut from mobile build",""
"Assets/Footsteps Pack Expanded/SingleSteps/MudSteps/MudSteps69.wav","MudSteps69","player_movement","SOURCE_ONLY","audited-only: footstep breadth cut from mobile build",""
"Assets/Footsteps Pack Expanded/SingleSteps/MudSteps/MudSteps70.wav","MudSteps70","player_movement","SOURCE_ONLY","audited-only: footstep breadth cut from mobile build",""
"Assets/Footsteps Pack Expanded/SingleSteps/MudSteps/MudSteps71.wav","MudSteps71","player_movement","SOURCE_ONLY","audited-only: footstep breadth cut from mobile build",""
"Assets/Footsteps Pack Expanded/SingleSteps/MudSteps/MudSteps72.wav","MudSteps72","player_movement","SOURCE_ONLY","audited-only: footstep breadth cut from mobile build",""
"Assets/Footsteps Pack Expanded/SingleSteps/MudSteps/MudSteps73.wav","MudSteps73","player_movement","SOURCE_ONLY","audited-only: footstep breadth cut from mobile build",""
"Assets/Footsteps Pack Expanded/SingleSteps/MudSteps/MudSteps74.wav","MudSteps74","player_movement","SOURCE_ONLY","audited-only: footstep breadth cut from mobile build",""
"Assets/Footsteps Pack Expanded/SingleSteps/MudSteps/MudSteps75.wav","MudSteps75","player_movement","SOURCE_ONLY","audited-only: footstep breadth cut from mobile build",""
"Assets/Footsteps Pack Expanded/SingleSteps/MudSteps/MudSteps76.wav","MudSteps76","player_movement","SOURCE_ONLY","audited-only: footstep breadth cut from mobile build",""
"Assets/Footsteps Pack Expanded/SingleSteps/MudSteps/MudSteps77.wav","MudSteps77","player_movement","SOURCE_ONLY","audited-only: footstep breadth cut from mobile build",""
"Assets/Footsteps Pack Expanded/SingleSteps/MudSteps/MudSteps78.wav","MudSteps78","player_movement","SOURCE_ONLY","audited-only: footstep breadth cut from mobile build",""
"Assets/Footsteps Pack Expanded/SingleSteps/MudSteps/MudSteps79.wav","MudSteps79","player_movement","SOURCE_ONLY","audited-only: footstep breadth cut from mobile build",""
"Assets/Footsteps Pack Expanded/SingleSteps/MudSteps/MudSteps80.wav","MudSteps80","player_movement","SOURCE_ONLY","audited-only: footstep breadth cut from mobile build",""
"Assets/Footsteps Pack Expanded/SingleSteps/MudSteps/MudSteps81.wav","MudSteps81","player_movement","SOURCE_ONLY","audited-only: footstep breadth cut from mobile build",""
"Assets/Footsteps Pack Expanded/SingleSteps/MudSteps/MudSteps82.wav","MudSteps82","player_movement","SOURCE_ONLY","audited-only: footstep breadth cut from mobile build",""
"Assets/Footsteps Pack Expanded/SingleSteps/MudSteps/MudSteps83.wav","MudSteps83","player_movement","SOURCE_ONLY","audited-only: footstep breadth cut from mobile build",""
"Assets/Footsteps Pack Expanded/SingleSteps/MudSteps/MudSteps84.wav","MudSteps84","player_movement","SOURCE_ONLY","audited-only: footstep breadth cut from mobile build",""
"Assets/Footsteps Pack Expanded/SingleSteps/MudSteps/MudSteps85.wav","MudSteps85","player_movement","SOURCE_ONLY","audited-only: footstep breadth cut from mobile build",""
"Assets/Footsteps Pack Expanded/SingleSteps/MudSteps/MudSteps86.wav","MudSteps86","player_movement","SOURCE_ONLY","audited-only: footstep breadth cut from mobile build",""
"Assets/Footsteps Pack Expanded/SingleSteps/MudSteps/MudSteps87.wav","MudSteps87","player_movement","SOURCE_ONLY","audited-only: footstep breadth cut from mobile build",""
"Assets/Footsteps Pack Expanded/SingleSteps/MudSteps/MudSteps88.wav","MudSteps88","player_movement","SOURCE_ONLY","audited-only: footstep breadth cut from mobile build",""
"Assets/Footsteps Pack Expanded/SingleSteps/MudSteps/MudSteps89.wav","MudSteps89","player_movement","SOURCE_ONLY","audited-only: footstep breadth cut from mobile build",""
"Assets/Footsteps Pack Expanded/SingleSteps/MudSteps/MudSteps90.wav","MudSteps90","player_movement","SOURCE_ONLY","audited-only: footstep breadth cut from mobile build",""
"Assets/Footsteps Pack Expanded/SingleSteps/MudSteps/MudSteps91.wav","MudSteps91","player_movement","SOURCE_ONLY","audited-only: footstep breadth cut from mobile build",""
"Assets/Footsteps Pack Expanded/SingleSteps/MudSteps/MudSteps92.wav","MudSteps92","player_movement","SOURCE_ONLY","audited-only: footstep breadth cut from mobile build",""
"Assets/Footsteps Pack Expanded/SingleSteps/MudSteps/MudSteps93.wav","MudSteps93","player_movement","SOURCE_ONLY","audited-only: footstep breadth cut from mobile build",""
"Assets/Footsteps Pack Expanded/SingleSteps/MudSteps/MudSteps94.wav","MudSteps94","player_movement","SOURCE_ONLY","audited-only: footstep breadth cut from mobile build",""
"Assets/Footsteps Pack Expanded/SingleSteps/MudSteps/MudSteps95.wav","MudSteps95","player_movement","SOURCE_ONLY","audited-only: footstep breadth cut from mobile build",""
"Assets/Footsteps Pack Expanded/SingleSteps/MudSteps/MudSteps96.wav","MudSteps96","player_movement","SOURCE_ONLY","audited-only: footstep breadth cut from mobile build",""
"Assets/Footsteps Pack Expanded/SingleSteps/MudSteps/MudSteps97.wav","MudSteps97","player_movement","SOURCE_ONLY","audited-only: footstep breadth cut from mobile build",""
"Assets/Footsteps Pack Expanded/SingleSteps/MudSteps/MudSteps98.wav","MudSteps98","player_movement","SOURCE_ONLY","audited-only: footstep breadth cut from mobile build",""
"Assets/Footsteps Pack Expanded/SingleSteps/MudSteps/MudSteps99.wav","MudSteps99","player_movement","SOURCE_ONLY","audited-only: footstep breadth cut from mobile build",""
"Assets/Footsteps Pack Expanded/SingleSteps/RoboticSteps/RoboticSteps01.wav","RoboticSteps01","player_movement","SOURCE_ONLY","audited-only: footstep breadth cut from mobile build",""
"Assets/Footsteps Pack Expanded/SingleSteps/RoboticSteps/RoboticSteps02.wav","RoboticSteps02","player_movement","SOURCE_ONLY","audited-only: footstep breadth cut from mobile build",""
"Assets/Footsteps Pack Expanded/SingleSteps/RoboticSteps/RoboticSteps03.wav","RoboticSteps03","player_movement","SOURCE_ONLY","audited-only: footstep breadth cut from mobile build",""
"Assets/Footsteps Pack Expanded/SingleSteps/RoboticSteps/RoboticSteps04.wav","RoboticSteps04","player_movement","SOURCE_ONLY","audited-only: footstep breadth cut from mobile build",""
"Assets/Footsteps Pack Expanded/SingleSteps/RoboticSteps/RoboticSteps05.wav","RoboticSteps05","player_movement","SOURCE_ONLY","audited-only: footstep breadth cut from mobile build",""
"Assets/Footsteps Pack Expanded/SingleSteps/RoboticSteps/RoboticSteps06.wav","RoboticSteps06","player_movement","SOURCE_ONLY","audited-only: footstep breadth cut from mobile build",""
"Assets/Footsteps Pack Expanded/SingleSteps/RoboticSteps/RoboticSteps07.wav","RoboticSteps07","player_movement","SOURCE_ONLY","audited-only: footstep breadth cut from mobile build",""
"Assets/Footsteps Pack Expanded/SingleSteps/RoboticSteps/RoboticSteps08.wav","RoboticSteps08","player_movement","SOURCE_ONLY","audited-only: footstep breadth cut from mobile build",""
"Assets/Footsteps Pack Expanded/SingleSteps/RoboticSteps/RoboticSteps09.wav","RoboticSteps09","player_movement","SOURCE_ONLY","audited-only: footstep breadth cut from mobile build",""
"Assets/Footsteps Pack Expanded/SingleSteps/RoboticSteps/RoboticSteps10.wav","RoboticSteps10","player_movement","SOURCE_ONLY","audited-only: footstep breadth cut from mobile build",""
"Assets/Footsteps Pack Expanded/SingleSteps/RoboticSteps/RoboticSteps11.wav","RoboticSteps11","player_movement","SOURCE_ONLY","audited-only: footstep breadth cut from mobile build",""
"Assets/Footsteps Pack Expanded/SingleSteps/RoboticSteps/RoboticSteps12.wav","RoboticSteps12","player_movement","SOURCE_ONLY","audited-only: footstep breadth cut from mobile build",""
"Assets/Footsteps Pack Expanded/SingleSteps/RoboticSteps/RoboticSteps13.wav","RoboticSteps13","player_movement","SOURCE_ONLY","audited-only: footstep breadth cut from mobile build",""
"Assets/Footsteps Pack Expanded/SingleSteps/RoboticSteps/RoboticSteps14.wav","RoboticSteps14","player_movement","SOURCE_ONLY","audited-only: footstep breadth cut from mobile build",""
"Assets/Footsteps Pack Expanded/SingleSteps/RoboticSteps/RoboticSteps15.wav","RoboticSteps15","player_movement","SOURCE_ONLY","audited-only: footstep breadth cut from mobile build",""
"Assets/Footsteps Pack Expanded/SingleSteps/RoboticSteps/RoboticSteps16.wav","RoboticSteps16","player_movement","SOURCE_ONLY","audited-only: footstep breadth cut from mobile build",""
"Assets/Footsteps Pack Expanded/SingleSteps/RoboticSteps/RoboticSteps17.wav","RoboticSteps17","player_movement","SOURCE_ONLY","audited-only: footstep breadth cut from mobile build",""
"Assets/Footsteps Pack Expanded/SingleSteps/RoboticSteps/RoboticSteps18.wav","RoboticSteps18","player_movement","SOURCE_ONLY","audited-only: footstep breadth cut from mobile build",""
"Assets/Footsteps Pack Expanded/SingleSteps/RoboticSteps/RoboticSteps19.wav","RoboticSteps19","player_movement","SOURCE_ONLY","audited-only: footstep breadth cut from mobile build",""
"Assets/Footsteps Pack Expanded/SingleSteps/RoboticSteps/RoboticSteps20.wav","RoboticSteps20","player_movement","SOURCE_ONLY","audited-only: footstep breadth cut from mobile build",""
"Assets/Footsteps Pack Expanded/SingleSteps/RoboticSteps/RoboticSteps21.wav","RoboticSteps21","player_movement","SOURCE_ONLY","audited-only: footstep breadth cut from mobile build",""
"Assets/Footsteps Pack Expanded/SingleSteps/RoboticSteps/RoboticSteps22.wav","RoboticSteps22","player_movement","SOURCE_ONLY","audited-only: footstep breadth cut from mobile build",""
"Assets/Footsteps Pack Expanded/SingleSteps/RoboticSteps/RoboticSteps23.wav","RoboticSteps23","player_movement","SOURCE_ONLY","audited-only: footstep breadth cut from mobile build",""
"Assets/Footsteps Pack Expanded/SingleSteps/RoboticSteps/RoboticSteps24.wav","RoboticSteps24","player_movement","SOURCE_ONLY","audited-only: footstep breadth cut from mobile build",""
"Assets/Footsteps Pack Expanded/SingleSteps/RoboticSteps/RoboticSteps25.wav","RoboticSteps25","player_movement","SOURCE_ONLY","audited-only: footstep breadth cut from mobile build",""
"Assets/Footsteps Pack Expanded/SingleSteps/RoboticSteps/RoboticSteps26.wav","RoboticSteps26","player_movement","SOURCE_ONLY","audited-only: footstep breadth cut from mobile build",""
"Assets/Footsteps Pack Expanded/SingleSteps/RoboticSteps/RoboticSteps27.wav","RoboticSteps27","player_movement","SOURCE_ONLY","audited-only: footstep breadth cut from mobile build",""
"Assets/Footsteps Pack Expanded/SingleSteps/RoboticSteps/RoboticSteps28.wav","RoboticSteps28","player_movement","SOURCE_ONLY","audited-only: footstep breadth cut from mobile build",""
"Assets/Footsteps Pack Expanded/SingleSteps/RoboticSteps/RoboticSteps29.wav","RoboticSteps29","player_movement","SOURCE_ONLY","audited-only: footstep breadth cut from mobile build",""
"Assets/Footsteps Pack Expanded/SingleSteps/RoboticSteps/RoboticSteps30.wav","RoboticSteps30","player_movement","SOURCE_ONLY","audited-only: footstep breadth cut from mobile build",""
"Assets/Footsteps Pack Expanded/SingleSteps/RoboticSteps/RoboticSteps31.wav","RoboticSteps31","player_movement","SOURCE_ONLY","audited-only: footstep breadth cut from mobile build",""
"Assets/Footsteps Pack Expanded/SingleSteps/RoboticSteps/RoboticSteps32.wav","RoboticSteps32","player_movement","SOURCE_ONLY","audited-only: footstep breadth cut from mobile build",""
"Assets/Footsteps Pack Expanded/SingleSteps/RoboticSteps/RoboticSteps33.wav","RoboticSteps33","player_movement","SOURCE_ONLY","audited-only: footstep breadth cut from mobile build",""
"Assets/Footsteps Pack Expanded/SingleSteps/RoboticSteps/RoboticSteps34.wav","RoboticSteps34","player_movement","SOURCE_ONLY","audited-only: footstep breadth cut from mobile build",""
"Assets/Footsteps Pack Expanded/SingleSteps/RoboticSteps/RoboticSteps35.wav","RoboticSteps35","player_movement","SOURCE_ONLY","audited-only: footstep breadth cut from mobile build",""
"Assets/Footsteps Pack Expanded/SingleSteps/RoboticSteps/RoboticSteps36.wav","RoboticSteps36","player_movement","SOURCE_ONLY","audited-only: footstep breadth cut from mobile build",""
"Assets/Footsteps Pack Expanded/SingleSteps/RoboticSteps/RoboticSteps37.wav","RoboticSteps37","player_movement","SOURCE_ONLY","audited-only: footstep breadth cut from mobile build",""
"Assets/Footsteps Pack Expanded/SingleSteps/RoboticSteps/RoboticSteps38.wav","RoboticSteps38","player_movement","SOURCE_ONLY","audited-only: footstep breadth cut from mobile build",""
"Assets/Footsteps Pack Expanded/SingleSteps/RoboticSteps/RoboticSteps39.wav","RoboticSteps39","player_movement","SOURCE_ONLY","audited-only: footstep breadth cut from mobile build",""
"Assets/Footsteps Pack Expanded/SingleSteps/RoboticSteps/RoboticSteps40.wav","RoboticSteps40","player_movement","SOURCE_ONLY","audited-only: footstep breadth cut from mobile build",""
"Assets/Footsteps Pack Expanded/SingleSteps/RoboticSteps/RoboticSteps41.wav","RoboticSteps41","player_movement","SOURCE_ONLY","audited-only: footstep breadth cut from mobile build",""
"Assets/Footsteps Pack Expanded/SingleSteps/RoboticSteps/RoboticSteps42.wav","RoboticSteps42","player_movement","SOURCE_ONLY","audited-only: footstep breadth cut from mobile build",""
"Assets/Footsteps Pack Expanded/SingleSteps/RoboticSteps/RoboticSteps43.wav","RoboticSteps43","player_movement","SOURCE_ONLY","audited-only: footstep breadth cut from mobile build",""
"Assets/Footsteps Pack Expanded/SingleSteps/RoboticSteps/RoboticSteps44.wav","RoboticSteps44","player_movement","SOURCE_ONLY","audited-only: footstep breadth cut from mobile build",""
"Assets/Footsteps Pack Expanded/SingleSteps/RoboticSteps/RoboticSteps45.wav","RoboticSteps45","player_movement","SOURCE_ONLY","audited-only: footstep breadth cut from mobile build",""
"Assets/Footsteps Pack Expanded/SingleSteps/RoboticSteps/RoboticSteps46.wav","RoboticSteps46","player_movement","SOURCE_ONLY","audited-only: footstep breadth cut from mobile build",""
"Assets/Footsteps Pack Expanded/SingleSteps/RoboticSteps/RoboticSteps47.wav","RoboticSteps47","player_movement","SOURCE_ONLY","audited-only: footstep breadth cut from mobile build",""
"Assets/Footsteps Pack Expanded/SingleSteps/RoboticSteps/RoboticSteps48.wav","RoboticSteps48","player_movement","SOURCE_ONLY","audited-only: footstep breadth cut from mobile build",""
"Assets/Footsteps Pack Expanded/SingleSteps/RoboticSteps/RoboticSteps49.wav","RoboticSteps49","player_movement","SOURCE_ONLY","audited-only: footstep breadth cut from mobile build",""
"Assets/Footsteps Pack Expanded/SingleSteps/RoboticSteps/RoboticSteps50.wav","RoboticSteps50","player_movement","SOURCE_ONLY","audited-only: footstep breadth cut from mobile build",""
"Assets/Footsteps Pack Expanded/SingleSteps/RoboticSteps/RoboticSteps51.wav","RoboticSteps51","player_movement","SOURCE_ONLY","audited-only: footstep breadth cut from mobile build",""
"Assets/Footsteps Pack Expanded/SingleSteps/RoboticSteps/RoboticSteps52.wav","RoboticSteps52","player_movement","SOURCE_ONLY","audited-only: footstep breadth cut from mobile build",""
"Assets/Footsteps Pack Expanded/SingleSteps/RoboticSteps/RoboticSteps53.wav","RoboticSteps53","player_movement","SOURCE_ONLY","audited-only: footstep breadth cut from mobile build",""
"Assets/Footsteps Pack Expanded/SingleSteps/RoboticSteps/RoboticSteps54.wav","RoboticSteps54","player_movement","SOURCE_ONLY","audited-only: footstep breadth cut from mobile build",""
"Assets/Footsteps Pack Expanded/SingleSteps/RoboticSteps/RoboticSteps55.wav","RoboticSteps55","player_movement","SOURCE_ONLY","audited-only: footstep breadth cut from mobile build",""
"Assets/Footsteps Pack Expanded/SingleSteps/RoboticSteps/RoboticSteps56.wav","RoboticSteps56","player_movement","SOURCE_ONLY","audited-only: footstep breadth cut from mobile build",""
"Assets/Footsteps Pack Expanded/SingleSteps/RoboticSteps/RoboticSteps57.wav","RoboticSteps57","player_movement","SOURCE_ONLY","audited-only: footstep breadth cut from mobile build",""
"Assets/Footsteps Pack Expanded/SingleSteps/RoboticSteps/RoboticSteps58.wav","RoboticSteps58","player_movement","SOURCE_ONLY","audited-only: footstep breadth cut from mobile build",""
"Assets/Footsteps Pack Expanded/SingleSteps/RoboticSteps/RoboticSteps59.wav","RoboticSteps59","player_movement","SOURCE_ONLY","audited-only: footstep breadth cut from mobile build",""
"Assets/Footsteps Pack Expanded/SingleSteps/RoboticSteps/RoboticSteps60.wav","RoboticSteps60","player_movement","SOURCE_ONLY","audited-only: footstep breadth cut from mobile build",""
"Assets/Footsteps Pack Expanded/SingleSteps/RoboticSteps/RoboticSteps61.wav","RoboticSteps61","player_movement","SOURCE_ONLY","audited-only: footstep breadth cut from mobile build",""
"Assets/Footsteps Pack Expanded/SingleSteps/RoboticSteps/RoboticSteps62.wav","RoboticSteps62","player_movement","SOURCE_ONLY","audited-only: footstep breadth cut from mobile build",""
"Assets/Footsteps Pack Expanded/SingleSteps/RoboticSteps/RoboticSteps63.wav","RoboticSteps63","player_movement","SOURCE_ONLY","audited-only: footstep breadth cut from mobile build",""
"Assets/Footsteps Pack Expanded/SingleSteps/RoboticSteps/RoboticSteps64.wav","RoboticSteps64","player_movement","SOURCE_ONLY","audited-only: footstep breadth cut from mobile build",""
"Assets/Footsteps Pack Expanded/SingleSteps/RoboticSteps/RoboticSteps65.wav","RoboticSteps65","player_movement","SOURCE_ONLY","audited-only: footstep breadth cut from mobile build",""
"Assets/Footsteps Pack Expanded/SingleSteps/RoboticSteps/RoboticSteps66.wav","RoboticSteps66","player_movement","SOURCE_ONLY","audited-only: footstep breadth cut from mobile build",""
"Assets/Footsteps Pack Expanded/SingleSteps/RoboticSteps/RoboticSteps67.wav","RoboticSteps67","player_movement","SOURCE_ONLY","audited-only: footstep breadth cut from mobile build",""
"Assets/Footsteps Pack Expanded/SingleSteps/RoboticSteps/RoboticSteps68.wav","RoboticSteps68","player_movement","SOURCE_ONLY","audited-only: footstep breadth cut from mobile build",""
"Assets/Footsteps Pack Expanded/SingleSteps/RoboticSteps/RoboticSteps69.wav","RoboticSteps69","player_movement","SOURCE_ONLY","audited-only: footstep breadth cut from mobile build",""
"Assets/Footsteps Pack Expanded/SingleSteps/RoboticSteps/RoboticSteps70.wav","RoboticSteps70","player_movement","SOURCE_ONLY","audited-only: footstep breadth cut from mobile build",""
"Assets/Footsteps Pack Expanded/SingleSteps/RoboticSteps/RoboticSteps71.wav","RoboticSteps71","player_movement","SOURCE_ONLY","audited-only: footstep breadth cut from mobile build",""
"Assets/Footsteps Pack Expanded/SingleSteps/RoboticSteps/RoboticSteps72.wav","RoboticSteps72","player_movement","SOURCE_ONLY","audited-only: footstep breadth cut from mobile build",""
"Assets/Footsteps Pack Expanded/SingleSteps/RoboticSteps/RoboticSteps73.wav","RoboticSteps73","player_movement","SOURCE_ONLY","audited-only: footstep breadth cut from mobile build",""
"Assets/Footsteps Pack Expanded/SingleSteps/RoboticSteps/RoboticSteps74.wav","RoboticSteps74","player_movement","SOURCE_ONLY","audited-only: footstep breadth cut from mobile build",""
"Assets/Footsteps Pack Expanded/SingleSteps/RoboticSteps/RoboticSteps75.wav","RoboticSteps75","player_movement","SOURCE_ONLY","audited-only: footstep breadth cut from mobile build",""
"Assets/Footsteps Pack Expanded/SingleSteps/RoboticSteps/RoboticSteps76.wav","RoboticSteps76","player_movement","SOURCE_ONLY","audited-only: footstep breadth cut from mobile build",""
"Assets/Footsteps Pack Expanded/SingleSteps/WaterSteps/WaterSteps01.wav","WaterSteps01","player_movement","SOURCE_ONLY","audited-only: footstep breadth cut from mobile build",""
"Assets/Footsteps Pack Expanded/SingleSteps/WaterSteps/WaterSteps02.wav","WaterSteps02","player_movement","SOURCE_ONLY","audited-only: footstep breadth cut from mobile build",""
"Assets/Footsteps Pack Expanded/SingleSteps/WaterSteps/WaterSteps03.wav","WaterSteps03","player_movement","SOURCE_ONLY","audited-only: footstep breadth cut from mobile build",""
"Assets/Footsteps Pack Expanded/SingleSteps/WaterSteps/WaterSteps04.wav","WaterSteps04","player_movement","SOURCE_ONLY","audited-only: footstep breadth cut from mobile build",""
"Assets/Footsteps Pack Expanded/SingleSteps/WaterSteps/WaterSteps05.wav","WaterSteps05","player_movement","SOURCE_ONLY","audited-only: footstep breadth cut from mobile build",""
"Assets/Footsteps Pack Expanded/SingleSteps/WaterSteps/WaterSteps06.wav","WaterSteps06","player_movement","SOURCE_ONLY","audited-only: footstep breadth cut from mobile build",""
"Assets/Footsteps Pack Expanded/SingleSteps/WaterSteps/WaterSteps07.wav","WaterSteps07","player_movement","SOURCE_ONLY","audited-only: footstep breadth cut from mobile build",""
"Assets/Footsteps Pack Expanded/SingleSteps/WaterSteps/WaterSteps08.wav","WaterSteps08","player_movement","SOURCE_ONLY","audited-only: footstep breadth cut from mobile build",""
"Assets/Footsteps Pack Expanded/SingleSteps/WaterSteps/WaterSteps09.wav","WaterSteps09","player_movement","SOURCE_ONLY","audited-only: footstep breadth cut from mobile build",""
"Assets/Footsteps Pack Expanded/SingleSteps/WaterSteps/WaterSteps10.wav","WaterSteps10","player_movement","SOURCE_ONLY","audited-only: footstep breadth cut from mobile build",""
"Assets/Footsteps Pack Expanded/SingleSteps/WaterSteps/WaterSteps100.wav","WaterSteps100","player_movement","SOURCE_ONLY","audited-only: footstep breadth cut from mobile build",""
"Assets/Footsteps Pack Expanded/SingleSteps/WaterSteps/WaterSteps101.wav","WaterSteps101","player_movement","SOURCE_ONLY","audited-only: footstep breadth cut from mobile build",""
"Assets/Footsteps Pack Expanded/SingleSteps/WaterSteps/WaterSteps102.wav","WaterSteps102","player_movement","SOURCE_ONLY","audited-only: footstep breadth cut from mobile build",""
"Assets/Footsteps Pack Expanded/SingleSteps/WaterSteps/WaterSteps103.wav","WaterSteps103","player_movement","SOURCE_ONLY","audited-only: footstep breadth cut from mobile build",""
"Assets/Footsteps Pack Expanded/SingleSteps/WaterSteps/WaterSteps104.wav","WaterSteps104","player_movement","SOURCE_ONLY","audited-only: footstep breadth cut from mobile build",""
"Assets/Footsteps Pack Expanded/SingleSteps/WaterSteps/WaterSteps105.wav","WaterSteps105","player_movement","SOURCE_ONLY","audited-only: footstep breadth cut from mobile build",""
"Assets/Footsteps Pack Expanded/SingleSteps/WaterSteps/WaterSteps106.wav","WaterSteps106","player_movement","SOURCE_ONLY","audited-only: footstep breadth cut from mobile build",""
"Assets/Footsteps Pack Expanded/SingleSteps/WaterSteps/WaterSteps107.wav","WaterSteps107","player_movement","SOURCE_ONLY","audited-only: footstep breadth cut from mobile build",""
"Assets/Footsteps Pack Expanded/SingleSteps/WaterSteps/WaterSteps108.wav","WaterSteps108","player_movement","SOURCE_ONLY","audited-only: footstep breadth cut from mobile build",""
"Assets/Footsteps Pack Expanded/SingleSteps/WaterSteps/WaterSteps109.wav","WaterSteps109","player_movement","SOURCE_ONLY","audited-only: footstep breadth cut from mobile build",""
"Assets/Footsteps Pack Expanded/SingleSteps/WaterSteps/WaterSteps11.wav","WaterSteps11","player_movement","SOURCE_ONLY","audited-only: footstep breadth cut from mobile build",""
"Assets/Footsteps Pack Expanded/SingleSteps/WaterSteps/WaterSteps110.wav","WaterSteps110","player_movement","SOURCE_ONLY","audited-only: footstep breadth cut from mobile build",""
"Assets/Footsteps Pack Expanded/SingleSteps/WaterSteps/WaterSteps111.wav","WaterSteps111","player_movement","SOURCE_ONLY","audited-only: footstep breadth cut from mobile build",""
"Assets/Footsteps Pack Expanded/SingleSteps/WaterSteps/WaterSteps112.wav","WaterSteps112","player_movement","SOURCE_ONLY","audited-only: footstep breadth cut from mobile build",""
"Assets/Footsteps Pack Expanded/SingleSteps/WaterSteps/WaterSteps113.wav","WaterSteps113","player_movement","SOURCE_ONLY","audited-only: footstep breadth cut from mobile build",""
"Assets/Footsteps Pack Expanded/SingleSteps/WaterSteps/WaterSteps114.wav","WaterSteps114","player_movement","SOURCE_ONLY","audited-only: footstep breadth cut from mobile build",""
"Assets/Footsteps Pack Expanded/SingleSteps/WaterSteps/WaterSteps115.wav","WaterSteps115","player_movement","SOURCE_ONLY","audited-only: footstep breadth cut from mobile build",""
"Assets/Footsteps Pack Expanded/SingleSteps/WaterSteps/WaterSteps116.wav","WaterSteps116","player_movement","SOURCE_ONLY","audited-only: footstep breadth cut from mobile build",""
"Assets/Footsteps Pack Expanded/SingleSteps/WaterSteps/WaterSteps117.wav","WaterSteps117","player_movement","SOURCE_ONLY","audited-only: footstep breadth cut from mobile build",""
"Assets/Footsteps Pack Expanded/SingleSteps/WaterSteps/WaterSteps118.wav","WaterSteps118","player_movement","SOURCE_ONLY","audited-only: footstep breadth cut from mobile build",""
"Assets/Footsteps Pack Expanded/SingleSteps/WaterSteps/WaterSteps119.wav","WaterSteps119","player_movement","SOURCE_ONLY","audited-only: footstep breadth cut from mobile build",""
"Assets/Footsteps Pack Expanded/SingleSteps/WaterSteps/WaterSteps12.wav","WaterSteps12","player_movement","SOURCE_ONLY","audited-only: footstep breadth cut from mobile build",""
"Assets/Footsteps Pack Expanded/SingleSteps/WaterSteps/WaterSteps120.wav","WaterSteps120","player_movement","SOURCE_ONLY","audited-only: footstep breadth cut from mobile build",""
"Assets/Footsteps Pack Expanded/SingleSteps/WaterSteps/WaterSteps121.wav","WaterSteps121","player_movement","SOURCE_ONLY","audited-only: footstep breadth cut from mobile build",""
"Assets/Footsteps Pack Expanded/SingleSteps/WaterSteps/WaterSteps122.wav","WaterSteps122","player_movement","SOURCE_ONLY","audited-only: footstep breadth cut from mobile build",""
"Assets/Footsteps Pack Expanded/SingleSteps/WaterSteps/WaterSteps123.wav","WaterSteps123","player_movement","SOURCE_ONLY","audited-only: footstep breadth cut from mobile build",""
"Assets/Footsteps Pack Expanded/SingleSteps/WaterSteps/WaterSteps124.wav","WaterSteps124","player_movement","SOURCE_ONLY","audited-only: footstep breadth cut from mobile build",""
"Assets/Footsteps Pack Expanded/SingleSteps/WaterSteps/WaterSteps125.wav","WaterSteps125","player_movement","SOURCE_ONLY","audited-only: footstep breadth cut from mobile build",""
"Assets/Footsteps Pack Expanded/SingleSteps/WaterSteps/WaterSteps126.wav","WaterSteps126","player_movement","SOURCE_ONLY","audited-only: footstep breadth cut from mobile build",""
"Assets/Footsteps Pack Expanded/SingleSteps/WaterSteps/WaterSteps127.wav","WaterSteps127","player_movement","SOURCE_ONLY","audited-only: footstep breadth cut from mobile build",""
"Assets/Footsteps Pack Expanded/SingleSteps/WaterSteps/WaterSteps128.wav","WaterSteps128","player_movement","SOURCE_ONLY","audited-only: footstep breadth cut from mobile build",""
"Assets/Footsteps Pack Expanded/SingleSteps/WaterSteps/WaterSteps129.wav","WaterSteps129","player_movement","SOURCE_ONLY","audited-only: footstep breadth cut from mobile build",""
"Assets/Footsteps Pack Expanded/SingleSteps/WaterSteps/WaterSteps13.wav","WaterSteps13","player_movement","SOURCE_ONLY","audited-only: footstep breadth cut from mobile build",""
"Assets/Footsteps Pack Expanded/SingleSteps/WaterSteps/WaterSteps130.wav","WaterSteps130","player_movement","SOURCE_ONLY","audited-only: footstep breadth cut from mobile build",""
"Assets/Footsteps Pack Expanded/SingleSteps/WaterSteps/WaterSteps131.wav","WaterSteps131","player_movement","SOURCE_ONLY","audited-only: footstep breadth cut from mobile build",""
"Assets/Footsteps Pack Expanded/SingleSteps/WaterSteps/WaterSteps132.wav","WaterSteps132","player_movement","SOURCE_ONLY","audited-only: footstep breadth cut from mobile build",""
"Assets/Footsteps Pack Expanded/SingleSteps/WaterSteps/WaterSteps133.wav","WaterSteps133","player_movement","SOURCE_ONLY","audited-only: footstep breadth cut from mobile build",""
"Assets/Footsteps Pack Expanded/SingleSteps/WaterSteps/WaterSteps134.wav","WaterSteps134","player_movement","SOURCE_ONLY","audited-only: footstep breadth cut from mobile build",""
"Assets/Footsteps Pack Expanded/SingleSteps/WaterSteps/WaterSteps135.wav","WaterSteps135","player_movement","SOURCE_ONLY","audited-only: footstep breadth cut from mobile build",""
"Assets/Footsteps Pack Expanded/SingleSteps/WaterSteps/WaterSteps136.wav","WaterSteps136","player_movement","SOURCE_ONLY","audited-only: footstep breadth cut from mobile build",""
"Assets/Footsteps Pack Expanded/SingleSteps/WaterSteps/WaterSteps137.wav","WaterSteps137","player_movement","SOURCE_ONLY","audited-only: footstep breadth cut from mobile build",""
"Assets/Footsteps Pack Expanded/SingleSteps/WaterSteps/WaterSteps138.wav","WaterSteps138","player_movement","SOURCE_ONLY","audited-only: footstep breadth cut from mobile build",""
"Assets/Footsteps Pack Expanded/SingleSteps/WaterSteps/WaterSteps139.wav","WaterSteps139","player_movement","SOURCE_ONLY","audited-only: footstep breadth cut from mobile build",""
"Assets/Footsteps Pack Expanded/SingleSteps/WaterSteps/WaterSteps14.wav","WaterSteps14","player_movement","SOURCE_ONLY","audited-only: footstep breadth cut from mobile build",""
"Assets/Footsteps Pack Expanded/SingleSteps/WaterSteps/WaterSteps140.wav","WaterSteps140","player_movement","SOURCE_ONLY","audited-only: footstep breadth cut from mobile build",""
"Assets/Footsteps Pack Expanded/SingleSteps/WaterSteps/WaterSteps141.wav","WaterSteps141","player_movement","SOURCE_ONLY","audited-only: footstep breadth cut from mobile build",""
"Assets/Footsteps Pack Expanded/SingleSteps/WaterSteps/WaterSteps142.wav","WaterSteps142","player_movement","SOURCE_ONLY","audited-only: footstep breadth cut from mobile build",""
"Assets/Footsteps Pack Expanded/SingleSteps/WaterSteps/WaterSteps143.wav","WaterSteps143","player_movement","SOURCE_ONLY","audited-only: footstep breadth cut from mobile build",""
"Assets/Footsteps Pack Expanded/SingleSteps/WaterSteps/WaterSteps144.wav","WaterSteps144","player_movement","SOURCE_ONLY","audited-only: footstep breadth cut from mobile build",""
"Assets/Footsteps Pack Expanded/SingleSteps/WaterSteps/WaterSteps145.wav","WaterSteps145","player_movement","SOURCE_ONLY","audited-only: footstep breadth cut from mobile build",""
"Assets/Footsteps Pack Expanded/SingleSteps/WaterSteps/WaterSteps146.wav","WaterSteps146","player_movement","SOURCE_ONLY","audited-only: footstep breadth cut from mobile build",""
"Assets/Footsteps Pack Expanded/SingleSteps/WaterSteps/WaterSteps147.wav","WaterSteps147","player_movement","SOURCE_ONLY","audited-only: footstep breadth cut from mobile build",""
"Assets/Footsteps Pack Expanded/SingleSteps/WaterSteps/WaterSteps148.wav","WaterSteps148","player_movement","SOURCE_ONLY","audited-only: footstep breadth cut from mobile build",""
"Assets/Footsteps Pack Expanded/SingleSteps/WaterSteps/WaterSteps149.wav","WaterSteps149","player_movement","SOURCE_ONLY","audited-only: footstep breadth cut from mobile build",""
"Assets/Footsteps Pack Expanded/SingleSteps/WaterSteps/WaterSteps15.wav","WaterSteps15","player_movement","SOURCE_ONLY","audited-only: footstep breadth cut from mobile build",""
"Assets/Footsteps Pack Expanded/SingleSteps/WaterSteps/WaterSteps150.wav","WaterSteps150","player_movement","SOURCE_ONLY","audited-only: footstep breadth cut from mobile build",""
"Assets/Footsteps Pack Expanded/SingleSteps/WaterSteps/WaterSteps151.wav","WaterSteps151","player_movement","SOURCE_ONLY","audited-only: footstep breadth cut from mobile build",""
"Assets/Footsteps Pack Expanded/SingleSteps/WaterSteps/WaterSteps152.wav","WaterSteps152","player_movement","SOURCE_ONLY","audited-only: footstep breadth cut from mobile build",""
"Assets/Footsteps Pack Expanded/SingleSteps/WaterSteps/WaterSteps153.wav","WaterSteps153","player_movement","SOURCE_ONLY","audited-only: footstep breadth cut from mobile build",""
"Assets/Footsteps Pack Expanded/SingleSteps/WaterSteps/WaterSteps154.wav","WaterSteps154","player_movement","SOURCE_ONLY","audited-only: footstep breadth cut from mobile build",""
"Assets/Footsteps Pack Expanded/SingleSteps/WaterSteps/WaterSteps155.wav","WaterSteps155","player_movement","SOURCE_ONLY","audited-only: footstep breadth cut from mobile build",""
"Assets/Footsteps Pack Expanded/SingleSteps/WaterSteps/WaterSteps156.wav","WaterSteps156","player_movement","SOURCE_ONLY","audited-only: footstep breadth cut from mobile build",""
"Assets/Footsteps Pack Expanded/SingleSteps/WaterSteps/WaterSteps157.wav","WaterSteps157","player_movement","SOURCE_ONLY","audited-only: footstep breadth cut from mobile build",""
"Assets/Footsteps Pack Expanded/SingleSteps/WaterSteps/WaterSteps158.wav","WaterSteps158","player_movement","SOURCE_ONLY","audited-only: footstep breadth cut from mobile build",""
"Assets/Footsteps Pack Expanded/SingleSteps/WaterSteps/WaterSteps159.wav","WaterSteps159","player_movement","SOURCE_ONLY","audited-only: footstep breadth cut from mobile build",""
"Assets/Footsteps Pack Expanded/SingleSteps/WaterSteps/WaterSteps16.wav","WaterSteps16","player_movement","SOURCE_ONLY","audited-only: footstep breadth cut from mobile build",""
"Assets/Footsteps Pack Expanded/SingleSteps/WaterSteps/WaterSteps160.wav","WaterSteps160","player_movement","SOURCE_ONLY","audited-only: footstep breadth cut from mobile build",""
"Assets/Footsteps Pack Expanded/SingleSteps/WaterSteps/WaterSteps161.wav","WaterSteps161","player_movement","SOURCE_ONLY","audited-only: footstep breadth cut from mobile build",""
"Assets/Footsteps Pack Expanded/SingleSteps/WaterSteps/WaterSteps162.wav","WaterSteps162","player_movement","SOURCE_ONLY","audited-only: footstep breadth cut from mobile build",""
"Assets/Footsteps Pack Expanded/SingleSteps/WaterSteps/WaterSteps163.wav","WaterSteps163","player_movement","SOURCE_ONLY","audited-only: footstep breadth cut from mobile build",""
"Assets/Footsteps Pack Expanded/SingleSteps/WaterSteps/WaterSteps164.wav","WaterSteps164","player_movement","SOURCE_ONLY","audited-only: footstep breadth cut from mobile build",""
"Assets/Footsteps Pack Expanded/SingleSteps/WaterSteps/WaterSteps165.wav","WaterSteps165","player_movement","SOURCE_ONLY","audited-only: footstep breadth cut from mobile build",""
"Assets/Footsteps Pack Expanded/SingleSteps/WaterSteps/WaterSteps166.wav","WaterSteps166","player_movement","SOURCE_ONLY","audited-only: footstep breadth cut from mobile build",""
"Assets/Footsteps Pack Expanded/SingleSteps/WaterSteps/WaterSteps167.wav","WaterSteps167","player_movement","SOURCE_ONLY","audited-only: footstep breadth cut from mobile build",""
"Assets/Footsteps Pack Expanded/SingleSteps/WaterSteps/WaterSteps168.wav","WaterSteps168","player_movement","SOURCE_ONLY","audited-only: footstep breadth cut from mobile build",""
"Assets/Footsteps Pack Expanded/SingleSteps/WaterSteps/WaterSteps169.wav","WaterSteps169","player_movement","SOURCE_ONLY","audited-only: footstep breadth cut from mobile build",""
"Assets/Footsteps Pack Expanded/SingleSteps/WaterSteps/WaterSteps17.wav","WaterSteps17","player_movement","SOURCE_ONLY","audited-only: footstep breadth cut from mobile build",""
"Assets/Footsteps Pack Expanded/SingleSteps/WaterSteps/WaterSteps170.wav","WaterSteps170","player_movement","SOURCE_ONLY","audited-only: footstep breadth cut from mobile build",""
"Assets/Footsteps Pack Expanded/SingleSteps/WaterSteps/WaterSteps171.wav","WaterSteps171","player_movement","SOURCE_ONLY","audited-only: footstep breadth cut from mobile build",""
"Assets/Footsteps Pack Expanded/SingleSteps/WaterSteps/WaterSteps172.wav","WaterSteps172","player_movement","SOURCE_ONLY","audited-only: footstep breadth cut from mobile build",""
"Assets/Footsteps Pack Expanded/SingleSteps/WaterSteps/WaterSteps173.wav","WaterSteps173","player_movement","SOURCE_ONLY","audited-only: footstep breadth cut from mobile build",""
"Assets/Footsteps Pack Expanded/SingleSteps/WaterSteps/WaterSteps174.wav","WaterSteps174","player_movement","SOURCE_ONLY","audited-only: footstep breadth cut from mobile build",""
"Assets/Footsteps Pack Expanded/SingleSteps/WaterSteps/WaterSteps175.wav","WaterSteps175","player_movement","SOURCE_ONLY","audited-only: footstep breadth cut from mobile build",""
"Assets/Footsteps Pack Expanded/SingleSteps/WaterSteps/WaterSteps176.wav","WaterSteps176","player_movement","SOURCE_ONLY","audited-only: footstep breadth cut from mobile build",""
"Assets/Footsteps Pack Expanded/SingleSteps/WaterSteps/WaterSteps177.wav","WaterSteps177","player_movement","SOURCE_ONLY","audited-only: footstep breadth cut from mobile build",""
"Assets/Footsteps Pack Expanded/SingleSteps/WaterSteps/WaterSteps178.wav","WaterSteps178","player_movement","SOURCE_ONLY","audited-only: footstep breadth cut from mobile build",""
"Assets/Footsteps Pack Expanded/SingleSteps/WaterSteps/WaterSteps179.wav","WaterSteps179","player_movement","SOURCE_ONLY","audited-only: footstep breadth cut from mobile build",""
"Assets/Footsteps Pack Expanded/SingleSteps/WaterSteps/WaterSteps18.wav","WaterSteps18","player_movement","SOURCE_ONLY","audited-only: footstep breadth cut from mobile build",""
"Assets/Footsteps Pack Expanded/SingleSteps/WaterSteps/WaterSteps180.wav","WaterSteps180","player_movement","SOURCE_ONLY","audited-only: footstep breadth cut from mobile build",""
"Assets/Footsteps Pack Expanded/SingleSteps/WaterSteps/WaterSteps181.wav","WaterSteps181","player_movement","SOURCE_ONLY","audited-only: footstep breadth cut from mobile build",""
"Assets/Footsteps Pack Expanded/SingleSteps/WaterSteps/WaterSteps182.wav","WaterSteps182","player_movement","SOURCE_ONLY","audited-only: footstep breadth cut from mobile build",""
"Assets/Footsteps Pack Expanded/SingleSteps/WaterSteps/WaterSteps183.wav","WaterSteps183","player_movement","SOURCE_ONLY","audited-only: footstep breadth cut from mobile build",""
"Assets/Footsteps Pack Expanded/SingleSteps/WaterSteps/WaterSteps184.wav","WaterSteps184","player_movement","SOURCE_ONLY","audited-only: footstep breadth cut from mobile build",""
"Assets/Footsteps Pack Expanded/SingleSteps/WaterSteps/WaterSteps185.wav","WaterSteps185","player_movement","SOURCE_ONLY","audited-only: footstep breadth cut from mobile build",""
"Assets/Footsteps Pack Expanded/SingleSteps/WaterSteps/WaterSteps186.wav","WaterSteps186","player_movement","SOURCE_ONLY","audited-only: footstep breadth cut from mobile build",""
"Assets/Footsteps Pack Expanded/SingleSteps/WaterSteps/WaterSteps187.wav","WaterSteps187","player_movement","SOURCE_ONLY","audited-only: footstep breadth cut from mobile build",""
"Assets/Footsteps Pack Expanded/SingleSteps/WaterSteps/WaterSteps188.wav","WaterSteps188","player_movement","SOURCE_ONLY","audited-only: footstep breadth cut from mobile build",""
"Assets/Footsteps Pack Expanded/SingleSteps/WaterSteps/WaterSteps189.wav","WaterSteps189","player_movement","SOURCE_ONLY","audited-only: footstep breadth cut from mobile build",""
"Assets/Footsteps Pack Expanded/SingleSteps/WaterSteps/WaterSteps19.wav","WaterSteps19","player_movement","SOURCE_ONLY","audited-only: footstep breadth cut from mobile build",""
"Assets/Footsteps Pack Expanded/SingleSteps/WaterSteps/WaterSteps190.wav","WaterSteps190","player_movement","SOURCE_ONLY","audited-only: footstep breadth cut from mobile build",""
"Assets/Footsteps Pack Expanded/SingleSteps/WaterSteps/WaterSteps191.wav","WaterSteps191","player_movement","SOURCE_ONLY","audited-only: footstep breadth cut from mobile build",""
"Assets/Footsteps Pack Expanded/SingleSteps/WaterSteps/WaterSteps192.wav","WaterSteps192","player_movement","SOURCE_ONLY","audited-only: footstep breadth cut from mobile build",""
"Assets/Footsteps Pack Expanded/SingleSteps/WaterSteps/WaterSteps193.wav","WaterSteps193","player_movement","SOURCE_ONLY","audited-only: footstep breadth cut from mobile build",""
"Assets/Footsteps Pack Expanded/SingleSteps/WaterSteps/WaterSteps194.wav","WaterSteps194","player_movement","SOURCE_ONLY","audited-only: footstep breadth cut from mobile build",""
"Assets/Footsteps Pack Expanded/SingleSteps/WaterSteps/WaterSteps195.wav","WaterSteps195","player_movement","SOURCE_ONLY","audited-only: footstep breadth cut from mobile build",""
"Assets/Footsteps Pack Expanded/SingleSteps/WaterSteps/WaterSteps196.wav","WaterSteps196","player_movement","SOURCE_ONLY","audited-only: footstep breadth cut from mobile build",""
"Assets/Footsteps Pack Expanded/SingleSteps/WaterSteps/WaterSteps197.wav","WaterSteps197","player_movement","SOURCE_ONLY","audited-only: footstep breadth cut from mobile build",""
"Assets/Footsteps Pack Expanded/SingleSteps/WaterSteps/WaterSteps198.wav","WaterSteps198","player_movement","SOURCE_ONLY","audited-only: footstep breadth cut from mobile build",""
"Assets/Footsteps Pack Expanded/SingleSteps/WaterSteps/WaterSteps199.wav","WaterSteps199","player_movement","SOURCE_ONLY","audited-only: footstep breadth cut from mobile build",""
"Assets/Footsteps Pack Expanded/SingleSteps/WaterSteps/WaterSteps20.wav","WaterSteps20","player_movement","SOURCE_ONLY","audited-only: footstep breadth cut from mobile build",""
"Assets/Footsteps Pack Expanded/SingleSteps/WaterSteps/WaterSteps200.wav","WaterSteps200","player_movement","SOURCE_ONLY","audited-only: footstep breadth cut from mobile build",""
"Assets/Footsteps Pack Expanded/SingleSteps/WaterSteps/WaterSteps201.wav","WaterSteps201","player_movement","SOURCE_ONLY","audited-only: footstep breadth cut from mobile build",""
"Assets/Footsteps Pack Expanded/SingleSteps/WaterSteps/WaterSteps202.wav","WaterSteps202","player_movement","SOURCE_ONLY","audited-only: footstep breadth cut from mobile build",""
"Assets/Footsteps Pack Expanded/SingleSteps/WaterSteps/WaterSteps203.wav","WaterSteps203","player_movement","SOURCE_ONLY","audited-only: footstep breadth cut from mobile build",""
"Assets/Footsteps Pack Expanded/SingleSteps/WaterSteps/WaterSteps204.wav","WaterSteps204","player_movement","SOURCE_ONLY","audited-only: footstep breadth cut from mobile build",""
"Assets/Footsteps Pack Expanded/SingleSteps/WaterSteps/WaterSteps205.wav","WaterSteps205","player_movement","SOURCE_ONLY","audited-only: footstep breadth cut from mobile build",""
"Assets/Footsteps Pack Expanded/SingleSteps/WaterSteps/WaterSteps206.wav","WaterSteps206","player_movement","SOURCE_ONLY","audited-only: footstep breadth cut from mobile build",""
"Assets/Footsteps Pack Expanded/SingleSteps/WaterSteps/WaterSteps207.wav","WaterSteps207","player_movement","SOURCE_ONLY","audited-only: footstep breadth cut from mobile build",""
"Assets/Footsteps Pack Expanded/SingleSteps/WaterSteps/WaterSteps208.wav","WaterSteps208","player_movement","SOURCE_ONLY","audited-only: footstep breadth cut from mobile build",""
"Assets/Footsteps Pack Expanded/SingleSteps/WaterSteps/WaterSteps209.wav","WaterSteps209","player_movement","SOURCE_ONLY","audited-only: footstep breadth cut from mobile build",""
"Assets/Footsteps Pack Expanded/SingleSteps/WaterSteps/WaterSteps21.wav","WaterSteps21","player_movement","SOURCE_ONLY","audited-only: footstep breadth cut from mobile build",""
"Assets/Footsteps Pack Expanded/SingleSteps/WaterSteps/WaterSteps210.wav","WaterSteps210","player_movement","SOURCE_ONLY","audited-only: footstep breadth cut from mobile build",""
"Assets/Footsteps Pack Expanded/SingleSteps/WaterSteps/WaterSteps211.wav","WaterSteps211","player_movement","SOURCE_ONLY","audited-only: footstep breadth cut from mobile build",""
"Assets/Footsteps Pack Expanded/SingleSteps/WaterSteps/WaterSteps212.wav","WaterSteps212","player_movement","SOURCE_ONLY","audited-only: footstep breadth cut from mobile build",""
"Assets/Footsteps Pack Expanded/SingleSteps/WaterSteps/WaterSteps213.wav","WaterSteps213","player_movement","SOURCE_ONLY","audited-only: footstep breadth cut from mobile build",""
"Assets/Footsteps Pack Expanded/SingleSteps/WaterSteps/WaterSteps214.wav","WaterSteps214","player_movement","SOURCE_ONLY","audited-only: footstep breadth cut from mobile build",""
"Assets/Footsteps Pack Expanded/SingleSteps/WaterSteps/WaterSteps215.wav","WaterSteps215","player_movement","SOURCE_ONLY","audited-only: footstep breadth cut from mobile build",""
"Assets/Footsteps Pack Expanded/SingleSteps/WaterSteps/WaterSteps216.wav","WaterSteps216","player_movement","SOURCE_ONLY","audited-only: footstep breadth cut from mobile build",""
"Assets/Footsteps Pack Expanded/SingleSteps/WaterSteps/WaterSteps217.wav","WaterSteps217","player_movement","SOURCE_ONLY","audited-only: footstep breadth cut from mobile build",""
"Assets/Footsteps Pack Expanded/SingleSteps/WaterSteps/WaterSteps218.wav","WaterSteps218","player_movement","SOURCE_ONLY","audited-only: footstep breadth cut from mobile build",""
"Assets/Footsteps Pack Expanded/SingleSteps/WaterSteps/WaterSteps219.wav","WaterSteps219","player_movement","SOURCE_ONLY","audited-only: footstep breadth cut from mobile build",""
"Assets/Footsteps Pack Expanded/SingleSteps/WaterSteps/WaterSteps22.wav","WaterSteps22","player_movement","SOURCE_ONLY","audited-only: footstep breadth cut from mobile build",""
"Assets/Footsteps Pack Expanded/SingleSteps/WaterSteps/WaterSteps220.wav","WaterSteps220","player_movement","SOURCE_ONLY","audited-only: footstep breadth cut from mobile build",""
"Assets/Footsteps Pack Expanded/SingleSteps/WaterSteps/WaterSteps221.wav","WaterSteps221","player_movement","SOURCE_ONLY","audited-only: footstep breadth cut from mobile build",""
"Assets/Footsteps Pack Expanded/SingleSteps/WaterSteps/WaterSteps222.wav","WaterSteps222","player_movement","SOURCE_ONLY","audited-only: footstep breadth cut from mobile build",""
"Assets/Footsteps Pack Expanded/SingleSteps/WaterSteps/WaterSteps223.wav","WaterSteps223","player_movement","SOURCE_ONLY","audited-only: footstep breadth cut from mobile build",""
"Assets/Footsteps Pack Expanded/SingleSteps/WaterSteps/WaterSteps224.wav","WaterSteps224","player_movement","SOURCE_ONLY","audited-only: footstep breadth cut from mobile build",""
"Assets/Footsteps Pack Expanded/SingleSteps/WaterSteps/WaterSteps225.wav","WaterSteps225","player_movement","SOURCE_ONLY","audited-only: footstep breadth cut from mobile build",""
"Assets/Footsteps Pack Expanded/SingleSteps/WaterSteps/WaterSteps226.wav","WaterSteps226","player_movement","SOURCE_ONLY","audited-only: footstep breadth cut from mobile build",""
"Assets/Footsteps Pack Expanded/SingleSteps/WaterSteps/WaterSteps227.wav","WaterSteps227","player_movement","SOURCE_ONLY","audited-only: footstep breadth cut from mobile build",""
"Assets/Footsteps Pack Expanded/SingleSteps/WaterSteps/WaterSteps228.wav","WaterSteps228","player_movement","SOURCE_ONLY","audited-only: footstep breadth cut from mobile build",""
"Assets/Footsteps Pack Expanded/SingleSteps/WaterSteps/WaterSteps229.wav","WaterSteps229","player_movement","SOURCE_ONLY","audited-only: footstep breadth cut from mobile build",""
"Assets/Footsteps Pack Expanded/SingleSteps/WaterSteps/WaterSteps23.wav","WaterSteps23","player_movement","SOURCE_ONLY","audited-only: footstep breadth cut from mobile build",""
"Assets/Footsteps Pack Expanded/SingleSteps/WaterSteps/WaterSteps230.wav","WaterSteps230","player_movement","SOURCE_ONLY","audited-only: footstep breadth cut from mobile build",""
"Assets/Footsteps Pack Expanded/SingleSteps/WaterSteps/WaterSteps231.wav","WaterSteps231","player_movement","SOURCE_ONLY","audited-only: footstep breadth cut from mobile build",""
"Assets/Footsteps Pack Expanded/SingleSteps/WaterSteps/WaterSteps232.wav","WaterSteps232","player_movement","SOURCE_ONLY","audited-only: footstep breadth cut from mobile build",""
"Assets/Footsteps Pack Expanded/SingleSteps/WaterSteps/WaterSteps233.wav","WaterSteps233","player_movement","SOURCE_ONLY","audited-only: footstep breadth cut from mobile build",""
"Assets/Footsteps Pack Expanded/SingleSteps/WaterSteps/WaterSteps234.wav","WaterSteps234","player_movement","SOURCE_ONLY","audited-only: footstep breadth cut from mobile build",""
"Assets/Footsteps Pack Expanded/SingleSteps/WaterSteps/WaterSteps235.wav","WaterSteps235","player_movement","SOURCE_ONLY","audited-only: footstep breadth cut from mobile build",""
"Assets/Footsteps Pack Expanded/SingleSteps/WaterSteps/WaterSteps236.wav","WaterSteps236","player_movement","SOURCE_ONLY","audited-only: footstep breadth cut from mobile build",""
"Assets/Footsteps Pack Expanded/SingleSteps/WaterSteps/WaterSteps237.wav","WaterSteps237","player_movement","SOURCE_ONLY","audited-only: footstep breadth cut from mobile build",""
"Assets/Footsteps Pack Expanded/SingleSteps/WaterSteps/WaterSteps238.wav","WaterSteps238","player_movement","SOURCE_ONLY","audited-only: footstep breadth cut from mobile build",""
"Assets/Footsteps Pack Expanded/SingleSteps/WaterSteps/WaterSteps239.wav","WaterSteps239","player_movement","SOURCE_ONLY","audited-only: footstep breadth cut from mobile build",""
"Assets/Footsteps Pack Expanded/SingleSteps/WaterSteps/WaterSteps24.wav","WaterSteps24","player_movement","SOURCE_ONLY","audited-only: footstep breadth cut from mobile build",""
"Assets/Footsteps Pack Expanded/SingleSteps/WaterSteps/WaterSteps240.wav","WaterSteps240","player_movement","SOURCE_ONLY","audited-only: footstep breadth cut from mobile build",""
"Assets/Footsteps Pack Expanded/SingleSteps/WaterSteps/WaterSteps241.wav","WaterSteps241","player_movement","SOURCE_ONLY","audited-only: footstep breadth cut from mobile build",""
"Assets/Footsteps Pack Expanded/SingleSteps/WaterSteps/WaterSteps242.wav","WaterSteps242","player_movement","SOURCE_ONLY","audited-only: footstep breadth cut from mobile build",""
"Assets/Footsteps Pack Expanded/SingleSteps/WaterSteps/WaterSteps243.wav","WaterSteps243","player_movement","SOURCE_ONLY","audited-only: footstep breadth cut from mobile build",""
"Assets/Footsteps Pack Expanded/SingleSteps/WaterSteps/WaterSteps244.wav","WaterSteps244","player_movement","SOURCE_ONLY","audited-only: footstep breadth cut from mobile build",""
"Assets/Footsteps Pack Expanded/SingleSteps/WaterSteps/WaterSteps245.wav","WaterSteps245","player_movement","SOURCE_ONLY","audited-only: footstep breadth cut from mobile build",""
"Assets/Footsteps Pack Expanded/SingleSteps/WaterSteps/WaterSteps246.wav","WaterSteps246","player_movement","SOURCE_ONLY","audited-only: footstep breadth cut from mobile build",""
"Assets/Footsteps Pack Expanded/SingleSteps/WaterSteps/WaterSteps247.wav","WaterSteps247","player_movement","SOURCE_ONLY","audited-only: footstep breadth cut from mobile build",""
"Assets/Footsteps Pack Expanded/SingleSteps/WaterSteps/WaterSteps248.wav","WaterSteps248","player_movement","SOURCE_ONLY","audited-only: footstep breadth cut from mobile build",""
"Assets/Footsteps Pack Expanded/SingleSteps/WaterSteps/WaterSteps249.wav","WaterSteps249","player_movement","SOURCE_ONLY","audited-only: footstep breadth cut from mobile build",""
"Assets/Footsteps Pack Expanded/SingleSteps/WaterSteps/WaterSteps25.wav","WaterSteps25","player_movement","SOURCE_ONLY","audited-only: footstep breadth cut from mobile build",""
"Assets/Footsteps Pack Expanded/SingleSteps/WaterSteps/WaterSteps250.wav","WaterSteps250","player_movement","SOURCE_ONLY","audited-only: footstep breadth cut from mobile build",""
"Assets/Footsteps Pack Expanded/SingleSteps/WaterSteps/WaterSteps251.wav","WaterSteps251","player_movement","SOURCE_ONLY","audited-only: footstep breadth cut from mobile build",""
"Assets/Footsteps Pack Expanded/SingleSteps/WaterSteps/WaterSteps252.wav","WaterSteps252","player_movement","SOURCE_ONLY","audited-only: footstep breadth cut from mobile build",""
"Assets/Footsteps Pack Expanded/SingleSteps/WaterSteps/WaterSteps253.wav","WaterSteps253","player_movement","SOURCE_ONLY","audited-only: footstep breadth cut from mobile build",""
"Assets/Footsteps Pack Expanded/SingleSteps/WaterSteps/WaterSteps254.wav","WaterSteps254","player_movement","SOURCE_ONLY","audited-only: footstep breadth cut from mobile build",""
"Assets/Footsteps Pack Expanded/SingleSteps/WaterSteps/WaterSteps255.wav","WaterSteps255","player_movement","SOURCE_ONLY","audited-only: footstep breadth cut from mobile build",""
"Assets/Footsteps Pack Expanded/SingleSteps/WaterSteps/WaterSteps256.wav","WaterSteps256","player_movement","SOURCE_ONLY","audited-only: footstep breadth cut from mobile build",""
"Assets/Footsteps Pack Expanded/SingleSteps/WaterSteps/WaterSteps257.wav","WaterSteps257","player_movement","SOURCE_ONLY","audited-only: footstep breadth cut from mobile build",""
"Assets/Footsteps Pack Expanded/SingleSteps/WaterSteps/WaterSteps258.wav","WaterSteps258","player_movement","SOURCE_ONLY","audited-only: footstep breadth cut from mobile build",""
"Assets/Footsteps Pack Expanded/SingleSteps/WaterSteps/WaterSteps259.wav","WaterSteps259","player_movement","SOURCE_ONLY","audited-only: footstep breadth cut from mobile build",""
"Assets/Footsteps Pack Expanded/SingleSteps/WaterSteps/WaterSteps26.wav","WaterSteps26","player_movement","SOURCE_ONLY","audited-only: footstep breadth cut from mobile build",""
"Assets/Footsteps Pack Expanded/SingleSteps/WaterSteps/WaterSteps260.wav","WaterSteps260","player_movement","SOURCE_ONLY","audited-only: footstep breadth cut from mobile build",""
"Assets/Footsteps Pack Expanded/SingleSteps/WaterSteps/WaterSteps261.wav","WaterSteps261","player_movement","SOURCE_ONLY","audited-only: footstep breadth cut from mobile build",""
"Assets/Footsteps Pack Expanded/SingleSteps/WaterSteps/WaterSteps262.wav","WaterSteps262","player_movement","SOURCE_ONLY","audited-only: footstep breadth cut from mobile build",""
"Assets/Footsteps Pack Expanded/SingleSteps/WaterSteps/WaterSteps263.wav","WaterSteps263","player_movement","SOURCE_ONLY","audited-only: footstep breadth cut from mobile build",""
"Assets/Footsteps Pack Expanded/SingleSteps/WaterSteps/WaterSteps264.wav","WaterSteps264","player_movement","SOURCE_ONLY","audited-only: footstep breadth cut from mobile build",""
"Assets/Footsteps Pack Expanded/SingleSteps/WaterSteps/WaterSteps265.wav","WaterSteps265","player_movement","SOURCE_ONLY","audited-only: footstep breadth cut from mobile build",""
"Assets/Footsteps Pack Expanded/SingleSteps/WaterSteps/WaterSteps266.wav","WaterSteps266","player_movement","SOURCE_ONLY","audited-only: footstep breadth cut from mobile build",""
"Assets/Footsteps Pack Expanded/SingleSteps/WaterSteps/WaterSteps267.wav","WaterSteps267","player_movement","SOURCE_ONLY","audited-only: footstep breadth cut from mobile build",""
"Assets/Footsteps Pack Expanded/SingleSteps/WaterSteps/WaterSteps268.wav","WaterSteps268","player_movement","SOURCE_ONLY","audited-only: footstep breadth cut from mobile build",""
"Assets/Footsteps Pack Expanded/SingleSteps/WaterSteps/WaterSteps269.wav","WaterSteps269","player_movement","SOURCE_ONLY","audited-only: footstep breadth cut from mobile build",""
"Assets/Footsteps Pack Expanded/SingleSteps/WaterSteps/WaterSteps27.wav","WaterSteps27","player_movement","SOURCE_ONLY","audited-only: footstep breadth cut from mobile build",""
"Assets/Footsteps Pack Expanded/SingleSteps/WaterSteps/WaterSteps270.wav","WaterSteps270","player_movement","SOURCE_ONLY","audited-only: footstep breadth cut from mobile build",""
"Assets/Footsteps Pack Expanded/SingleSteps/WaterSteps/WaterSteps28.wav","WaterSteps28","player_movement","SOURCE_ONLY","audited-only: footstep breadth cut from mobile build",""
"Assets/Footsteps Pack Expanded/SingleSteps/WaterSteps/WaterSteps29.wav","WaterSteps29","player_movement","SOURCE_ONLY","audited-only: footstep breadth cut from mobile build",""
"Assets/Footsteps Pack Expanded/SingleSteps/WaterSteps/WaterSteps30.wav","WaterSteps30","player_movement","SOURCE_ONLY","audited-only: footstep breadth cut from mobile build",""
"Assets/Footsteps Pack Expanded/SingleSteps/WaterSteps/WaterSteps31.wav","WaterSteps31","player_movement","SOURCE_ONLY","audited-only: footstep breadth cut from mobile build",""
"Assets/Footsteps Pack Expanded/SingleSteps/WaterSteps/WaterSteps32.wav","WaterSteps32","player_movement","SOURCE_ONLY","audited-only: footstep breadth cut from mobile build",""
"Assets/Footsteps Pack Expanded/SingleSteps/WaterSteps/WaterSteps33.wav","WaterSteps33","player_movement","SOURCE_ONLY","audited-only: footstep breadth cut from mobile build",""
"Assets/Footsteps Pack Expanded/SingleSteps/WaterSteps/WaterSteps34.wav","WaterSteps34","player_movement","SOURCE_ONLY","audited-only: footstep breadth cut from mobile build",""
"Assets/Footsteps Pack Expanded/SingleSteps/WaterSteps/WaterSteps35.wav","WaterSteps35","player_movement","SOURCE_ONLY","audited-only: footstep breadth cut from mobile build",""
"Assets/Footsteps Pack Expanded/SingleSteps/WaterSteps/WaterSteps36.wav","WaterSteps36","player_movement","SOURCE_ONLY","audited-only: footstep breadth cut from mobile build",""
"Assets/Footsteps Pack Expanded/SingleSteps/WaterSteps/WaterSteps37.wav","WaterSteps37","player_movement","SOURCE_ONLY","audited-only: footstep breadth cut from mobile build",""
"Assets/Footsteps Pack Expanded/SingleSteps/WaterSteps/WaterSteps38.wav","WaterSteps38","player_movement","SOURCE_ONLY","audited-only: footstep breadth cut from mobile build",""
"Assets/Footsteps Pack Expanded/SingleSteps/WaterSteps/WaterSteps39.wav","WaterSteps39","player_movement","SOURCE_ONLY","audited-only: footstep breadth cut from mobile build",""
"Assets/Footsteps Pack Expanded/SingleSteps/WaterSteps/WaterSteps40.wav","WaterSteps40","player_movement","SOURCE_ONLY","audited-only: footstep breadth cut from mobile build",""
"Assets/Footsteps Pack Expanded/SingleSteps/WaterSteps/WaterSteps41.wav","WaterSteps41","player_movement","SOURCE_ONLY","audited-only: footstep breadth cut from mobile build",""
"Assets/Footsteps Pack Expanded/SingleSteps/WaterSteps/WaterSteps42.wav","WaterSteps42","player_movement","SOURCE_ONLY","audited-only: footstep breadth cut from mobile build",""
"Assets/Footsteps Pack Expanded/SingleSteps/WaterSteps/WaterSteps43.wav","WaterSteps43","player_movement","SOURCE_ONLY","audited-only: footstep breadth cut from mobile build",""
"Assets/Footsteps Pack Expanded/SingleSteps/WaterSteps/WaterSteps44.wav","WaterSteps44","player_movement","SOURCE_ONLY","audited-only: footstep breadth cut from mobile build",""
"Assets/Footsteps Pack Expanded/SingleSteps/WaterSteps/WaterSteps45.wav","WaterSteps45","player_movement","SOURCE_ONLY","audited-only: footstep breadth cut from mobile build",""
"Assets/Footsteps Pack Expanded/SingleSteps/WaterSteps/WaterSteps46.wav","WaterSteps46","player_movement","SOURCE_ONLY","audited-only: footstep breadth cut from mobile build",""
"Assets/Footsteps Pack Expanded/SingleSteps/WaterSteps/WaterSteps47.wav","WaterSteps47","player_movement","SOURCE_ONLY","audited-only: footstep breadth cut from mobile build",""
"Assets/Footsteps Pack Expanded/SingleSteps/WaterSteps/WaterSteps48.wav","WaterSteps48","player_movement","SOURCE_ONLY","audited-only: footstep breadth cut from mobile build",""
"Assets/Footsteps Pack Expanded/SingleSteps/WaterSteps/WaterSteps49.wav","WaterSteps49","player_movement","SOURCE_ONLY","audited-only: footstep breadth cut from mobile build",""
"Assets/Footsteps Pack Expanded/SingleSteps/WaterSteps/WaterSteps50.wav","WaterSteps50","player_movement","SOURCE_ONLY","audited-only: footstep breadth cut from mobile build",""
"Assets/Footsteps Pack Expanded/SingleSteps/WaterSteps/WaterSteps51.wav","WaterSteps51","player_movement","SOURCE_ONLY","audited-only: footstep breadth cut from mobile build",""
"Assets/Footsteps Pack Expanded/SingleSteps/WaterSteps/WaterSteps52.wav","WaterSteps52","player_movement","SOURCE_ONLY","audited-only: footstep breadth cut from mobile build",""
"Assets/Footsteps Pack Expanded/SingleSteps/WaterSteps/WaterSteps53.wav","WaterSteps53","player_movement","SOURCE_ONLY","audited-only: footstep breadth cut from mobile build",""
"Assets/Footsteps Pack Expanded/SingleSteps/WaterSteps/WaterSteps54.wav","WaterSteps54","player_movement","SOURCE_ONLY","audited-only: footstep breadth cut from mobile build",""
"Assets/Footsteps Pack Expanded/SingleSteps/WaterSteps/WaterSteps55.wav","WaterSteps55","player_movement","SOURCE_ONLY","audited-only: footstep breadth cut from mobile build",""
"Assets/Footsteps Pack Expanded/SingleSteps/WaterSteps/WaterSteps56.wav","WaterSteps56","player_movement","SOURCE_ONLY","audited-only: footstep breadth cut from mobile build",""
"Assets/Footsteps Pack Expanded/SingleSteps/WaterSteps/WaterSteps57.wav","WaterSteps57","player_movement","SOURCE_ONLY","audited-only: footstep breadth cut from mobile build",""
"Assets/Footsteps Pack Expanded/SingleSteps/WaterSteps/WaterSteps58.wav","WaterSteps58","player_movement","SOURCE_ONLY","audited-only: footstep breadth cut from mobile build",""
"Assets/Footsteps Pack Expanded/SingleSteps/WaterSteps/WaterSteps59.wav","WaterSteps59","player_movement","SOURCE_ONLY","audited-only: footstep breadth cut from mobile build",""
"Assets/Footsteps Pack Expanded/SingleSteps/WaterSteps/WaterSteps60.wav","WaterSteps60","player_movement","SOURCE_ONLY","audited-only: footstep breadth cut from mobile build",""
"Assets/Footsteps Pack Expanded/SingleSteps/WaterSteps/WaterSteps61.wav","WaterSteps61","player_movement","SOURCE_ONLY","audited-only: footstep breadth cut from mobile build",""
"Assets/Footsteps Pack Expanded/SingleSteps/WaterSteps/WaterSteps62.wav","WaterSteps62","player_movement","SOURCE_ONLY","audited-only: footstep breadth cut from mobile build",""
"Assets/Footsteps Pack Expanded/SingleSteps/WaterSteps/WaterSteps63.wav","WaterSteps63","player_movement","SOURCE_ONLY","audited-only: footstep breadth cut from mobile build",""
"Assets/Footsteps Pack Expanded/SingleSteps/WaterSteps/WaterSteps64.wav","WaterSteps64","player_movement","SOURCE_ONLY","audited-only: footstep breadth cut from mobile build",""
"Assets/Footsteps Pack Expanded/SingleSteps/WaterSteps/WaterSteps65.wav","WaterSteps65","player_movement","SOURCE_ONLY","audited-only: footstep breadth cut from mobile build",""
"Assets/Footsteps Pack Expanded/SingleSteps/WaterSteps/WaterSteps66.wav","WaterSteps66","player_movement","SOURCE_ONLY","audited-only: footstep breadth cut from mobile build",""
"Assets/Footsteps Pack Expanded/SingleSteps/WaterSteps/WaterSteps67.wav","WaterSteps67","player_movement","SOURCE_ONLY","audited-only: footstep breadth cut from mobile build",""
"Assets/Footsteps Pack Expanded/SingleSteps/WaterSteps/WaterSteps68.wav","WaterSteps68","player_movement","SOURCE_ONLY","audited-only: footstep breadth cut from mobile build",""
"Assets/Footsteps Pack Expanded/SingleSteps/WaterSteps/WaterSteps69.wav","WaterSteps69","player_movement","SOURCE_ONLY","audited-only: footstep breadth cut from mobile build",""
"Assets/Footsteps Pack Expanded/SingleSteps/WaterSteps/WaterSteps70.wav","WaterSteps70","player_movement","SOURCE_ONLY","audited-only: footstep breadth cut from mobile build",""
"Assets/Footsteps Pack Expanded/SingleSteps/WaterSteps/WaterSteps71.wav","WaterSteps71","player_movement","SOURCE_ONLY","audited-only: footstep breadth cut from mobile build",""
"Assets/Footsteps Pack Expanded/SingleSteps/WaterSteps/WaterSteps72.wav","WaterSteps72","player_movement","SOURCE_ONLY","audited-only: footstep breadth cut from mobile build",""
"Assets/Footsteps Pack Expanded/SingleSteps/WaterSteps/WaterSteps73.wav","WaterSteps73","player_movement","SOURCE_ONLY","audited-only: footstep breadth cut from mobile build",""
"Assets/Footsteps Pack Expanded/SingleSteps/WaterSteps/WaterSteps74.wav","WaterSteps74","player_movement","SOURCE_ONLY","audited-only: footstep breadth cut from mobile build",""
"Assets/Footsteps Pack Expanded/SingleSteps/WaterSteps/WaterSteps75.wav","WaterSteps75","player_movement","SOURCE_ONLY","audited-only: footstep breadth cut from mobile build",""
"Assets/Footsteps Pack Expanded/SingleSteps/WaterSteps/WaterSteps76.wav","WaterSteps76","player_movement","SOURCE_ONLY","audited-only: footstep breadth cut from mobile build",""
"Assets/Footsteps Pack Expanded/SingleSteps/WaterSteps/WaterSteps77.wav","WaterSteps77","player_movement","SOURCE_ONLY","audited-only: footstep breadth cut from mobile build",""
"Assets/Footsteps Pack Expanded/SingleSteps/WaterSteps/WaterSteps78.wav","WaterSteps78","player_movement","SOURCE_ONLY","audited-only: footstep breadth cut from mobile build",""
"Assets/Footsteps Pack Expanded/SingleSteps/WaterSteps/WaterSteps79.wav","WaterSteps79","player_movement","SOURCE_ONLY","audited-only: footstep breadth cut from mobile build",""
"Assets/Footsteps Pack Expanded/SingleSteps/WaterSteps/WaterSteps80.wav","WaterSteps80","player_movement","SOURCE_ONLY","audited-only: footstep breadth cut from mobile build",""
"Assets/Footsteps Pack Expanded/SingleSteps/WaterSteps/WaterSteps81.wav","WaterSteps81","player_movement","SOURCE_ONLY","audited-only: footstep breadth cut from mobile build",""
"Assets/Footsteps Pack Expanded/SingleSteps/WaterSteps/WaterSteps82.wav","WaterSteps82","player_movement","SOURCE_ONLY","audited-only: footstep breadth cut from mobile build",""
"Assets/Footsteps Pack Expanded/SingleSteps/WaterSteps/WaterSteps83.wav","WaterSteps83","player_movement","SOURCE_ONLY","audited-only: footstep breadth cut from mobile build",""
"Assets/Footsteps Pack Expanded/SingleSteps/WaterSteps/WaterSteps84.wav","WaterSteps84","player_movement","SOURCE_ONLY","audited-only: footstep breadth cut from mobile build",""
"Assets/Footsteps Pack Expanded/SingleSteps/WaterSteps/WaterSteps85.wav","WaterSteps85","player_movement","SOURCE_ONLY","audited-only: footstep breadth cut from mobile build",""
"Assets/Footsteps Pack Expanded/SingleSteps/WaterSteps/WaterSteps86.wav","WaterSteps86","player_movement","SOURCE_ONLY","audited-only: footstep breadth cut from mobile build",""
"Assets/Footsteps Pack Expanded/SingleSteps/WaterSteps/WaterSteps87.wav","WaterSteps87","player_movement","SOURCE_ONLY","audited-only: footstep breadth cut from mobile build",""
"Assets/Footsteps Pack Expanded/SingleSteps/WaterSteps/WaterSteps88.wav","WaterSteps88","player_movement","SOURCE_ONLY","audited-only: footstep breadth cut from mobile build",""
"Assets/Footsteps Pack Expanded/SingleSteps/WaterSteps/WaterSteps89.wav","WaterSteps89","player_movement","SOURCE_ONLY","audited-only: footstep breadth cut from mobile build",""
"Assets/Footsteps Pack Expanded/SingleSteps/WaterSteps/WaterSteps90.wav","WaterSteps90","player_movement","SOURCE_ONLY","audited-only: footstep breadth cut from mobile build",""
"Assets/Footsteps Pack Expanded/SingleSteps/WaterSteps/WaterSteps91.wav","WaterSteps91","player_movement","SOURCE_ONLY","audited-only: footstep breadth cut from mobile build",""
"Assets/Footsteps Pack Expanded/SingleSteps/WaterSteps/WaterSteps92.wav","WaterSteps92","player_movement","SOURCE_ONLY","audited-only: footstep breadth cut from mobile build",""
"Assets/Footsteps Pack Expanded/SingleSteps/WaterSteps/WaterSteps93.wav","WaterSteps93","player_movement","SOURCE_ONLY","audited-only: footstep breadth cut from mobile build",""
"Assets/Footsteps Pack Expanded/SingleSteps/WaterSteps/WaterSteps94.wav","WaterSteps94","player_movement","SOURCE_ONLY","audited-only: footstep breadth cut from mobile build",""
"Assets/Footsteps Pack Expanded/SingleSteps/WaterSteps/WaterSteps95.wav","WaterSteps95","player_movement","SOURCE_ONLY","audited-only: footstep breadth cut from mobile build",""
"Assets/Footsteps Pack Expanded/SingleSteps/WaterSteps/WaterSteps96.wav","WaterSteps96","player_movement","SOURCE_ONLY","audited-only: footstep breadth cut from mobile build",""
"Assets/Footsteps Pack Expanded/SingleSteps/WaterSteps/WaterSteps97.wav","WaterSteps97","player_movement","SOURCE_ONLY","audited-only: footstep breadth cut from mobile build",""
"Assets/Footsteps Pack Expanded/SingleSteps/WaterSteps/WaterSteps98.wav","WaterSteps98","player_movement","SOURCE_ONLY","audited-only: footstep breadth cut from mobile build",""
"Assets/Footsteps Pack Expanded/SingleSteps/WaterSteps/WaterSteps99.wav","WaterSteps99","player_movement","SOURCE_ONLY","audited-only: footstep breadth cut from mobile build",""
"Assets/FreeWeaponSounds/AssaultRifle/Foley/01_assault_rifle_reload_1_drop_the_mag.wav","01_assault_rifle_reload_1_drop_the_mag","weapon_mechanical","ADDRESSABLE","runtime-mapped","library.freeweaponsounds.assaultrifle.foley.01.assault.rifle.reload.1.drop.the.mag|sfx.weapon.rifle.reload"
"Assets/FreeWeaponSounds/AssaultRifle/Foley/02_assault_rifle_reload_1_insert_the_mag.wav","02_assault_rifle_reload_1_insert_the_mag","weapon_mechanical","ADDRESSABLE","runtime-mapped","library.freeweaponsounds.assaultrifle.foley.02.assault.rifle.reload.1.insert.the.mag|sfx.weapon.rifle.reload"
"Assets/FreeWeaponSounds/AssaultRifle/Foley/03_assault_rifle_reload_1_bolt.wav","03_assault_rifle_reload_1_bolt","weapon_mechanical","ADDRESSABLE","runtime-mapped","library.freeweaponsounds.assaultrifle.foley.03.assault.rifle.reload.1.bolt|sfx.weapon.rifle.reload"
"Assets/FreeWeaponSounds/AssaultRifle/Foley/assault_rifle_mag_draw.wav","assault_rifle_mag_draw","weapon_mechanical","ADDRESSABLE","runtime-mapped","library.freeweaponsounds.assaultrifle.foley.assault.rifle.mag.draw"
"Assets/FreeWeaponSounds/AssaultRifle/Foley/assault_rifle_weapon_equip.wav","assault_rifle_weapon_equip","weapon_mechanical","ADDRESSABLE","runtime-mapped","library.freeweaponsounds.assaultrifle.foley.assault.rifle.weapon.equip|sfx.weapon.rifle.equip"
"Assets/FreeWeaponSounds/AssaultRifle/Gunshots/assault_rifle_gunshot_01.wav","assault_rifle_gunshot_01","weapon_fire","ADDRESSABLE","runtime-mapped","library.freeweaponsounds.assaultrifle.gunshots.assault.rifle.gunshot.01|sfx.weapon.rifle.fire"
"Assets/FreeWeaponSounds/AssaultRifle/Gunshots/assault_rifle_gunshot_02.wav","assault_rifle_gunshot_02","weapon_fire","ADDRESSABLE","runtime-mapped","library.freeweaponsounds.assaultrifle.gunshots.assault.rifle.gunshot.02|sfx.weapon.rifle.fire"
"Assets/FreeWeaponSounds/AssaultRifle/Gunshots/assault_rifle_gunshot_03.wav","assault_rifle_gunshot_03","weapon_fire","ADDRESSABLE","runtime-mapped","library.freeweaponsounds.assaultrifle.gunshots.assault.rifle.gunshot.03|sfx.weapon.rifle.fire"
"Assets/FreeWeaponSounds/AssaultRifle/Gunshots/assault_rifle_sil_gunshot_01.wav","assault_rifle_sil_gunshot_01","weapon_fire","ADDRESSABLE","runtime-mapped","library.freeweaponsounds.assaultrifle.gunshots.assault.rifle.sil.gunshot.01|sfx.weapon.rifle.silenced.fire"
"Assets/FreeWeaponSounds/AssaultRifle/Gunshots/assault_rifle_sil_gunshot_02.wav","assault_rifle_sil_gunshot_02","weapon_fire","ADDRESSABLE","runtime-mapped","library.freeweaponsounds.assaultrifle.gunshots.assault.rifle.sil.gunshot.02|sfx.weapon.rifle.silenced.fire"
"Assets/FreeWeaponSounds/AssaultRifle/Gunshots/assault_rifle_sil_gunshot_03.wav","assault_rifle_sil_gunshot_03","weapon_fire","ADDRESSABLE","runtime-mapped","library.freeweaponsounds.assaultrifle.gunshots.assault.rifle.sil.gunshot.03|sfx.weapon.rifle.silenced.fire"
"Assets/FreeWeaponSounds/AssaultRifle/Gunshots/assault_rifle_tail_01.wav","assault_rifle_tail_01","weapon_fire","ADDRESSABLE","runtime-mapped","library.freeweaponsounds.assaultrifle.gunshots.assault.rifle.tail.01|sfx.weapon.rifle.tail"
"Assets/FreeWeaponSounds/AssaultRifle/Gunshots/assault_rifle_tail_02.wav","assault_rifle_tail_02","weapon_fire","ADDRESSABLE","runtime-mapped","library.freeweaponsounds.assaultrifle.gunshots.assault.rifle.tail.02|sfx.weapon.rifle.tail"
"Assets/FreeWeaponSounds/BGM/ClearWave.wav","ClearWave","stinger","ADDRESSABLE","runtime-mapped","library.freeweaponsounds.bgm.clearwave|stinger.wave.clear"
"Assets/FreeWeaponSounds/BGM/Defeat (1).wav","Defeat (1)","stinger","ADDRESSABLE","runtime-mapped","library.freeweaponsounds.bgm.defeat.1|stinger.defeat"
"Assets/FreeWeaponSounds/BGM/Defeat (2).wav","Defeat (2)","stinger","ADDRESSABLE","runtime-mapped","library.freeweaponsounds.bgm.defeat.2|stinger.defeat"
"Assets/FreeWeaponSounds/BGM/Defeat (3).wav","Defeat (3)","stinger","ADDRESSABLE","runtime-mapped","library.freeweaponsounds.bgm.defeat.3|stinger.defeat"
"Assets/FreeWeaponSounds/BGM/Defeat (4).wav","Defeat (4)","stinger","ADDRESSABLE","runtime-mapped","library.freeweaponsounds.bgm.defeat.4|stinger.defeat"
"Assets/FreeWeaponSounds/BGM/DogAttack (1).wav","DogAttack (1)","creature","ADDRESSABLE","runtime-mapped","library.freeweaponsounds.bgm.dogattack.1|sfx.creature.canine_heavy.attack|sfx.creature.canine_small.attack"
"Assets/FreeWeaponSounds/BGM/DogAttack (2).wav","DogAttack (2)","creature","ADDRESSABLE","runtime-mapped","library.freeweaponsounds.bgm.dogattack.2|sfx.creature.canine_heavy.attack|sfx.creature.canine_small.attack"
"Assets/FreeWeaponSounds/BGM/DogAttack (3).wav","DogAttack (3)","creature","ADDRESSABLE","runtime-mapped","library.freeweaponsounds.bgm.dogattack.3|sfx.creature.canine_heavy.attack|sfx.creature.canine_small.attack"
"Assets/FreeWeaponSounds/BGM/FurryAttack (1).wav","FurryAttack (1)","creature","ADDRESSABLE","runtime-mapped","library.freeweaponsounds.bgm.furryattack.1|sfx.creature.feline_fast.attack|sfx.creature.feline_small.attack"
"Assets/FreeWeaponSounds/BGM/FurryAttack (2).wav","FurryAttack (2)","creature","ADDRESSABLE","runtime-mapped","library.freeweaponsounds.bgm.furryattack.2|sfx.creature.feline_fast.attack|sfx.creature.feline_small.attack"
"Assets/FreeWeaponSounds/BGM/FurryAttack (3).wav","FurryAttack (3)","creature","ADDRESSABLE","runtime-mapped","library.freeweaponsounds.bgm.furryattack.3|sfx.creature.feline_fast.attack|sfx.creature.feline_small.attack"
"Assets/FreeWeaponSounds/BGM/GamePlayMusic (1).wav","GamePlayMusic (1)","music","ADDRESSABLE","runtime-mapped","library.freeweaponsounds.bgm.gameplaymusic.1|music.run.stage1"
"Assets/FreeWeaponSounds/BGM/GamePlayMusic (2).wav","GamePlayMusic (2)","music","ADDRESSABLE","runtime-mapped","library.freeweaponsounds.bgm.gameplaymusic.2|music.run.stage1"
"Assets/FreeWeaponSounds/BGM/GamePlayMusic (3).wav","GamePlayMusic (3)","music","ADDRESSABLE","runtime-mapped","library.freeweaponsounds.bgm.gameplaymusic.3|music.run.stage1"
"Assets/FreeWeaponSounds/BGM/GamePlayMusic (4).wav","GamePlayMusic (4)","music","ADDRESSABLE","runtime-mapped","library.freeweaponsounds.bgm.gameplaymusic.4|music.run.stage1"
"Assets/FreeWeaponSounds/BGM/HubMusic (1).wav","HubMusic (1)","music","ADDRESSABLE","runtime-mapped","library.freeweaponsounds.bgm.hubmusic.1|music.hub"
"Assets/FreeWeaponSounds/BGM/HubMusic (2).wav","HubMusic (2)","music","ADDRESSABLE","runtime-mapped","library.freeweaponsounds.bgm.hubmusic.2|music.hub"
"Assets/FreeWeaponSounds/BGM/HubMusic (3).wav","HubMusic (3)","music","ADDRESSABLE","runtime-mapped","library.freeweaponsounds.bgm.hubmusic.3|music.hub"
"Assets/FreeWeaponSounds/BGM/HubMusic (4).wav","HubMusic (4)","music","ADDRESSABLE","runtime-mapped","library.freeweaponsounds.bgm.hubmusic.4|music.hub"
"Assets/FreeWeaponSounds/BGM/PuppetDeath (1).wav","PuppetDeath (1)","creature","ADDRESSABLE","runtime-mapped","library.freeweaponsounds.bgm.puppetdeath.1|sfx.creature.burrow_boss.death|sfx.creature.burrow_heavy.death|sfx.creature.burrow_small.death|sfx.creature.canine_heavy.death|sfx.creature.canine_small.death|sfx.creature.feline_fast.death|sfx.creature.feline_small.death|sfx.player.death"
"Assets/FreeWeaponSounds/BGM/PuppetDeath (2).wav","PuppetDeath (2)","creature","ADDRESSABLE","runtime-mapped","library.freeweaponsounds.bgm.puppetdeath.2|sfx.creature.burrow_boss.death|sfx.creature.burrow_heavy.death|sfx.creature.burrow_small.death|sfx.creature.canine_heavy.death|sfx.creature.canine_small.death|sfx.creature.feline_fast.death|sfx.creature.feline_small.death|sfx.player.death"
"Assets/FreeWeaponSounds/BGM/PuppetHurt (1).mp3","PuppetHurt (1)","creature","ADDRESSABLE","runtime-mapped","library.freeweaponsounds.bgm.puppethurt.1|sfx.creature.burrow_boss.hurt|sfx.creature.burrow_heavy.hurt|sfx.creature.burrow_small.hurt|sfx.creature.canine_heavy.hurt|sfx.creature.canine_small.hurt|sfx.creature.feline_fast.hurt|sfx.creature.feline_small.hurt|sfx.player.hurt"
"Assets/FreeWeaponSounds/BGM/PuppetHurt (2).wav","PuppetHurt (2)","creature","ADDRESSABLE","runtime-mapped","library.freeweaponsounds.bgm.puppethurt.2|sfx.creature.burrow_boss.hurt|sfx.creature.burrow_heavy.hurt|sfx.creature.burrow_small.hurt|sfx.creature.canine_heavy.hurt|sfx.creature.canine_small.hurt|sfx.creature.feline_fast.hurt|sfx.creature.feline_small.hurt|sfx.player.hurt"
"Assets/FreeWeaponSounds/BGM/PuppetHurt (3).wav","PuppetHurt (3)","creature","ADDRESSABLE","runtime-mapped","library.freeweaponsounds.bgm.puppethurt.3|sfx.creature.burrow_boss.hurt|sfx.creature.burrow_heavy.hurt|sfx.creature.burrow_small.hurt|sfx.creature.canine_heavy.hurt|sfx.creature.canine_small.hurt|sfx.creature.feline_fast.hurt|sfx.creature.feline_small.hurt|sfx.player.hurt"
"Assets/FreeWeaponSounds/BGM/PuppetHurt (5).mp3","PuppetHurt (5)","creature","ADDRESSABLE","runtime-mapped","library.freeweaponsounds.bgm.puppethurt.5|sfx.creature.burrow_boss.hurt|sfx.creature.burrow_heavy.hurt|sfx.creature.burrow_small.hurt|sfx.creature.canine_heavy.hurt|sfx.creature.canine_small.hurt|sfx.creature.feline_fast.hurt|sfx.creature.feline_small.hurt|sfx.player.hurt"
"Assets/FreeWeaponSounds/BGM/PuppetHurt (6).mp3","PuppetHurt (6)","creature","ADDRESSABLE","runtime-mapped","library.freeweaponsounds.bgm.puppethurt.6|sfx.creature.burrow_boss.hurt|sfx.creature.burrow_heavy.hurt|sfx.creature.burrow_small.hurt|sfx.creature.canine_heavy.hurt|sfx.creature.canine_small.hurt|sfx.creature.feline_fast.hurt|sfx.creature.feline_small.hurt|sfx.player.hurt"
"Assets/FreeWeaponSounds/BGM/PuppetHurt (7).mp3","PuppetHurt (7)","creature","ADDRESSABLE","runtime-mapped","library.freeweaponsounds.bgm.puppethurt.7|sfx.creature.burrow_boss.hurt|sfx.creature.burrow_heavy.hurt|sfx.creature.burrow_small.hurt|sfx.creature.canine_heavy.hurt|sfx.creature.canine_small.hurt|sfx.creature.feline_fast.hurt|sfx.creature.feline_small.hurt|sfx.player.hurt"
"Assets/FreeWeaponSounds/BGM/StartGame.wav","StartGame","stinger","ADDRESSABLE","runtime-mapped","library.freeweaponsounds.bgm.startgame|stinger.run.start"
"Assets/FreeWeaponSounds/BGM/Victory (1).wav","Victory (1)","stinger","ADDRESSABLE","runtime-mapped","library.freeweaponsounds.bgm.victory.1|stinger.victory"
"Assets/FreeWeaponSounds/BGM/Victory (2).wav","Victory (2)","stinger","ADDRESSABLE","runtime-mapped","library.freeweaponsounds.bgm.victory.2|stinger.victory"
"Assets/FreeWeaponSounds/BGM/Victory (3).wav","Victory (3)","stinger","ADDRESSABLE","runtime-mapped","library.freeweaponsounds.bgm.victory.3|stinger.victory"
"Assets/FreeWeaponSounds/BGM/Victory (4).wav","Victory (4)","stinger","ADDRESSABLE","runtime-mapped","library.freeweaponsounds.bgm.victory.4|stinger.victory"
"Assets/FreeWeaponSounds/BGM/WaveStart.wav","WaveStart","stinger","ADDRESSABLE","runtime-mapped","library.freeweaponsounds.bgm.wavestart|stinger.wave.start"
"Assets/FreeWeaponSounds/GrenadeLauncher/01_GL_reload_breech_open.wav","01_GL_reload_breech_open","weapon_mechanical","ADDRESSABLE","runtime-mapped","library.freeweaponsounds.grenadelauncher.01.gl.reload.breech.open|sfx.weapon.grenade.reload"
"Assets/FreeWeaponSounds/GrenadeLauncher/02_GL_reload_empty_casing_extract.wav","02_GL_reload_empty_casing_extract","weapon_mechanical","ADDRESSABLE","runtime-mapped","library.freeweaponsounds.grenadelauncher.02.gl.reload.empty.casing.extract|sfx.weapon.grenade.reload"
"Assets/FreeWeaponSounds/GrenadeLauncher/03_GL_reload_projectile_insert.wav","03_GL_reload_projectile_insert","weapon_mechanical","ADDRESSABLE","runtime-mapped","library.freeweaponsounds.grenadelauncher.03.gl.reload.projectile.insert|sfx.weapon.grenade.reload"
"Assets/FreeWeaponSounds/GrenadeLauncher/04_GL_reload_breech_close.wav","04_GL_reload_breech_close","weapon_mechanical","ADDRESSABLE","runtime-mapped","library.freeweaponsounds.grenadelauncher.04.gl.reload.breech.close|sfx.weapon.grenade.reload"
"Assets/FreeWeaponSounds/GrenadeLauncher/GL_explosion.wav","GL_explosion","creature","ADDRESSABLE","runtime-mapped","library.freeweaponsounds.grenadelauncher.gl.explosion|sfx.player.bomb.explode|sfx.prop.barrel.explode"
"Assets/FreeWeaponSounds/GrenadeLauncher/GL_fire.wav","GL_fire","weapon_fire","ADDRESSABLE","runtime-mapped","library.freeweaponsounds.grenadelauncher.gl.fire|sfx.weapon.grenade.fire"
"Assets/FreeWeaponSounds/Handgun/Foley/01_slide_lock_handgun_reload_1.wav","01_slide_lock_handgun_reload_1","weapon_mechanical","ADDRESSABLE","runtime-mapped","library.freeweaponsounds.handgun.foley.01.slide.lock.handgun.reload.1|sfx.weapon.handgun.reload"
"Assets/FreeWeaponSounds/Handgun/Foley/02_drop_the_mag_handgun_reload_1.wav","02_drop_the_mag_handgun_reload_1","weapon_mechanical","ADDRESSABLE","runtime-mapped","library.freeweaponsounds.handgun.foley.02.drop.the.mag.handgun.reload.1|sfx.weapon.handgun.reload"
"Assets/FreeWeaponSounds/Handgun/Foley/03_insert_the_mag_handgun_reload_1.wav","03_insert_the_mag_handgun_reload_1","weapon_mechanical","ADDRESSABLE","runtime-mapped","library.freeweaponsounds.handgun.foley.03.insert.the.mag.handgun.reload.1|sfx.weapon.handgun.reload"
"Assets/FreeWeaponSounds/Handgun/Foley/04_slide_release_handgun_reload_1.wav","04_slide_release_handgun_reload_1","weapon_mechanical","ADDRESSABLE","runtime-mapped","library.freeweaponsounds.handgun.foley.04.slide.release.handgun.reload.1|sfx.weapon.handgun.reload"
"Assets/FreeWeaponSounds/Handgun/Foley/handgun_weapon_equip.wav","handgun_weapon_equip","weapon_mechanical","ADDRESSABLE","runtime-mapped","library.freeweaponsounds.handgun.foley.handgun.weapon.equip|sfx.weapon.handgun.equip"
"Assets/FreeWeaponSounds/Handgun/Gunshots/handgun_gunshot_01.wav","handgun_gunshot_01","weapon_fire","ADDRESSABLE","runtime-mapped","library.freeweaponsounds.handgun.gunshots.handgun.gunshot.01|sfx.weapon.handgun.fire"
"Assets/FreeWeaponSounds/Handgun/Gunshots/handgun_gunshot_02.wav","handgun_gunshot_02","weapon_fire","ADDRESSABLE","runtime-mapped","library.freeweaponsounds.handgun.gunshots.handgun.gunshot.02|sfx.weapon.handgun.fire"
"Assets/FreeWeaponSounds/Handgun/Gunshots/handgun_gunshot_03.wav","handgun_gunshot_03","weapon_fire","ADDRESSABLE","runtime-mapped","library.freeweaponsounds.handgun.gunshots.handgun.gunshot.03|sfx.weapon.handgun.fire"
"Assets/FreeWeaponSounds/Handgun/Gunshots/handgun_sil_gunshot_01.wav","handgun_sil_gunshot_01","weapon_fire","ADDRESSABLE","runtime-mapped","library.freeweaponsounds.handgun.gunshots.handgun.sil.gunshot.01|sfx.weapon.handgun.silenced.fire"
"Assets/FreeWeaponSounds/Handgun/Gunshots/handgun_sil_gunshot_02.wav","handgun_sil_gunshot_02","weapon_fire","ADDRESSABLE","runtime-mapped","library.freeweaponsounds.handgun.gunshots.handgun.sil.gunshot.02|sfx.weapon.handgun.silenced.fire"
"Assets/FreeWeaponSounds/Handgun/Gunshots/handgun_sil_gunshot_03.wav","handgun_sil_gunshot_03","weapon_fire","ADDRESSABLE","runtime-mapped","library.freeweaponsounds.handgun.gunshots.handgun.sil.gunshot.03|sfx.weapon.handgun.silenced.fire"
"Assets/FreeWeaponSounds/Handgun/Gunshots/handgun_tail_01.wav","handgun_tail_01","weapon_fire","ADDRESSABLE","runtime-mapped","library.freeweaponsounds.handgun.gunshots.handgun.tail.01|sfx.weapon.handgun.tail"
"Assets/FreeWeaponSounds/Handgun/Gunshots/handgun_tail_02.wav","handgun_tail_02","weapon_fire","ADDRESSABLE","runtime-mapped","library.freeweaponsounds.handgun.gunshots.handgun.tail.02|sfx.weapon.handgun.tail"
"Assets/FreeWeaponSounds/Shotgun/Foley/shotgun_reload_chambering.wav","shotgun_reload_chambering","weapon_mechanical","ADDRESSABLE","runtime-mapped","library.freeweaponsounds.shotgun.foley.shotgun.reload.chambering|sfx.weapon.shotgun.reload"
"Assets/FreeWeaponSounds/Shotgun/Foley/shotgun_reload_slide_action.wav","shotgun_reload_slide_action","weapon_mechanical","ADDRESSABLE","runtime-mapped","library.freeweaponsounds.shotgun.foley.shotgun.reload.slide.action|sfx.weapon.shotgun.reload"
"Assets/FreeWeaponSounds/Shotgun/Foley/shotgun_weapon_equip.wav","shotgun_weapon_equip","weapon_mechanical","ADDRESSABLE","runtime-mapped","library.freeweaponsounds.shotgun.foley.shotgun.weapon.equip|sfx.weapon.shotgun.equip"
"Assets/FreeWeaponSounds/Shotgun/Gunshots/shotgun_gunshot_01.wav","shotgun_gunshot_01","weapon_fire","ADDRESSABLE","runtime-mapped","library.freeweaponsounds.shotgun.gunshots.shotgun.gunshot.01|sfx.weapon.shotgun.fire"
"Assets/FreeWeaponSounds/Shotgun/Gunshots/shotgun_gunshot_02.wav","shotgun_gunshot_02","weapon_fire","ADDRESSABLE","runtime-mapped","library.freeweaponsounds.shotgun.gunshots.shotgun.gunshot.02|sfx.weapon.shotgun.fire"
"Assets/FreeWeaponSounds/Shotgun/Gunshots/shotgun_gunshot_03.wav","shotgun_gunshot_03","weapon_fire","ADDRESSABLE","runtime-mapped","library.freeweaponsounds.shotgun.gunshots.shotgun.gunshot.03|sfx.weapon.shotgun.fire"
"Assets/FreeWeaponSounds/Shotgun/Gunshots/shotgun_tail_01.wav","shotgun_tail_01","weapon_fire","ADDRESSABLE","runtime-mapped","library.freeweaponsounds.shotgun.gunshots.shotgun.tail.01|sfx.weapon.shotgun.tail"
"Assets/FreeWeaponSounds/Shotgun/Gunshots/shotgun_tail_02.wav","shotgun_tail_02","weapon_fire","ADDRESSABLE","runtime-mapped","library.freeweaponsounds.shotgun.gunshots.shotgun.tail.02|sfx.weapon.shotgun.tail"
"Assets/ThirdParty/Epic Toon FX/Sound/etfx_explosion_acid.wav","etfx_explosion_acid","impact","ADDRESSABLE","runtime-mapped","library.thirdparty.epic.toon.fx.sound.etfx.explosion.acid"
"Assets/ThirdParty/Epic Toon FX/Sound/etfx_explosion_bubble.wav","etfx_explosion_bubble","impact","ADDRESSABLE","runtime-mapped","library.thirdparty.epic.toon.fx.sound.etfx.explosion.bubble"
"Assets/ThirdParty/Epic Toon FX/Sound/etfx_explosion_bullet.wav","etfx_explosion_bullet","impact","ADDRESSABLE","runtime-mapped","library.thirdparty.epic.toon.fx.sound.etfx.explosion.bullet|sfx.player.bomb.explode|sfx.prop.barrel.explode"
"Assets/ThirdParty/Epic Toon FX/Sound/etfx_explosion_chargeup.wav","etfx_explosion_chargeup","impact","ADDRESSABLE","runtime-mapped","library.thirdparty.epic.toon.fx.sound.etfx.explosion.chargeup"
"Assets/ThirdParty/Epic Toon FX/Sound/etfx_explosion_chargeup2.wav","etfx_explosion_chargeup2","impact","ADDRESSABLE","runtime-mapped","library.thirdparty.epic.toon.fx.sound.etfx.explosion.chargeup2"
"Assets/ThirdParty/Epic Toon FX/Sound/etfx_explosion_dark01.wav","etfx_explosion_dark01","impact","ADDRESSABLE","runtime-mapped","library.thirdparty.epic.toon.fx.sound.etfx.explosion.dark01"
"Assets/ThirdParty/Epic Toon FX/Sound/etfx_explosion_dark02.wav","etfx_explosion_dark02","impact","ADDRESSABLE","runtime-mapped","library.thirdparty.epic.toon.fx.sound.etfx.explosion.dark02"
"Assets/ThirdParty/Epic Toon FX/Sound/etfx_explosion_fireball.wav","etfx_explosion_fireball","impact","ADDRESSABLE","runtime-mapped","library.thirdparty.epic.toon.fx.sound.etfx.explosion.fireball"
"Assets/ThirdParty/Epic Toon FX/Sound/etfx_explosion_fireball2.wav","etfx_explosion_fireball2","impact","ADDRESSABLE","runtime-mapped","library.thirdparty.epic.toon.fx.sound.etfx.explosion.fireball2"
"Assets/ThirdParty/Epic Toon FX/Sound/etfx_explosion_flash.wav","etfx_explosion_flash","impact","ADDRESSABLE","runtime-mapped","library.thirdparty.epic.toon.fx.sound.etfx.explosion.flash"
"Assets/ThirdParty/Epic Toon FX/Sound/etfx_explosion_frost.wav","etfx_explosion_frost","impact","ADDRESSABLE","runtime-mapped","library.thirdparty.epic.toon.fx.sound.etfx.explosion.frost"
"Assets/ThirdParty/Epic Toon FX/Sound/etfx_explosion_gas.wav","etfx_explosion_gas","impact","ADDRESSABLE","runtime-mapped","library.thirdparty.epic.toon.fx.sound.etfx.explosion.gas"
"Assets/ThirdParty/Epic Toon FX/Sound/etfx_explosion_grenade.wav","etfx_explosion_grenade","impact","ADDRESSABLE","runtime-mapped","library.thirdparty.epic.toon.fx.sound.etfx.explosion.grenade|sfx.player.bomb.explode|sfx.prop.barrel.explode"
"Assets/ThirdParty/Epic Toon FX/Sound/etfx_explosion_laser.wav","etfx_explosion_laser","impact","ADDRESSABLE","runtime-mapped","library.thirdparty.epic.toon.fx.sound.etfx.explosion.laser"
"Assets/ThirdParty/Epic Toon FX/Sound/etfx_explosion_lava.wav","etfx_explosion_lava","impact","ADDRESSABLE","runtime-mapped","library.thirdparty.epic.toon.fx.sound.etfx.explosion.lava"
"Assets/ThirdParty/Epic Toon FX/Sound/etfx_explosion_lightning.wav","etfx_explosion_lightning","impact","ADDRESSABLE","runtime-mapped","library.thirdparty.epic.toon.fx.sound.etfx.explosion.lightning"
"Assets/ThirdParty/Epic Toon FX/Sound/etfx_explosion_liquid.wav","etfx_explosion_liquid","impact","ADDRESSABLE","runtime-mapped","library.thirdparty.epic.toon.fx.sound.etfx.explosion.liquid"
"Assets/ThirdParty/Epic Toon FX/Sound/etfx_explosion_liquid2.wav","etfx_explosion_liquid2","impact","ADDRESSABLE","runtime-mapped","library.thirdparty.epic.toon.fx.sound.etfx.explosion.liquid2"
"Assets/ThirdParty/Epic Toon FX/Sound/etfx_explosion_liquid3.wav","etfx_explosion_liquid3","impact","ADDRESSABLE","runtime-mapped","library.thirdparty.epic.toon.fx.sound.etfx.explosion.liquid3"
"Assets/ThirdParty/Epic Toon FX/Sound/etfx_explosion_magic.wav","etfx_explosion_magic","impact","ADDRESSABLE","runtime-mapped","library.thirdparty.epic.toon.fx.sound.etfx.explosion.magic"
"Assets/ThirdParty/Epic Toon FX/Sound/etfx_explosion_magic2.wav","etfx_explosion_magic2","impact","ADDRESSABLE","runtime-mapped","library.thirdparty.epic.toon.fx.sound.etfx.explosion.magic2"
"Assets/ThirdParty/Epic Toon FX/Sound/etfx_explosion_minimagic.wav","etfx_explosion_minimagic","impact","ADDRESSABLE","runtime-mapped","library.thirdparty.epic.toon.fx.sound.etfx.explosion.minimagic"
"Assets/ThirdParty/Epic Toon FX/Sound/etfx_explosion_minimagic2.wav","etfx_explosion_minimagic2","impact","ADDRESSABLE","runtime-mapped","library.thirdparty.epic.toon.fx.sound.etfx.explosion.minimagic2"
"Assets/ThirdParty/Epic Toon FX/Sound/etfx_explosion_mystic.wav","etfx_explosion_mystic","impact","ADDRESSABLE","runtime-mapped","library.thirdparty.epic.toon.fx.sound.etfx.explosion.mystic"
"Assets/ThirdParty/Epic Toon FX/Sound/etfx_explosion_mystic02.wav","etfx_explosion_mystic02","impact","ADDRESSABLE","runtime-mapped","library.thirdparty.epic.toon.fx.sound.etfx.explosion.mystic02"
"Assets/ThirdParty/Epic Toon FX/Sound/etfx_explosion_nuke.wav","etfx_explosion_nuke","impact","ADDRESSABLE","runtime-mapped","library.thirdparty.epic.toon.fx.sound.etfx.explosion.nuke"
"Assets/ThirdParty/Epic Toon FX/Sound/etfx_explosion_plasma.wav","etfx_explosion_plasma","impact","ADDRESSABLE","runtime-mapped","library.thirdparty.epic.toon.fx.sound.etfx.explosion.plasma"
"Assets/ThirdParty/Epic Toon FX/Sound/etfx_explosion_plasma2.wav","etfx_explosion_plasma2","impact","ADDRESSABLE","runtime-mapped","library.thirdparty.epic.toon.fx.sound.etfx.explosion.plasma2"
"Assets/ThirdParty/Epic Toon FX/Sound/etfx_explosion_poisoncloud.wav","etfx_explosion_poisoncloud","impact","ADDRESSABLE","runtime-mapped","library.thirdparty.epic.toon.fx.sound.etfx.explosion.poisoncloud"
"Assets/ThirdParty/Epic Toon FX/Sound/etfx_explosion_poof.wav","etfx_explosion_poof","impact","ADDRESSABLE","runtime-mapped","library.thirdparty.epic.toon.fx.sound.etfx.explosion.poof"
"Assets/ThirdParty/Epic Toon FX/Sound/etfx_explosion_rocket.wav","etfx_explosion_rocket","impact","ADDRESSABLE","runtime-mapped","library.thirdparty.epic.toon.fx.sound.etfx.explosion.rocket|sfx.player.bomb.explode|sfx.prop.barrel.explode"
"Assets/ThirdParty/Epic Toon FX/Sound/etfx_explosion_rocket2.wav","etfx_explosion_rocket2","impact","ADDRESSABLE","runtime-mapped","library.thirdparty.epic.toon.fx.sound.etfx.explosion.rocket2|sfx.player.bomb.explode|sfx.prop.barrel.explode"
"Assets/ThirdParty/Epic Toon FX/Sound/etfx_explosion_scan.wav","etfx_explosion_scan","impact","ADDRESSABLE","runtime-mapped","library.thirdparty.epic.toon.fx.sound.etfx.explosion.scan"
"Assets/ThirdParty/Epic Toon FX/Sound/etfx_explosion_sharp.wav","etfx_explosion_sharp","impact","ADDRESSABLE","runtime-mapped","library.thirdparty.epic.toon.fx.sound.etfx.explosion.sharp"
"Assets/ThirdParty/Epic Toon FX/Sound/etfx_explosion_slime.wav","etfx_explosion_slime","impact","ADDRESSABLE","runtime-mapped","library.thirdparty.epic.toon.fx.sound.etfx.explosion.slime"
"Assets/ThirdParty/Epic Toon FX/Sound/etfx_explosion_slime2.wav","etfx_explosion_slime2","impact","ADDRESSABLE","runtime-mapped","library.thirdparty.epic.toon.fx.sound.etfx.explosion.slime2"
"Assets/ThirdParty/Epic Toon FX/Sound/etfx_explosion_snow.wav","etfx_explosion_snow","impact","ADDRESSABLE","runtime-mapped","library.thirdparty.epic.toon.fx.sound.etfx.explosion.snow"
"Assets/ThirdParty/Epic Toon FX/Sound/etfx_explosion_soul.wav","etfx_explosion_soul","impact","ADDRESSABLE","runtime-mapped","library.thirdparty.epic.toon.fx.sound.etfx.explosion.soul"
"Assets/ThirdParty/Epic Toon FX/Sound/etfx_explosion_sparkle2.wav","etfx_explosion_sparkle2","impact","ADDRESSABLE","runtime-mapped","library.thirdparty.epic.toon.fx.sound.etfx.explosion.sparkle2"
"Assets/ThirdParty/Epic Toon FX/Sound/etfx_explosion_sparkle3.wav","etfx_explosion_sparkle3","impact","ADDRESSABLE","runtime-mapped","library.thirdparty.epic.toon.fx.sound.etfx.explosion.sparkle3"
"Assets/ThirdParty/Epic Toon FX/Sound/etfx_explosion_storm.wav","etfx_explosion_storm","impact","ADDRESSABLE","runtime-mapped","library.thirdparty.epic.toon.fx.sound.etfx.explosion.storm"
"Assets/ThirdParty/Epic Toon FX/Sound/etfx_impact_metal01.wav","etfx_impact_metal01","impact","ADDRESSABLE","runtime-mapped","library.thirdparty.epic.toon.fx.sound.etfx.impact.metal01"
"Assets/ThirdParty/Epic Toon FX/Sound/etfx_impact_metal02.wav","etfx_impact_metal02","impact","ADDRESSABLE","runtime-mapped","library.thirdparty.epic.toon.fx.sound.etfx.impact.metal02"
"Assets/ThirdParty/Epic Toon FX/Sound/etfx_impact_metal03.wav","etfx_impact_metal03","impact","ADDRESSABLE","runtime-mapped","library.thirdparty.epic.toon.fx.sound.etfx.impact.metal03"
"Assets/ThirdParty/Epic Toon FX/Sound/etfx_pop_balloon.wav","etfx_pop_balloon","impact","ADDRESSABLE","runtime-mapped","library.thirdparty.epic.toon.fx.sound.etfx.pop.balloon|sfx.pickup.bomb|sfx.pickup.health"
"Assets/ThirdParty/Epic Toon FX/Sound/etfx_shoot_bubble.wav","etfx_shoot_bubble","impact","ADDRESSABLE","runtime-mapped","library.thirdparty.epic.toon.fx.sound.etfx.shoot.bubble"
"Assets/ThirdParty/Epic Toon FX/Sound/etfx_shoot_bubble2.wav","etfx_shoot_bubble2","impact","ADDRESSABLE","runtime-mapped","library.thirdparty.epic.toon.fx.sound.etfx.shoot.bubble2"
"Assets/ThirdParty/Epic Toon FX/Sound/etfx_shoot_energy01.wav","etfx_shoot_energy01","impact","ADDRESSABLE","runtime-mapped","library.thirdparty.epic.toon.fx.sound.etfx.shoot.energy01"
"Assets/ThirdParty/Epic Toon FX/Sound/etfx_shoot_energy02.wav","etfx_shoot_energy02","impact","ADDRESSABLE","runtime-mapped","library.thirdparty.epic.toon.fx.sound.etfx.shoot.energy02"
"Assets/ThirdParty/Epic Toon FX/Sound/etfx_shoot_energy03.wav","etfx_shoot_energy03","impact","ADDRESSABLE","runtime-mapped","library.thirdparty.epic.toon.fx.sound.etfx.shoot.energy03"
"Assets/ThirdParty/Epic Toon FX/Sound/etfx_shoot_energy04.wav","etfx_shoot_energy04","impact","ADDRESSABLE","runtime-mapped","library.thirdparty.epic.toon.fx.sound.etfx.shoot.energy04"
"Assets/ThirdParty/Epic Toon FX/Sound/etfx_shoot_fireball.wav","etfx_shoot_fireball","impact","ADDRESSABLE","runtime-mapped","library.thirdparty.epic.toon.fx.sound.etfx.shoot.fireball|sfx.creature.plant_boss.attack|sfx.creature.plant_heavy.attack|sfx.creature.plant_small.attack"
"Assets/ThirdParty/Epic Toon FX/Sound/etfx_shoot_fireball2.wav","etfx_shoot_fireball2","impact","ADDRESSABLE","runtime-mapped","library.thirdparty.epic.toon.fx.sound.etfx.shoot.fireball2|sfx.creature.plant_boss.attack|sfx.creature.plant_heavy.attack|sfx.creature.plant_small.attack"
"Assets/ThirdParty/Epic Toon FX/Sound/etfx_shoot_flash.wav","etfx_shoot_flash","impact","ADDRESSABLE","runtime-mapped","library.thirdparty.epic.toon.fx.sound.etfx.shoot.flash"
"Assets/ThirdParty/Epic Toon FX/Sound/etfx_shoot_frost.wav","etfx_shoot_frost","impact","ADDRESSABLE","runtime-mapped","library.thirdparty.epic.toon.fx.sound.etfx.shoot.frost"
"Assets/ThirdParty/Epic Toon FX/Sound/etfx_shoot_gas.wav","etfx_shoot_gas","impact","ADDRESSABLE","runtime-mapped","library.thirdparty.epic.toon.fx.sound.etfx.shoot.gas|sfx.creature.plant_boss.attack|sfx.creature.plant_heavy.attack|sfx.creature.plant_small.attack"
"Assets/ThirdParty/Epic Toon FX/Sound/etfx_shoot_gas2.wav","etfx_shoot_gas2","impact","ADDRESSABLE","runtime-mapped","library.thirdparty.epic.toon.fx.sound.etfx.shoot.gas2|sfx.creature.plant_boss.attack|sfx.creature.plant_heavy.attack|sfx.creature.plant_small.attack"
"Assets/ThirdParty/Epic Toon FX/Sound/etfx_shoot_grenade.wav","etfx_shoot_grenade","impact","ADDRESSABLE","runtime-mapped","library.thirdparty.epic.toon.fx.sound.etfx.shoot.grenade"
"Assets/ThirdParty/Epic Toon FX/Sound/etfx_shoot_laser.wav","etfx_shoot_laser","impact","ADDRESSABLE","runtime-mapped","library.thirdparty.epic.toon.fx.sound.etfx.shoot.laser|sfx.weapon.laser.fire"
"Assets/ThirdParty/Epic Toon FX/Sound/etfx_shoot_laser02.wav","etfx_shoot_laser02","impact","ADDRESSABLE","runtime-mapped","library.thirdparty.epic.toon.fx.sound.etfx.shoot.laser02|sfx.weapon.laser.fire"
"Assets/ThirdParty/Epic Toon FX/Sound/etfx_shoot_laser03.wav","etfx_shoot_laser03","impact","ADDRESSABLE","runtime-mapped","library.thirdparty.epic.toon.fx.sound.etfx.shoot.laser03|sfx.weapon.laser.fire"
"Assets/ThirdParty/Epic Toon FX/Sound/etfx_shoot_lightning.wav","etfx_shoot_lightning","impact","ADDRESSABLE","runtime-mapped","library.thirdparty.epic.toon.fx.sound.etfx.shoot.lightning|sfx.weapon.energy.fire"
"Assets/ThirdParty/Epic Toon FX/Sound/etfx_shoot_lightning2.wav","etfx_shoot_lightning2","impact","ADDRESSABLE","runtime-mapped","library.thirdparty.epic.toon.fx.sound.etfx.shoot.lightning2|sfx.weapon.energy.fire"
"Assets/ThirdParty/Epic Toon FX/Sound/etfx_shoot_magic.wav","etfx_shoot_magic","impact","ADDRESSABLE","runtime-mapped","library.thirdparty.epic.toon.fx.sound.etfx.shoot.magic"
"Assets/ThirdParty/Epic Toon FX/Sound/etfx_shoot_mystic.wav","etfx_shoot_mystic","impact","ADDRESSABLE","runtime-mapped","library.thirdparty.epic.toon.fx.sound.etfx.shoot.mystic"
"Assets/ThirdParty/Epic Toon FX/Sound/etfx_shoot_nuke.wav","etfx_shoot_nuke","impact","ADDRESSABLE","runtime-mapped","library.thirdparty.epic.toon.fx.sound.etfx.shoot.nuke"
"Assets/ThirdParty/Epic Toon FX/Sound/etfx_shoot_pistol02.wav","etfx_shoot_pistol02","impact","ADDRESSABLE","runtime-mapped","library.thirdparty.epic.toon.fx.sound.etfx.shoot.pistol02"
"Assets/ThirdParty/Epic Toon FX/Sound/etfx_shoot_pistol03.wav","etfx_shoot_pistol03","impact","ADDRESSABLE","runtime-mapped","library.thirdparty.epic.toon.fx.sound.etfx.shoot.pistol03"
"Assets/ThirdParty/Epic Toon FX/Sound/etfx_shoot_rocket.wav","etfx_shoot_rocket","impact","ADDRESSABLE","runtime-mapped","library.thirdparty.epic.toon.fx.sound.etfx.shoot.rocket|sfx.weapon.grenade.fire"
"Assets/ThirdParty/Epic Toon FX/Sound/etfx_shoot_rocket02.wav","etfx_shoot_rocket02","impact","ADDRESSABLE","runtime-mapped","library.thirdparty.epic.toon.fx.sound.etfx.shoot.rocket02|sfx.weapon.grenade.fire"
"Assets/ThirdParty/Epic Toon FX/Sound/etfx_shoot_rocket03.wav","etfx_shoot_rocket03","impact","ADDRESSABLE","runtime-mapped","library.thirdparty.epic.toon.fx.sound.etfx.shoot.rocket03|sfx.weapon.grenade.fire"
"Assets/ThirdParty/Epic Toon FX/Sound/etfx_shoot_snowball.wav","etfx_shoot_snowball","impact","ADDRESSABLE","runtime-mapped","library.thirdparty.epic.toon.fx.sound.etfx.shoot.snowball"
"Assets/ThirdParty/Epic Toon FX/Sound/etfx_shoot_soul.wav","etfx_shoot_soul","impact","ADDRESSABLE","runtime-mapped","library.thirdparty.epic.toon.fx.sound.etfx.shoot.soul"
"Assets/ThirdParty/Epic Toon FX/Sound/etfx_shoot_storm.wav","etfx_shoot_storm","impact","ADDRESSABLE","runtime-mapped","library.thirdparty.epic.toon.fx.sound.etfx.shoot.storm"
"Assets/ThirdParty/Epic Toon FX/Sound/etfx_spawn.wav","etfx_spawn","impact","ADDRESSABLE","runtime-mapped","library.thirdparty.epic.toon.fx.sound.etfx.spawn"
"Assets/ThirdParty/Epic Toon FX/Sound/etfx_stun01.wav","etfx_stun01","impact","ADDRESSABLE","runtime-mapped","library.thirdparty.epic.toon.fx.sound.etfx.stun01"
"Assets/ThirdParty/Epic Toon FX/Sound/etfx_stun02.wav","etfx_stun02","impact","ADDRESSABLE","runtime-mapped","library.thirdparty.epic.toon.fx.sound.etfx.stun02"
"Assets/ThirdParty/Epic Toon FX/Sound/etfx_target_hit.wav","etfx_target_hit","impact","ADDRESSABLE","runtime-mapped","library.thirdparty.epic.toon.fx.sound.etfx.target.hit|sfx.pickup.coin|sfx.pickup.gem"
"Assets/ZombieHorrorPackageFree/WAV/Bite/Zombie_Attack_Bite_001.wav","Zombie_Attack_Bite_001","creature","ADDRESSABLE","runtime-mapped","library.zombiehorrorpackagefree.wav.bite.zombie.attack.bite.001|sfx.creature.burrow_boss.attack|sfx.creature.burrow_heavy.attack|sfx.creature.burrow_small.attack|sfx.creature.flesh.attack"
"Assets/ZombieHorrorPackageFree/WAV/Bite/Zombie_Attack_Bite_002.wav","Zombie_Attack_Bite_002","creature","ADDRESSABLE","runtime-mapped","library.zombiehorrorpackagefree.wav.bite.zombie.attack.bite.002|sfx.creature.burrow_boss.attack|sfx.creature.burrow_heavy.attack|sfx.creature.burrow_small.attack|sfx.creature.flesh.attack"
"Assets/ZombieHorrorPackageFree/WAV/Blood/Blood_Splash_A_001.wav","Blood_Splash_A_001","impact","ADDRESSABLE","runtime-mapped","library.zombiehorrorpackagefree.wav.blood.blood.splash.a.001|sfx.impact.flesh.heavy"
"Assets/ZombieHorrorPackageFree/WAV/Blood/Blood_Splash_A_002.wav","Blood_Splash_A_002","impact","ADDRESSABLE","runtime-mapped","library.zombiehorrorpackagefree.wav.blood.blood.splash.a.002|sfx.impact.flesh.heavy"
"Assets/ZombieHorrorPackageFree/WAV/Blood/Blood_Splash_A_003.wav","Blood_Splash_A_003","impact","ADDRESSABLE","runtime-mapped","library.zombiehorrorpackagefree.wav.blood.blood.splash.a.003|sfx.impact.flesh.heavy"
"Assets/ZombieHorrorPackageFree/WAV/BodyFall/Foley_BodyFall_001.wav","Foley_BodyFall_001","creature","ADDRESSABLE","runtime-mapped","library.zombiehorrorpackagefree.wav.bodyfall.foley.bodyfall.001|sfx.creature.flesh.death"
"Assets/ZombieHorrorPackageFree/WAV/BodyFall/Foley_BodyFall_002.wav","Foley_BodyFall_002","creature","ADDRESSABLE","runtime-mapped","library.zombiehorrorpackagefree.wav.bodyfall.foley.bodyfall.002|sfx.creature.flesh.death"
"Assets/ZombieHorrorPackageFree/WAV/BodyFall/Foley_BodyFall_003.wav","Foley_BodyFall_003","creature","ADDRESSABLE","runtime-mapped","library.zombiehorrorpackagefree.wav.bodyfall.foley.bodyfall.003|sfx.creature.flesh.death"
"Assets/ZombieHorrorPackageFree/WAV/Eat/Zombie_Eat_001.wav","Zombie_Eat_001","creature","ADDRESSABLE","runtime-mapped","library.zombiehorrorpackagefree.wav.eat.zombie.eat.001|sfx.horde.movement_bed"
"Assets/ZombieHorrorPackageFree/WAV/Eat/Zombie_Eat_002.wav","Zombie_Eat_002","creature","ADDRESSABLE","runtime-mapped","library.zombiehorrorpackagefree.wav.eat.zombie.eat.002|sfx.horde.movement_bed"
"Assets/ZombieHorrorPackageFree/WAV/Eat/Zombie_Eat_003.wav","Zombie_Eat_003","creature","ADDRESSABLE","runtime-mapped","library.zombiehorrorpackagefree.wav.eat.zombie.eat.003|sfx.horde.movement_bed"
"Assets/ZombieHorrorPackageFree/WAV/Foley/Foley_Crawling_A_001.wav","Foley_Crawling_A_001","creature","ADDRESSABLE","runtime-mapped","library.zombiehorrorpackagefree.wav.foley.foley.crawling.a.001|sfx.horde.movement_bed"
"Assets/ZombieHorrorPackageFree/WAV/Foley/Foley_Crawling_A_002.wav","Foley_Crawling_A_002","creature","ADDRESSABLE","runtime-mapped","library.zombiehorrorpackagefree.wav.foley.foley.crawling.a.002|sfx.horde.movement_bed"
"Assets/ZombieHorrorPackageFree/WAV/Foley/Foley_Crawling_A_003.wav","Foley_Crawling_A_003","creature","ADDRESSABLE","runtime-mapped","library.zombiehorrorpackagefree.wav.foley.foley.crawling.a.003|sfx.horde.movement_bed"
"Assets/ZombieHorrorPackageFree/WAV/Foley/Foley_Movement_Clothes_A_001.wav","Foley_Movement_Clothes_A_001","creature","ADDRESSABLE","runtime-mapped","library.zombiehorrorpackagefree.wav.foley.foley.movement.clothes.a.001|sfx.horde.movement_bed"
"Assets/ZombieHorrorPackageFree/WAV/Foley/Foley_Movement_Clothes_A_002.wav","Foley_Movement_Clothes_A_002","creature","ADDRESSABLE","runtime-mapped","library.zombiehorrorpackagefree.wav.foley.foley.movement.clothes.a.002|sfx.horde.movement_bed"
"Assets/ZombieHorrorPackageFree/WAV/Foley/Foley_Movement_Clothes_A_003.wav","Foley_Movement_Clothes_A_003","creature","ADDRESSABLE","runtime-mapped","library.zombiehorrorpackagefree.wav.foley.foley.movement.clothes.a.003|sfx.horde.movement_bed"
"Assets/ZombieHorrorPackageFree/WAV/Footsteps/Footsteps_Zombie_concret_001.wav","Footsteps_Zombie_concret_001","creature","ADDRESSABLE","runtime-mapped","library.zombiehorrorpackagefree.wav.footsteps.footsteps.zombie.concret.001|sfx.creature.flesh.step"
"Assets/ZombieHorrorPackageFree/WAV/Footsteps/Footsteps_Zombie_concret_002.wav","Footsteps_Zombie_concret_002","creature","ADDRESSABLE","runtime-mapped","library.zombiehorrorpackagefree.wav.footsteps.footsteps.zombie.concret.002|sfx.creature.flesh.step"
"Assets/ZombieHorrorPackageFree/WAV/Footsteps/Footsteps_Zombie_concret_003.wav","Footsteps_Zombie_concret_003","creature","ADDRESSABLE","runtime-mapped","library.zombiehorrorpackagefree.wav.footsteps.footsteps.zombie.concret.003|sfx.creature.flesh.step"
"Assets/ZombieHorrorPackageFree/WAV/Footsteps/Footsteps_Zombie_concret_004.wav","Footsteps_Zombie_concret_004","creature","ADDRESSABLE","runtime-mapped","library.zombiehorrorpackagefree.wav.footsteps.footsteps.zombie.concret.004|sfx.creature.flesh.step"
"Assets/ZombieHorrorPackageFree/WAV/Impact/Impact_Flesh_001.wav","Impact_Flesh_001","impact","ADDRESSABLE","runtime-mapped","library.zombiehorrorpackagefree.wav.impact.impact.flesh.001|sfx.impact.flesh.light"
"Assets/ZombieHorrorPackageFree/WAV/Impact/Impact_Flesh_002.wav","Impact_Flesh_002","impact","ADDRESSABLE","runtime-mapped","library.zombiehorrorpackagefree.wav.impact.impact.flesh.002|sfx.impact.flesh.light"
"Assets/ZombieHorrorPackageFree/WAV/Impact/Impact_Flesh_003.wav","Impact_Flesh_003","impact","ADDRESSABLE","runtime-mapped","library.zombiehorrorpackagefree.wav.impact.impact.flesh.003|sfx.impact.flesh.light"
"Assets/ZombieHorrorPackageFree/WAV/Impact/Impact_Flesh_Gory_Light_001.wav","Impact_Flesh_Gory_Light_001","impact","ADDRESSABLE","runtime-mapped","library.zombiehorrorpackagefree.wav.impact.impact.flesh.gory.light.001|sfx.impact.flesh.heavy"
"Assets/ZombieHorrorPackageFree/WAV/Impact/Impact_Flesh_Gory_Light_002.wav","Impact_Flesh_Gory_Light_002","impact","ADDRESSABLE","runtime-mapped","library.zombiehorrorpackagefree.wav.impact.impact.flesh.gory.light.002|sfx.impact.flesh.heavy"
"Assets/ZombieHorrorPackageFree/WAV/VO/Zombie01/Zombie001_Attack_A_001.wav","Zombie001_Attack_A_001","creature","ADDRESSABLE","runtime-mapped","library.zombiehorrorpackagefree.wav.vo.zombie01.zombie001.attack.a.001|sfx.creature.burrow_boss.attack|sfx.creature.burrow_heavy.attack|sfx.creature.burrow_small.attack|sfx.creature.flesh.attack"
"Assets/ZombieHorrorPackageFree/WAV/VO/Zombie01/Zombie001_Attack_A_002.wav","Zombie001_Attack_A_002","creature","ADDRESSABLE","runtime-mapped","library.zombiehorrorpackagefree.wav.vo.zombie01.zombie001.attack.a.002|sfx.creature.burrow_boss.attack|sfx.creature.burrow_heavy.attack|sfx.creature.burrow_small.attack|sfx.creature.flesh.attack"
"Assets/ZombieHorrorPackageFree/WAV/VO/Zombie01/Zombie001_Attack_A_003.wav","Zombie001_Attack_A_003","creature","ADDRESSABLE","runtime-mapped","library.zombiehorrorpackagefree.wav.vo.zombie01.zombie001.attack.a.003|sfx.creature.burrow_boss.attack|sfx.creature.burrow_heavy.attack|sfx.creature.burrow_small.attack|sfx.creature.flesh.attack"
"Assets/ZombieHorrorPackageFree/WAV/VO/Zombie01/Zombie001_Hurt_A_001.wav","Zombie001_Hurt_A_001","creature","ADDRESSABLE","runtime-mapped","library.zombiehorrorpackagefree.wav.vo.zombie01.zombie001.hurt.a.001|sfx.creature.flesh.hurt"
"Assets/ZombieHorrorPackageFree/WAV/VO/Zombie01/Zombie001_Hurt_A_002.wav","Zombie001_Hurt_A_002","creature","ADDRESSABLE","runtime-mapped","library.zombiehorrorpackagefree.wav.vo.zombie01.zombie001.hurt.a.002|sfx.creature.flesh.hurt"
"Assets/ZombieHorrorPackageFree/WAV/VO/Zombie01/Zombie001_Hurt_A_003.wav","Zombie001_Hurt_A_003","creature","ADDRESSABLE","runtime-mapped","library.zombiehorrorpackagefree.wav.vo.zombie01.zombie001.hurt.a.003|sfx.creature.flesh.hurt"
"Assets/ZombieHorrorPackageFree/WAV/VO/Zombie01/Zombie001_Idle_A_001.wav","Zombie001_Idle_A_001","creature","ADDRESSABLE","runtime-mapped","library.zombiehorrorpackagefree.wav.vo.zombie01.zombie001.idle.a.001"
"Assets/ZombieHorrorPackageFree/WAV/VO/Zombie01/Zombie001_Idle_A_002.wav","Zombie001_Idle_A_002","creature","ADDRESSABLE","runtime-mapped","library.zombiehorrorpackagefree.wav.vo.zombie01.zombie001.idle.a.002"
"Assets/ZombieHorrorPackageFree/WAV/VO/Zombie01/Zombie001_Idle_A_003.wav","Zombie001_Idle_A_003","creature","ADDRESSABLE","runtime-mapped","library.zombiehorrorpackagefree.wav.vo.zombie01.zombie001.idle.a.003"
"Assets/ZombieHorrorPackageFree/WAV/VO/Zombie03/Zombie003_Attack_A_001.wav","Zombie003_Attack_A_001","creature","ADDRESSABLE","runtime-mapped","library.zombiehorrorpackagefree.wav.vo.zombie03.zombie003.attack.a.001|sfx.creature.burrow_boss.attack|sfx.creature.burrow_heavy.attack|sfx.creature.burrow_small.attack|sfx.creature.flesh.attack"
"Assets/ZombieHorrorPackageFree/WAV/VO/Zombie03/Zombie003_Attack_A_002.wav","Zombie003_Attack_A_002","creature","ADDRESSABLE","runtime-mapped","library.zombiehorrorpackagefree.wav.vo.zombie03.zombie003.attack.a.002|sfx.creature.burrow_boss.attack|sfx.creature.burrow_heavy.attack|sfx.creature.burrow_small.attack|sfx.creature.flesh.attack"
"Assets/ZombieHorrorPackageFree/WAV/VO/Zombie03/Zombie003_Attack_A_003.wav","Zombie003_Attack_A_003","creature","ADDRESSABLE","runtime-mapped","library.zombiehorrorpackagefree.wav.vo.zombie03.zombie003.attack.a.003|sfx.creature.burrow_boss.attack|sfx.creature.burrow_heavy.attack|sfx.creature.burrow_small.attack|sfx.creature.flesh.attack"
"Assets/ZombieHorrorPackageFree/WAV/VO/Zombie03/Zombie003_Hurt_A_001.wav","Zombie003_Hurt_A_001","creature","ADDRESSABLE","runtime-mapped","library.zombiehorrorpackagefree.wav.vo.zombie03.zombie003.hurt.a.001|sfx.creature.flesh.hurt"
"Assets/ZombieHorrorPackageFree/WAV/VO/Zombie03/Zombie003_Hurt_A_002.wav","Zombie003_Hurt_A_002","creature","ADDRESSABLE","runtime-mapped","library.zombiehorrorpackagefree.wav.vo.zombie03.zombie003.hurt.a.002|sfx.creature.flesh.hurt"
"Assets/ZombieHorrorPackageFree/WAV/VO/Zombie03/Zombie003_Hurt_A_003.wav","Zombie003_Hurt_A_003","creature","ADDRESSABLE","runtime-mapped","library.zombiehorrorpackagefree.wav.vo.zombie03.zombie003.hurt.a.003|sfx.creature.flesh.hurt"
"Assets/ZombieHorrorPackageFree/WAV/VO/Zombie03/Zombie003_Idle_A_001.wav","Zombie003_Idle_A_001","creature","ADDRESSABLE","runtime-mapped","library.zombiehorrorpackagefree.wav.vo.zombie03.zombie003.idle.a.001"
"Assets/ZombieHorrorPackageFree/WAV/VO/Zombie03/Zombie003_Idle_A_002.wav","Zombie003_Idle_A_002","creature","ADDRESSABLE","runtime-mapped","library.zombiehorrorpackagefree.wav.vo.zombie03.zombie003.idle.a.002"
"Assets/ZombieHorrorPackageFree/WAV/VO/Zombie03/Zombie003_Idle_A_003.wav","Zombie003_Idle_A_003","creature","ADDRESSABLE","runtime-mapped","library.zombiehorrorpackagefree.wav.vo.zombie03.zombie003.idle.a.003"
