runtime_key,asset_path,addressable_label,profile,use_case
"library.deadly.kombat.free.version.blade.hit.07","Assets/Deadly Kombat Free version/blade_hit_07.wav","zw-audio-world","impact","catalogued source; direct runtime use not required"
"library.deadly.kombat.free.version.blade.hit.08","Assets/Deadly Kombat Free version/blade_hit_08.wav","zw-audio-world","impact","catalogued source; direct runtime use not required"
"library.deadly.kombat.free.version.block.large.59","Assets/Deadly Kombat Free version/block_large_59.wav","zw-audio-world","impact","catalogued source; direct runtime use not required"
"sfx.creature.skeleton_giant.hurt","Assets/Deadly Kombat Free version/block_large_59.wav","zw-audio-world","impact","3D creature attack hurt death or movement"
"sfx.creature.skeleton_mage.hurt","Assets/Deadly Kombat Free version/block_large_59.wav","zw-audio-world","impact","3D creature attack hurt death or movement"
"sfx.creature.skeleton_small.hurt","Assets/Deadly Kombat Free version/block_large_59.wav","zw-audio-world","impact","3D creature attack hurt death or movement"
"sfx.impact.bone.light","Assets/Deadly Kombat Free version/block_large_59.wav","zw-audio-world","impact","3D material impact"
"sfx.impact.flesh.heavy","Assets/Deadly Kombat Free version/block_large_59.wav","zw-audio-world","impact","3D material impact"
"sfx.impact.fur.heavy","Assets/Deadly Kombat Free version/block_large_59.wav","zw-audio-world","impact","3D material impact"
"library.deadly.kombat.free.version.block.large.71","Assets/Deadly Kombat Free version/block_large_71.wav","zw-audio-world","impact","catalogued source; direct runtime use not required"
"sfx.creature.skeleton_giant.hurt","Assets/Deadly Kombat Free version/block_large_71.wav","zw-audio-world","impact","3D creature attack hurt death or movement"
"sfx.creature.skeleton_mage.hurt","Assets/Deadly Kombat Free version/block_large_71.wav","zw-audio-world","impact","3D creature attack hurt death or movement"
"sfx.creature.skeleton_small.hurt","Assets/Deadly Kombat Free version/block_large_71.wav","zw-audio-world","impact","3D creature attack hurt death or movement"
"sfx.impact.bone.light","Assets/Deadly Kombat Free version/block_large_71.wav","zw-audio-world","impact","3D material impact"
"sfx.impact.flesh.heavy","Assets/Deadly Kombat Free version/block_large_71.wav","zw-audio-world","impact","3D material impact"
"sfx.impact.fur.heavy","Assets/Deadly Kombat Free version/block_large_71.wav","zw-audio-world","impact","3D material impact"
"library.deadly.kombat.free.version.block.medium.09","Assets/Deadly Kombat Free version/block_medium_09.wav","zw-audio-world","impact","catalogued source; direct runtime use not required"
"sfx.creature.skeleton_giant.hurt","Assets/Deadly Kombat Free version/block_medium_09.wav","zw-audio-world","impact","3D creature attack hurt death or movement"
"sfx.creature.skeleton_mage.hurt","Assets/Deadly Kombat Free version/block_medium_09.wav","zw-audio-world","impact","3D creature attack hurt death or movement"
"sfx.creature.skeleton_small.hurt","Assets/Deadly Kombat Free version/block_medium_09.wav","zw-audio-world","impact","3D creature attack hurt death or movement"
"sfx.impact.bone.light","Assets/Deadly Kombat Free version/block_medium_09.wav","zw-audio-world","impact","3D material impact"
"library.deadly.kombat.free.version.block.medium.25","Assets/Deadly Kombat Free version/block_medium_25.wav","zw-audio-world","impact","catalogued source; direct runtime use not required"
"sfx.creature.skeleton_giant.hurt","Assets/Deadly Kombat Free version/block_medium_25.wav","zw-audio-world","impact","3D creature attack hurt death or movement"
"sfx.creature.skeleton_mage.hurt","Assets/Deadly Kombat Free version/block_medium_25.wav","zw-audio-world","impact","3D creature attack hurt death or movement"
"sfx.creature.skeleton_small.hurt","Assets/Deadly Kombat Free version/block_medium_25.wav","zw-audio-world","impact","3D creature attack hurt death or movement"
"sfx.impact.bone.light","Assets/Deadly Kombat Free version/block_medium_25.wav","zw-audio-world","impact","3D material impact"
"library.deadly.kombat.free.version.block.small.69","Assets/Deadly Kombat Free version/block_small_69.wav","zw-audio-world","impact","catalogued source; direct runtime use not required"
"sfx.creature.skeleton_giant.hurt","Assets/Deadly Kombat Free version/block_small_69.wav","zw-audio-world","impact","3D creature attack hurt death or movement"
"sfx.creature.skeleton_mage.hurt","Assets/Deadly Kombat Free version/block_small_69.wav","zw-audio-world","impact","3D creature attack hurt death or movement"
"sfx.creature.skeleton_small.hurt","Assets/Deadly Kombat Free version/block_small_69.wav","zw-audio-world","impact","3D creature attack hurt death or movement"
"sfx.impact.bone.light","Assets/Deadly Kombat Free version/block_small_69.wav","zw-audio-world","impact","3D material impact"
"library.deadly.kombat.free.version.block.small.73","Assets/Deadly Kombat Free version/block_small_73.wav","zw-audio-world","impact","catalogued source; direct runtime use not required"
"sfx.creature.skeleton_giant.hurt","Assets/Deadly Kombat Free version/block_small_73.wav","zw-audio-world","impact","3D creature attack hurt death or movement"
"sfx.creature.skeleton_mage.hurt","Assets/Deadly Kombat Free version/block_small_73.wav","zw-audio-world","impact","3D creature attack hurt death or movement"
"sfx.creature.skeleton_small.hurt","Assets/Deadly Kombat Free version/block_small_73.wav","zw-audio-world","impact","3D creature attack hurt death or movement"
"sfx.impact.bone.light","Assets/Deadly Kombat Free version/block_small_73.wav","zw-audio-world","impact","3D material impact"
"library.deadly.kombat.free.version.body.hit.finisher.23","Assets/Deadly Kombat Free version/body_hit_finisher_23.wav","zw-audio-world","impact","catalogued source; direct runtime use not required"
"sfx.impact.flesh.heavy","Assets/Deadly Kombat Free version/body_hit_finisher_23.wav","zw-audio-world","impact","3D material impact"
"sfx.impact.fur.heavy","Assets/Deadly Kombat Free version/body_hit_finisher_23.wav","zw-audio-world","impact","3D material impact"
"library.deadly.kombat.free.version.body.hit.finisher.27","Assets/Deadly Kombat Free version/body_hit_finisher_27.wav","zw-audio-world","impact","catalogued source; direct runtime use not required"
"sfx.impact.flesh.heavy","Assets/Deadly Kombat Free version/body_hit_finisher_27.wav","zw-audio-world","impact","3D material impact"
"sfx.impact.fur.heavy","Assets/Deadly Kombat Free version/body_hit_finisher_27.wav","zw-audio-world","impact","3D material impact"
"library.deadly.kombat.free.version.body.hit.finisher.42","Assets/Deadly Kombat Free version/body_hit_finisher_42.wav","zw-audio-world","impact","catalogued source; direct runtime use not required"
"sfx.impact.flesh.heavy","Assets/Deadly Kombat Free version/body_hit_finisher_42.wav","zw-audio-world","impact","3D material impact"
"sfx.impact.fur.heavy","Assets/Deadly Kombat Free version/body_hit_finisher_42.wav","zw-audio-world","impact","3D material impact"
"library.deadly.kombat.free.version.body.hit.finisher.52","Assets/Deadly Kombat Free version/body_hit_finisher_52.wav","zw-audio-world","impact","catalogued source; direct runtime use not required"
"sfx.impact.flesh.heavy","Assets/Deadly Kombat Free version/body_hit_finisher_52.wav","zw-audio-world","impact","3D material impact"
"sfx.impact.fur.heavy","Assets/Deadly Kombat Free version/body_hit_finisher_52.wav","zw-audio-world","impact","3D material impact"
"library.deadly.kombat.free.version.body.hit.large.32","Assets/Deadly Kombat Free version/body_hit_large_32.wav","zw-audio-world","impact","catalogued source; direct runtime use not required"
"sfx.impact.flesh.heavy","Assets/Deadly Kombat Free version/body_hit_large_32.wav","zw-audio-world","impact","3D material impact"
"sfx.impact.fur.heavy","Assets/Deadly Kombat Free version/body_hit_large_32.wav","zw-audio-world","impact","3D material impact"
"library.deadly.kombat.free.version.body.hit.large.44","Assets/Deadly Kombat Free version/body_hit_large_44.wav","zw-audio-world","impact","catalogued source; direct runtime use not required"
"sfx.impact.flesh.heavy","Assets/Deadly Kombat Free version/body_hit_large_44.wav","zw-audio-world","impact","3D material impact"
"sfx.impact.fur.heavy","Assets/Deadly Kombat Free version/body_hit_large_44.wav","zw-audio-world","impact","3D material impact"
"library.deadly.kombat.free.version.body.hit.large.76","Assets/Deadly Kombat Free version/body_hit_large_76.wav","zw-audio-world","impact","catalogued source; direct runtime use not required"
"sfx.impact.flesh.heavy","Assets/Deadly Kombat Free version/body_hit_large_76.wav","zw-audio-world","impact","3D material impact"
"sfx.impact.fur.heavy","Assets/Deadly Kombat Free version/body_hit_large_76.wav","zw-audio-world","impact","3D material impact"
"library.deadly.kombat.free.version.body.hit.small.11","Assets/Deadly Kombat Free version/body_hit_small_11.wav","zw-audio-world","impact","catalogued source; direct runtime use not required"
"sfx.impact.flesh.light","Assets/Deadly Kombat Free version/body_hit_small_11.wav","zw-audio-world","impact","3D material impact"
"sfx.impact.fur.light","Assets/Deadly Kombat Free version/body_hit_small_11.wav","zw-audio-world","impact","3D material impact"
"library.deadly.kombat.free.version.body.hit.small.20","Assets/Deadly Kombat Free version/body_hit_small_20.wav","zw-audio-world","impact","catalogued source; direct runtime use not required"
"sfx.impact.flesh.light","Assets/Deadly Kombat Free version/body_hit_small_20.wav","zw-audio-world","impact","3D material impact"
"sfx.impact.fur.light","Assets/Deadly Kombat Free version/body_hit_small_20.wav","zw-audio-world","impact","3D material impact"
"library.deadly.kombat.free.version.body.hit.small.23","Assets/Deadly Kombat Free version/body_hit_small_23.wav","zw-audio-world","impact","catalogued source; direct runtime use not required"
"sfx.impact.flesh.light","Assets/Deadly Kombat Free version/body_hit_small_23.wav","zw-audio-world","impact","3D material impact"
"sfx.impact.fur.light","Assets/Deadly Kombat Free version/body_hit_small_23.wav","zw-audio-world","impact","3D material impact"
"library.deadly.kombat.free.version.body.hit.small.79","Assets/Deadly Kombat Free version/body_hit_small_79.wav","zw-audio-world","impact","catalogued source; direct runtime use not required"
"sfx.impact.flesh.light","Assets/Deadly Kombat Free version/body_hit_small_79.wav","zw-audio-world","impact","3D material impact"
"sfx.impact.fur.light","Assets/Deadly Kombat Free version/body_hit_small_79.wav","zw-audio-world","impact","3D material impact"
"library.deadly.kombat.free.version.bone.breaking.03","Assets/Deadly Kombat Free version/bone_breaking_03.wav","zw-audio-world","impact","catalogued source; direct runtime use not required"
"sfx.creature.skeleton_giant.death","Assets/Deadly Kombat Free version/bone_breaking_03.wav","zw-audio-world","impact","3D creature attack hurt death or movement"
"sfx.creature.skeleton_mage.death","Assets/Deadly Kombat Free version/bone_breaking_03.wav","zw-audio-world","impact","3D creature attack hurt death or movement"
"sfx.creature.skeleton_small.death","Assets/Deadly Kombat Free version/bone_breaking_03.wav","zw-audio-world","impact","3D creature attack hurt death or movement"
"sfx.impact.bone.heavy","Assets/Deadly Kombat Free version/bone_breaking_03.wav","zw-audio-world","impact","3D material impact"
"library.deadly.kombat.free.version.bone.breaking.53","Assets/Deadly Kombat Free version/bone_breaking_53.wav","zw-audio-world","impact","catalogued source; direct runtime use not required"
"sfx.creature.skeleton_giant.death","Assets/Deadly Kombat Free version/bone_breaking_53.wav","zw-audio-world","impact","3D creature attack hurt death or movement"
"sfx.creature.skeleton_mage.death","Assets/Deadly Kombat Free version/bone_breaking_53.wav","zw-audio-world","impact","3D creature attack hurt death or movement"
"sfx.creature.skeleton_small.death","Assets/Deadly Kombat Free version/bone_breaking_53.wav","zw-audio-world","impact","3D creature attack hurt death or movement"
"sfx.impact.bone.heavy","Assets/Deadly Kombat Free version/bone_breaking_53.wav","zw-audio-world","impact","3D material impact"
"library.deadly.kombat.free.version.face.hit.finisher.19","Assets/Deadly Kombat Free version/face_hit_finisher_19.wav","zw-audio-world","impact","catalogued source; direct runtime use not required"
"sfx.impact.flesh.heavy","Assets/Deadly Kombat Free version/face_hit_finisher_19.wav","zw-audio-world","impact","3D material impact"
"sfx.impact.fur.heavy","Assets/Deadly Kombat Free version/face_hit_finisher_19.wav","zw-audio-world","impact","3D material impact"
"library.deadly.kombat.free.version.face.hit.finisher.40","Assets/Deadly Kombat Free version/face_hit_finisher_40.wav","zw-audio-world","impact","catalogued source; direct runtime use not required"
"sfx.impact.flesh.heavy","Assets/Deadly Kombat Free version/face_hit_finisher_40.wav","zw-audio-world","impact","3D material impact"
"sfx.impact.fur.heavy","Assets/Deadly Kombat Free version/face_hit_finisher_40.wav","zw-audio-world","impact","3D material impact"
"library.deadly.kombat.free.version.face.hit.finisher.61","Assets/Deadly Kombat Free version/face_hit_finisher_61.wav","zw-audio-world","impact","catalogued source; direct runtime use not required"
"sfx.impact.flesh.heavy","Assets/Deadly Kombat Free version/face_hit_finisher_61.wav","zw-audio-world","impact","3D material impact"
"sfx.impact.fur.heavy","Assets/Deadly Kombat Free version/face_hit_finisher_61.wav","zw-audio-world","impact","3D material impact"
"library.deadly.kombat.free.version.face.hit.finisher.73","Assets/Deadly Kombat Free version/face_hit_finisher_73.wav","zw-audio-world","impact","catalogued source; direct runtime use not required"
"sfx.impact.flesh.heavy","Assets/Deadly Kombat Free version/face_hit_finisher_73.wav","zw-audio-world","impact","3D material impact"
"sfx.impact.fur.heavy","Assets/Deadly Kombat Free version/face_hit_finisher_73.wav","zw-audio-world","impact","3D material impact"
"library.deadly.kombat.free.version.face.hit.large.20","Assets/Deadly Kombat Free version/face_hit_Large_20.wav","zw-audio-world","impact","catalogued source; direct runtime use not required"
"sfx.impact.flesh.heavy","Assets/Deadly Kombat Free version/face_hit_Large_20.wav","zw-audio-world","impact","3D material impact"
"sfx.impact.fur.heavy","Assets/Deadly Kombat Free version/face_hit_Large_20.wav","zw-audio-world","impact","3D material impact"
"library.deadly.kombat.free.version.face.hit.large.29","Assets/Deadly Kombat Free version/face_hit_Large_29.wav","zw-audio-world","impact","catalogued source; direct runtime use not required"
"sfx.impact.flesh.heavy","Assets/Deadly Kombat Free version/face_hit_Large_29.wav","zw-audio-world","impact","3D material impact"
"sfx.impact.fur.heavy","Assets/Deadly Kombat Free version/face_hit_Large_29.wav","zw-audio-world","impact","3D material impact"
"library.deadly.kombat.free.version.face.hit.large.78","Assets/Deadly Kombat Free version/face_hit_Large_78.wav","zw-audio-world","impact","catalogued source; direct runtime use not required"
"sfx.impact.flesh.heavy","Assets/Deadly Kombat Free version/face_hit_Large_78.wav","zw-audio-world","impact","3D material impact"
"sfx.impact.fur.heavy","Assets/Deadly Kombat Free version/face_hit_Large_78.wav","zw-audio-world","impact","3D material impact"
"library.deadly.kombat.free.version.face.hit.small.01","Assets/Deadly Kombat Free version/face_hit_small_01.wav","zw-audio-world","impact","catalogued source; direct runtime use not required"
"sfx.impact.flesh.light","Assets/Deadly Kombat Free version/face_hit_small_01.wav","zw-audio-world","impact","3D material impact"
"sfx.impact.fur.light","Assets/Deadly Kombat Free version/face_hit_small_01.wav","zw-audio-world","impact","3D material impact"
"library.deadly.kombat.free.version.face.hit.small.13","Assets/Deadly Kombat Free version/face_hit_small_13.wav","zw-audio-world","impact","catalogued source; direct runtime use not required"
"sfx.impact.flesh.light","Assets/Deadly Kombat Free version/face_hit_small_13.wav","zw-audio-world","impact","3D material impact"
"sfx.impact.fur.light","Assets/Deadly Kombat Free version/face_hit_small_13.wav","zw-audio-world","impact","3D material impact"
"library.deadly.kombat.free.version.face.hit.small.23","Assets/Deadly Kombat Free version/face_hit_small_23.wav","zw-audio-world","impact","catalogued source; direct runtime use not required"
"sfx.impact.flesh.light","Assets/Deadly Kombat Free version/face_hit_small_23.wav","zw-audio-world","impact","3D material impact"
"sfx.impact.fur.light","Assets/Deadly Kombat Free version/face_hit_small_23.wav","zw-audio-world","impact","3D material impact"
"library.deadly.kombat.free.version.face.hit.small.78","Assets/Deadly Kombat Free version/face_hit_small_78.wav","zw-audio-world","impact","catalogued source; direct runtime use not required"
"sfx.impact.flesh.light","Assets/Deadly Kombat Free version/face_hit_small_78.wav","zw-audio-world","impact","3D material impact"
"sfx.impact.fur.light","Assets/Deadly Kombat Free version/face_hit_small_78.wav","zw-audio-world","impact","3D material impact"
"library.deadly.kombat.free.version.fire.punch.02","Assets/Deadly Kombat Free version/fire_punch_02.wav","zw-audio-world","impact","catalogued source; direct runtime use not required"
"library.deadly.kombat.free.version.fire.punch.finisher.06","Assets/Deadly Kombat Free version/fire_punch_finisher_06.wav","zw-audio-world","impact","catalogued source; direct runtime use not required"
"sfx.impact.flesh.heavy","Assets/Deadly Kombat Free version/fire_punch_finisher_06.wav","zw-audio-world","impact","3D material impact"
"sfx.impact.fur.heavy","Assets/Deadly Kombat Free version/fire_punch_finisher_06.wav","zw-audio-world","impact","3D material impact"
"library.deadly.kombat.free.version.guts.and.gore.19","Assets/Deadly Kombat Free version/guts_and_gore_19.wav","zw-audio-world","impact","catalogued source; direct runtime use not required"
"sfx.impact.flesh.heavy","Assets/Deadly Kombat Free version/guts_and_gore_19.wav","zw-audio-world","impact","3D material impact"
"sfx.impact.fur.heavy","Assets/Deadly Kombat Free version/guts_and_gore_19.wav","zw-audio-world","impact","3D material impact"
"library.deadly.kombat.free.version.guts.and.gore.59","Assets/Deadly Kombat Free version/guts_and_gore_59.wav","zw-audio-world","impact","catalogued source; direct runtime use not required"
"sfx.impact.flesh.heavy","Assets/Deadly Kombat Free version/guts_and_gore_59.wav","zw-audio-world","impact","3D material impact"
"sfx.impact.fur.heavy","Assets/Deadly Kombat Free version/guts_and_gore_59.wav","zw-audio-world","impact","3D material impact"
"library.deadly.kombat.free.version.guts.and.gore.68","Assets/Deadly Kombat Free version/guts_and_gore_68.wav","zw-audio-world","impact","catalogued source; direct runtime use not required"
"sfx.impact.flesh.heavy","Assets/Deadly Kombat Free version/guts_and_gore_68.wav","zw-audio-world","impact","3D material impact"
"sfx.impact.fur.heavy","Assets/Deadly Kombat Free version/guts_and_gore_68.wav","zw-audio-world","impact","3D material impact"
"library.deadly.kombat.free.version.kick.long.whoosh.19","Assets/Deadly Kombat Free version/kick_long_whoosh_19.wav","zw-audio-world","impact","catalogued source; direct runtime use not required"
"sfx.creature.skeleton_giant.attack","Assets/Deadly Kombat Free version/kick_long_whoosh_19.wav","zw-audio-world","impact","3D creature attack hurt death or movement"
"sfx.creature.skeleton_mage.attack","Assets/Deadly Kombat Free version/kick_long_whoosh_19.wav","zw-audio-world","impact","3D creature attack hurt death or movement"
"sfx.creature.skeleton_small.attack","Assets/Deadly Kombat Free version/kick_long_whoosh_19.wav","zw-audio-world","impact","3D creature attack hurt death or movement"
"sfx.player.bomb.throw","Assets/Deadly Kombat Free version/kick_long_whoosh_19.wav","zw-audio-world","impact","gameplay SFX"
"library.deadly.kombat.free.version.kick.short.whoosh.12","Assets/Deadly Kombat Free version/kick_short_whoosh_12.wav","zw-audio-world","impact","catalogued source; direct runtime use not required"
"sfx.creature.skeleton_giant.attack","Assets/Deadly Kombat Free version/kick_short_whoosh_12.wav","zw-audio-world","impact","3D creature attack hurt death or movement"
"sfx.creature.skeleton_mage.attack","Assets/Deadly Kombat Free version/kick_short_whoosh_12.wav","zw-audio-world","impact","3D creature attack hurt death or movement"
"sfx.creature.skeleton_small.attack","Assets/Deadly Kombat Free version/kick_short_whoosh_12.wav","zw-audio-world","impact","3D creature attack hurt death or movement"
"sfx.player.bomb.throw","Assets/Deadly Kombat Free version/kick_short_whoosh_12.wav","zw-audio-world","impact","gameplay SFX"
"library.deadly.kombat.free.version.kick.short.whoosh.23","Assets/Deadly Kombat Free version/kick_short_whoosh_23.wav","zw-audio-world","impact","catalogued source; direct runtime use not required"
"sfx.creature.skeleton_giant.attack","Assets/Deadly Kombat Free version/kick_short_whoosh_23.wav","zw-audio-world","impact","3D creature attack hurt death or movement"
"sfx.creature.skeleton_mage.attack","Assets/Deadly Kombat Free version/kick_short_whoosh_23.wav","zw-audio-world","impact","3D creature attack hurt death or movement"
"sfx.creature.skeleton_small.attack","Assets/Deadly Kombat Free version/kick_short_whoosh_23.wav","zw-audio-world","impact","3D creature attack hurt death or movement"
"sfx.player.bomb.throw","Assets/Deadly Kombat Free version/kick_short_whoosh_23.wav","zw-audio-world","impact","gameplay SFX"
"library.deadly.kombat.free.version.metal.punch.06","Assets/Deadly Kombat Free version/metal_punch_06.wav","zw-audio-world","impact","catalogued source; direct runtime use not required"
"sfx.player.bomb.bounce","Assets/Deadly Kombat Free version/metal_punch_06.wav","zw-audio-world","impact","gameplay SFX"
"sfx.prop.barrel.hit","Assets/Deadly Kombat Free version/metal_punch_06.wav","zw-audio-world","impact","destructible world prop"
"library.deadly.kombat.free.version.metal.punch.finisher.07","Assets/Deadly Kombat Free version/metal_punch_finisher_07.wav","zw-audio-world","impact","catalogued source; direct runtime use not required"
"sfx.impact.flesh.heavy","Assets/Deadly Kombat Free version/metal_punch_finisher_07.wav","zw-audio-world","impact","3D material impact"
"sfx.impact.fur.heavy","Assets/Deadly Kombat Free version/metal_punch_finisher_07.wav","zw-audio-world","impact","3D material impact"
"sfx.player.bomb.bounce","Assets/Deadly Kombat Free version/metal_punch_finisher_07.wav","zw-audio-world","impact","gameplay SFX"
"sfx.prop.barrel.hit","Assets/Deadly Kombat Free version/metal_punch_finisher_07.wav","zw-audio-world","impact","destructible world prop"
"library.deadly.kombat.free.version.punch.long.whoosh.21","Assets/Deadly Kombat Free version/punch_long_whoosh_21.wav","zw-audio-world","impact","catalogued source; direct runtime use not required"
"sfx.creature.skeleton_giant.attack","Assets/Deadly Kombat Free version/punch_long_whoosh_21.wav","zw-audio-world","impact","3D creature attack hurt death or movement"
"sfx.creature.skeleton_mage.attack","Assets/Deadly Kombat Free version/punch_long_whoosh_21.wav","zw-audio-world","impact","3D creature attack hurt death or movement"
"sfx.creature.skeleton_small.attack","Assets/Deadly Kombat Free version/punch_long_whoosh_21.wav","zw-audio-world","impact","3D creature attack hurt death or movement"
"sfx.player.bomb.throw","Assets/Deadly Kombat Free version/punch_long_whoosh_21.wav","zw-audio-world","impact","gameplay SFX"
"library.deadly.kombat.free.version.punch.long.whoosh.30","Assets/Deadly Kombat Free version/punch_long_whoosh_30.wav","zw-audio-world","impact","catalogued source; direct runtime use not required"
"sfx.creature.skeleton_giant.attack","Assets/Deadly Kombat Free version/punch_long_whoosh_30.wav","zw-audio-world","impact","3D creature attack hurt death or movement"
"sfx.creature.skeleton_mage.attack","Assets/Deadly Kombat Free version/punch_long_whoosh_30.wav","zw-audio-world","impact","3D creature attack hurt death or movement"
"sfx.creature.skeleton_small.attack","Assets/Deadly Kombat Free version/punch_long_whoosh_30.wav","zw-audio-world","impact","3D creature attack hurt death or movement"
"sfx.player.bomb.throw","Assets/Deadly Kombat Free version/punch_long_whoosh_30.wav","zw-audio-world","impact","gameplay SFX"
"library.deadly.kombat.free.version.punch.short.whoosh.16","Assets/Deadly Kombat Free version/punch_short_whoosh_16.wav","zw-audio-world","impact","catalogued source; direct runtime use not required"
"sfx.creature.skeleton_giant.attack","Assets/Deadly Kombat Free version/punch_short_whoosh_16.wav","zw-audio-world","impact","3D creature attack hurt death or movement"
"sfx.creature.skeleton_mage.attack","Assets/Deadly Kombat Free version/punch_short_whoosh_16.wav","zw-audio-world","impact","3D creature attack hurt death or movement"
"sfx.creature.skeleton_small.attack","Assets/Deadly Kombat Free version/punch_short_whoosh_16.wav","zw-audio-world","impact","3D creature attack hurt death or movement"
"sfx.player.bomb.throw","Assets/Deadly Kombat Free version/punch_short_whoosh_16.wav","zw-audio-world","impact","gameplay SFX"
"library.deadly.kombat.free.version.punch.short.whoosh.30","Assets/Deadly Kombat Free version/punch_short_whoosh_30.wav","zw-audio-world","impact","catalogued source; direct runtime use not required"
"sfx.creature.skeleton_giant.attack","Assets/Deadly Kombat Free version/punch_short_whoosh_30.wav","zw-audio-world","impact","3D creature attack hurt death or movement"
"sfx.creature.skeleton_mage.attack","Assets/Deadly Kombat Free version/punch_short_whoosh_30.wav","zw-audio-world","impact","3D creature attack hurt death or movement"
"sfx.creature.skeleton_small.attack","Assets/Deadly Kombat Free version/punch_short_whoosh_30.wav","zw-audio-world","impact","3D creature attack hurt death or movement"
"sfx.player.bomb.throw","Assets/Deadly Kombat Free version/punch_short_whoosh_30.wav","zw-audio-world","impact","gameplay SFX"
"library.deadly.kombat.free.version.somersalt.01","Assets/Deadly Kombat Free version/somersalt_01.wav","zw-audio-world","impact","catalogued source; direct runtime use not required"
"library.deadly.kombat.free.version.somersalt.10","Assets/Deadly Kombat Free version/somersalt_10.wav","zw-audio-world","impact","catalogued source; direct runtime use not required"
"library.deadly.kombat.free.version.wood.bat.finisher.01","Assets/Deadly Kombat Free version/wood_bat_finisher_01.wav","zw-audio-world","impact","catalogued source; direct runtime use not required"
"sfx.creature.plant_boss.death","Assets/Deadly Kombat Free version/wood_bat_finisher_01.wav","zw-audio-world","impact","3D creature attack hurt death or movement"
"sfx.creature.plant_boss.hurt","Assets/Deadly Kombat Free version/wood_bat_finisher_01.wav","zw-audio-world","impact","3D creature attack hurt death or movement"
"sfx.creature.plant_heavy.death","Assets/Deadly Kombat Free version/wood_bat_finisher_01.wav","zw-audio-world","impact","3D creature attack hurt death or movement"
"sfx.creature.plant_heavy.hurt","Assets/Deadly Kombat Free version/wood_bat_finisher_01.wav","zw-audio-world","impact","3D creature attack hurt death or movement"
"sfx.creature.plant_small.death","Assets/Deadly Kombat Free version/wood_bat_finisher_01.wav","zw-audio-world","impact","3D creature attack hurt death or movement"
"sfx.creature.plant_small.hurt","Assets/Deadly Kombat Free version/wood_bat_finisher_01.wav","zw-audio-world","impact","3D creature attack hurt death or movement"
"sfx.impact.flesh.heavy","Assets/Deadly Kombat Free version/wood_bat_finisher_01.wav","zw-audio-world","impact","3D material impact"
"sfx.impact.fur.heavy","Assets/Deadly Kombat Free version/wood_bat_finisher_01.wav","zw-audio-world","impact","3D material impact"
"sfx.impact.plant.light","Assets/Deadly Kombat Free version/wood_bat_finisher_01.wav","zw-audio-world","impact","3D material impact"
"sfx.prop.crate.break","Assets/Deadly Kombat Free version/wood_bat_finisher_01.wav","zw-audio-world","impact","destructible world prop"
"sfx.prop.crate.hit","Assets/Deadly Kombat Free version/wood_bat_finisher_01.wav","zw-audio-world","impact","destructible world prop"
"library.deadly.kombat.free.version.wood.bat.finisher.05","Assets/Deadly Kombat Free version/wood_bat_finisher_05.wav","zw-audio-world","impact","catalogued source; direct runtime use not required"
"sfx.creature.plant_boss.death","Assets/Deadly Kombat Free version/wood_bat_finisher_05.wav","zw-audio-world","impact","3D creature attack hurt death or movement"
"sfx.creature.plant_boss.hurt","Assets/Deadly Kombat Free version/wood_bat_finisher_05.wav","zw-audio-world","impact","3D creature attack hurt death or movement"
"sfx.creature.plant_heavy.death","Assets/Deadly Kombat Free version/wood_bat_finisher_05.wav","zw-audio-world","impact","3D creature attack hurt death or movement"
"sfx.creature.plant_heavy.hurt","Assets/Deadly Kombat Free version/wood_bat_finisher_05.wav","zw-audio-world","impact","3D creature attack hurt death or movement"
"sfx.creature.plant_small.death","Assets/Deadly Kombat Free version/wood_bat_finisher_05.wav","zw-audio-world","impact","3D creature attack hurt death or movement"
"sfx.creature.plant_small.hurt","Assets/Deadly Kombat Free version/wood_bat_finisher_05.wav","zw-audio-world","impact","3D creature attack hurt death or movement"
"sfx.impact.flesh.heavy","Assets/Deadly Kombat Free version/wood_bat_finisher_05.wav","zw-audio-world","impact","3D material impact"
"sfx.impact.fur.heavy","Assets/Deadly Kombat Free version/wood_bat_finisher_05.wav","zw-audio-world","impact","3D material impact"
"sfx.impact.plant.light","Assets/Deadly Kombat Free version/wood_bat_finisher_05.wav","zw-audio-world","impact","3D material impact"
"sfx.prop.crate.break","Assets/Deadly Kombat Free version/wood_bat_finisher_05.wav","zw-audio-world","impact","destructible world prop"
"sfx.prop.crate.hit","Assets/Deadly Kombat Free version/wood_bat_finisher_05.wav","zw-audio-world","impact","destructible world prop"
"library.footsteps.pack.expanded.singlesteps.concretesteps.concretesingelsteps01","Assets/Footsteps Pack Expanded/SingleSteps/ConcreteSteps/ConcreteSingelSteps01.wav","zw-audio-footsteps","player_movement","catalogued source; direct runtime use not required"
"sfx.footstep.player.concrete","Assets/Footsteps Pack Expanded/SingleSteps/ConcreteSteps/ConcreteSingelSteps01.wav","zw-audio-footsteps","player_movement","player movement"
"library.footsteps.pack.expanded.singlesteps.concretesteps.concretesingelsteps02","Assets/Footsteps Pack Expanded/SingleSteps/ConcreteSteps/ConcreteSingelSteps02.wav","zw-audio-footsteps","player_movement","catalogued source; direct runtime use not required"
"sfx.footstep.player.concrete","Assets/Footsteps Pack Expanded/SingleSteps/ConcreteSteps/ConcreteSingelSteps02.wav","zw-audio-footsteps","player_movement","player movement"
"library.footsteps.pack.expanded.singlesteps.concretesteps.concretesingelsteps03","Assets/Footsteps Pack Expanded/SingleSteps/ConcreteSteps/ConcreteSingelSteps03.wav","zw-audio-footsteps","player_movement","catalogued source; direct runtime use not required"
"sfx.footstep.player.concrete","Assets/Footsteps Pack Expanded/SingleSteps/ConcreteSteps/ConcreteSingelSteps03.wav","zw-audio-footsteps","player_movement","player movement"
"library.footsteps.pack.expanded.singlesteps.concretesteps.concretesingelsteps04","Assets/Footsteps Pack Expanded/SingleSteps/ConcreteSteps/ConcreteSingelSteps04.wav","zw-audio-footsteps","player_movement","catalogued source; direct runtime use not required"
"sfx.footstep.player.concrete","Assets/Footsteps Pack Expanded/SingleSteps/ConcreteSteps/ConcreteSingelSteps04.wav","zw-audio-footsteps","player_movement","player movement"
"library.footsteps.pack.expanded.singlesteps.concretesteps.concretesingelsteps05","Assets/Footsteps Pack Expanded/SingleSteps/ConcreteSteps/ConcreteSingelSteps05.wav","zw-audio-footsteps","player_movement","catalogued source; direct runtime use not required"
"sfx.footstep.player.concrete","Assets/Footsteps Pack Expanded/SingleSteps/ConcreteSteps/ConcreteSingelSteps05.wav","zw-audio-footsteps","player_movement","player movement"
"library.footsteps.pack.expanded.singlesteps.concretesteps.concretesingelsteps06","Assets/Footsteps Pack Expanded/SingleSteps/ConcreteSteps/ConcreteSingelSteps06.wav","zw-audio-footsteps","player_movement","catalogued source; direct runtime use not required"
"sfx.footstep.player.concrete","Assets/Footsteps Pack Expanded/SingleSteps/ConcreteSteps/ConcreteSingelSteps06.wav","zw-audio-footsteps","player_movement","player movement"
"library.footsteps.pack.expanded.singlesteps.concretesteps.concretesingelsteps07","Assets/Footsteps Pack Expanded/SingleSteps/ConcreteSteps/ConcreteSingelSteps07.wav","zw-audio-footsteps","player_movement","catalogued source; direct runtime use not required"
"sfx.footstep.player.concrete","Assets/Footsteps Pack Expanded/SingleSteps/ConcreteSteps/ConcreteSingelSteps07.wav","zw-audio-footsteps","player_movement","player movement"
"library.footsteps.pack.expanded.singlesteps.concretesteps.concretesingelsteps08","Assets/Footsteps Pack Expanded/SingleSteps/ConcreteSteps/ConcreteSingelSteps08.wav","zw-audio-footsteps","player_movement","catalogued source; direct runtime use not required"
"sfx.footstep.player.concrete","Assets/Footsteps Pack Expanded/SingleSteps/ConcreteSteps/ConcreteSingelSteps08.wav","zw-audio-footsteps","player_movement","player movement"
"library.footsteps.pack.expanded.singlesteps.earthgroundsteps.earthgroundsteps01","Assets/Footsteps Pack Expanded/SingleSteps/EarthgroundSteps/EarthGroundSteps01.wav","zw-audio-footsteps","player_movement","catalogued source; direct runtime use not required"
"sfx.footstep.player.earth","Assets/Footsteps Pack Expanded/SingleSteps/EarthgroundSteps/EarthGroundSteps01.wav","zw-audio-footsteps","player_movement","player movement"
"library.footsteps.pack.expanded.singlesteps.earthgroundsteps.earthgroundsteps02","Assets/Footsteps Pack Expanded/SingleSteps/EarthgroundSteps/EarthGroundSteps02.wav","zw-audio-footsteps","player_movement","catalogued source; direct runtime use not required"
"sfx.footstep.player.earth","Assets/Footsteps Pack Expanded/SingleSteps/EarthgroundSteps/EarthGroundSteps02.wav","zw-audio-footsteps","player_movement","player movement"
"library.footsteps.pack.expanded.singlesteps.earthgroundsteps.earthgroundsteps03","Assets/Footsteps Pack Expanded/SingleSteps/EarthgroundSteps/EarthGroundSteps03.wav","zw-audio-footsteps","player_movement","catalogued source; direct runtime use not required"
"sfx.footstep.player.earth","Assets/Footsteps Pack Expanded/SingleSteps/EarthgroundSteps/EarthGroundSteps03.wav","zw-audio-footsteps","player_movement","player movement"
"library.footsteps.pack.expanded.singlesteps.earthgroundsteps.earthgroundsteps04","Assets/Footsteps Pack Expanded/SingleSteps/EarthgroundSteps/EarthGroundSteps04.wav","zw-audio-footsteps","player_movement","catalogued source; direct runtime use not required"
"sfx.footstep.player.earth","Assets/Footsteps Pack Expanded/SingleSteps/EarthgroundSteps/EarthGroundSteps04.wav","zw-audio-footsteps","player_movement","player movement"
"library.footsteps.pack.expanded.singlesteps.earthgroundsteps.earthgroundsteps05","Assets/Footsteps Pack Expanded/SingleSteps/EarthgroundSteps/EarthGroundSteps05.wav","zw-audio-footsteps","player_movement","catalogued source; direct runtime use not required"
"sfx.footstep.player.earth","Assets/Footsteps Pack Expanded/SingleSteps/EarthgroundSteps/EarthGroundSteps05.wav","zw-audio-footsteps","player_movement","player movement"
"library.footsteps.pack.expanded.singlesteps.earthgroundsteps.earthgroundsteps06","Assets/Footsteps Pack Expanded/SingleSteps/EarthgroundSteps/EarthGroundSteps06.wav","zw-audio-footsteps","player_movement","catalogued source; direct runtime use not required"
"sfx.footstep.player.earth","Assets/Footsteps Pack Expanded/SingleSteps/EarthgroundSteps/EarthGroundSteps06.wav","zw-audio-footsteps","player_movement","player movement"
"library.footsteps.pack.expanded.singlesteps.earthgroundsteps.earthgroundsteps07","Assets/Footsteps Pack Expanded/SingleSteps/EarthgroundSteps/EarthGroundSteps07.wav","zw-audio-footsteps","player_movement","catalogued source; direct runtime use not required"
"sfx.footstep.player.earth","Assets/Footsteps Pack Expanded/SingleSteps/EarthgroundSteps/EarthGroundSteps07.wav","zw-audio-footsteps","player_movement","player movement"
"library.footsteps.pack.expanded.singlesteps.earthgroundsteps.earthgroundsteps08","Assets/Footsteps Pack Expanded/SingleSteps/EarthgroundSteps/EarthGroundSteps08.wav","zw-audio-footsteps","player_movement","catalogued source; direct runtime use not required"
"sfx.footstep.player.earth","Assets/Footsteps Pack Expanded/SingleSteps/EarthgroundSteps/EarthGroundSteps08.wav","zw-audio-footsteps","player_movement","player movement"
"library.footsteps.pack.expanded.singlesteps.metalsteps.metalsteps01","Assets/Footsteps Pack Expanded/SingleSteps/MetalSteps/MetalSteps01.wav","zw-audio-footsteps","player_movement","catalogued source; direct runtime use not required"
"sfx.footstep.player.metal","Assets/Footsteps Pack Expanded/SingleSteps/MetalSteps/MetalSteps01.wav","zw-audio-footsteps","player_movement","player movement"
"library.footsteps.pack.expanded.singlesteps.metalsteps.metalsteps02","Assets/Footsteps Pack Expanded/SingleSteps/MetalSteps/MetalSteps02.wav","zw-audio-footsteps","player_movement","catalogued source; direct runtime use not required"
"sfx.footstep.player.metal","Assets/Footsteps Pack Expanded/SingleSteps/MetalSteps/MetalSteps02.wav","zw-audio-footsteps","player_movement","player movement"
"library.footsteps.pack.expanded.singlesteps.metalsteps.metalsteps03","Assets/Footsteps Pack Expanded/SingleSteps/MetalSteps/MetalSteps03.wav","zw-audio-footsteps","player_movement","catalogued source; direct runtime use not required"
"sfx.footstep.player.metal","Assets/Footsteps Pack Expanded/SingleSteps/MetalSteps/MetalSteps03.wav","zw-audio-footsteps","player_movement","player movement"
"library.footsteps.pack.expanded.singlesteps.metalsteps.metalsteps04","Assets/Footsteps Pack Expanded/SingleSteps/MetalSteps/MetalSteps04.wav","zw-audio-footsteps","player_movement","catalogued source; direct runtime use not required"
"sfx.footstep.player.metal","Assets/Footsteps Pack Expanded/SingleSteps/MetalSteps/MetalSteps04.wav","zw-audio-footsteps","player_movement","player movement"
"library.footsteps.pack.expanded.singlesteps.metalsteps.metalsteps05","Assets/Footsteps Pack Expanded/SingleSteps/MetalSteps/MetalSteps05.wav","zw-audio-footsteps","player_movement","catalogued source; direct runtime use not required"
"sfx.footstep.player.metal","Assets/Footsteps Pack Expanded/SingleSteps/MetalSteps/MetalSteps05.wav","zw-audio-footsteps","player_movement","player movement"
"library.footsteps.pack.expanded.singlesteps.metalsteps.metalsteps06","Assets/Footsteps Pack Expanded/SingleSteps/MetalSteps/MetalSteps06.wav","zw-audio-footsteps","player_movement","catalogued source; direct runtime use not required"
"sfx.footstep.player.metal","Assets/Footsteps Pack Expanded/SingleSteps/MetalSteps/MetalSteps06.wav","zw-audio-footsteps","player_movement","player movement"
"library.footsteps.pack.expanded.singlesteps.metalsteps.metalsteps07","Assets/Footsteps Pack Expanded/SingleSteps/MetalSteps/MetalSteps07.wav","zw-audio-footsteps","player_movement","catalogued source; direct runtime use not required"
"sfx.footstep.player.metal","Assets/Footsteps Pack Expanded/SingleSteps/MetalSteps/MetalSteps07.wav","zw-audio-footsteps","player_movement","player movement"
"library.footsteps.pack.expanded.singlesteps.metalsteps.metalsteps08","Assets/Footsteps Pack Expanded/SingleSteps/MetalSteps/MetalSteps08.wav","zw-audio-footsteps","player_movement","catalogued source; direct runtime use not required"
"sfx.footstep.player.metal","Assets/Footsteps Pack Expanded/SingleSteps/MetalSteps/MetalSteps08.wav","zw-audio-footsteps","player_movement","player movement"
"library.freeweaponsounds.assaultrifle.foley.01.assault.rifle.reload.1.drop.the.mag","Assets/FreeWeaponSounds/AssaultRifle/Foley/01_assault_rifle_reload_1_drop_the_mag.wav","zw-audio-weapons","weapon_mechanical","catalogued source; direct runtime use not required"
"sfx.weapon.rifle.reload","Assets/FreeWeaponSounds/AssaultRifle/Foley/01_assault_rifle_reload_1_drop_the_mag.wav","zw-audio-weapons","weapon_mechanical","weapon fire reload or tail"
"library.freeweaponsounds.assaultrifle.foley.02.assault.rifle.reload.1.insert.the.mag","Assets/FreeWeaponSounds/AssaultRifle/Foley/02_assault_rifle_reload_1_insert_the_mag.wav","zw-audio-weapons","weapon_mechanical","catalogued source; direct runtime use not required"
"sfx.weapon.rifle.reload","Assets/FreeWeaponSounds/AssaultRifle/Foley/02_assault_rifle_reload_1_insert_the_mag.wav","zw-audio-weapons","weapon_mechanical","weapon fire reload or tail"
"library.freeweaponsounds.assaultrifle.foley.03.assault.rifle.reload.1.bolt","Assets/FreeWeaponSounds/AssaultRifle/Foley/03_assault_rifle_reload_1_bolt.wav","zw-audio-weapons","weapon_mechanical","catalogued source; direct runtime use not required"
"sfx.weapon.rifle.reload","Assets/FreeWeaponSounds/AssaultRifle/Foley/03_assault_rifle_reload_1_bolt.wav","zw-audio-weapons","weapon_mechanical","weapon fire reload or tail"
"library.freeweaponsounds.assaultrifle.foley.assault.rifle.mag.draw","Assets/FreeWeaponSounds/AssaultRifle/Foley/assault_rifle_mag_draw.wav","zw-audio-weapons","weapon_mechanical","catalogued source; direct runtime use not required"
"library.freeweaponsounds.assaultrifle.foley.assault.rifle.weapon.equip","Assets/FreeWeaponSounds/AssaultRifle/Foley/assault_rifle_weapon_equip.wav","zw-audio-weapons","weapon_mechanical","catalogued source; direct runtime use not required"
"sfx.weapon.rifle.equip","Assets/FreeWeaponSounds/AssaultRifle/Foley/assault_rifle_weapon_equip.wav","zw-audio-weapons","weapon_mechanical","weapon fire reload or tail"
"library.freeweaponsounds.assaultrifle.gunshots.assault.rifle.gunshot.01","Assets/FreeWeaponSounds/AssaultRifle/Gunshots/assault_rifle_gunshot_01.wav","zw-audio-weapons","weapon_fire","catalogued source; direct runtime use not required"
"sfx.weapon.rifle.fire","Assets/FreeWeaponSounds/AssaultRifle/Gunshots/assault_rifle_gunshot_01.wav","zw-audio-weapons","weapon_fire","weapon fire reload or tail"
"library.freeweaponsounds.assaultrifle.gunshots.assault.rifle.gunshot.02","Assets/FreeWeaponSounds/AssaultRifle/Gunshots/assault_rifle_gunshot_02.wav","zw-audio-weapons","weapon_fire","catalogued source; direct runtime use not required"
"sfx.weapon.rifle.fire","Assets/FreeWeaponSounds/AssaultRifle/Gunshots/assault_rifle_gunshot_02.wav","zw-audio-weapons","weapon_fire","weapon fire reload or tail"
"library.freeweaponsounds.assaultrifle.gunshots.assault.rifle.gunshot.03","Assets/FreeWeaponSounds/AssaultRifle/Gunshots/assault_rifle_gunshot_03.wav","zw-audio-weapons","weapon_fire","catalogued source; direct runtime use not required"
"sfx.weapon.rifle.fire","Assets/FreeWeaponSounds/AssaultRifle/Gunshots/assault_rifle_gunshot_03.wav","zw-audio-weapons","weapon_fire","weapon fire reload or tail"
"library.freeweaponsounds.assaultrifle.gunshots.assault.rifle.sil.gunshot.01","Assets/FreeWeaponSounds/AssaultRifle/Gunshots/assault_rifle_sil_gunshot_01.wav","zw-audio-weapons","weapon_fire","catalogued source; direct runtime use not required"
"sfx.weapon.rifle.silenced.fire","Assets/FreeWeaponSounds/AssaultRifle/Gunshots/assault_rifle_sil_gunshot_01.wav","zw-audio-weapons","weapon_fire","weapon fire reload or tail"
"library.freeweaponsounds.assaultrifle.gunshots.assault.rifle.sil.gunshot.02","Assets/FreeWeaponSounds/AssaultRifle/Gunshots/assault_rifle_sil_gunshot_02.wav","zw-audio-weapons","weapon_fire","catalogued source; direct runtime use not required"
"sfx.weapon.rifle.silenced.fire","Assets/FreeWeaponSounds/AssaultRifle/Gunshots/assault_rifle_sil_gunshot_02.wav","zw-audio-weapons","weapon_fire","weapon fire reload or tail"
"library.freeweaponsounds.assaultrifle.gunshots.assault.rifle.sil.gunshot.03","Assets/FreeWeaponSounds/AssaultRifle/Gunshots/assault_rifle_sil_gunshot_03.wav","zw-audio-weapons","weapon_fire","catalogued source; direct runtime use not required"
"sfx.weapon.rifle.silenced.fire","Assets/FreeWeaponSounds/AssaultRifle/Gunshots/assault_rifle_sil_gunshot_03.wav","zw-audio-weapons","weapon_fire","weapon fire reload or tail"
"library.freeweaponsounds.assaultrifle.gunshots.assault.rifle.tail.01","Assets/FreeWeaponSounds/AssaultRifle/Gunshots/assault_rifle_tail_01.wav","zw-audio-weapons","weapon_fire","catalogued source; direct runtime use not required"
"sfx.weapon.rifle.tail","Assets/FreeWeaponSounds/AssaultRifle/Gunshots/assault_rifle_tail_01.wav","zw-audio-weapons","weapon_fire","weapon fire reload or tail"
"library.freeweaponsounds.assaultrifle.gunshots.assault.rifle.tail.02","Assets/FreeWeaponSounds/AssaultRifle/Gunshots/assault_rifle_tail_02.wav","zw-audio-weapons","weapon_fire","catalogued source; direct runtime use not required"
"sfx.weapon.rifle.tail","Assets/FreeWeaponSounds/AssaultRifle/Gunshots/assault_rifle_tail_02.wav","zw-audio-weapons","weapon_fire","weapon fire reload or tail"
"library.freeweaponsounds.bgm.clearwave","Assets/FreeWeaponSounds/BGM/ClearWave.wav","zw-audio-core","stinger","catalogued source; direct runtime use not required"
"stinger.wave.clear","Assets/FreeWeaponSounds/BGM/ClearWave.wav","zw-audio-core","stinger","run or wave gameplay cue"
"library.freeweaponsounds.bgm.defeat.1","Assets/FreeWeaponSounds/BGM/Defeat (1).wav","zw-audio-core","stinger","catalogued source; direct runtime use not required"
"stinger.defeat","Assets/FreeWeaponSounds/BGM/Defeat (1).wav","zw-audio-core","stinger","run or wave gameplay cue"
"library.freeweaponsounds.bgm.defeat.2","Assets/FreeWeaponSounds/BGM/Defeat (2).wav","zw-audio-core","stinger","catalogued source; direct runtime use not required"
"stinger.defeat","Assets/FreeWeaponSounds/BGM/Defeat (2).wav","zw-audio-core","stinger","run or wave gameplay cue"
"library.freeweaponsounds.bgm.defeat.3","Assets/FreeWeaponSounds/BGM/Defeat (3).wav","zw-audio-core","stinger","catalogued source; direct runtime use not required"
"stinger.defeat","Assets/FreeWeaponSounds/BGM/Defeat (3).wav","zw-audio-core","stinger","run or wave gameplay cue"
"library.freeweaponsounds.bgm.defeat.4","Assets/FreeWeaponSounds/BGM/Defeat (4).wav","zw-audio-core","stinger","catalogued source; direct runtime use not required"
"stinger.defeat","Assets/FreeWeaponSounds/BGM/Defeat (4).wav","zw-audio-core","stinger","run or wave gameplay cue"
"library.freeweaponsounds.bgm.dogattack.1","Assets/FreeWeaponSounds/BGM/DogAttack (1).wav","zw-audio-zombies","creature","catalogued source; direct runtime use not required"
"sfx.creature.canine_heavy.attack","Assets/FreeWeaponSounds/BGM/DogAttack (1).wav","zw-audio-zombies","creature","3D creature attack hurt death or movement"
"sfx.creature.canine_small.attack","Assets/FreeWeaponSounds/BGM/DogAttack (1).wav","zw-audio-zombies","creature","3D creature attack hurt death or movement"
"library.freeweaponsounds.bgm.dogattack.2","Assets/FreeWeaponSounds/BGM/DogAttack (2).wav","zw-audio-zombies","creature","catalogued source; direct runtime use not required"
"sfx.creature.canine_heavy.attack","Assets/FreeWeaponSounds/BGM/DogAttack (2).wav","zw-audio-zombies","creature","3D creature attack hurt death or movement"
"sfx.creature.canine_small.attack","Assets/FreeWeaponSounds/BGM/DogAttack (2).wav","zw-audio-zombies","creature","3D creature attack hurt death or movement"
"library.freeweaponsounds.bgm.dogattack.3","Assets/FreeWeaponSounds/BGM/DogAttack (3).wav","zw-audio-zombies","creature","catalogued source; direct runtime use not required"
"sfx.creature.canine_heavy.attack","Assets/FreeWeaponSounds/BGM/DogAttack (3).wav","zw-audio-zombies","creature","3D creature attack hurt death or movement"
"sfx.creature.canine_small.attack","Assets/FreeWeaponSounds/BGM/DogAttack (3).wav","zw-audio-zombies","creature","3D creature attack hurt death or movement"
"library.freeweaponsounds.bgm.furryattack.1","Assets/FreeWeaponSounds/BGM/FurryAttack (1).wav","zw-audio-zombies","creature","catalogued source; direct runtime use not required"
"sfx.creature.feline_fast.attack","Assets/FreeWeaponSounds/BGM/FurryAttack (1).wav","zw-audio-zombies","creature","3D creature attack hurt death or movement"
"sfx.creature.feline_small.attack","Assets/FreeWeaponSounds/BGM/FurryAttack (1).wav","zw-audio-zombies","creature","3D creature attack hurt death or movement"
"library.freeweaponsounds.bgm.furryattack.2","Assets/FreeWeaponSounds/BGM/FurryAttack (2).wav","zw-audio-zombies","creature","catalogued source; direct runtime use not required"
"sfx.creature.feline_fast.attack","Assets/FreeWeaponSounds/BGM/FurryAttack (2).wav","zw-audio-zombies","creature","3D creature attack hurt death or movement"
"sfx.creature.feline_small.attack","Assets/FreeWeaponSounds/BGM/FurryAttack (2).wav","zw-audio-zombies","creature","3D creature attack hurt death or movement"
"library.freeweaponsounds.bgm.furryattack.3","Assets/FreeWeaponSounds/BGM/FurryAttack (3).wav","zw-audio-zombies","creature","catalogued source; direct runtime use not required"
"sfx.creature.feline_fast.attack","Assets/FreeWeaponSounds/BGM/FurryAttack (3).wav","zw-audio-zombies","creature","3D creature attack hurt death or movement"
"sfx.creature.feline_small.attack","Assets/FreeWeaponSounds/BGM/FurryAttack (3).wav","zw-audio-zombies","creature","3D creature attack hurt death or movement"
"library.freeweaponsounds.bgm.gameplaymusic.1","Assets/FreeWeaponSounds/BGM/GamePlayMusic (1).wav","zw-audio-core","music","catalogued source; direct runtime use not required"
"music.run.stage1","Assets/FreeWeaponSounds/BGM/GamePlayMusic (1).wav","zw-audio-core","music","state-driven BGM"
"library.freeweaponsounds.bgm.gameplaymusic.2","Assets/FreeWeaponSounds/BGM/GamePlayMusic (2).wav","zw-audio-core","music","catalogued source; direct runtime use not required"
"music.run.stage1","Assets/FreeWeaponSounds/BGM/GamePlayMusic (2).wav","zw-audio-core","music","state-driven BGM"
"library.freeweaponsounds.bgm.gameplaymusic.3","Assets/FreeWeaponSounds/BGM/GamePlayMusic (3).wav","zw-audio-core","music","catalogued source; direct runtime use not required"
"music.run.stage1","Assets/FreeWeaponSounds/BGM/GamePlayMusic (3).wav","zw-audio-core","music","state-driven BGM"
"library.freeweaponsounds.bgm.gameplaymusic.4","Assets/FreeWeaponSounds/BGM/GamePlayMusic (4).wav","zw-audio-core","music","catalogued source; direct runtime use not required"
"music.run.stage1","Assets/FreeWeaponSounds/BGM/GamePlayMusic (4).wav","zw-audio-core","music","state-driven BGM"
"library.freeweaponsounds.bgm.hubmusic.1","Assets/FreeWeaponSounds/BGM/HubMusic (1).wav","zw-audio-core","music","catalogued source; direct runtime use not required"
"music.hub","Assets/FreeWeaponSounds/BGM/HubMusic (1).wav","zw-audio-core","music","state-driven BGM"
"library.freeweaponsounds.bgm.hubmusic.2","Assets/FreeWeaponSounds/BGM/HubMusic (2).wav","zw-audio-core","music","catalogued source; direct runtime use not required"
"music.hub","Assets/FreeWeaponSounds/BGM/HubMusic (2).wav","zw-audio-core","music","state-driven BGM"
"library.freeweaponsounds.bgm.hubmusic.3","Assets/FreeWeaponSounds/BGM/HubMusic (3).wav","zw-audio-core","music","catalogued source; direct runtime use not required"
"music.hub","Assets/FreeWeaponSounds/BGM/HubMusic (3).wav","zw-audio-core","music","state-driven BGM"
"library.freeweaponsounds.bgm.hubmusic.4","Assets/FreeWeaponSounds/BGM/HubMusic (4).wav","zw-audio-core","music","catalogued source; direct runtime use not required"
"music.hub","Assets/FreeWeaponSounds/BGM/HubMusic (4).wav","zw-audio-core","music","state-driven BGM"
"library.freeweaponsounds.bgm.puppetdeath.1","Assets/FreeWeaponSounds/BGM/PuppetDeath (1).wav","zw-audio-zombies","creature","catalogued source; direct runtime use not required"
"sfx.creature.burrow_boss.death","Assets/FreeWeaponSounds/BGM/PuppetDeath (1).wav","zw-audio-zombies","creature","3D creature attack hurt death or movement"
"sfx.creature.burrow_heavy.death","Assets/FreeWeaponSounds/BGM/PuppetDeath (1).wav","zw-audio-zombies","creature","3D creature attack hurt death or movement"
"sfx.creature.burrow_small.death","Assets/FreeWeaponSounds/BGM/PuppetDeath (1).wav","zw-audio-zombies","creature","3D creature attack hurt death or movement"
"sfx.creature.canine_heavy.death","Assets/FreeWeaponSounds/BGM/PuppetDeath (1).wav","zw-audio-zombies","creature","3D creature attack hurt death or movement"
"sfx.creature.canine_small.death","Assets/FreeWeaponSounds/BGM/PuppetDeath (1).wav","zw-audio-zombies","creature","3D creature attack hurt death or movement"
"sfx.creature.feline_fast.death","Assets/FreeWeaponSounds/BGM/PuppetDeath (1).wav","zw-audio-zombies","creature","3D creature attack hurt death or movement"
"sfx.creature.feline_small.death","Assets/FreeWeaponSounds/BGM/PuppetDeath (1).wav","zw-audio-zombies","creature","3D creature attack hurt death or movement"
"sfx.player.death","Assets/FreeWeaponSounds/BGM/PuppetDeath (1).wav","zw-audio-zombies","creature","gameplay SFX"
"library.freeweaponsounds.bgm.puppetdeath.2","Assets/FreeWeaponSounds/BGM/PuppetDeath (2).wav","zw-audio-zombies","creature","catalogued source; direct runtime use not required"
"sfx.creature.burrow_boss.death","Assets/FreeWeaponSounds/BGM/PuppetDeath (2).wav","zw-audio-zombies","creature","3D creature attack hurt death or movement"
"sfx.creature.burrow_heavy.death","Assets/FreeWeaponSounds/BGM/PuppetDeath (2).wav","zw-audio-zombies","creature","3D creature attack hurt death or movement"
"sfx.creature.burrow_small.death","Assets/FreeWeaponSounds/BGM/PuppetDeath (2).wav","zw-audio-zombies","creature","3D creature attack hurt death or movement"
"sfx.creature.canine_heavy.death","Assets/FreeWeaponSounds/BGM/PuppetDeath (2).wav","zw-audio-zombies","creature","3D creature attack hurt death or movement"
"sfx.creature.canine_small.death","Assets/FreeWeaponSounds/BGM/PuppetDeath (2).wav","zw-audio-zombies","creature","3D creature attack hurt death or movement"
"sfx.creature.feline_fast.death","Assets/FreeWeaponSounds/BGM/PuppetDeath (2).wav","zw-audio-zombies","creature","3D creature attack hurt death or movement"
"sfx.creature.feline_small.death","Assets/FreeWeaponSounds/BGM/PuppetDeath (2).wav","zw-audio-zombies","creature","3D creature attack hurt death or movement"
"sfx.player.death","Assets/FreeWeaponSounds/BGM/PuppetDeath (2).wav","zw-audio-zombies","creature","gameplay SFX"
"library.freeweaponsounds.bgm.puppethurt.1","Assets/FreeWeaponSounds/BGM/PuppetHurt (1).mp3","zw-audio-zombies","creature","catalogued source; direct runtime use not required"
"sfx.creature.burrow_boss.hurt","Assets/FreeWeaponSounds/BGM/PuppetHurt (1).mp3","zw-audio-zombies","creature","3D creature attack hurt death or movement"
"sfx.creature.burrow_heavy.hurt","Assets/FreeWeaponSounds/BGM/PuppetHurt (1).mp3","zw-audio-zombies","creature","3D creature attack hurt death or movement"
"sfx.creature.burrow_small.hurt","Assets/FreeWeaponSounds/BGM/PuppetHurt (1).mp3","zw-audio-zombies","creature","3D creature attack hurt death or movement"
"sfx.creature.canine_heavy.hurt","Assets/FreeWeaponSounds/BGM/PuppetHurt (1).mp3","zw-audio-zombies","creature","3D creature attack hurt death or movement"
"sfx.creature.canine_small.hurt","Assets/FreeWeaponSounds/BGM/PuppetHurt (1).mp3","zw-audio-zombies","creature","3D creature attack hurt death or movement"
"sfx.creature.feline_fast.hurt","Assets/FreeWeaponSounds/BGM/PuppetHurt (1).mp3","zw-audio-zombies","creature","3D creature attack hurt death or movement"
"sfx.creature.feline_small.hurt","Assets/FreeWeaponSounds/BGM/PuppetHurt (1).mp3","zw-audio-zombies","creature","3D creature attack hurt death or movement"
"sfx.player.hurt","Assets/FreeWeaponSounds/BGM/PuppetHurt (1).mp3","zw-audio-zombies","creature","gameplay SFX"
"library.freeweaponsounds.bgm.puppethurt.2","Assets/FreeWeaponSounds/BGM/PuppetHurt (2).wav","zw-audio-zombies","creature","catalogued source; direct runtime use not required"
"sfx.creature.burrow_boss.hurt","Assets/FreeWeaponSounds/BGM/PuppetHurt (2).wav","zw-audio-zombies","creature","3D creature attack hurt death or movement"
"sfx.creature.burrow_heavy.hurt","Assets/FreeWeaponSounds/BGM/PuppetHurt (2).wav","zw-audio-zombies","creature","3D creature attack hurt death or movement"
"sfx.creature.burrow_small.hurt","Assets/FreeWeaponSounds/BGM/PuppetHurt (2).wav","zw-audio-zombies","creature","3D creature attack hurt death or movement"
"sfx.creature.canine_heavy.hurt","Assets/FreeWeaponSounds/BGM/PuppetHurt (2).wav","zw-audio-zombies","creature","3D creature attack hurt death or movement"
"sfx.creature.canine_small.hurt","Assets/FreeWeaponSounds/BGM/PuppetHurt (2).wav","zw-audio-zombies","creature","3D creature attack hurt death or movement"
"sfx.creature.feline_fast.hurt","Assets/FreeWeaponSounds/BGM/PuppetHurt (2).wav","zw-audio-zombies","creature","3D creature attack hurt death or movement"
"sfx.creature.feline_small.hurt","Assets/FreeWeaponSounds/BGM/PuppetHurt (2).wav","zw-audio-zombies","creature","3D creature attack hurt death or movement"
"sfx.player.hurt","Assets/FreeWeaponSounds/BGM/PuppetHurt (2).wav","zw-audio-zombies","creature","gameplay SFX"
"library.freeweaponsounds.bgm.puppethurt.3","Assets/FreeWeaponSounds/BGM/PuppetHurt (3).wav","zw-audio-zombies","creature","catalogued source; direct runtime use not required"
"sfx.creature.burrow_boss.hurt","Assets/FreeWeaponSounds/BGM/PuppetHurt (3).wav","zw-audio-zombies","creature","3D creature attack hurt death or movement"
"sfx.creature.burrow_heavy.hurt","Assets/FreeWeaponSounds/BGM/PuppetHurt (3).wav","zw-audio-zombies","creature","3D creature attack hurt death or movement"
"sfx.creature.burrow_small.hurt","Assets/FreeWeaponSounds/BGM/PuppetHurt (3).wav","zw-audio-zombies","creature","3D creature attack hurt death or movement"
"sfx.creature.canine_heavy.hurt","Assets/FreeWeaponSounds/BGM/PuppetHurt (3).wav","zw-audio-zombies","creature","3D creature attack hurt death or movement"
"sfx.creature.canine_small.hurt","Assets/FreeWeaponSounds/BGM/PuppetHurt (3).wav","zw-audio-zombies","creature","3D creature attack hurt death or movement"
"sfx.creature.feline_fast.hurt","Assets/FreeWeaponSounds/BGM/PuppetHurt (3).wav","zw-audio-zombies","creature","3D creature attack hurt death or movement"
"sfx.creature.feline_small.hurt","Assets/FreeWeaponSounds/BGM/PuppetHurt (3).wav","zw-audio-zombies","creature","3D creature attack hurt death or movement"
"sfx.player.hurt","Assets/FreeWeaponSounds/BGM/PuppetHurt (3).wav","zw-audio-zombies","creature","gameplay SFX"
"library.freeweaponsounds.bgm.puppethurt.5","Assets/FreeWeaponSounds/BGM/PuppetHurt (5).mp3","zw-audio-zombies","creature","catalogued source; direct runtime use not required"
"sfx.creature.burrow_boss.hurt","Assets/FreeWeaponSounds/BGM/PuppetHurt (5).mp3","zw-audio-zombies","creature","3D creature attack hurt death or movement"
"sfx.creature.burrow_heavy.hurt","Assets/FreeWeaponSounds/BGM/PuppetHurt (5).mp3","zw-audio-zombies","creature","3D creature attack hurt death or movement"
"sfx.creature.burrow_small.hurt","Assets/FreeWeaponSounds/BGM/PuppetHurt (5).mp3","zw-audio-zombies","creature","3D creature attack hurt death or movement"
"sfx.creature.canine_heavy.hurt","Assets/FreeWeaponSounds/BGM/PuppetHurt (5).mp3","zw-audio-zombies","creature","3D creature attack hurt death or movement"
"sfx.creature.canine_small.hurt","Assets/FreeWeaponSounds/BGM/PuppetHurt (5).mp3","zw-audio-zombies","creature","3D creature attack hurt death or movement"
"sfx.creature.feline_fast.hurt","Assets/FreeWeaponSounds/BGM/PuppetHurt (5).mp3","zw-audio-zombies","creature","3D creature attack hurt death or movement"
"sfx.creature.feline_small.hurt","Assets/FreeWeaponSounds/BGM/PuppetHurt (5).mp3","zw-audio-zombies","creature","3D creature attack hurt death or movement"
"sfx.player.hurt","Assets/FreeWeaponSounds/BGM/PuppetHurt (5).mp3","zw-audio-zombies","creature","gameplay SFX"
"library.freeweaponsounds.bgm.puppethurt.6","Assets/FreeWeaponSounds/BGM/PuppetHurt (6).mp3","zw-audio-zombies","creature","catalogued source; direct runtime use not required"
"sfx.creature.burrow_boss.hurt","Assets/FreeWeaponSounds/BGM/PuppetHurt (6).mp3","zw-audio-zombies","creature","3D creature attack hurt death or movement"
"sfx.creature.burrow_heavy.hurt","Assets/FreeWeaponSounds/BGM/PuppetHurt (6).mp3","zw-audio-zombies","creature","3D creature attack hurt death or movement"
"sfx.creature.burrow_small.hurt","Assets/FreeWeaponSounds/BGM/PuppetHurt (6).mp3","zw-audio-zombies","creature","3D creature attack hurt death or movement"
"sfx.creature.canine_heavy.hurt","Assets/FreeWeaponSounds/BGM/PuppetHurt (6).mp3","zw-audio-zombies","creature","3D creature attack hurt death or movement"
"sfx.creature.canine_small.hurt","Assets/FreeWeaponSounds/BGM/PuppetHurt (6).mp3","zw-audio-zombies","creature","3D creature attack hurt death or movement"
"sfx.creature.feline_fast.hurt","Assets/FreeWeaponSounds/BGM/PuppetHurt (6).mp3","zw-audio-zombies","creature","3D creature attack hurt death or movement"
"sfx.creature.feline_small.hurt","Assets/FreeWeaponSounds/BGM/PuppetHurt (6).mp3","zw-audio-zombies","creature","3D creature attack hurt death or movement"
"sfx.player.hurt","Assets/FreeWeaponSounds/BGM/PuppetHurt (6).mp3","zw-audio-zombies","creature","gameplay SFX"
"library.freeweaponsounds.bgm.puppethurt.7","Assets/FreeWeaponSounds/BGM/PuppetHurt (7).mp3","zw-audio-zombies","creature","catalogued source; direct runtime use not required"
"sfx.creature.burrow_boss.hurt","Assets/FreeWeaponSounds/BGM/PuppetHurt (7).mp3","zw-audio-zombies","creature","3D creature attack hurt death or movement"
"sfx.creature.burrow_heavy.hurt","Assets/FreeWeaponSounds/BGM/PuppetHurt (7).mp3","zw-audio-zombies","creature","3D creature attack hurt death or movement"
"sfx.creature.burrow_small.hurt","Assets/FreeWeaponSounds/BGM/PuppetHurt (7).mp3","zw-audio-zombies","creature","3D creature attack hurt death or movement"
"sfx.creature.canine_heavy.hurt","Assets/FreeWeaponSounds/BGM/PuppetHurt (7).mp3","zw-audio-zombies","creature","3D creature attack hurt death or movement"
"sfx.creature.canine_small.hurt","Assets/FreeWeaponSounds/BGM/PuppetHurt (7).mp3","zw-audio-zombies","creature","3D creature attack hurt death or movement"
"sfx.creature.feline_fast.hurt","Assets/FreeWeaponSounds/BGM/PuppetHurt (7).mp3","zw-audio-zombies","creature","3D creature attack hurt death or movement"
"sfx.creature.feline_small.hurt","Assets/FreeWeaponSounds/BGM/PuppetHurt (7).mp3","zw-audio-zombies","creature","3D creature attack hurt death or movement"
"sfx.player.hurt","Assets/FreeWeaponSounds/BGM/PuppetHurt (7).mp3","zw-audio-zombies","creature","gameplay SFX"
"library.freeweaponsounds.bgm.startgame","Assets/FreeWeaponSounds/BGM/StartGame.wav","zw-audio-core","stinger","catalogued source; direct runtime use not required"
"stinger.run.start","Assets/FreeWeaponSounds/BGM/StartGame.wav","zw-audio-core","stinger","run or wave gameplay cue"
"library.freeweaponsounds.bgm.victory.1","Assets/FreeWeaponSounds/BGM/Victory (1).wav","zw-audio-core","stinger","catalogued source; direct runtime use not required"
"stinger.victory","Assets/FreeWeaponSounds/BGM/Victory (1).wav","zw-audio-core","stinger","run or wave gameplay cue"
"library.freeweaponsounds.bgm.victory.2","Assets/FreeWeaponSounds/BGM/Victory (2).wav","zw-audio-core","stinger","catalogued source; direct runtime use not required"
"stinger.victory","Assets/FreeWeaponSounds/BGM/Victory (2).wav","zw-audio-core","stinger","run or wave gameplay cue"
"library.freeweaponsounds.bgm.victory.3","Assets/FreeWeaponSounds/BGM/Victory (3).wav","zw-audio-core","stinger","catalogued source; direct runtime use not required"
"stinger.victory","Assets/FreeWeaponSounds/BGM/Victory (3).wav","zw-audio-core","stinger","run or wave gameplay cue"
"library.freeweaponsounds.bgm.victory.4","Assets/FreeWeaponSounds/BGM/Victory (4).wav","zw-audio-core","stinger","catalogued source; direct runtime use not required"
"stinger.victory","Assets/FreeWeaponSounds/BGM/Victory (4).wav","zw-audio-core","stinger","run or wave gameplay cue"
"library.freeweaponsounds.bgm.wavestart","Assets/FreeWeaponSounds/BGM/WaveStart.wav","zw-audio-core","stinger","catalogued source; direct runtime use not required"
"stinger.wave.start","Assets/FreeWeaponSounds/BGM/WaveStart.wav","zw-audio-core","stinger","run or wave gameplay cue"
"library.freeweaponsounds.grenadelauncher.01.gl.reload.breech.open","Assets/FreeWeaponSounds/GrenadeLauncher/01_GL_reload_breech_open.wav","zw-audio-weapons","weapon_mechanical","catalogued source; direct runtime use not required"
"sfx.weapon.grenade.reload","Assets/FreeWeaponSounds/GrenadeLauncher/01_GL_reload_breech_open.wav","zw-audio-weapons","weapon_mechanical","weapon fire reload or tail"
"library.freeweaponsounds.grenadelauncher.02.gl.reload.empty.casing.extract","Assets/FreeWeaponSounds/GrenadeLauncher/02_GL_reload_empty_casing_extract.wav","zw-audio-weapons","weapon_mechanical","catalogued source; direct runtime use not required"
"sfx.weapon.grenade.reload","Assets/FreeWeaponSounds/GrenadeLauncher/02_GL_reload_empty_casing_extract.wav","zw-audio-weapons","weapon_mechanical","weapon fire reload or tail"
"library.freeweaponsounds.grenadelauncher.03.gl.reload.projectile.insert","Assets/FreeWeaponSounds/GrenadeLauncher/03_GL_reload_projectile_insert.wav","zw-audio-weapons","weapon_mechanical","catalogued source; direct runtime use not required"
"sfx.weapon.grenade.reload","Assets/FreeWeaponSounds/GrenadeLauncher/03_GL_reload_projectile_insert.wav","zw-audio-weapons","weapon_mechanical","weapon fire reload or tail"
"library.freeweaponsounds.grenadelauncher.04.gl.reload.breech.close","Assets/FreeWeaponSounds/GrenadeLauncher/04_GL_reload_breech_close.wav","zw-audio-weapons","weapon_mechanical","catalogued source; direct runtime use not required"
"sfx.weapon.grenade.reload","Assets/FreeWeaponSounds/GrenadeLauncher/04_GL_reload_breech_close.wav","zw-audio-weapons","weapon_mechanical","weapon fire reload or tail"
"library.freeweaponsounds.grenadelauncher.gl.explosion","Assets/FreeWeaponSounds/GrenadeLauncher/GL_explosion.wav","zw-audio-zombies","creature","catalogued source; direct runtime use not required"
"sfx.player.bomb.explode","Assets/FreeWeaponSounds/GrenadeLauncher/GL_explosion.wav","zw-audio-zombies","creature","gameplay SFX"
"sfx.prop.barrel.explode","Assets/FreeWeaponSounds/GrenadeLauncher/GL_explosion.wav","zw-audio-zombies","creature","destructible world prop"
"library.freeweaponsounds.grenadelauncher.gl.fire","Assets/FreeWeaponSounds/GrenadeLauncher/GL_fire.wav","zw-audio-weapons","weapon_fire","catalogued source; direct runtime use not required"
"sfx.weapon.grenade.fire","Assets/FreeWeaponSounds/GrenadeLauncher/GL_fire.wav","zw-audio-weapons","weapon_fire","weapon fire reload or tail"
"library.freeweaponsounds.handgun.foley.01.slide.lock.handgun.reload.1","Assets/FreeWeaponSounds/Handgun/Foley/01_slide_lock_handgun_reload_1.wav","zw-audio-weapons","weapon_mechanical","catalogued source; direct runtime use not required"
"sfx.weapon.handgun.reload","Assets/FreeWeaponSounds/Handgun/Foley/01_slide_lock_handgun_reload_1.wav","zw-audio-weapons","weapon_mechanical","weapon fire reload or tail"
"library.freeweaponsounds.handgun.foley.02.drop.the.mag.handgun.reload.1","Assets/FreeWeaponSounds/Handgun/Foley/02_drop_the_mag_handgun_reload_1.wav","zw-audio-weapons","weapon_mechanical","catalogued source; direct runtime use not required"
"sfx.weapon.handgun.reload","Assets/FreeWeaponSounds/Handgun/Foley/02_drop_the_mag_handgun_reload_1.wav","zw-audio-weapons","weapon_mechanical","weapon fire reload or tail"
"library.freeweaponsounds.handgun.foley.03.insert.the.mag.handgun.reload.1","Assets/FreeWeaponSounds/Handgun/Foley/03_insert_the_mag_handgun_reload_1.wav","zw-audio-weapons","weapon_mechanical","catalogued source; direct runtime use not required"
"sfx.weapon.handgun.reload","Assets/FreeWeaponSounds/Handgun/Foley/03_insert_the_mag_handgun_reload_1.wav","zw-audio-weapons","weapon_mechanical","weapon fire reload or tail"
"library.freeweaponsounds.handgun.foley.04.slide.release.handgun.reload.1","Assets/FreeWeaponSounds/Handgun/Foley/04_slide_release_handgun_reload_1.wav","zw-audio-weapons","weapon_mechanical","catalogued source; direct runtime use not required"
"sfx.weapon.handgun.reload","Assets/FreeWeaponSounds/Handgun/Foley/04_slide_release_handgun_reload_1.wav","zw-audio-weapons","weapon_mechanical","weapon fire reload or tail"
"library.freeweaponsounds.handgun.foley.handgun.weapon.equip","Assets/FreeWeaponSounds/Handgun/Foley/handgun_weapon_equip.wav","zw-audio-weapons","weapon_mechanical","catalogued source; direct runtime use not required"
"sfx.weapon.handgun.equip","Assets/FreeWeaponSounds/Handgun/Foley/handgun_weapon_equip.wav","zw-audio-weapons","weapon_mechanical","weapon fire reload or tail"
"library.freeweaponsounds.handgun.gunshots.handgun.gunshot.01","Assets/FreeWeaponSounds/Handgun/Gunshots/handgun_gunshot_01.wav","zw-audio-weapons","weapon_fire","catalogued source; direct runtime use not required"
"sfx.weapon.handgun.fire","Assets/FreeWeaponSounds/Handgun/Gunshots/handgun_gunshot_01.wav","zw-audio-weapons","weapon_fire","weapon fire reload or tail"
"library.freeweaponsounds.handgun.gunshots.handgun.gunshot.02","Assets/FreeWeaponSounds/Handgun/Gunshots/handgun_gunshot_02.wav","zw-audio-weapons","weapon_fire","catalogued source; direct runtime use not required"
"sfx.weapon.handgun.fire","Assets/FreeWeaponSounds/Handgun/Gunshots/handgun_gunshot_02.wav","zw-audio-weapons","weapon_fire","weapon fire reload or tail"
"library.freeweaponsounds.handgun.gunshots.handgun.gunshot.03","Assets/FreeWeaponSounds/Handgun/Gunshots/handgun_gunshot_03.wav","zw-audio-weapons","weapon_fire","catalogued source; direct runtime use not required"
"sfx.weapon.handgun.fire","Assets/FreeWeaponSounds/Handgun/Gunshots/handgun_gunshot_03.wav","zw-audio-weapons","weapon_fire","weapon fire reload or tail"
"library.freeweaponsounds.handgun.gunshots.handgun.sil.gunshot.01","Assets/FreeWeaponSounds/Handgun/Gunshots/handgun_sil_gunshot_01.wav","zw-audio-weapons","weapon_fire","catalogued source; direct runtime use not required"
"sfx.weapon.handgun.silenced.fire","Assets/FreeWeaponSounds/Handgun/Gunshots/handgun_sil_gunshot_01.wav","zw-audio-weapons","weapon_fire","weapon fire reload or tail"
"library.freeweaponsounds.handgun.gunshots.handgun.sil.gunshot.02","Assets/FreeWeaponSounds/Handgun/Gunshots/handgun_sil_gunshot_02.wav","zw-audio-weapons","weapon_fire","catalogued source; direct runtime use not required"
"sfx.weapon.handgun.silenced.fire","Assets/FreeWeaponSounds/Handgun/Gunshots/handgun_sil_gunshot_02.wav","zw-audio-weapons","weapon_fire","weapon fire reload or tail"
"library.freeweaponsounds.handgun.gunshots.handgun.sil.gunshot.03","Assets/FreeWeaponSounds/Handgun/Gunshots/handgun_sil_gunshot_03.wav","zw-audio-weapons","weapon_fire","catalogued source; direct runtime use not required"
"sfx.weapon.handgun.silenced.fire","Assets/FreeWeaponSounds/Handgun/Gunshots/handgun_sil_gunshot_03.wav","zw-audio-weapons","weapon_fire","weapon fire reload or tail"
"library.freeweaponsounds.handgun.gunshots.handgun.tail.01","Assets/FreeWeaponSounds/Handgun/Gunshots/handgun_tail_01.wav","zw-audio-weapons","weapon_fire","catalogued source; direct runtime use not required"
"sfx.weapon.handgun.tail","Assets/FreeWeaponSounds/Handgun/Gunshots/handgun_tail_01.wav","zw-audio-weapons","weapon_fire","weapon fire reload or tail"
"library.freeweaponsounds.handgun.gunshots.handgun.tail.02","Assets/FreeWeaponSounds/Handgun/Gunshots/handgun_tail_02.wav","zw-audio-weapons","weapon_fire","catalogued source; direct runtime use not required"
"sfx.weapon.handgun.tail","Assets/FreeWeaponSounds/Handgun/Gunshots/handgun_tail_02.wav","zw-audio-weapons","weapon_fire","weapon fire reload or tail"
"library.freeweaponsounds.shotgun.foley.shotgun.reload.chambering","Assets/FreeWeaponSounds/Shotgun/Foley/shotgun_reload_chambering.wav","zw-audio-weapons","weapon_mechanical","catalogued source; direct runtime use not required"
"sfx.weapon.shotgun.reload","Assets/FreeWeaponSounds/Shotgun/Foley/shotgun_reload_chambering.wav","zw-audio-weapons","weapon_mechanical","weapon fire reload or tail"
"library.freeweaponsounds.shotgun.foley.shotgun.reload.slide.action","Assets/FreeWeaponSounds/Shotgun/Foley/shotgun_reload_slide_action.wav","zw-audio-weapons","weapon_mechanical","catalogued source; direct runtime use not required"
"sfx.weapon.shotgun.reload","Assets/FreeWeaponSounds/Shotgun/Foley/shotgun_reload_slide_action.wav","zw-audio-weapons","weapon_mechanical","weapon fire reload or tail"
"library.freeweaponsounds.shotgun.foley.shotgun.weapon.equip","Assets/FreeWeaponSounds/Shotgun/Foley/shotgun_weapon_equip.wav","zw-audio-weapons","weapon_mechanical","catalogued source; direct runtime use not required"
"sfx.weapon.shotgun.equip","Assets/FreeWeaponSounds/Shotgun/Foley/shotgun_weapon_equip.wav","zw-audio-weapons","weapon_mechanical","weapon fire reload or tail"
"library.freeweaponsounds.shotgun.gunshots.shotgun.gunshot.01","Assets/FreeWeaponSounds/Shotgun/Gunshots/shotgun_gunshot_01.wav","zw-audio-weapons","weapon_fire","catalogued source; direct runtime use not required"
"sfx.weapon.shotgun.fire","Assets/FreeWeaponSounds/Shotgun/Gunshots/shotgun_gunshot_01.wav","zw-audio-weapons","weapon_fire","weapon fire reload or tail"
"library.freeweaponsounds.shotgun.gunshots.shotgun.gunshot.02","Assets/FreeWeaponSounds/Shotgun/Gunshots/shotgun_gunshot_02.wav","zw-audio-weapons","weapon_fire","catalogued source; direct runtime use not required"
"sfx.weapon.shotgun.fire","Assets/FreeWeaponSounds/Shotgun/Gunshots/shotgun_gunshot_02.wav","zw-audio-weapons","weapon_fire","weapon fire reload or tail"
"library.freeweaponsounds.shotgun.gunshots.shotgun.gunshot.03","Assets/FreeWeaponSounds/Shotgun/Gunshots/shotgun_gunshot_03.wav","zw-audio-weapons","weapon_fire","catalogued source; direct runtime use not required"
"sfx.weapon.shotgun.fire","Assets/FreeWeaponSounds/Shotgun/Gunshots/shotgun_gunshot_03.wav","zw-audio-weapons","weapon_fire","weapon fire reload or tail"
"library.freeweaponsounds.shotgun.gunshots.shotgun.tail.01","Assets/FreeWeaponSounds/Shotgun/Gunshots/shotgun_tail_01.wav","zw-audio-weapons","weapon_fire","catalogued source; direct runtime use not required"
"sfx.weapon.shotgun.tail","Assets/FreeWeaponSounds/Shotgun/Gunshots/shotgun_tail_01.wav","zw-audio-weapons","weapon_fire","weapon fire reload or tail"
"library.freeweaponsounds.shotgun.gunshots.shotgun.tail.02","Assets/FreeWeaponSounds/Shotgun/Gunshots/shotgun_tail_02.wav","zw-audio-weapons","weapon_fire","catalogued source; direct runtime use not required"
"sfx.weapon.shotgun.tail","Assets/FreeWeaponSounds/Shotgun/Gunshots/shotgun_tail_02.wav","zw-audio-weapons","weapon_fire","weapon fire reload or tail"
"library.thirdparty.epic.toon.fx.sound.etfx.explosion.acid","Assets/ThirdParty/Epic Toon FX/Sound/etfx_explosion_acid.wav","zw-audio-world","impact","catalogued source; direct runtime use not required"
"library.thirdparty.epic.toon.fx.sound.etfx.explosion.bubble","Assets/ThirdParty/Epic Toon FX/Sound/etfx_explosion_bubble.wav","zw-audio-world","impact","catalogued source; direct runtime use not required"
"library.thirdparty.epic.toon.fx.sound.etfx.explosion.bullet","Assets/ThirdParty/Epic Toon FX/Sound/etfx_explosion_bullet.wav","zw-audio-world","impact","catalogued source; direct runtime use not required"
"sfx.player.bomb.explode","Assets/ThirdParty/Epic Toon FX/Sound/etfx_explosion_bullet.wav","zw-audio-world","impact","gameplay SFX"
"sfx.prop.barrel.explode","Assets/ThirdParty/Epic Toon FX/Sound/etfx_explosion_bullet.wav","zw-audio-world","impact","destructible world prop"
"library.thirdparty.epic.toon.fx.sound.etfx.explosion.chargeup","Assets/ThirdParty/Epic Toon FX/Sound/etfx_explosion_chargeup.wav","zw-audio-world","impact","catalogued source; direct runtime use not required"
"library.thirdparty.epic.toon.fx.sound.etfx.explosion.chargeup2","Assets/ThirdParty/Epic Toon FX/Sound/etfx_explosion_chargeup2.wav","zw-audio-world","impact","catalogued source; direct runtime use not required"
"library.thirdparty.epic.toon.fx.sound.etfx.explosion.dark01","Assets/ThirdParty/Epic Toon FX/Sound/etfx_explosion_dark01.wav","zw-audio-world","impact","catalogued source; direct runtime use not required"
"library.thirdparty.epic.toon.fx.sound.etfx.explosion.dark02","Assets/ThirdParty/Epic Toon FX/Sound/etfx_explosion_dark02.wav","zw-audio-world","impact","catalogued source; direct runtime use not required"
"library.thirdparty.epic.toon.fx.sound.etfx.explosion.fireball","Assets/ThirdParty/Epic Toon FX/Sound/etfx_explosion_fireball.wav","zw-audio-world","impact","catalogued source; direct runtime use not required"
"library.thirdparty.epic.toon.fx.sound.etfx.explosion.fireball2","Assets/ThirdParty/Epic Toon FX/Sound/etfx_explosion_fireball2.wav","zw-audio-world","impact","catalogued source; direct runtime use not required"
"library.thirdparty.epic.toon.fx.sound.etfx.explosion.flash","Assets/ThirdParty/Epic Toon FX/Sound/etfx_explosion_flash.wav","zw-audio-world","impact","catalogued source; direct runtime use not required"
"library.thirdparty.epic.toon.fx.sound.etfx.explosion.frost","Assets/ThirdParty/Epic Toon FX/Sound/etfx_explosion_frost.wav","zw-audio-world","impact","catalogued source; direct runtime use not required"
"library.thirdparty.epic.toon.fx.sound.etfx.explosion.gas","Assets/ThirdParty/Epic Toon FX/Sound/etfx_explosion_gas.wav","zw-audio-world","impact","catalogued source; direct runtime use not required"
"library.thirdparty.epic.toon.fx.sound.etfx.explosion.grenade","Assets/ThirdParty/Epic Toon FX/Sound/etfx_explosion_grenade.wav","zw-audio-world","impact","catalogued source; direct runtime use not required"
"sfx.player.bomb.explode","Assets/ThirdParty/Epic Toon FX/Sound/etfx_explosion_grenade.wav","zw-audio-world","impact","gameplay SFX"
"sfx.prop.barrel.explode","Assets/ThirdParty/Epic Toon FX/Sound/etfx_explosion_grenade.wav","zw-audio-world","impact","destructible world prop"
"library.thirdparty.epic.toon.fx.sound.etfx.explosion.laser","Assets/ThirdParty/Epic Toon FX/Sound/etfx_explosion_laser.wav","zw-audio-world","impact","catalogued source; direct runtime use not required"
"library.thirdparty.epic.toon.fx.sound.etfx.explosion.lava","Assets/ThirdParty/Epic Toon FX/Sound/etfx_explosion_lava.wav","zw-audio-world","impact","catalogued source; direct runtime use not required"
"library.thirdparty.epic.toon.fx.sound.etfx.explosion.lightning","Assets/ThirdParty/Epic Toon FX/Sound/etfx_explosion_lightning.wav","zw-audio-world","impact","catalogued source; direct runtime use not required"
"library.thirdparty.epic.toon.fx.sound.etfx.explosion.liquid","Assets/ThirdParty/Epic Toon FX/Sound/etfx_explosion_liquid.wav","zw-audio-world","impact","catalogued source; direct runtime use not required"
"library.thirdparty.epic.toon.fx.sound.etfx.explosion.liquid2","Assets/ThirdParty/Epic Toon FX/Sound/etfx_explosion_liquid2.wav","zw-audio-world","impact","catalogued source; direct runtime use not required"
"library.thirdparty.epic.toon.fx.sound.etfx.explosion.liquid3","Assets/ThirdParty/Epic Toon FX/Sound/etfx_explosion_liquid3.wav","zw-audio-world","impact","catalogued source; direct runtime use not required"
"library.thirdparty.epic.toon.fx.sound.etfx.explosion.magic","Assets/ThirdParty/Epic Toon FX/Sound/etfx_explosion_magic.wav","zw-audio-world","impact","catalogued source; direct runtime use not required"
"library.thirdparty.epic.toon.fx.sound.etfx.explosion.magic2","Assets/ThirdParty/Epic Toon FX/Sound/etfx_explosion_magic2.wav","zw-audio-world","impact","catalogued source; direct runtime use not required"
"library.thirdparty.epic.toon.fx.sound.etfx.explosion.minimagic","Assets/ThirdParty/Epic Toon FX/Sound/etfx_explosion_minimagic.wav","zw-audio-world","impact","catalogued source; direct runtime use not required"
"library.thirdparty.epic.toon.fx.sound.etfx.explosion.minimagic2","Assets/ThirdParty/Epic Toon FX/Sound/etfx_explosion_minimagic2.wav","zw-audio-world","impact","catalogued source; direct runtime use not required"
"library.thirdparty.epic.toon.fx.sound.etfx.explosion.mystic","Assets/ThirdParty/Epic Toon FX/Sound/etfx_explosion_mystic.wav","zw-audio-world","impact","catalogued source; direct runtime use not required"
"library.thirdparty.epic.toon.fx.sound.etfx.explosion.mystic02","Assets/ThirdParty/Epic Toon FX/Sound/etfx_explosion_mystic02.wav","zw-audio-world","impact","catalogued source; direct runtime use not required"
"library.thirdparty.epic.toon.fx.sound.etfx.explosion.nuke","Assets/ThirdParty/Epic Toon FX/Sound/etfx_explosion_nuke.wav","zw-audio-world","impact","catalogued source; direct runtime use not required"
"library.thirdparty.epic.toon.fx.sound.etfx.explosion.plasma","Assets/ThirdParty/Epic Toon FX/Sound/etfx_explosion_plasma.wav","zw-audio-world","impact","catalogued source; direct runtime use not required"
"library.thirdparty.epic.toon.fx.sound.etfx.explosion.plasma2","Assets/ThirdParty/Epic Toon FX/Sound/etfx_explosion_plasma2.wav","zw-audio-world","impact","catalogued source; direct runtime use not required"
"library.thirdparty.epic.toon.fx.sound.etfx.explosion.poisoncloud","Assets/ThirdParty/Epic Toon FX/Sound/etfx_explosion_poisoncloud.wav","zw-audio-world","impact","catalogued source; direct runtime use not required"
"library.thirdparty.epic.toon.fx.sound.etfx.explosion.poof","Assets/ThirdParty/Epic Toon FX/Sound/etfx_explosion_poof.wav","zw-audio-world","impact","catalogued source; direct runtime use not required"
"library.thirdparty.epic.toon.fx.sound.etfx.explosion.rocket","Assets/ThirdParty/Epic Toon FX/Sound/etfx_explosion_rocket.wav","zw-audio-world","impact","catalogued source; direct runtime use not required"
"sfx.player.bomb.explode","Assets/ThirdParty/Epic Toon FX/Sound/etfx_explosion_rocket.wav","zw-audio-world","impact","gameplay SFX"
"sfx.prop.barrel.explode","Assets/ThirdParty/Epic Toon FX/Sound/etfx_explosion_rocket.wav","zw-audio-world","impact","destructible world prop"
"library.thirdparty.epic.toon.fx.sound.etfx.explosion.rocket2","Assets/ThirdParty/Epic Toon FX/Sound/etfx_explosion_rocket2.wav","zw-audio-world","impact","catalogued source; direct runtime use not required"
"sfx.player.bomb.explode","Assets/ThirdParty/Epic Toon FX/Sound/etfx_explosion_rocket2.wav","zw-audio-world","impact","gameplay SFX"
"sfx.prop.barrel.explode","Assets/ThirdParty/Epic Toon FX/Sound/etfx_explosion_rocket2.wav","zw-audio-world","impact","destructible world prop"
"library.thirdparty.epic.toon.fx.sound.etfx.explosion.scan","Assets/ThirdParty/Epic Toon FX/Sound/etfx_explosion_scan.wav","zw-audio-world","impact","catalogued source; direct runtime use not required"
"library.thirdparty.epic.toon.fx.sound.etfx.explosion.sharp","Assets/ThirdParty/Epic Toon FX/Sound/etfx_explosion_sharp.wav","zw-audio-world","impact","catalogued source; direct runtime use not required"
"library.thirdparty.epic.toon.fx.sound.etfx.explosion.slime","Assets/ThirdParty/Epic Toon FX/Sound/etfx_explosion_slime.wav","zw-audio-world","impact","catalogued source; direct runtime use not required"
"library.thirdparty.epic.toon.fx.sound.etfx.explosion.slime2","Assets/ThirdParty/Epic Toon FX/Sound/etfx_explosion_slime2.wav","zw-audio-world","impact","catalogued source; direct runtime use not required"
"library.thirdparty.epic.toon.fx.sound.etfx.explosion.snow","Assets/ThirdParty/Epic Toon FX/Sound/etfx_explosion_snow.wav","zw-audio-world","impact","catalogued source; direct runtime use not required"
"library.thirdparty.epic.toon.fx.sound.etfx.explosion.soul","Assets/ThirdParty/Epic Toon FX/Sound/etfx_explosion_soul.wav","zw-audio-world","impact","catalogued source; direct runtime use not required"
"library.thirdparty.epic.toon.fx.sound.etfx.explosion.sparkle2","Assets/ThirdParty/Epic Toon FX/Sound/etfx_explosion_sparkle2.wav","zw-audio-world","impact","catalogued source; direct runtime use not required"
"library.thirdparty.epic.toon.fx.sound.etfx.explosion.sparkle3","Assets/ThirdParty/Epic Toon FX/Sound/etfx_explosion_sparkle3.wav","zw-audio-world","impact","catalogued source; direct runtime use not required"
"library.thirdparty.epic.toon.fx.sound.etfx.explosion.storm","Assets/ThirdParty/Epic Toon FX/Sound/etfx_explosion_storm.wav","zw-audio-world","impact","catalogued source; direct runtime use not required"
"library.thirdparty.epic.toon.fx.sound.etfx.impact.metal01","Assets/ThirdParty/Epic Toon FX/Sound/etfx_impact_metal01.wav","zw-audio-world","impact","catalogued source; direct runtime use not required"
"library.thirdparty.epic.toon.fx.sound.etfx.impact.metal02","Assets/ThirdParty/Epic Toon FX/Sound/etfx_impact_metal02.wav","zw-audio-world","impact","catalogued source; direct runtime use not required"
"library.thirdparty.epic.toon.fx.sound.etfx.impact.metal03","Assets/ThirdParty/Epic Toon FX/Sound/etfx_impact_metal03.wav","zw-audio-world","impact","catalogued source; direct runtime use not required"
"library.thirdparty.epic.toon.fx.sound.etfx.pop.balloon","Assets/ThirdParty/Epic Toon FX/Sound/etfx_pop_balloon.wav","zw-audio-world","impact","catalogued source; direct runtime use not required"
"sfx.pickup.bomb","Assets/ThirdParty/Epic Toon FX/Sound/etfx_pop_balloon.wav","zw-audio-world","impact","pickup feedback"
"sfx.pickup.health","Assets/ThirdParty/Epic Toon FX/Sound/etfx_pop_balloon.wav","zw-audio-world","impact","pickup feedback"
"library.thirdparty.epic.toon.fx.sound.etfx.shoot.bubble","Assets/ThirdParty/Epic Toon FX/Sound/etfx_shoot_bubble.wav","zw-audio-world","impact","catalogued source; direct runtime use not required"
"library.thirdparty.epic.toon.fx.sound.etfx.shoot.bubble2","Assets/ThirdParty/Epic Toon FX/Sound/etfx_shoot_bubble2.wav","zw-audio-world","impact","catalogued source; direct runtime use not required"
"library.thirdparty.epic.toon.fx.sound.etfx.shoot.energy01","Assets/ThirdParty/Epic Toon FX/Sound/etfx_shoot_energy01.wav","zw-audio-world","impact","catalogued source; direct runtime use not required"
"library.thirdparty.epic.toon.fx.sound.etfx.shoot.energy02","Assets/ThirdParty/Epic Toon FX/Sound/etfx_shoot_energy02.wav","zw-audio-world","impact","catalogued source; direct runtime use not required"
"library.thirdparty.epic.toon.fx.sound.etfx.shoot.energy03","Assets/ThirdParty/Epic Toon FX/Sound/etfx_shoot_energy03.wav","zw-audio-world","impact","catalogued source; direct runtime use not required"
"library.thirdparty.epic.toon.fx.sound.etfx.shoot.energy04","Assets/ThirdParty/Epic Toon FX/Sound/etfx_shoot_energy04.wav","zw-audio-world","impact","catalogued source; direct runtime use not required"
"library.thirdparty.epic.toon.fx.sound.etfx.shoot.fireball","Assets/ThirdParty/Epic Toon FX/Sound/etfx_shoot_fireball.wav","zw-audio-world","impact","catalogued source; direct runtime use not required"
"sfx.creature.plant_boss.attack","Assets/ThirdParty/Epic Toon FX/Sound/etfx_shoot_fireball.wav","zw-audio-world","impact","3D creature attack hurt death or movement"
"sfx.creature.plant_heavy.attack","Assets/ThirdParty/Epic Toon FX/Sound/etfx_shoot_fireball.wav","zw-audio-world","impact","3D creature attack hurt death or movement"
"sfx.creature.plant_small.attack","Assets/ThirdParty/Epic Toon FX/Sound/etfx_shoot_fireball.wav","zw-audio-world","impact","3D creature attack hurt death or movement"
"library.thirdparty.epic.toon.fx.sound.etfx.shoot.fireball2","Assets/ThirdParty/Epic Toon FX/Sound/etfx_shoot_fireball2.wav","zw-audio-world","impact","catalogued source; direct runtime use not required"
"sfx.creature.plant_boss.attack","Assets/ThirdParty/Epic Toon FX/Sound/etfx_shoot_fireball2.wav","zw-audio-world","impact","3D creature attack hurt death or movement"
"sfx.creature.plant_heavy.attack","Assets/ThirdParty/Epic Toon FX/Sound/etfx_shoot_fireball2.wav","zw-audio-world","impact","3D creature attack hurt death or movement"
"sfx.creature.plant_small.attack","Assets/ThirdParty/Epic Toon FX/Sound/etfx_shoot_fireball2.wav","zw-audio-world","impact","3D creature attack hurt death or movement"
"library.thirdparty.epic.toon.fx.sound.etfx.shoot.flash","Assets/ThirdParty/Epic Toon FX/Sound/etfx_shoot_flash.wav","zw-audio-world","impact","catalogued source; direct runtime use not required"
"library.thirdparty.epic.toon.fx.sound.etfx.shoot.frost","Assets/ThirdParty/Epic Toon FX/Sound/etfx_shoot_frost.wav","zw-audio-world","impact","catalogued source; direct runtime use not required"
"library.thirdparty.epic.toon.fx.sound.etfx.shoot.gas","Assets/ThirdParty/Epic Toon FX/Sound/etfx_shoot_gas.wav","zw-audio-world","impact","catalogued source; direct runtime use not required"
"sfx.creature.plant_boss.attack","Assets/ThirdParty/Epic Toon FX/Sound/etfx_shoot_gas.wav","zw-audio-world","impact","3D creature attack hurt death or movement"
"sfx.creature.plant_heavy.attack","Assets/ThirdParty/Epic Toon FX/Sound/etfx_shoot_gas.wav","zw-audio-world","impact","3D creature attack hurt death or movement"
"sfx.creature.plant_small.attack","Assets/ThirdParty/Epic Toon FX/Sound/etfx_shoot_gas.wav","zw-audio-world","impact","3D creature attack hurt death or movement"
"library.thirdparty.epic.toon.fx.sound.etfx.shoot.gas2","Assets/ThirdParty/Epic Toon FX/Sound/etfx_shoot_gas2.wav","zw-audio-world","impact","catalogued source; direct runtime use not required"
"sfx.creature.plant_boss.attack","Assets/ThirdParty/Epic Toon FX/Sound/etfx_shoot_gas2.wav","zw-audio-world","impact","3D creature attack hurt death or movement"
"sfx.creature.plant_heavy.attack","Assets/ThirdParty/Epic Toon FX/Sound/etfx_shoot_gas2.wav","zw-audio-world","impact","3D creature attack hurt death or movement"
"sfx.creature.plant_small.attack","Assets/ThirdParty/Epic Toon FX/Sound/etfx_shoot_gas2.wav","zw-audio-world","impact","3D creature attack hurt death or movement"
"library.thirdparty.epic.toon.fx.sound.etfx.shoot.grenade","Assets/ThirdParty/Epic Toon FX/Sound/etfx_shoot_grenade.wav","zw-audio-world","impact","catalogued source; direct runtime use not required"
"library.thirdparty.epic.toon.fx.sound.etfx.shoot.laser","Assets/ThirdParty/Epic Toon FX/Sound/etfx_shoot_laser.wav","zw-audio-world","impact","catalogued source; direct runtime use not required"
"sfx.weapon.laser.fire","Assets/ThirdParty/Epic Toon FX/Sound/etfx_shoot_laser.wav","zw-audio-world","impact","weapon fire reload or tail"
"library.thirdparty.epic.toon.fx.sound.etfx.shoot.laser02","Assets/ThirdParty/Epic Toon FX/Sound/etfx_shoot_laser02.wav","zw-audio-world","impact","catalogued source; direct runtime use not required"
"sfx.weapon.laser.fire","Assets/ThirdParty/Epic Toon FX/Sound/etfx_shoot_laser02.wav","zw-audio-world","impact","weapon fire reload or tail"
"library.thirdparty.epic.toon.fx.sound.etfx.shoot.laser03","Assets/ThirdParty/Epic Toon FX/Sound/etfx_shoot_laser03.wav","zw-audio-world","impact","catalogued source; direct runtime use not required"
"sfx.weapon.laser.fire","Assets/ThirdParty/Epic Toon FX/Sound/etfx_shoot_laser03.wav","zw-audio-world","impact","weapon fire reload or tail"
"library.thirdparty.epic.toon.fx.sound.etfx.shoot.lightning","Assets/ThirdParty/Epic Toon FX/Sound/etfx_shoot_lightning.wav","zw-audio-world","impact","catalogued source; direct runtime use not required"
"sfx.weapon.energy.fire","Assets/ThirdParty/Epic Toon FX/Sound/etfx_shoot_lightning.wav","zw-audio-world","impact","weapon fire reload or tail"
"library.thirdparty.epic.toon.fx.sound.etfx.shoot.lightning2","Assets/ThirdParty/Epic Toon FX/Sound/etfx_shoot_lightning2.wav","zw-audio-world","impact","catalogued source; direct runtime use not required"
"sfx.weapon.energy.fire","Assets/ThirdParty/Epic Toon FX/Sound/etfx_shoot_lightning2.wav","zw-audio-world","impact","weapon fire reload or tail"
"library.thirdparty.epic.toon.fx.sound.etfx.shoot.magic","Assets/ThirdParty/Epic Toon FX/Sound/etfx_shoot_magic.wav","zw-audio-world","impact","catalogued source; direct runtime use not required"
"library.thirdparty.epic.toon.fx.sound.etfx.shoot.mystic","Assets/ThirdParty/Epic Toon FX/Sound/etfx_shoot_mystic.wav","zw-audio-world","impact","catalogued source; direct runtime use not required"
"library.thirdparty.epic.toon.fx.sound.etfx.shoot.nuke","Assets/ThirdParty/Epic Toon FX/Sound/etfx_shoot_nuke.wav","zw-audio-world","impact","catalogued source; direct runtime use not required"
"library.thirdparty.epic.toon.fx.sound.etfx.shoot.pistol02","Assets/ThirdParty/Epic Toon FX/Sound/etfx_shoot_pistol02.wav","zw-audio-world","impact","catalogued source; direct runtime use not required"
"library.thirdparty.epic.toon.fx.sound.etfx.shoot.pistol03","Assets/ThirdParty/Epic Toon FX/Sound/etfx_shoot_pistol03.wav","zw-audio-world","impact","catalogued source; direct runtime use not required"
"library.thirdparty.epic.toon.fx.sound.etfx.shoot.rocket","Assets/ThirdParty/Epic Toon FX/Sound/etfx_shoot_rocket.wav","zw-audio-world","impact","catalogued source; direct runtime use not required"
"sfx.weapon.grenade.fire","Assets/ThirdParty/Epic Toon FX/Sound/etfx_shoot_rocket.wav","zw-audio-world","impact","weapon fire reload or tail"
"library.thirdparty.epic.toon.fx.sound.etfx.shoot.rocket02","Assets/ThirdParty/Epic Toon FX/Sound/etfx_shoot_rocket02.wav","zw-audio-world","impact","catalogued source; direct runtime use not required"
"sfx.weapon.grenade.fire","Assets/ThirdParty/Epic Toon FX/Sound/etfx_shoot_rocket02.wav","zw-audio-world","impact","weapon fire reload or tail"
"library.thirdparty.epic.toon.fx.sound.etfx.shoot.rocket03","Assets/ThirdParty/Epic Toon FX/Sound/etfx_shoot_rocket03.wav","zw-audio-world","impact","catalogued source; direct runtime use not required"
"sfx.weapon.grenade.fire","Assets/ThirdParty/Epic Toon FX/Sound/etfx_shoot_rocket03.wav","zw-audio-world","impact","weapon fire reload or tail"
"library.thirdparty.epic.toon.fx.sound.etfx.shoot.snowball","Assets/ThirdParty/Epic Toon FX/Sound/etfx_shoot_snowball.wav","zw-audio-world","impact","catalogued source; direct runtime use not required"
"library.thirdparty.epic.toon.fx.sound.etfx.shoot.soul","Assets/ThirdParty/Epic Toon FX/Sound/etfx_shoot_soul.wav","zw-audio-world","impact","catalogued source; direct runtime use not required"
"library.thirdparty.epic.toon.fx.sound.etfx.shoot.storm","Assets/ThirdParty/Epic Toon FX/Sound/etfx_shoot_storm.wav","zw-audio-world","impact","catalogued source; direct runtime use not required"
"library.thirdparty.epic.toon.fx.sound.etfx.spawn","Assets/ThirdParty/Epic Toon FX/Sound/etfx_spawn.wav","zw-audio-world","impact","catalogued source; direct runtime use not required"
"library.thirdparty.epic.toon.fx.sound.etfx.stun01","Assets/ThirdParty/Epic Toon FX/Sound/etfx_stun01.wav","zw-audio-world","impact","catalogued source; direct runtime use not required"
"library.thirdparty.epic.toon.fx.sound.etfx.stun02","Assets/ThirdParty/Epic Toon FX/Sound/etfx_stun02.wav","zw-audio-world","impact","catalogued source; direct runtime use not required"
"library.thirdparty.epic.toon.fx.sound.etfx.target.hit","Assets/ThirdParty/Epic Toon FX/Sound/etfx_target_hit.wav","zw-audio-world","impact","catalogued source; direct runtime use not required"
"sfx.pickup.coin","Assets/ThirdParty/Epic Toon FX/Sound/etfx_target_hit.wav","zw-audio-world","impact","pickup feedback"
"sfx.pickup.gem","Assets/ThirdParty/Epic Toon FX/Sound/etfx_target_hit.wav","zw-audio-world","impact","pickup feedback"
"library.zombiehorrorpackagefree.wav.bite.zombie.attack.bite.001","Assets/ZombieHorrorPackageFree/WAV/Bite/Zombie_Attack_Bite_001.wav","zw-audio-zombies","creature","catalogued source; direct runtime use not required"
"sfx.creature.burrow_boss.attack","Assets/ZombieHorrorPackageFree/WAV/Bite/Zombie_Attack_Bite_001.wav","zw-audio-zombies","creature","3D creature attack hurt death or movement"
"sfx.creature.burrow_heavy.attack","Assets/ZombieHorrorPackageFree/WAV/Bite/Zombie_Attack_Bite_001.wav","zw-audio-zombies","creature","3D creature attack hurt death or movement"
"sfx.creature.burrow_small.attack","Assets/ZombieHorrorPackageFree/WAV/Bite/Zombie_Attack_Bite_001.wav","zw-audio-zombies","creature","3D creature attack hurt death or movement"
"sfx.creature.flesh.attack","Assets/ZombieHorrorPackageFree/WAV/Bite/Zombie_Attack_Bite_001.wav","zw-audio-zombies","creature","3D creature attack hurt death or movement"
"library.zombiehorrorpackagefree.wav.bite.zombie.attack.bite.002","Assets/ZombieHorrorPackageFree/WAV/Bite/Zombie_Attack_Bite_002.wav","zw-audio-zombies","creature","catalogued source; direct runtime use not required"
"sfx.creature.burrow_boss.attack","Assets/ZombieHorrorPackageFree/WAV/Bite/Zombie_Attack_Bite_002.wav","zw-audio-zombies","creature","3D creature attack hurt death or movement"
"sfx.creature.burrow_heavy.attack","Assets/ZombieHorrorPackageFree/WAV/Bite/Zombie_Attack_Bite_002.wav","zw-audio-zombies","creature","3D creature attack hurt death or movement"
"sfx.creature.burrow_small.attack","Assets/ZombieHorrorPackageFree/WAV/Bite/Zombie_Attack_Bite_002.wav","zw-audio-zombies","creature","3D creature attack hurt death or movement"
"sfx.creature.flesh.attack","Assets/ZombieHorrorPackageFree/WAV/Bite/Zombie_Attack_Bite_002.wav","zw-audio-zombies","creature","3D creature attack hurt death or movement"
"library.zombiehorrorpackagefree.wav.blood.blood.splash.a.001","Assets/ZombieHorrorPackageFree/WAV/Blood/Blood_Splash_A_001.wav","zw-audio-world","impact","catalogued source; direct runtime use not required"
"sfx.impact.flesh.heavy","Assets/ZombieHorrorPackageFree/WAV/Blood/Blood_Splash_A_001.wav","zw-audio-world","impact","3D material impact"
"library.zombiehorrorpackagefree.wav.blood.blood.splash.a.002","Assets/ZombieHorrorPackageFree/WAV/Blood/Blood_Splash_A_002.wav","zw-audio-world","impact","catalogued source; direct runtime use not required"
"sfx.impact.flesh.heavy","Assets/ZombieHorrorPackageFree/WAV/Blood/Blood_Splash_A_002.wav","zw-audio-world","impact","3D material impact"
"library.zombiehorrorpackagefree.wav.blood.blood.splash.a.003","Assets/ZombieHorrorPackageFree/WAV/Blood/Blood_Splash_A_003.wav","zw-audio-world","impact","catalogued source; direct runtime use not required"
"sfx.impact.flesh.heavy","Assets/ZombieHorrorPackageFree/WAV/Blood/Blood_Splash_A_003.wav","zw-audio-world","impact","3D material impact"
"library.zombiehorrorpackagefree.wav.bodyfall.foley.bodyfall.001","Assets/ZombieHorrorPackageFree/WAV/BodyFall/Foley_BodyFall_001.wav","zw-audio-zombies","creature","catalogued source; direct runtime use not required"
"sfx.creature.flesh.death","Assets/ZombieHorrorPackageFree/WAV/BodyFall/Foley_BodyFall_001.wav","zw-audio-zombies","creature","3D creature attack hurt death or movement"
"library.zombiehorrorpackagefree.wav.bodyfall.foley.bodyfall.002","Assets/ZombieHorrorPackageFree/WAV/BodyFall/Foley_BodyFall_002.wav","zw-audio-zombies","creature","catalogued source; direct runtime use not required"
"sfx.creature.flesh.death","Assets/ZombieHorrorPackageFree/WAV/BodyFall/Foley_BodyFall_002.wav","zw-audio-zombies","creature","3D creature attack hurt death or movement"
"library.zombiehorrorpackagefree.wav.bodyfall.foley.bodyfall.003","Assets/ZombieHorrorPackageFree/WAV/BodyFall/Foley_BodyFall_003.wav","zw-audio-zombies","creature","catalogued source; direct runtime use not required"
"sfx.creature.flesh.death","Assets/ZombieHorrorPackageFree/WAV/BodyFall/Foley_BodyFall_003.wav","zw-audio-zombies","creature","3D creature attack hurt death or movement"
"library.zombiehorrorpackagefree.wav.eat.zombie.eat.001","Assets/ZombieHorrorPackageFree/WAV/Eat/Zombie_Eat_001.wav","zw-audio-zombies","creature","catalogued source; direct runtime use not required"
"sfx.horde.movement_bed","Assets/ZombieHorrorPackageFree/WAV/Eat/Zombie_Eat_001.wav","zw-audio-zombies","creature","gameplay SFX"
"library.zombiehorrorpackagefree.wav.eat.zombie.eat.002","Assets/ZombieHorrorPackageFree/WAV/Eat/Zombie_Eat_002.wav","zw-audio-zombies","creature","catalogued source; direct runtime use not required"
"sfx.horde.movement_bed","Assets/ZombieHorrorPackageFree/WAV/Eat/Zombie_Eat_002.wav","zw-audio-zombies","creature","gameplay SFX"
"library.zombiehorrorpackagefree.wav.eat.zombie.eat.003","Assets/ZombieHorrorPackageFree/WAV/Eat/Zombie_Eat_003.wav","zw-audio-zombies","creature","catalogued source; direct runtime use not required"
"sfx.horde.movement_bed","Assets/ZombieHorrorPackageFree/WAV/Eat/Zombie_Eat_003.wav","zw-audio-zombies","creature","gameplay SFX"
"library.zombiehorrorpackagefree.wav.foley.foley.crawling.a.001","Assets/ZombieHorrorPackageFree/WAV/Foley/Foley_Crawling_A_001.wav","zw-audio-zombies","creature","catalogued source; direct runtime use not required"
"sfx.horde.movement_bed","Assets/ZombieHorrorPackageFree/WAV/Foley/Foley_Crawling_A_001.wav","zw-audio-zombies","creature","gameplay SFX"
"library.zombiehorrorpackagefree.wav.foley.foley.crawling.a.002","Assets/ZombieHorrorPackageFree/WAV/Foley/Foley_Crawling_A_002.wav","zw-audio-zombies","creature","catalogued source; direct runtime use not required"
"sfx.horde.movement_bed","Assets/ZombieHorrorPackageFree/WAV/Foley/Foley_Crawling_A_002.wav","zw-audio-zombies","creature","gameplay SFX"
"library.zombiehorrorpackagefree.wav.foley.foley.crawling.a.003","Assets/ZombieHorrorPackageFree/WAV/Foley/Foley_Crawling_A_003.wav","zw-audio-zombies","creature","catalogued source; direct runtime use not required"
"sfx.horde.movement_bed","Assets/ZombieHorrorPackageFree/WAV/Foley/Foley_Crawling_A_003.wav","zw-audio-zombies","creature","gameplay SFX"
"library.zombiehorrorpackagefree.wav.foley.foley.movement.clothes.a.001","Assets/ZombieHorrorPackageFree/WAV/Foley/Foley_Movement_Clothes_A_001.wav","zw-audio-zombies","creature","catalogued source; direct runtime use not required"
"sfx.horde.movement_bed","Assets/ZombieHorrorPackageFree/WAV/Foley/Foley_Movement_Clothes_A_001.wav","zw-audio-zombies","creature","gameplay SFX"
"library.zombiehorrorpackagefree.wav.foley.foley.movement.clothes.a.002","Assets/ZombieHorrorPackageFree/WAV/Foley/Foley_Movement_Clothes_A_002.wav","zw-audio-zombies","creature","catalogued source; direct runtime use not required"
"sfx.horde.movement_bed","Assets/ZombieHorrorPackageFree/WAV/Foley/Foley_Movement_Clothes_A_002.wav","zw-audio-zombies","creature","gameplay SFX"
"library.zombiehorrorpackagefree.wav.foley.foley.movement.clothes.a.003","Assets/ZombieHorrorPackageFree/WAV/Foley/Foley_Movement_Clothes_A_003.wav","zw-audio-zombies","creature","catalogued source; direct runtime use not required"
"sfx.horde.movement_bed","Assets/ZombieHorrorPackageFree/WAV/Foley/Foley_Movement_Clothes_A_003.wav","zw-audio-zombies","creature","gameplay SFX"
"library.zombiehorrorpackagefree.wav.footsteps.footsteps.zombie.concret.001","Assets/ZombieHorrorPackageFree/WAV/Footsteps/Footsteps_Zombie_concret_001.wav","zw-audio-zombies","creature","catalogued source; direct runtime use not required"
"sfx.creature.flesh.step","Assets/ZombieHorrorPackageFree/WAV/Footsteps/Footsteps_Zombie_concret_001.wav","zw-audio-zombies","creature","3D creature attack hurt death or movement"
"library.zombiehorrorpackagefree.wav.footsteps.footsteps.zombie.concret.002","Assets/ZombieHorrorPackageFree/WAV/Footsteps/Footsteps_Zombie_concret_002.wav","zw-audio-zombies","creature","catalogued source; direct runtime use not required"
"sfx.creature.flesh.step","Assets/ZombieHorrorPackageFree/WAV/Footsteps/Footsteps_Zombie_concret_002.wav","zw-audio-zombies","creature","3D creature attack hurt death or movement"
"library.zombiehorrorpackagefree.wav.footsteps.footsteps.zombie.concret.003","Assets/ZombieHorrorPackageFree/WAV/Footsteps/Footsteps_Zombie_concret_003.wav","zw-audio-zombies","creature","catalogued source; direct runtime use not required"
"sfx.creature.flesh.step","Assets/ZombieHorrorPackageFree/WAV/Footsteps/Footsteps_Zombie_concret_003.wav","zw-audio-zombies","creature","3D creature attack hurt death or movement"
"library.zombiehorrorpackagefree.wav.footsteps.footsteps.zombie.concret.004","Assets/ZombieHorrorPackageFree/WAV/Footsteps/Footsteps_Zombie_concret_004.wav","zw-audio-zombies","creature","catalogued source; direct runtime use not required"
"sfx.creature.flesh.step","Assets/ZombieHorrorPackageFree/WAV/Footsteps/Footsteps_Zombie_concret_004.wav","zw-audio-zombies","creature","3D creature attack hurt death or movement"
"library.zombiehorrorpackagefree.wav.impact.impact.flesh.001","Assets/ZombieHorrorPackageFree/WAV/Impact/Impact_Flesh_001.wav","zw-audio-world","impact","catalogued source; direct runtime use not required"
"sfx.impact.flesh.light","Assets/ZombieHorrorPackageFree/WAV/Impact/Impact_Flesh_001.wav","zw-audio-world","impact","3D material impact"
"library.zombiehorrorpackagefree.wav.impact.impact.flesh.002","Assets/ZombieHorrorPackageFree/WAV/Impact/Impact_Flesh_002.wav","zw-audio-world","impact","catalogued source; direct runtime use not required"
"sfx.impact.flesh.light","Assets/ZombieHorrorPackageFree/WAV/Impact/Impact_Flesh_002.wav","zw-audio-world","impact","3D material impact"
"library.zombiehorrorpackagefree.wav.impact.impact.flesh.003","Assets/ZombieHorrorPackageFree/WAV/Impact/Impact_Flesh_003.wav","zw-audio-world","impact","catalogued source; direct runtime use not required"
"sfx.impact.flesh.light","Assets/ZombieHorrorPackageFree/WAV/Impact/Impact_Flesh_003.wav","zw-audio-world","impact","3D material impact"
"library.zombiehorrorpackagefree.wav.impact.impact.flesh.gory.light.001","Assets/ZombieHorrorPackageFree/WAV/Impact/Impact_Flesh_Gory_Light_001.wav","zw-audio-world","impact","catalogued source; direct runtime use not required"
"sfx.impact.flesh.heavy","Assets/ZombieHorrorPackageFree/WAV/Impact/Impact_Flesh_Gory_Light_001.wav","zw-audio-world","impact","3D material impact"
"library.zombiehorrorpackagefree.wav.impact.impact.flesh.gory.light.002","Assets/ZombieHorrorPackageFree/WAV/Impact/Impact_Flesh_Gory_Light_002.wav","zw-audio-world","impact","catalogued source; direct runtime use not required"
"sfx.impact.flesh.heavy","Assets/ZombieHorrorPackageFree/WAV/Impact/Impact_Flesh_Gory_Light_002.wav","zw-audio-world","impact","3D material impact"
"library.zombiehorrorpackagefree.wav.vo.zombie01.zombie001.attack.a.001","Assets/ZombieHorrorPackageFree/WAV/VO/Zombie01/Zombie001_Attack_A_001.wav","zw-audio-zombies","creature","catalogued source; direct runtime use not required"
"sfx.creature.burrow_boss.attack","Assets/ZombieHorrorPackageFree/WAV/VO/Zombie01/Zombie001_Attack_A_001.wav","zw-audio-zombies","creature","3D creature attack hurt death or movement"
"sfx.creature.burrow_heavy.attack","Assets/ZombieHorrorPackageFree/WAV/VO/Zombie01/Zombie001_Attack_A_001.wav","zw-audio-zombies","creature","3D creature attack hurt death or movement"
"sfx.creature.burrow_small.attack","Assets/ZombieHorrorPackageFree/WAV/VO/Zombie01/Zombie001_Attack_A_001.wav","zw-audio-zombies","creature","3D creature attack hurt death or movement"
"sfx.creature.flesh.attack","Assets/ZombieHorrorPackageFree/WAV/VO/Zombie01/Zombie001_Attack_A_001.wav","zw-audio-zombies","creature","3D creature attack hurt death or movement"
"library.zombiehorrorpackagefree.wav.vo.zombie01.zombie001.attack.a.002","Assets/ZombieHorrorPackageFree/WAV/VO/Zombie01/Zombie001_Attack_A_002.wav","zw-audio-zombies","creature","catalogued source; direct runtime use not required"
"sfx.creature.burrow_boss.attack","Assets/ZombieHorrorPackageFree/WAV/VO/Zombie01/Zombie001_Attack_A_002.wav","zw-audio-zombies","creature","3D creature attack hurt death or movement"
"sfx.creature.burrow_heavy.attack","Assets/ZombieHorrorPackageFree/WAV/VO/Zombie01/Zombie001_Attack_A_002.wav","zw-audio-zombies","creature","3D creature attack hurt death or movement"
"sfx.creature.burrow_small.attack","Assets/ZombieHorrorPackageFree/WAV/VO/Zombie01/Zombie001_Attack_A_002.wav","zw-audio-zombies","creature","3D creature attack hurt death or movement"
"sfx.creature.flesh.attack","Assets/ZombieHorrorPackageFree/WAV/VO/Zombie01/Zombie001_Attack_A_002.wav","zw-audio-zombies","creature","3D creature attack hurt death or movement"
"library.zombiehorrorpackagefree.wav.vo.zombie01.zombie001.attack.a.003","Assets/ZombieHorrorPackageFree/WAV/VO/Zombie01/Zombie001_Attack_A_003.wav","zw-audio-zombies","creature","catalogued source; direct runtime use not required"
"sfx.creature.burrow_boss.attack","Assets/ZombieHorrorPackageFree/WAV/VO/Zombie01/Zombie001_Attack_A_003.wav","zw-audio-zombies","creature","3D creature attack hurt death or movement"
"sfx.creature.burrow_heavy.attack","Assets/ZombieHorrorPackageFree/WAV/VO/Zombie01/Zombie001_Attack_A_003.wav","zw-audio-zombies","creature","3D creature attack hurt death or movement"
"sfx.creature.burrow_small.attack","Assets/ZombieHorrorPackageFree/WAV/VO/Zombie01/Zombie001_Attack_A_003.wav","zw-audio-zombies","creature","3D creature attack hurt death or movement"
"sfx.creature.flesh.attack","Assets/ZombieHorrorPackageFree/WAV/VO/Zombie01/Zombie001_Attack_A_003.wav","zw-audio-zombies","creature","3D creature attack hurt death or movement"
"library.zombiehorrorpackagefree.wav.vo.zombie01.zombie001.hurt.a.001","Assets/ZombieHorrorPackageFree/WAV/VO/Zombie01/Zombie001_Hurt_A_001.wav","zw-audio-zombies","creature","catalogued source; direct runtime use not required"
"sfx.creature.flesh.hurt","Assets/ZombieHorrorPackageFree/WAV/VO/Zombie01/Zombie001_Hurt_A_001.wav","zw-audio-zombies","creature","3D creature attack hurt death or movement"
"library.zombiehorrorpackagefree.wav.vo.zombie01.zombie001.hurt.a.002","Assets/ZombieHorrorPackageFree/WAV/VO/Zombie01/Zombie001_Hurt_A_002.wav","zw-audio-zombies","creature","catalogued source; direct runtime use not required"
"sfx.creature.flesh.hurt","Assets/ZombieHorrorPackageFree/WAV/VO/Zombie01/Zombie001_Hurt_A_002.wav","zw-audio-zombies","creature","3D creature attack hurt death or movement"
"library.zombiehorrorpackagefree.wav.vo.zombie01.zombie001.hurt.a.003","Assets/ZombieHorrorPackageFree/WAV/VO/Zombie01/Zombie001_Hurt_A_003.wav","zw-audio-zombies","creature","catalogued source; direct runtime use not required"
"sfx.creature.flesh.hurt","Assets/ZombieHorrorPackageFree/WAV/VO/Zombie01/Zombie001_Hurt_A_003.wav","zw-audio-zombies","creature","3D creature attack hurt death or movement"
"library.zombiehorrorpackagefree.wav.vo.zombie01.zombie001.idle.a.001","Assets/ZombieHorrorPackageFree/WAV/VO/Zombie01/Zombie001_Idle_A_001.wav","zw-audio-zombies","creature","catalogued source; direct runtime use not required"
"library.zombiehorrorpackagefree.wav.vo.zombie01.zombie001.idle.a.002","Assets/ZombieHorrorPackageFree/WAV/VO/Zombie01/Zombie001_Idle_A_002.wav","zw-audio-zombies","creature","catalogued source; direct runtime use not required"
"library.zombiehorrorpackagefree.wav.vo.zombie01.zombie001.idle.a.003","Assets/ZombieHorrorPackageFree/WAV/VO/Zombie01/Zombie001_Idle_A_003.wav","zw-audio-zombies","creature","catalogued source; direct runtime use not required"
"library.zombiehorrorpackagefree.wav.vo.zombie03.zombie003.attack.a.001","Assets/ZombieHorrorPackageFree/WAV/VO/Zombie03/Zombie003_Attack_A_001.wav","zw-audio-zombies","creature","catalogued source; direct runtime use not required"
"sfx.creature.burrow_boss.attack","Assets/ZombieHorrorPackageFree/WAV/VO/Zombie03/Zombie003_Attack_A_001.wav","zw-audio-zombies","creature","3D creature attack hurt death or movement"
"sfx.creature.burrow_heavy.attack","Assets/ZombieHorrorPackageFree/WAV/VO/Zombie03/Zombie003_Attack_A_001.wav","zw-audio-zombies","creature","3D creature attack hurt death or movement"
"sfx.creature.burrow_small.attack","Assets/ZombieHorrorPackageFree/WAV/VO/Zombie03/Zombie003_Attack_A_001.wav","zw-audio-zombies","creature","3D creature attack hurt death or movement"
"sfx.creature.flesh.attack","Assets/ZombieHorrorPackageFree/WAV/VO/Zombie03/Zombie003_Attack_A_001.wav","zw-audio-zombies","creature","3D creature attack hurt death or movement"
"library.zombiehorrorpackagefree.wav.vo.zombie03.zombie003.attack.a.002","Assets/ZombieHorrorPackageFree/WAV/VO/Zombie03/Zombie003_Attack_A_002.wav","zw-audio-zombies","creature","catalogued source; direct runtime use not required"
"sfx.creature.burrow_boss.attack","Assets/ZombieHorrorPackageFree/WAV/VO/Zombie03/Zombie003_Attack_A_002.wav","zw-audio-zombies","creature","3D creature attack hurt death or movement"
"sfx.creature.burrow_heavy.attack","Assets/ZombieHorrorPackageFree/WAV/VO/Zombie03/Zombie003_Attack_A_002.wav","zw-audio-zombies","creature","3D creature attack hurt death or movement"
"sfx.creature.burrow_small.attack","Assets/ZombieHorrorPackageFree/WAV/VO/Zombie03/Zombie003_Attack_A_002.wav","zw-audio-zombies","creature","3D creature attack hurt death or movement"
"sfx.creature.flesh.attack","Assets/ZombieHorrorPackageFree/WAV/VO/Zombie03/Zombie003_Attack_A_002.wav","zw-audio-zombies","creature","3D creature attack hurt death or movement"
"library.zombiehorrorpackagefree.wav.vo.zombie03.zombie003.attack.a.003","Assets/ZombieHorrorPackageFree/WAV/VO/Zombie03/Zombie003_Attack_A_003.wav","zw-audio-zombies","creature","catalogued source; direct runtime use not required"
"sfx.creature.burrow_boss.attack","Assets/ZombieHorrorPackageFree/WAV/VO/Zombie03/Zombie003_Attack_A_003.wav","zw-audio-zombies","creature","3D creature attack hurt death or movement"
"sfx.creature.burrow_heavy.attack","Assets/ZombieHorrorPackageFree/WAV/VO/Zombie03/Zombie003_Attack_A_003.wav","zw-audio-zombies","creature","3D creature attack hurt death or movement"
"sfx.creature.burrow_small.attack","Assets/ZombieHorrorPackageFree/WAV/VO/Zombie03/Zombie003_Attack_A_003.wav","zw-audio-zombies","creature","3D creature attack hurt death or movement"
"sfx.creature.flesh.attack","Assets/ZombieHorrorPackageFree/WAV/VO/Zombie03/Zombie003_Attack_A_003.wav","zw-audio-zombies","creature","3D creature attack hurt death or movement"
"library.zombiehorrorpackagefree.wav.vo.zombie03.zombie003.hurt.a.001","Assets/ZombieHorrorPackageFree/WAV/VO/Zombie03/Zombie003_Hurt_A_001.wav","zw-audio-zombies","creature","catalogued source; direct runtime use not required"
"sfx.creature.flesh.hurt","Assets/ZombieHorrorPackageFree/WAV/VO/Zombie03/Zombie003_Hurt_A_001.wav","zw-audio-zombies","creature","3D creature attack hurt death or movement"
"library.zombiehorrorpackagefree.wav.vo.zombie03.zombie003.hurt.a.002","Assets/ZombieHorrorPackageFree/WAV/VO/Zombie03/Zombie003_Hurt_A_002.wav","zw-audio-zombies","creature","catalogued source; direct runtime use not required"
"sfx.creature.flesh.hurt","Assets/ZombieHorrorPackageFree/WAV/VO/Zombie03/Zombie003_Hurt_A_002.wav","zw-audio-zombies","creature","3D creature attack hurt death or movement"
"library.zombiehorrorpackagefree.wav.vo.zombie03.zombie003.hurt.a.003","Assets/ZombieHorrorPackageFree/WAV/VO/Zombie03/Zombie003_Hurt_A_003.wav","zw-audio-zombies","creature","catalogued source; direct runtime use not required"
"sfx.creature.flesh.hurt","Assets/ZombieHorrorPackageFree/WAV/VO/Zombie03/Zombie003_Hurt_A_003.wav","zw-audio-zombies","creature","3D creature attack hurt death or movement"
"library.zombiehorrorpackagefree.wav.vo.zombie03.zombie003.idle.a.001","Assets/ZombieHorrorPackageFree/WAV/VO/Zombie03/Zombie003_Idle_A_001.wav","zw-audio-zombies","creature","catalogued source; direct runtime use not required"
"library.zombiehorrorpackagefree.wav.vo.zombie03.zombie003.idle.a.002","Assets/ZombieHorrorPackageFree/WAV/VO/Zombie03/Zombie003_Idle_A_002.wav","zw-audio-zombies","creature","catalogued source; direct runtime use not required"
"library.zombiehorrorpackagefree.wav.vo.zombie03.zombie003.idle.a.003","Assets/ZombieHorrorPackageFree/WAV/VO/Zombie03/Zombie003_Idle_A_003.wav","zw-audio-zombies","creature","catalogued source; direct runtime use not required"
